game_time,job_ID,company_from,city_from,company_to,city_to,urgency,shortest_distance_km,ferry_time,ferry_price,cargo,company_truck,trailer_variant,trailer_definition,units_count,fill_ratio,trailer_place
69786,_nameless.1de.4183.d590,artemia,chios,eolo_lines,sangiovanni,1,931,1110,1585,used_plast,iveco_4x2_a,trailer.scs_curt_a,trailer_def.scs.box.single_3.curtain,33,1,0
69786,_nameless.1de.4183.d4c0,artemia,chios,icaria,kavala,0,26,690,1521,used_packag,mercedes_actros_2014_6x4_b,trailer.dryliner17,trailer_def.krone.dryliner.single_3.dryvan,33,1,0
69786,_nameless.1de.4183.d180,eolo_lines,athens,icaria,mitilini,0,11,675,1308,froz_octopi,iveco_h_4x2_a,trailer.scs_ref_a,trailer_def.scs.box.single_3.reefer,33,1,0
69786,_nameless.1de.4183.f130,eolo_lines,athens,fallow,timisoara,1,1307,0,0,protec_cloth,mercedes_6x2_b,trailer.kasbhr_sbt,trailer_def.kassbohrer.sbt.single_3_13.dryvan,34,1,0
69786,_nameless.1de.4183.d250,eolo_lines,athens,icaria,heraklion,2,8,540,760,oranges,mercedes_4x2_b,trailer.scs_ins_a,trailer_def.scs.box.single_3.insulated,33,1,0
69786,_nameless.1de.4183.d8d0,artemia,chania,tras_med,roma,0,1046,1110,1571,used_packag,daf_xf_euro6_4x2_b,trailer.kasbhr_scs,trailer_def.kassbohrer.scs.single_3_13.curtain,34,1,0
69786,_nameless.1de.4183.cb00,artemia,chania,fallow,vlore,1,887,540,826,used_plast,scania_streamline_4x2_norm_380,trailer.scs_dry,trailer_def.scs.box.single_3.dryvan,33,1,0
69786,_nameless.1de.4183.d660,artemia,argostoli,tras_med,genova,0,968,1060,1505,used_plast,scania_r_6x4_top_620,trailer.scs_dry_ms,trailer_def.scs.box.single_3.dryvan_m,33,1,0
69786,_nameless.1de.4183.d320,marina,kalamata,icaria,athens,0,246,0,0,lux_yacht,man_tgx_2020_4x2,trailer.scs_lowbed_4,trailer_def.scs.lowbed.single_4_sh.short,1,1,0
69786,_nameless.1de.4183.c550,marina,kalamata,marina,rhodes,0,258,810,1889,yacht,scania_s2016_6x4_high_730,trailer.scs_lowbed_4,trailer_def.scs.lowbed.single_4_sh.short,1,1,0
69786,_nameless.1de.4183.c2e0,marina,kalamata,icaria,rhodes,1,301,810,1889,large_cont,volvo_fh2012_4x2_750,trailer.scs_lowbed41,trailer_def.scs.lowbed.single_41_ln.long,36,1,0
69786,_nameless.1de.4183.e5d0,artemia,rhodes,brawen,lamia,2,222,810,1889,used_packag,daf_xgp25_4x2_530,trailer.scs_curt,trailer_def.scs.box.single_3.curtain,33,1,0
69786,_nameless.1de.4183.d800,artemia,rhodes,eolo_lines,cagliari,2,761,2220,3513,empty_palet,volvo_fh16_4x2_540,trailer.scs_dry,trailer_def.scs.box.single_3.dryvan,33,1,0
69786,_nameless.1de.4183.c7c0,low_field,argostoli,te_logistica,parma,0,798,1060,1505,onion,man_tgx_euro6_4x2_xl,trailer.kasbhr_scs,trailer_def.kassbohrer.scs.single_3_13.curtain,34,1,0
69786,_nameless.1de.4183.e1c0,low_field,argostoli,fallow,zenica,1,1206,490,760,kr_vpv190xc,renault_premium_4x2_c,trailer.scs_lowbed_4,trailer_def.scs.lowbed.single_4_sh.short,1,1,0
69786,_nameless.1de.4183.e840,low_field,argostoli,cesare_smar,pescara,2,348,1060,1505,apples_c,mercedes_actros_2014_6x2_a,trailer.kasbhr_shg40,trailer_def.kassbohrer.shg.singl_3e_40.container,30,1,0
69786,_nameless.1de.4183.e290,low_field,argostoli,villco,skopje,1,660,490,760,rye,renault_magnum_6x2_a,trailer.ffb_kip60,trailer_def.feldbinder.kip.single_3_60.silo_60_3p,33,1,0
69786,_nameless.1de.4183.dce0,artemia,mitilini,shuttle,vlore,0,761,730,1440,empty_palet,daf_xgp_4x2_530,trailer.scs_curt_a,trailer_def.scs.box.single_3.curtain,33,1,0
69786,_nameless.1de.4183.d0b0,artemia,mitilini,eolo_lines,porto_vecchi,0,1210,2295,3287,used_plast,volvo_fh2024_4x2_420,trailer.profiliner17,trailer_def.krone.profiliner.single_3.curtain,33,1,0
69786,_nameless.1de.4183.e430,low_field,mitilini,icaria,heraklion,0,65,1215,2068,rye,volvo_fh2021_6x2_540,trailer.ffb_kip60,trailer_def.feldbinder.kip.single_3_60.silo_60_3p,39,1,0
69786,_nameless.1de.4183.e6a0,low_field,mitilini,low_field,patras,0,347,675,1308,tractor_c,"""heavy/volvo_fh2024_6x4_600""",trailer.scs_lowlow2e,trailer_def.scs.lowloader.single_2_ln.long,1,1,0
69786,_nameless.1de.4183.cd70,low_field,mitilini,tm_istanbul,istanbul,0,486,730,1440,kr_stc1370,volvo_fh16_6x4_700,trailer.scs_lowlow2e,trailer_def.scs.lowloader.single_2_ln.long,1,1,0
69786,_nameless.1de.4183.da70,low_field,mitilini,balkan_loco,pleven,1,598,730,1440,oranges,scania_streamline_4x2_top_560,trailer.coolliner17,trailer_def.krone.coolliner.single_3.reefer,33,1,0
69786,_nameless.1de.4183.c070,low_field,mitilini,kaarfor,ostrava,0,1546,730,1440,garlic,scania_r_6x4_top_620,trailer.profiliner17,trailer_def.krone.profiliner.single_3.curtain,33,1,0
69786,_nameless.1de.4183.d9a0,rock_eater,argostoli,te_logistica,cagliari,0,284,1870,2344,watertank,scania_r2016_6x2_high_460,trailer.kasbhr_slle,trailer_def.kassbohrer.sll.single_3_ln.low,2,1,0
69786,_nameless.1de.4183.e020,rock_eater,argostoli,icaria,mitilini,1,295,915,1818,coal,volvo_fh2024_4x2_780,trailer.scs_dumper,trailer_def.scs.dumper.single_3.steel,18,1,0
69786,_nameless.1de.4183.ce40,rock_eater,argostoli,balkan_loco,maribor,0,1521,460,720,mob_crusher,"""heavy/renault_6x4""",trailer.scs_lowlow4e,trailer_def.scs.lowloader.single_4_ln.long,1,1,0
69786,_nameless.1de.4183.e360,rock_eater,argostoli,icaria,kalamata,0,279,240,510,ore,mercedes_actros_2014_6x4_b,trailer.scs_dumper,trailer_def.scs.dumper.single_3.steel,14,1,0
69786,_nameless.1de.4183.ddb0,rock_eater,athens,st_roza_bg,pernik,1,771,0,0,ore,renault_magnum_6x2_a,trailer.scs_dumper,trailer_def.scs.dumper.single_3.steel,12,1,0
69786,_nameless.1de.4183.de80,rock_eater,athens,sanbuild_cem,thessaloniki,2,542,0,0,stone_dust,scania_r2016_6x2_high_460,trailer.ffb_kip60,trailer_def.feldbinder.kip.single_3_60.silo_60_3p,16,1,0
69786,_nameless.1de.4183.df50,rock_eater,athens,christopoulo,heraklion,2,60,540,760,sand,scania_r_4x2_top_480,trailer.ffb_eut35,trailer_def.feldbinder.eut.single_3_35.silo_35_3p,20,1,0
69786,_nameless.1de.4183.f200,rock_eater,athens,acc,taranto,0,591,570,745,empty_spool,daf_6x2_a,trailer.scs_flat_b,trailer_def.scs.flatbed.single_3.flatbed_w,4,1,0
69786,_nameless.1de.4183.c3b0,bjork_hrv,falun,renar,kokkola,0,484,300,680,log_stacker,"""heavy/scania_r_6x4_top_730""",trailer.scs_lowlow4e,trailer_def.scs.lowloader.single_4_ln.long,1,1,0
69786,_nameless.1de.4183.e9e0,bjork_hrv,falun,renar,kuusamo,2,934,0,0,mob_tr_winch,"""heavy/scania_r2016_8x4_high_730""",trailer.scs_lowbed41,trailer_def.scs.lowbed.single_41_ln.long,1,1,0
69786,_nameless.1de.4183.eab0,bjork_hrv,falun,gnt,vilnius,2,684,510,1110,logs,volvo_fh16_4x2_420,trailer.scs_log,trailer_def.scs.log.single_3.steel,32,1,0
69786,_nameless.1de.4183.eb80,freyr,falun,nordic_ports,sundsvall,2,217,0,0,horse_tr,renault_magnum_6x2_a,trailer.truck_trans,trailer_def.horse_tr.truck_trans,100,1,0
69786,_nameless.1de.4183.eec0,freyr,falun,ateria,tallinn,1,333,570,1270,cheese,daf_xf_4x2_370,trailer.scs_ref,trailer_def.scs.box.single_3.reefer,33,1,0
69786,_nameless.1de.4183.edf0,freyr,falun,eviksi_a,liepaja,0,366,510,1110,live_pigs,scania_r2016_6x2_high_460,trailer.scs_livestk,trailer_def.scs.livestock.single_3s.str_stl,50,1,0
69786,_nameless.1de.4183.bed0,freyr,falun,freyr,jonkoping,1,374,0,0,sprayer,daf_xf_euro6_6x4_c,trailer.scs_lowlow2e,trailer_def.scs.lowloader.single_2_ln.long,1,1,0
69786,_nameless.1de.4183.c960,freyr,falun,renar,lillehammer,0,356,0,0,milk_t,man_6x4_b,trailer.scs_fodt,trailer_def.scs.foodtank.single_3.paint,28,1,0
69786,_nameless.1de.4183.cfe0,egres,kokkola,gnt,panevezys,0,973,150,430,kr_vpv190xc,volvo_fh16_6x4_700,trailer.scs_lowbed_4,trailer_def.scs.lowbed.single_4_sh.short,1,1,0
69786,_nameless.1de.4183.ef90,egres,kokkola,ateria,lahti,0,387,0,0,wheat,man_tgx_2020,trailer.ffb_kip60,trailer_def.feldbinder.kip.single_3_60.silo_60_3p,42,1,0
69786,_nameless.1de.4183.c140,egres,kokkola,blt,tartu,0,735,150,430,cont_trees,volvo_fh2012_4x2_750,trailer.scs_ins_a,trailer_def.scs.box.single_3.insulated,33,1,0
69786,_nameless.1de.4183.c6f0,egres,kokkola,suprema,kuusamo,0,312,0,0,onion,renault_etech_t,trailer.profiliner17,trailer_def.krone.profiliner.single_3.curtain,33,1,0
69786,_nameless.1de.4183.f3a0,agronord,borlange,baltomorsk,kaunas,2,585,510,1110,tractors,man_tgx_2020_6x2,trailer.scs_lowbed_3,trailer_def.scs.lowbed.single_3.short,1,1,0
69786,_nameless.1de.4183.f6e0,agronord,borlange,rt_log,koln,0,1554,0,0,honey,man_tgx_2020_4x2,trailer.kasbhr_scs,trailer_def.kassbohrer.scs.single_3_13.curtain,34,1,0
69786,_nameless.1de.4183.f7b0,agronord,borlange,freyr,lillehammer,1,352,0,0,wheat,mercedes_4x2,trailer.scs_dumper,trailer_def.scs.dumper.single_3.steel,27,1,0
69786,_nameless.1de.4183.f880,agronord,borlange,sal_fi,oulu,1,801,0,0,frsh_herbs,renault_t_4x2,trailer.scs_ins,trailer_def.scs.box.single_3.insulated,33,1,0
69786,_nameless.1de.4183.faf0,bjork_hrv,kiruna,norrsken,alta,0,680,0,0,log_stacker,"""heavy/volvo_fh16_6x4_750""",trailer.scs_lowlow4e,trailer_def.scs.lowloader.single_4_ln.long,1,1,0
69786,_nameless.1de.4183.fbc0,bjork_hrv,kiruna,egres,helsinki,0,1103,0,0,jcb_wload457,volvo_fh2024_4x2_780,trailer.scs_lowlow4e,trailer_def.scs.lowloader.single_4_ln.long,1,1,0
69786,_nameless.1de.4183.f950,bjork_hrv,kiruna,byggpro,falun,2,891,0,0,wshavings,daf_xgp25_4x2_530,trailer.ffb_kip60,trailer_def.feldbinder.kip.single_3_60.silo_60_3p,60,1,0
69786,_nameless.1db.0513.8c60,bjork_hrv,kiruna,skog_paper,borlange,2,908,0,0,logs,scania_s2016_4x2_norm_370,trailer.scs_log,trailer_def.scs.log.single_3.steel,32,1,0
69786,_nameless.1db.0513.a9a0,freyr,lillehammer,kaarfor,kassel,0,1581,0,0,cheese,"""double/scania_r_4x2_top_500""",trailer.scs_ref_b2,trailer_def.scs.box.bdouble_3_3.reefer,26,1,0
69786,_nameless.1db.0513.8d30,freyr,lillehammer,fle,kristiansund,2,380,40,46,live_cattle,man_6x4_b,trailer.scs_livestk,trailer_def.scs.livestock.single_3s.str_stl,42,1,0
69786,_nameless.1db.0513.a590,freyr,lillehammer,nordic_ports,trondheim,2,338,0,0,kr_gx520,renault_premium_4x2_a,trailer.scs_lowlow2e,trailer_def.scs.lowloader.single_2_ln.long,1,1,0
69786,_nameless.1db.0513.9890,freyr,bodo,norrsken,alta,2,861,30,45,horse_tr,scania_streamline_4x2_norm_380,trailer.truck_trans,trailer_def.horse_tr.truck_trans,100,1,0
69786,_nameless.1db.0513.8920,freyr,joensuu,egres,kajaani,0,286,0,0,forage_harv,renault_premium_4x2_a,trailer.scs_lowlow4e,trailer_def.scs.lowloader.single_4_ln.long,1,1,0
69786,_nameless.1db.0513.a8d0,freyr,joensuu,nch,kouvola,2,264,0,0,live_cattle,mercedes_4x2_c,trailer.scs_livestk,trailer_def.scs.livestock.single_3s.str_stl,42,1,0
69786,_nameless.1db.0513.8ed0,freyr,joensuu,norrsken,orebro,0,842,540,1170,drymilk,scania_r2016_4x2_norm_370,trailer.kasbhr_scs,trailer_def.kassbohrer.scs.single_3_13.curtain,34,1,0
69786,_nameless.1db.0513.9140,freyr,joensuu,norr_food,linkoping,1,898,540,1170,milk_t,mercedes_4x2_b,trailer.ffb_tsalm32,trailer_def.feldbinder.tsalm.single_3_32.32_3_2,27,1,0
69786,_nameless.1db.0513.9960,freyr,joensuu,nordic_ports,bodo,2,1088,0,0,planter,scania_r2016_4x2_norm_370,trailer.scs_lowlow4e,trailer_def.scs.lowloader.single_4_ln.long,1,1,0
69786,_nameless.1db.0513.a4c0,egres,kajaani,nutri_molle,hamar,2,1136,0,0,carrots,daf_xf_euro6_6x4_c,trailer.scs_curt,trailer_def.scs.box.single_3.curtain,33,1,0
69786,_nameless.1db.0513.89f0,egres,kajaani,nosko,vilnius,0,1172,150,430,wheat,man_tgx_2020_4x2,trailer.ffb_eut35,trailer_def.feldbinder.eut.single_3_35.silo_35_3p,35,1,0
69786,_nameless.1db.0513.8510,egres,kajaani,renar,skelleftea,0,383,0,0,tomatoes,volvo_fh2012_4x2_420,trailer.coolliner17,trailer_def.krone.coolliner.single_3.reefer,33,1,0
69786,_nameless.1db.0513.8ac0,egres,kajaani,sal_fi,helsinki,0,573,0,0,kr_stc1370,iveco_sway_4x2_500,trailer.scs_lowlow4e,trailer_def.scs.lowloader.single_4_ln.long,1,1,0
69786,_nameless.1db.0513.7a80,agronord,umea,freyr,lillehammer,0,785,0,0,kr_vpv190xc,daf_xd,trailer.scs_lowbed_4,trailer_def.scs.lowbed.single_4_sh.short,1,1,0
69786,_nameless.1db.0513.9b00,agronord,umea,renar,lulea,2,192,0,0,plums,scania_r2016_6x4_high_660,trailer.scs_ref_s,trailer_def.scs.box.single_3.reefer,33,1,0
69786,_nameless.1db.0513.92e0,agronord,umea,freyr,lillehammer,0,785,0,0,wheat,renault_t_6x2,trailer.ffb_kip60,trailer_def.feldbinder.kip.single_3_60.silo_60_3p,42,1,0
69786,_nameless.1db.0513.8fa0,agronord,umea,norr_food,karlskrona,2,1006,0,0,tomatoes,man_tgx_euro6_6x4_xlx,trailer.scs_ins_s,trailer_def.scs.box.single_3.insulated,33,1,0
69786,_nameless.1db.0513.9210,agronord,umea,nordic_ports,trondheim,1,687,0,0,tractor_c,"""heavy/daf_6x4""",trailer.kasbhr_slle,trailer_def.kassbohrer.sll.single_3_ln.low,1,1,0
69786,_nameless.1db.0513.7cf0,lintukai_hrv,jyvaskyla,onnelik,narva,0,542,150,430,lumber,volvo_fh2024_6x2_500,trailer.profilinehd,trailer_def.krone.profilinerhd.single_3.flatbed,3,1,0
69786,_nameless.1db.0513.7e90,lintukai_hrv,jyvaskyla,drekkar,malmo,2,1043,540,1170,log_harvest,"""heavy/mercedes_6x4""",trailer.scs_lowlow4e,trailer_def.scs.lowloader.single_4_ln.long,1,1,0
69786,_nameless.1db.0513.9480,lintukai_hrv,jyvaskyla,lintukainen,kotka,2,336,0,0,logs,scania_r2016_6x4_high_660,trailer.scs_log,trailer_def.scs.log.single_3.steel,32,1,0
69786,_nameless.1db.0513.9f10,lintukai_hrv,kuusamo,onnelik,parnu,2,902,150,430,wood_bark,volvo_fh2024_4x2_420,trailer.scs_dumper,trailer_def.scs.dumper.single_3.steel,27,1,0
69786,_nameless.1db.0513.9ca0,lintukai_hrv,kuusamo,gnt,ventspils,1,1249,150,430,exc_craw,"""heavy/volvo_fh2012_8x4_700""",trailer.scs_lowlow2e,trailer_def.scs.lowloader.single_2_ln.long,1,1,0
69786,_nameless.1db.0513.9d70,lintukai_hrv,kuusamo,norse_rail,ostersund,0,879,0,0,wshavings,man_6x4_b,trailer.scs_dumper,trailer_def.scs.dumper.single_3.steel,27,1,0
69786,_nameless.1db.0513.7f60,lintukai_hrv,kuusamo,byggpro,lulea,0,371,0,0,logs,man_6x4_b,trailer.scs_log,trailer_def.scs.log.single_3.steel,32,1,0
69786,_nameless.1db.0513.8030,lintukai_hrv,tornio,norse_rail,kiruna,2,296,0,0,volvo_ec220e,daf_xd_2,trailer.scs_lowbed_3,trailer_def.scs.lowbed.single_3.short,1,1,0
69786,_nameless.1db.0513.a0b0,lintukai_hrv,tornio,renar,arvidsjaur,0,301,0,0,logs,man_tgx_euro6_6x4_xlx,trailer.scs_log,trailer_def.scs.log.single_3.steel,32,1,0
69786,_nameless.1db.0513.b1c0,lintukai_hrv,tornio,nch,tallinn,0,835,150,430,wood_bark,iveco_sway_4x2_500,trailer.scs_dumper,trailer_def.scs.dumper.single_3.steel,27,1,0
69786,_nameless.1db.0513.b5d0,lintukai_hrv,ivalo,byggpro,lulea,0,387,0,0,wshavings,daf_xd_2,trailer.ffb_kip60,trailer_def.feldbinder.kip.single_3_60.silo_60_3p,60,1,0
69786,_nameless.1db.0513.ace0,lintukai_hrv,ivalo,sal_fi,kouvola,2,874,0,0,crawler,"""heavy/scania_s2016_8x4_high_770""",trailer.scs_lowlow2e,trailer_def.scs.lowloader.single_2_ln.long,1,1,0
69786,_nameless.1db.0513.b020,lintukai_hrv,ivalo,renar,turku,2,961,0,0,logs,renault_t_4x2h,trailer.scs_log,trailer_def.scs.log.single_3.steel,32,1,0
69786,_nameless.1db.0513.ae80,bjork_hrv,ostersund,ms_stein,trondheim,2,383,0,0,digger500,daf_xf_euro6_4x2_c,trailer.scs_lowbed41,trailer_def.scs.lowbed.single_41_ln.long,1,1,0
69786,_nameless.1db.0513.b0f0,bjork_hrv,ostersund,lintukainen,kouvola,0,754,300,680,forwarder,"""heavy/scania_r_6x4_top_730""",trailer.scs_lowlow4e,trailer_def.scs.lowloader.single_4_ln.long,1,1,0
69786,_nameless.1db.0513.af50,bjork_hrv,ostersund,nordic_ports,trondheim,2,370,0,0,logs,scania_s2016_4x2_high_590,trailer.scs_log,trailer_def.scs.log.single_3.steel,32,1,0
69786,_nameless.1db.02dd.3200,bjork_hrv,ostersund,freyr,lillehammer,0,687,0,0,wshavings,mercedes_actros_2014_4x2_c,trailer.ffb_kip60,trailer_def.feldbinder.kip.single_3_60.silo_60_3p,60,1,0
69786,_nameless.1db.02dd.47f0,freyr,mikkeli,sellplan,olsztyn,0,1158,150,430,sheep_wool,scania_r_4x2_top_480,trailer.scs_dry_s,trailer_def.scs.box.single_3.dryvan,33,1,0
69786,_nameless.1db.02dd.3c90,freyr,mikkeli,blt,kaunas,0,873,150,430,milk_t,renault_magnum_4x2_a,trailer.scs_fodt,trailer_def.scs.foodtank.single_3.paint,23,1,0
69786,_nameless.1db.02dd.33a0,freyr,mikkeli,nch,tallinn,0,345,150,430,live_cattle,daf_xf_euro6_6x2_a,trailer.scs_livestk,trailer_def.scs.livestock.single_3s.str_stl,42,1,0
69786,_nameless.1db.02dd.40a0,freyr,mikkeli,sal_fi,helsinki,0,272,0,0,jcb_wload457,iveco_4x2_a,trailer.scs_lowbed_3,trailer_def.scs.lowbed.single_3.short,1,1,0
69786,_nameless.1db.02dd.4f40,freyr,mikkeli,aerobalt,turku,2,331,0,0,live_pigs,daf_xd,trailer.scs_livestk,trailer_def.scs.livestock.single_3s.str_stl,50,1,0
69786,_nameless.1db.02dd.4da0,agronord,mo_i_rana,norse_rail,ostersund,0,647,0,0,barley,scania_s2016_6x2_high_460,trailer.scs_dumper,trailer_def.scs.dumper.single_3.steel,27,1,0
69786,_nameless.1db.02dd.4b30,agronord,mo_i_rana,polarislines,nynashamn,0,1030,0,0,apples,man_4x2_a,trailer.profiliner17,trailer_def.krone.profiliner.single_3.curtain,33,1,0
69786,_nameless.1db.02dd.4e70,agronord,mo_i_rana,sag_tre,steinkjer,2,355,0,0,tractor,mercedes_actros_2014_4x2_b,trailer.scs_lowbed41,trailer_def.scs.lowbed.single_41_ln.long,1,1,0
69786,_nameless.1db.02dd.4580,nord_sten,kiruna,renar,arvidsjaur,0,353,0,0,vol_ew240emh,"""heavy/mercedes_actros_8x4""",trailer.scs_lowlow4e,trailer_def.scs.lowloader.single_4_ln.long,1,1,0
69786,_nameless.1db.02dd.3130,nord_sten,kiruna,renar,karesuando,0,174,0,0,driller,mercedes_6x4_a,trailer.scs_lowbed41,trailer_def.scs.lowbed.single_41_ln.long,1,1,0
69786,_nameless.1db.02dd.4170,nord_sten,kiruna,mjolnir_min,arvidsjaur,1,372,0,0,ore,daf_xf_euro6_6x4_c,trailer.scs_dumper,trailer_def.scs.dumper.single_3.steel,15,1,0
69786,_nameless.1db.02dd.3e30,nord_sten,kiruna,ms_stein,oslo,0,1384,0,0,dozer,"""heavy/volvo_fh16_6x4_750""",trailer.scs_lowbed41,trailer_def.scs.lowbed.single_41_ln.long,1,1,0
69786,_nameless.1db.02dd.4240,nord_sten,kiruna,fjoste,borlange,0,909,0,0,gravel,man_6x4_b,trailer.scs_dumper,trailer_def.scs.dumper.single_3.steel,16,1,0
69786,_nameless.1db.02dd.4310,nord_sten,kiruna,nordic_ports,ornskoldsvik,1,587,0,0,stone_dust,daf_6x2_a,trailer.ffb_eut35,trailer_def.feldbinder.eut.single_3_35.silo_35_3p,17,1,0
69786,_nameless.1db.02dd.48c0,ocean_sol,athens,icaria,chania,0,7,540,826,lux_yacht,renault_etech_t,trailer.kasbhr_slle,trailer_def.kassbohrer.sll.single_3_ln.low,1,1,0
69786,_nameless.1db.02dd.43e0,ocean_sol,athens,icaria,chios,2,6,540,840,empty_palet,mercedes_6x2_b,trailer.profiliner17,trailer_def.krone.profiliner.single_3.curtain,33,1,0
69786,_nameless.1db.02dd.4990,ocean_sol,athens,balkan_loco,ruse,2,1080,0,0,scrap_metals,mercedes_4x2_a,trailer.scs_dumper,trailer_def.scs.dumper.single_3.steel,8,1,0
69786,_nameless.1db.02dd.4650,norr_food,karlskrona,lkwlog,lodz,0,369,630,790,used_packag,volvo_fh2024_4x2_420,trailer.scs_dry_ms,trailer_def.scs.box.single_3.dryvan_m,33,1,0
69786,_nameless.1db.02dd.4720,domdepo,valmiera,renar,parnu,1,251,0,0,scaffoldings,mercedes_actros_2014_4x2_c,trailer.scs_curt_s,trailer_def.scs.box.single_3.curtain,33,1,0
69786,_nameless.1db.02dd.3470,domdepo,valmiera,tree_et,bratislava,2,1329,0,0,logs,daf_xd_1,trailer.scs_log,trailer_def.scs.log.single_3.steel,32,1,0
69786,_nameless.1db.02dd.36e0,domdepo,valmiera,agronord,karlstad,0,652,510,1110,sawpanels,renault_t_6x2,trailer.scs_dry_a,trailer_def.scs.box.single_3.dryvan,33,1,0
69786,_nameless.1db.02dd.3880,domdepo,valmiera,sal_fi,kajaani,2,912,150,430,iron_pipes,volvo_fh2024_4x2_780,trailer.scs_log,trailer_def.scs.log.single_3.steel,28,1,0
69786,_nameless.1db.02dd.3d60,tesore_gust,napoli,icaria,heraklion,0,750,1110,1505,beverages,daf_xg_4x2_450,trailer.kasbhr_shg45,trailer_def.kassbohrer.scs.single_3_13.curtain,34,1,0
69786,_nameless.1db.02dd.3a20,tesore_gust,napoli,icaria,argostoli,1,255,1030,1465,gummy_bears,scania_r_4x2_norm_360,trailer.scs_curt,trailer_def.scs.box.single_3.curtain,33,1,0
69786,_nameless.1db.02dd.3bc0,engeron,puertollano,lisette_log,bordeaux,0,894,0,0,ter_forklift,volvo_fh2012_4x2_420,trailer.scs_flat_b,trailer_def.scs.flatbed.single_3.flatbed_w,2,1,0
69786,_nameless.1db.02d8.32c0,domdepo,bailen,scs_paper,setubal,0,675,0,0,wshavings,scania_s2016_6x2_high_460,trailer.ffb_kip60,trailer_def.feldbinder.kip.single_3_60.silo_60_3p,60,1,0
69786,_nameless.1db.02d8.43d0,domdepo,bailen,app,valencia,0,377,0,0,copp_rf_gutt,man_6x4_b,trailer.scs_dry_s,trailer_def.scs.box.single_3.dryvan,33,1,0
69786,_nameless.1db.02d8.3460,ika_bohag,napoli,tras_med,genova,0,749,0,0,empty_palet,mercedes_actros_2014_4x2_a,trailer.kasbhr_shg45,trailer_def.kassbohrer.scs.single_3_13.curtain,34,1,0
69786,_nameless.1db.02d8.31f0,ika_bohag,napoli,brawen,skopje,2,598,540,420,pot_flowers,daf_xd_2,trailer.scs_ins,trailer_def.scs.box.single_3.insulated,33,1,0
69786,_nameless.1db.02d8.4300,acc,catania,tras_med,cagliari,1,243,720,778,jcb_pw125qe,scania_r_4x2_norm_360,trailer.scs_flat_b,trailer_def.scs.flatbed.single_3.flatbed_w,24,1,0
69786,_nameless.1db.02d8.3530,acc,catania,ccg_fla,thessaloniki,2,875,590,1092,iron_pipes,scania_streamline_6x4_top_480,trailer.scs_log,trailer_def.scs.log.single_3.steel,28,1,0
69786,_nameless.1db.02d8.2de0,acc,catania,exomar,roma,0,794,20,347,jcb_dmphtd5e,daf_xf_euro6_6x2_a,trailer.scs_flat_b,trailer_def.scs.flatbed.single_3.flatbed_w,7,1,0
69786,_nameless.1db.02d8.3a10,acc,catania,exomar,cordoba,1,777,1557,1788,largetubes,scania_r_6x4_top_620,trailer.scs_log,trailer_def.scs.log.single_3.steel,6,1,0
69786,_nameless.1db.02d8.3d50,polar_fish,svolvaer,norr_food,bodo,0,236,150,132,smokd_eel,mercedes_4x2_b,trailer.scs_ref_a,trailer_def.scs.box.single_3.reefer,33,1,0
69786,_nameless.1db.02d8.2830,polar_fish,svolvaer,norr_food,andenes,1,301,0,0,frozen_hake,"""double/daf_4x2_a""",trailer.scs_ref_b2,trailer_def.scs.box.bdouble_3_3.reefer,52,1,0
69786,_nameless.1db.02d8.3bb0,subse,nantes,stokes,plymouth,0,382,420,1000,packag_food,scania_r2016_6x2_high_460,trailer.scs_dry,trailer_def.scs.box.single_3.dryvan,33,1,0
69786,_nameless.1db.02d8.3c80,subse,nantes,trans_cab,santander,0,844,0,0,chicken_meat,volvo_fh2024_6x2_500,trailer.scs_ins_a,trailer_def.scs.box.single_3.insulated,33,1,0
69786,_nameless.1db.02d8.4090,subse,nantes,eurogoodies,plymouth,2,380,420,1000,soy_milk,man_6x4_b,trailer.scs_dry_s,trailer_def.scs.box.single_3.dryvan,33,1,0
69786,_nameless.1db.02d8.2b70,subse,nantes,supercesta,albacete,2,1347,0,0,pork_meat,volvo_fh2024_6x2_500,trailer.scs_ins_s,trailer_def.scs.box.single_3.insulated,33,1,0
69786,_nameless.1db.02d8.2c40,subse,nantes,tradeaux,dusseldorf,0,978,0,0,soy_milk_t,mercedes_actros_2014_6x4_b,trailer.ffb_tsalm32,trailer_def.feldbinder.tsalm.single_3_32.32_3_2,23,1,0
69786,_nameless.1db.02d8.3120,bhv,linkoping,blt,kaunas,2,517,510,1110,caravans,scania_streamline_6x2_norm_440,trailer.truck_trans,trailer_def.caravans.truck_trans,100,1,0
69786,_nameless.1db.02d8.4160,tree_et,bialystok,blt,siauliai,1,398,0,0,jcb_ft4220,renault_t_4x2h,trailer.scs_lowbed41,trailer_def.scs.lowbed.single_41_ln.long,1,1,0
69786,_nameless.1db.02d8.2f80,tree_et,bialystok,tree_et,metz,2,1426,0,0,forwarder,"""heavy/man_tgx_euro6_8x4_xlx""",trailer.scs_lowlow4e,trailer_def.scs.lowloader.single_4_ln.long,1,1,0
69786,_nameless.1db.02d8.4230,tree_et,bialystok,baltomorsk,rezekne,2,624,0,0,jcb_dmphtd5e,scania_r2016_4x2_high_500,trailer.scs_flat_b,trailer_def.scs.flatbed.single_3.flatbed_w,7,1,0
69786,_nameless.1db.02d9.7280,tree_et,bialystok,vainamoi_fla,kuusamo,0,1585,150,430,lumber,man_tgx_2020,trailer.scs_flat_b,trailer_def.scs.flatbed.single_3.flatbed_w,3,1,0
69786,_nameless.1db.02d9.7900,engeron,badajoz,gnt,bastia,1,1023,930,1182,cable_reel,"""heavy/scania_s2016_8x4_high_770""",trailer.kasbhr_slle,trailer_def.kassbohrer.sll.single_3_ln.low,1,1,0
69786,_nameless.1db.02d9.6990,engeron,badajoz,scs_paper,setubal,1,374,0,0,forklifts,volvo_fh2024_6x2_500,trailer.scs_lowbed_4,trailer_def.scs.lowbed.single_4_sh.short,4,1,0
69786,_nameless.1db.02d9.7350,itcc,luxembourg,lisette_log,larochelle,0,929,0,0,outdr_flr_tl,mercedes_6x4_a,trailer.scs_dry_m,trailer_def.scs.box.single_3.dryvan_m,32,1,0
69786,_nameless.1db.02d9.6da0,itcc,luxembourg,sanbuild_bas,munchen,1,568,0,0,re_bars,mercedes_6x4_a,trailer.profilinehd,trailer_def.krone.profilinerhd.single_3.flatbed,2,1,0
69786,_nameless.1db.02d9.7690,itcc,luxembourg,tradeaux,paris,1,373,0,0,jcb_pw125qe,mercedes_4x2_b,trailer.profilinehd,trailer_def.krone.profilinerhd.single_3.flatbed,24,1,0
69786,_nameless.1db.02d9.6e70,renar,narva,gnt,uppsala,0,368,570,1270,bottle_water,daf_xgp_4x2_530,trailer.kasbhr_sbt,trailer_def.kassbohrer.sbt.single_3_13.dryvan,30,1,0
69786,_nameless.1db.02d9.8530,renar,narva,nch_ru,petersburg,2,155,0,0,petrol,daf_6x2_a,trailer.scs_fueltank,trailer_def.scs.fueltank.single_3.fueltank,30,1,0
69786,_nameless.1db.02d9.7420,eurogoodies,metz,transinet,southampton,0,647,35,300,milk_t,renault_premium_6x2_a,trailer.scs_fodt,trailer_def.scs.foodtank.single_3.paint,23,1,0
69786,_nameless.1db.02d9.86d0,eurogoodies,metz,tradeaux,paris,0,311,0,0,iced_coffee,daf_xd,trailer.scs_dry_s,trailer_def.scs.box.single_3.dryvan,33,1,0
69786,_nameless.1db.02d9.74f0,euroacres,plymouth,shuttle,sevilla,2,897,1076,1172,carrots_c,scania_r2016_4x2_high_500,trailer.krone.boxliner40,trailer_def.krone.boxliner.single_3_40.container,30,1,0
69786,_nameless.1db.02d9.7d10,euroacres,plymouth,nord_crown,odense,0,1496,35,300,beef_meat,iveco_sway_4x2_460,trailer.scs_ref_a,trailer_def.scs.box.single_3.reefer,33,1,0
69786,_nameless.1db.02d9.8050,cesare_smar,palermo,balkan_loco,pleven,0,1473,590,1092,empty_palet,daf_xd,trailer.kasbhr_shg45,trailer_def.kassbohrer.scs.single_3_13.curtain,34,1,0
69786,_nameless.1db.02d9.7c40,cesare_smar,palermo,exomar,taranto,0,618,20,347,used_plast,daf_xd_1,trailer.scs_dry_m,trailer_def.scs.box.single_3.dryvan_m,33,1,0
69786,_nameless.1db.02d9.87a0,cesare_smar,palermo,rt_log,cordoba,1,576,1557,1788,used_plast_c,volvo_fh2012_6x2_500,trailer.scs_gosck20,trailer_def.scs.gooseneck.singl_3e_20.container,15,1,0
69786,_nameless.1db.02d9.8390,bhv,bastia,rt_log,zaragoza,0,395,930,1182,car_d,renault_premium_6x4_a,trailer.car_trans,trailer_def.car_d.car_trans,100,1,0
69786,_nameless.1db.02df.c380,app,malaga,app,ciudad_real,0,342,0,0,jcb_dmphtd5e,man_tgx_euro6_4x2_xxl,trailer.profilinehd,trailer_def.krone.profilinerhd.single_3.flatbed,7,1,0
69786,_nameless.1db.02df.c040,app,malaga,app,ciudad_real,2,342,0,0,watermelons,scania_r_6x4_top_620,trailer.scs_ref_a,trailer_def.scs.box.single_3.reefer,33,1,0
69786,_nameless.1db.02df.b5b0,sal_fi,oulu,norse_rail,narvik,2,606,0,0,diesel_gen,man_4x2_a,trailer.kasbhr_scs,trailer_def.kassbohrer.scs.single_3_13.curtain,34,1,0
69786,_nameless.1db.02df.bea0,sal_fi,oulu,drekkar,malmo,0,1470,0,0,used_plast_c,mercedes_6x2_b,trailer.kasbhr_shg40,trailer_def.kassbohrer.shg.singl_3e_40.container,30,1,0
69786,_nameless.1db.02df.b000,sal_fi,oulu,byggpro,skelleftea,1,289,0,0,metal_center,"""heavy/daf_xgp_4x2_530""",trailer.kasbhr_slle,trailer_def.kassbohrer.sll.single_3_ln.low,1,1,0
69786,_nameless.1db.02df.c2b0,sal_fi,oulu,tradeaux,olsztyn,0,1512,150,430,protec_cloth,renault_t_4x2,trailer.scs_curt_s,trailer_def.scs.box.single_3.curtain,33,1,0
69786,_nameless.1db.02df.b680,lkwlog,osnabruck,gnt,kalmar,0,992,0,0,pasta,scania_streamline_6x4_top_480,trailer.scs_dry,trailer_def.scs.box.single_3.dryvan,33,1,0
69786,_nameless.1db.02df.c450,lkwlog,osnabruck,te_logistica,sassari,0,1580,720,827,natur_rubber,mercedes_4x2_c,trailer.scs_dry_s,trailer_def.scs.box.single_3.dryvan,33,1,0
69786,_nameless.1db.02df.b820,lkwlog,osnabruck,gnt,uppsala,0,1364,0,0,chem_sorb_c,volvo_fh16_4x2_420,trailer.krone.boxliner40,trailer_def.krone.boxliner.single_3_40.container,30,1,0
69786,_nameless.1db.02df.b270,lkwlog,osnabruck,rosmark,liepaja,2,1352,0,0,oil_filters,daf_xg_4x2_450,trailer.kasbhr_shg45,trailer_def.kassbohrer.scs.single_3_13.curtain,34,1,0
69786,_nameless.1db.02df.b9c0,marina,valencia,fle,montpellier,2,803,0,0,large_cont,man_4x2_a,trailer.scs_lowbed41,trailer_def.scs.lowbed.single_41_ln.long,36,1,0
69786,_nameless.1db.013b.1430,sanbuilders,edinburgh,stokes,liege,0,1121,35,300,emptytank,daf_4x2_a,trailer.scs_flat_b,trailer_def.scs.flatbed.single_3.flatbed_w,1,1,0
69786,_nameless.1db.0441.5010,sanbuilders,edinburgh,itcc,sheffield,0,370,0,0,empty_spool,mercedes_4x2_a,trailer.scs_flat_b,trailer_def.scs.flatbed.single_3.flatbed_w,4,1,0
69786,_nameless.1db.0441.47f0,christopoulo,chios,cargotras,sassari,1,955,1950,2464,re_bars,man_tgx_euro6_4x2_xxl,trailer.profilinehd,trailer_def.krone.profilinerhd.single_3.flatbed,2,1,0
69786,_nameless.1db.0441.33a0,christopoulo,chios,cargotras,pescara,1,819,1110,1585,glass_packed,scania_r2016_4x2_high_500,trailer.gls_trailer,trailer_def.glass_packed.gls_trailer,100,1,0
69786,_nameless.1db.0426.09e0,christopoulo,chios,baltrak,edirne,1,341,690,1521,largetubes,renault_magnum_4x2_a,trailer.scs_log,trailer_def.scs.log.single_3.steel,6,1,0
69786,_nameless.1db.0426.00f0,tradeaux,krakow,lkwlog,brno,2,313,0,0,post_packag,volvo_fh16_4x2_540,trailer.scs_dry_s,trailer_def.scs.box.single_3.dryvan,33,1,0
69786,_nameless.1db.02e6.6ed0,tradeaux,krakow,stokes,katowice,0,70,0,0,icecream,renault_t_6x2,trailer.scs_ref_s,trailer_def.scs.box.single_3.reefer,33,1,0
69786,_nameless.1db.0478.dab0,tradeaux,krakow,fallow,zagreb,0,747,0,0,med_equip,scania_r2016_4x2_high_500,trailer.dryliner17,trailer_def.krone.dryliner.single_3.dryvan,33,1,0
69786,_nameless.1de.1e85.fe20,tradeaux,krakow,tradeaux,budapest,0,374,0,0,vans_fd,renault_magnum_6x2_a,trailer.van_trans,trailer_def.vans_fd.van_trans,100,1,0
69786,_nameless.1de.1e85.d240,sanbuild_hms,narvik,norse_rail,kiruna,1,176,0,0,jcb_ft4220,iveco_4x2_a,trailer.scs_lowlow2e,trailer_def.scs.lowloader.single_2_ln.long,1,1,0
69786,_nameless.1de.1e85.fd50,sanbuild_hms,narvik,konstnr_hs,vasteraas,0,1223,0,0,crawler,"""heavy/mercedes_actros_8x4""",trailer.scs_lowlowd2,trailer_def.scs.lowloader.single_2_sh.short,1,1,0
69786,_nameless.1de.1e85.db30,sanbuild_hms,narvik,nordic_ports,bodo,1,327,30,45,sprayer,iveco_sway_4x2_580,trailer.scs_lowlow2e,trailer_def.scs.lowloader.single_2_ln.long,1,1,0
69786,_nameless.1de.1e85.f390,cont_port_it,napoli,rt_log,barcelona,0,6,1300,1500,nitrogen,man_tgx_euro6_4x2_xl,trailer.scs_gosck220,trailer_def.scs.gooseneck.singl_3e_220.container,80,1,0
69786,_nameless.1de.1e85.d720,cont_port_it,napoli,cont_port,durres,1,234,540,420,chlorine,daf_xf_4x2_370,trailer.krone.boxliner220,trailer_def.krone.boxliner.single_3_220.container,80,1,0
69786,_nameless.1de.1e85.ef80,cont_port_it,napoli,exomar,taranto,0,332,0,0,beverages_c,renault_magnum_6x2_a,trailer.scs_gosck20,trailer_def.scs.gooseneck.singl_3e_20.container,15,1,0
69786,_nameless.1de.1e85.e420,nordic_ports,tornio,norse_rail,kiruna,0,340,0,0,rye,mercedes_4x2,trailer.ffb_eut35,trailer_def.feldbinder.eut.single_3_35.silo_35_3p,35,1,0
69786,_nameless.1de.1e85.e4f0,nordic_ports,tornio,suprema,kuusamo,0,252,0,0,canned_pork,"""double/iveco_h_4x2_a""",trailer.scs_ref_b2,trailer_def.scs.box.bdouble_3_3.reefer,52,1,0
69786,_nameless.1de.1e85.f460,slava,osijek,lkwlog,szeged,2,195,0,0,vans_fd,iveco_4x2_a,trailer.van_trans,trailer_def.vans_fd.van_trans,100,1,0
69786,_nameless.1de.1e85.e830,st_roza_bg,pirdop,exomar,taranto,0,887,570,745,sq_tub,volvo_fh2021_4x2_750,trailer.scs_flat_b,trailer_def.scs.flatbed.single_3.flatbed_w,2,1,0
69786,_nameless.1de.1e85.eaa0,st_roza_bg,pirdop,rt_log,linz,1,1280,0,0,empty_spool,man_tgx_euro6_6x4_xlx,trailer.kasbhr_sla,trailer_def.kassbohrer.sla.single_3_sh.lowbed,3,1,0
69786,_nameless.1de.1e85.f870,st_roza_bg,pirdop,brawen,skopje,1,343,0,0,emptytank,iveco_4x2_a,trailer.scs_flat_b,trailer_def.scs.flatbed.single_3.flatbed_w,1,1,0
69786,_nameless.1de.1e85.ffc0,st_roza_bg,pirdop,stokes,tuzla,1,738,0,0,iron_pipes,daf_xd25,trailer.scs_log,trailer_def.scs.log.single_3.steel,28,1,0
69786,_nameless.1de.1e85.fbb0,sellplan,nurnberg,drekkar,vaxjo,2,1079,105,404,used_plast,daf_6x2_a,trailer.scs_dry_m,trailer_def.scs.box.single_3.dryvan_m,33,1,0
69786,_nameless.1de.1e85.d310,sellplan,nurnberg,transinet,szczecin,0,588,0,0,used_packag,mercedes_6x4_a,trailer.scs_dry_a,trailer_def.scs.box.single_3.dryvan,33,1,0
69786,_nameless.1de.1e85.d3e0,sellplan,nurnberg,norrsken,aalborg,1,955,0,0,empty_palet,scania_r2016_6x4_high_660,trailer.profiliner17,trailer_def.krone.profiliner.single_3.curtain,33,1,0
69786,_nameless.1de.1e85.e5c0,cemelt_fla,edirne,low_field,mitilini,1,406,730,1440,excav_soil,renault_t_6x2,trailer.scs_dumper,trailer_def.scs.dumper.single_3.steel,17,1,0
69786,_nameless.1de.1e85.e690,kaarfor,verona,cont_port_it,trieste,0,395,0,0,used_plast_c,man_4x2_a,trailer.krone.boxliner40,trailer_def.krone.boxliner.single_3_40.container,30,1,0
69786,_nameless.1de.1e85.f1f0,kaarfor,verona,cnp,ancona,2,371,0,0,empty_palet,scania_streamline_4x2_norm_380,trailer.kasbhr_shg45,trailer_def.kassbohrer.scs.single_3_13.curtain,34,1,0
69786,_nameless.1de.1e85.f530,kaarfor,verona,balkan_loco,ljubljana,1,480,0,0,used_plast,mercedes_6x4_a,trailer.scs_dry_ms,trailer_def.scs.box.single_3.dryvan_m,33,1,0
69786,_nameless.1de.1e85.d0a0,eurogoodies,koper,balkan_loco,maribor,2,275,0,0,pasta,mercedes_actros_2014_4x2_c,trailer.dryliner17,trailer_def.krone.dryliner.single_3.dryvan,33,1,0
69786,_nameless.1de.1e85.fa10,eurogoodies,koper,stokes,maribor,0,273,0,0,pears,renault_magnum_4x2_a,trailer.drylineret,trailer_def.krone.edryliner.single_3.dryvan,33,1,0
69786,_nameless.1de.1e86.0160,eurogoodies,koper,polarislines,kiel,0,1361,0,0,salt_spices,renault_t_6x2,trailer.kasbhr_scs,trailer_def.kassbohrer.scs.single_3_13.curtain,34,1,0
69786,_nameless.1de.1e85.d580,lkwlog,kosice,posped,szeged,0,364,0,0,iron_pipes,volvo_fh2024_4x2_420,trailer.scs_log,trailer_def.scs.log.single_3.steel,28,1,0
69786,_nameless.1de.1e85.d650,lkwlog,kosice,lkwlog,nurnberg,0,939,0,0,goat_cheese,mercedes_4x2_a,trailer.scs_ref_a,trailer_def.scs.box.single_3.reefer,33,1,0
69786,_nameless.1de.1e85.f940,lkwlog,kosice,norr_food,karlskrona,0,768,630,790,mozzarela,man_tgx_2020_4x2,trailer.scs_ins_s,trailer_def.scs.box.single_3.insulated,33,1,0
69786,_nameless.1de.1e86.0300,lkwlog,kosice,stokes,bystrica,2,248,0,0,jcb_mexc19ce,scania_r_6x2_high_500,trailer.scs_flat_b,trailer_def.scs.flatbed.single_3.flatbed_w,3,1,0
69786,_nameless.1de.1e85.f600,lkwlog,kosice,sanbuilders,debrecen,0,179,0,0,mob_screener,"""heavy/volvo_fh16_6x4_750""",trailer.scs_lowlow4e,trailer_def.scs.lowloader.single_4_ln.long,1,1,0
69786,_nameless.1de.1e85.d7f0,lkwlog,kosice,blt,paldiski,1,1317,0,0,med_vaccine,iveco_sway_4x2_500,trailer.scs_ref_a,trailer_def.scs.box.single_3.reefer,33,1,0
69786,_nameless.1de.1e86.0090,polarislines,tallinn,kaarfor,ostrava,0,1272,0,0,chicken_meat,scania_s2016_6x4_high_730,trailer.scs_ins_s,trailer_def.scs.box.single_3.insulated,33,1,0
69786,_nameless.1de.1e85.f6d0,polarislines,tallinn,gnt,uppsala,0,183,570,1270,used_packag,daf_xg_4x2_450,trailer.drylineret,trailer_def.krone.edryliner.single_3.dryvan,33,1,0
69786,_nameless.1de.1e85.d170,polarislines,tallinn,gnt,svolvaer,1,1520,150,430,spher_valves,renault_t_6x2,trailer.scs_dry_m,trailer_def.scs.box.single_3.dryvan_m,32,1,0
69786,_nameless.1de.1e85.fae0,aaa,cagliari,trans_cab,barcelona,1,249,720,827,vans_id,daf_xgp_4x2_530,trailer.van_trans,trailer_def.vans_id.van_trans,100,1,0
69786,_nameless.1de.1e85.e1b0,aaa,cagliari,aaa,taranto,1,348,840,879,car_d,mercedes_actros_2014_6x2_a,trailer.car_trans,trailer_def.car_d.car_trans,100,1,0
69786,_nameless.1de.1e85.e350,cargotras,palermo,tras_med,cagliari,0,42,720,778,oil_filters,scania_r2016_6x4_high_660,trailer.kasbhr_sbt,trailer_def.kassbohrer.sbt.single_3_13.dryvan,34,1,0
69786,_nameless.1de.1e85.d8c0,cargotras,palermo,tras_med,cagliari,1,42,720,778,carbn_pwdr_c,renault_premium_6x2_a,trailer.scs_gosck40,trailer_def.scs.gooseneck.singl_3e_40.container,30,1,0
69786,_nameless.1de.1e85.e760,cargotras,palermo,iberatomica,vandellos,2,299,1557,1788,vol_ew240emh,"""heavy/man_tgx_euro6_8x4_xlx""",trailer.scs_lowbed_4,trailer_def.scs.lowbed.single_4_sh.short,1,1,0
69786,_nameless.1de.1e85.d990,cargotras,palermo,app,coimbra,0,1049,1557,1788,plast_pipes,volvo_fh2012_6x2_500,trailer.scs_flat_b,trailer_def.scs.flatbed.single_3.flatbed_w,4,1,0
69786,_nameless.1de.1e85.dcd0,cargotras,palermo,baltrak,edirne,0,1424,590,1092,fireworks,iveco_4x2_c,trailer.kasbhr_scs,trailer_def.kassbohrer.scs.single_3_13.curtain,34,1,0
69786,_nameless.1de.1e85.ede0,konstnr,stockholm,renar,tampere,2,317,540,1170,volvo_ec220e,renault_magnum_6x2_a,trailer.scs_lowbed41,trailer_def.scs.lowbed.single_41_ln.long,1,1,0
69786,_nameless.1de.1e85.f050,konstnr,stockholm,posped,lodz,0,1433,105,404,jcb_exc245xr,"""heavy/mercedes_6x4""",trailer.scs_lowbed41,trailer_def.scs.lowbed.single_41_ln.long,1,1,0
69786,_nameless.1de.1e86.03d0,tradeaux,brest,posped,swansea,0,392,420,1000,rooflights,scania_streamline_4x2_top_560,trailer.dryliner17,trailer_def.krone.dryliner.single_3.dryvan,33,1,0
69786,_nameless.1de.1e85.f7a0,tradeaux,brest,lkwlog,manchester,0,582,420,1000,shock_absorb,renault_premium_4x2_c,trailer.kasbhr_shg45,trailer_def.kassbohrer.scs.single_3_13.curtain,34,1,0
69786,_nameless.1de.1e85.e9d0,tradeaux,brest,trans_cab,vigo,1,1533,0,0,spher_valves,daf_xf_euro6_4x2_c,trailer.dryliner17,trailer_def.krone.dryliner.single_3.dryvan,33,1,0
69786,_nameless.1de.1e85.dc00,tradeaux,brest,posped,rotterdam,1,996,0,0,aircft_tires,scania_streamline_6x4_top_480,trailer.scs_curt_s,trailer_def.scs.box.single_3.curtain,33,1,0
69786,_nameless.1de.1e85.df40,eurogoodies,liege,kaarfor,strasbourg,0,392,0,0,frozen_hake,daf_xgp25_4x2_530,trailer.scs_ref,trailer_def.scs.box.single_3.reefer,33,1,0
69786,_nameless.1de.1e85.e0e0,eurogoodies,liege,lisette_log,bordeaux,2,1148,0,0,limonades,scania_r2016_6x4_high_660,trailer.scs_dry_m,trailer_def.scs.box.single_3.dryvan_m,33,1,0
69786,_nameless.1de.1e85.e900,renor,kristiansund,blt,kaunas,0,1322,550,1156,empty_barr,volvo_fh16_6x4_700,trailer.kasbhr_scs,trailer_def.kassbohrer.scs.single_3_13.curtain,34,1,0
69786,_nameless.1de.1e85.ec40,renor,kristiansund,sal_fi,oulu,2,1352,25,36,battery,"""double/volvo_fh2024_4x2_780""",trailer.scs_curt_2,trailer_def.scs.box.double_3_2.curtain,52,1,0
69786,_nameless.1de.1e85.eeb0,huerta,el_ejido,huerta,beja,0,624,0,0,cott_harvest,"""heavy/mercedes_actros_8x4""",trailer.kasbhr_slle,trailer_def.kassbohrer.sll.single_3_ln.low,1,1,0
69786,_nameless.1de.1e86.1dd0,huerta,el_ejido,log_atlan,sevilla,2,340,0,0,plums,renault_t_4x2,trailer.scs_ref_a,trailer_def.scs.box.single_3.reefer,33,1,0
69786,_nameless.1de.1e86.2520,huerta,el_ejido,cortica,sines,2,828,0,0,digger1000,volvo_fh16_4x2_540,trailer.scs_lowlowd2,trailer_def.scs.lowloader.single_2_sh.short,1,1,0
69786,_nameless.1de.1e86.08b0,huerta,el_ejido,eolo_lines,algeciras,0,301,0,0,young_seed,volvo_fh2021_4x2_750,trailer.scs_ref_s,trailer_def.scs.box.single_3.reefer,33,1,0
69786,_nameless.1de.1e86.1ea0,jastuk,nis,icaria,heraklion,1,796,540,760,empty_spool,volvo_fh2024_4x2_780,trailer.scs_lowbed_3,trailer_def.scs.lowbed.single_3.short,3,1,0
69786,_nameless.1de.1e86.32f0,jastuk,nis,cesare_smar,sassari,0,974,1380,1299,furniture,daf_xd,trailer.profiliner17,trailer_def.krone.profiliner.single_3.curtain,33,1,0
69786,_nameless.1de.1e86.2ee0,jastuk,nis,eumefa,nis,2,182,0,0,forklifts,man_6x4_b,trailer.scs_lowbed_4,trailer_def.scs.lowbed.single_4_sh.short,3,1,0
69786,_nameless.1de.1e86.2e10,jastuk,nis,balkan_loco,ruse,2,497,0,0,mat_handler,"""heavy/volvo_fh2021_6x4_540""",trailer.kasbhr_slle,trailer_def.kassbohrer.sll.single_3_ln.low,1,1,0
69786,_nameless.1de.1e86.3700,sag_tre_pln,trondheim,sal_fi,pori,2,860,300,680,mat_handler,"""heavy/mercedes_actros_8x4""",trailer.scs_lowlow4e,trailer_def.scs.lowloader.single_4_ln.long,1,1,0
69786,_nameless.1de.1e86.11a0,sag_tre_pln,trondheim,renar,lillehammer,1,392,0,0,crawler,"""heavy/scania_s2016_8x4_high_770""",trailer.scs_lowlowd2,trailer_def.scs.lowloader.single_2_sh.short,1,1,0
69786,_nameless.1de.1e86.3490,sag_tre_pln,trondheim,bltmetal,tallinn,1,910,570,1270,ter_forklift,renault_magnum_6x2_a,trailer.profilinehd,trailer_def.krone.profilinerhd.single_3.flatbed,2,1,0
69786,_nameless.1de.1e86.2d40,sag_tre_pln,trondheim,renar,kristiansund,0,240,25,36,furniture,"""double/mercedes_4x2_a""",trailer.profiline17d,trailer_def.krone.profiliner.double_3_2.curtain,52,1,0
69786,_nameless.1de.1e86.2380,ns_oil,klaipeda,ns_oil_ru,kaliningrad,0,319,0,0,lpg_t,scania_r_4x2_norm_360,trailer.scs_gastank,trailer_def.scs.gastank.single_3.gastank,40,1,0
69786,_nameless.1de.1e86.2fb0,ns_oil,klaipeda,rt_log,rostock,0,997,0,0,ethane,daf_xf_euro6_4x2_b,trailer.scs_gastank,trailer_def.scs.gastank.single_3.gastank,40,1,0
69786,_nameless.1de.1e86.3220,ns_oil,klaipeda,itcc,bialystok,0,390,0,0,motor_oil_c,man_tgx_euro6_4x2_xxl,trailer.scs_gosck220,trailer_def.scs.gooseneck.singl_3e_220.container,30,1,0
69786,_nameless.1de.1e86.2450,ns_oil,klaipeda,nch_ru,petersburg,1,811,0,0,motor_oil,iveco_6x2_a,trailer.kasbhr_sbt,trailer_def.kassbohrer.sbt.single_3_13.dryvan,34,1,0
69786,_nameless.1de.1e86.1270,ortiz,zaragoza,trans_cab,barcelona,1,322,0,0,empty_palet,iveco_sway_4x2_500,trailer.scs_dry_a,trailer_def.scs.box.single_3.dryvan,33,1,0
69786,_nameless.1de.1e86.26c0,ortiz,zaragoza,rt_log,madrid,0,357,0,0,large_cont,mercedes_4x2_c,trailer.scs_lowbed41,trailer_def.scs.lowbed.single_41_ln.long,36,1,0
69786,_nameless.1de.1e86.10d0,ortiz,zaragoza,rt_log,madrid,1,357,0,0,cars_fr,renault_premium_6x4_a,trailer.car_trans,trailer_def.cars_fr.car_trans,100,1,0
69786,_nameless.1de.1e86.33c0,marina,kavala,ttk_bg,sofia,0,377,0,0,lux_yacht,volvo_fh16_6x4_700,trailer.scs_lowbed_3,trailer_def.scs.lowbed.single_3.short,1,1,0
69786,_nameless.1de.1e86.19c0,marina,kavala,crnodrvo,bijelo_polje,2,824,0,0,large_cont,daf_xf_euro6_4x2_b,trailer.kasbhr_sla,trailer_def.kassbohrer.sla.single_3_sh.lowbed,27,1,0
69786,_nameless.1de.1e86.37d0,marina,kavala,te_logistica,messina,0,908,590,1092,yacht,volvo_fh2021_4x2_420,trailer.scs_lowbed41,trailer_def.scs.lowbed.single_41_ln.long,1,1,0
69786,_nameless.1de.1e86.0980,lkwlog,calais,drekkar,vaxjo,0,1494,0,0,metal_cans,renault_t_4x2h,trailer.scs_curt,trailer_def.scs.box.single_3.curtain,33,1,0
69786,_nameless.1de.1e86.21e0,lkwlog,calais,eurogoodies,liverpool,0,478,91,384,drymilk,iveco_h_4x2_a,trailer.scs_curt,trailer_def.scs.box.single_3.curtain,33,1,0
69786,_nameless.1de.1e86.0710,lkwlog,calais,stokes,liege,1,324,0,0,guard_rails,daf_xf_euro6_4x2_c,trailer.scs_dry,trailer_def.scs.box.single_3.dryvan,33,1,0
69786,_nameless.1de.1e86.1f70,lkwlog,calais,gnt,kristiansand,0,1244,195,1052,roller,iveco_6x2_a,trailer.scs_lowlowd4,trailer_def.scs.lowloader.single_4_sh.short,1,1,0
69786,_nameless.1de.1e86.3560,lkwlog,calais,tradeaux,paris,2,267,0,0,concr_cent,iveco_4x2_b,trailer.scs_flat_b,trailer_def.scs.flatbed.single_3.flatbed_w,7,1,0
69786,_nameless.1de.1e86.14e0,lkwlog,calais,euroacres,reims,0,300,0,0,kr_stc1370,daf_xf_euro6_4x2_a,trailer.kasbhr_slle,trailer_def.kassbohrer.sll.single_3_ln.low,1,1,0
69786,_nameless.1de.1e86.3080,fle,tromso,renar,andenes,0,632,0,0,med_vaccine,"""double/scania_r2016_6x2_high_590""",trailer.scs_ref_b2,trailer_def.scs.box.bdouble_3_3.reefer,52,1,0
69786,_nameless.1de.1e86.1750,fle,tromso,sal_fi,lappeenranta,1,1276,0,0,oranges,scania_r2016_6x4_high_660,trailer.scs_ref_s,trailer_def.scs.box.single_3.reefer,33,1,0
69786,_nameless.1de.1e86.3630,fle,tromso,renor,skelleftea,1,778,0,0,large_cont,daf_xd25,trailer.profilinehd,trailer_def.krone.profilinerhd.single_3.flatbed,33,1,0
69786,_nameless.1de.1e86.2040,tradeaux,hannover,marina,klaipeda,1,1138,0,0,yacht,man_tgx_euro6_4x2_xl,trailer.scs_lowbed_3,trailer_def.scs.lowbed.single_3.short,1,1,0
69786,_nameless.1de.1e86.04a0,tradeaux,hannover,fle,brest,1,1291,0,0,watermelons,daf_xf_4x2_370,trailer.scs_ins_s,trailer_def.scs.box.single_3.insulated,33,1,0
69786,_nameless.1de.1e86.1c30,tradeaux,hannover,gnt,daugavpils,0,1343,0,0,frozen_hake,daf_xgp25_4x2_530,trailer.coolliner17,trailer_def.krone.coolliner.single_3.reefer,33,1,0
69786,_nameless.1de.1e86.0a50,tradeaux,hannover,sanbuilders,krakow,2,796,0,0,jcb_mexc19ce,scania_r_6x4_top_620,trailer.scs_flat_b,trailer_def.scs.flatbed.single_3.flatbed_w,3,1,0
69786,_nameless.1de.1e86.0570,ika_bohag,uppsala,tradeaux,grimsby,2,1138,1140,1314,empty_palet,renault_t_6x2,trailer.kasbhr_shg45,trailer_def.kassbohrer.scs.single_3_13.curtain,34,1,0
69786,_nameless.1de.1e86.1340,ika_bohag,uppsala,gnt,jonkoping,1,370,0,0,used_packag,daf_xf_4x2_370,trailer.scs_dry_ms,trailer_def.scs.box.single_3.dryvan_m,33,1,0
69786,_nameless.1de.1e86.18f0,ika_bohag,uppsala,norrsken,karlskrona,1,528,0,0,pot_flowers,scania_s2016_4x2_high_590,trailer.scs_ref_s,trailer_def.scs.box.single_3.reefer,33,1,0
69786,_nameless.1de.1e86.1410,itcc,liege,tradeaux,krakow,1,1123,0,0,concr_beams,"""heavy/daf_6x4""",trailer.scs_lowbed41,trailer_def.scs.lowbed.single_41_ln.long,1,1,0
69786,_nameless.1de.1e86.1d00,itcc,liege,wilnet_trans,marseille,1,953,0,0,cement,iveco_4x2_b,trailer.scs_silo,trailer_def.scs.silo.single_3_10.silo,18,1,0
69786,_nameless.1de.1e86.0cc0,kaarfor,edinburgh,polarislines,esbjerg,1,387,1140,1314,used_packag,daf_xf_euro6_6x4_c,trailer.scs_dry_m,trailer_def.scs.box.single_3.dryvan_m,33,1,0
69786,_nameless.1de.1e86.3150,kaarfor,edinburgh,blt,paldiski,1,1435,1710,2584,used_plast_c,scania_s2016_4x2_high_590,trailer.kasbhr_shg20,trailer_def.kassbohrer.shg.singl_3e_20.container,15,1,0
69786,_nameless.1de.1e86.1820,kaarfor,edinburgh,rt_log,koln,0,1246,35,300,empty_palet,daf_xd25,trailer.scs_curt_a,trailer_def.scs.box.single_3.curtain,33,1,0
69786,_nameless.1de.1e86.1a90,skog_paper,borlange,kivi,helsinki,0,543,540,1170,emptytank,mercedes_actros_2014_4x2_a,trailer.scs_flat_b,trailer_def.scs.flatbed.single_3.flatbed_w,1,1,0
69786,_nameless.1de.1e86.2790,skog_paper,borlange,polarislines,ventspils,0,249,510,1110,large_cont,man_tgx_euro6_6x4_xlx,trailer.scs_flat_b,trailer_def.scs.flatbed.single_3.flatbed_w,33,1,0
69786,_nameless.1de.1e86.22b0,skog_paper,borlange,suprema,parnu,0,361,570,1270,paper,renault_t_6x2,trailer.profiliner17,trailer_def.krone.profiliner.single_3.curtain,33,1,0
69786,_nameless.1de.1e86.2930,skog_paper,borlange,nofeba,hamar,1,248,0,0,watertank,mercedes_actros_2014_6x4_b,trailer.profilinehd,trailer_def.krone.profilinerhd.single_3.flatbed,2,1,0
69786,_nameless.1de.1e86.2110,skog_paper,borlange,itcc,dortmund,0,1450,0,0,empty_spool,daf_xd_1,trailer.scs_lowbed_4,trailer_def.scs.lowbed.single_4_sh.short,3,1,0
69786,_nameless.1de.1e86.07e0,aaa,pescara,icaria,athens,2,803,570,745,car_it,scania_r2016_4x2_norm_370,trailer.car_trans,trailer_def.car_it.car_trans,100,1,0
69786,_nameless.1de.1e86.1b60,aaa,pescara,aaa,cagliari,1,302,840,879,cars_fr,daf_xf_euro6_4x2_c,trailer.car_trans,trailer_def.cars_fr.car_trans,100,1,0
69786,_nameless.1de.1e86.2860,euroacres,debrecen,sellplan,klagenfurt,0,633,0,0,cauliflower,mercedes_actros_2014_6x4_b,trailer.scs_ref,trailer_def.scs.box.single_3.reefer,33,1,0
69786,_nameless.1de.1e86.0640,kaarfor,lyon,bhb_raffin,marseille,1,316,0,0,empty_palet,scania_streamline_4x2_top_560,trailer.scs_curt_a,trailer_def.scs.box.single_3.curtain,33,1,0
69786,_nameless.1de.1e86.2a00,kaarfor,lyon,stokes,plymouth,1,1103,35,300,used_packag,man_tgx_euro6_4x2_xl,trailer.scs_dry_ms,trailer_def.scs.box.single_3.dryvan_m,33,1,0
69786,_nameless.1de.1e86.2ad0,kathode,nurnberg,posped,warszawa,2,850,0,0,truck_batt,scania_r2016_4x2_high_500,trailer.scs_dry,trailer_def.scs.box.single_3.dryvan,33,1,0
69786,_nameless.1de.1e86.2ba0,kathode,nurnberg,transinet,munchen,1,185,0,0,truck_batt_c,volvo_fh16_4x2_420,trailer.kasbhr_shg40,trailer_def.kassbohrer.shg.singl_3e_40.container,30,1,0
69786,_nameless.1de.1e86.4cf0,supercesta,badajoz,app,ciudad_real,0,355,0,0,used_plast_c,renault_premium_4x2_c,trailer.kasbhr_shg40,trailer_def.kassbohrer.shg.singl_3e_40.container,30,1,0
69786,_nameless.1de.1e86.40c0,supercesta,badajoz,te_logistica,messina,0,1005,1557,1788,empty_palet,iveco_h_4x2_a,trailer.scs_curt_s,trailer_def.scs.box.single_3.curtain,33,1,0
69786,_nameless.1de.1e86.4f60,supercesta,badajoz,log_atlan,sevilla,1,307,0,0,used_packag,renault_etech_t,trailer.scs_curt_a,trailer_def.scs.box.single_3.curtain,33,1,0
69786,_nameless.1de.1e86.48e0,supercesta,badajoz,cargotras,olbia,1,1126,720,827,used_plast,mercedes_actros_2014_6x4_b,trailer.scs_curt,trailer_def.scs.box.single_3.curtain,33,1,0
69786,_nameless.1de.1e86.4330,ns_oil,berlin,tree_et,graz,0,791,0,0,ethane,iveco_sway_4x2_500,trailer.scs_gastank,trailer_def.scs.gastank.single_3.gastank,40,1,0
69786,_nameless.1de.1e86.3ff0,ns_oil,berlin,skoda,prague,1,350,0,0,lpg,scania_streamline_4x2_top_560,trailer.kasbhr_shg20,trailer_def.kassbohrer.shg.singl_3e_20.container,40,1,0
69786,_nameless.1de.1e86.4740,ns_oil,berlin,ai,skopje,0,1587,0,0,diesel,volvo_fh2021_4x2_420,trailer.scs_fueltank,trailer_def.scs.fueltank.single_3.fueltank,28,1,0
69786,_nameless.1de.1e86.3f20,cont_port_ru,petersburg,ns_chem_ru,luga,0,207,0,0,sodium,man_tgx_2020,trailer.scs_gosck220,trailer_def.scs.gooseneck.singl_3e_220.container,80,1,0
69786,_nameless.1de.1e86.38a0,cont_port_ru,petersburg,blt,tartu,2,274,0,0,carrots_c,mercedes_actros_2014_6x4_b,trailer.krone.boxliner20,trailer_def.krone.boxliner.single_3.container,15,1,0
69786,_nameless.1de.1e86.4400,cont_port_ru,petersburg,norrsken,stockholm,1,469,570,1270,chem_sorb_c,renault_magnum_4x2_a,trailer.kasbhr_shg20,trailer_def.kassbohrer.shg.singl_3e_20.container,15,1,0
69786,_nameless.1de.1e86.4b50,sellplan,klagenfurt,lkwlog,frankfurt,1,726,0,0,empty_palet,volvo_fh2012_4x2_420,trailer.dryliner17,trailer_def.krone.dryliner.single_3.dryvan,33,1,0
69786,_nameless.1de.1e86.44d0,sellplan,klagenfurt,stokes,rijeka,1,369,0,0,used_packag,daf_xd,trailer.scs_dry_s,trailer_def.scs.box.single_3.dryvan,33,1,0
69786,_nameless.1de.1e86.45a0,cemelt_win,klaipeda,norrsken,stockholm,1,189,510,1110,mob_screener,"""heavy/renault_t_6x4""",trailer.scs_lowlow4e,trailer_def.scs.lowloader.single_4_ln.long,1,1,0
69786,_nameless.1de.1e86.3e50,cemelt_win,klaipeda,gnt,kalmar,1,529,510,1110,empty_palet,scania_s2016_4x2_high_590,trailer.scs_dry_ms,trailer_def.scs.box.single_3.dryvan_m,32,1,0
69786,_nameless.1de.1e86.49b0,cantera,vigo,rt_log,zaragoza,1,782,0,0,jcb_wload457,volvo_fh16_6x4_700,trailer.scs_lowbed_4,trailer_def.scs.lowbed.single_4_sh.short,1,1,0
69786,_nameless.1de.1e86.3970,cantera,vigo,canteras_ds,murcia,1,1076,0,0,jcb_dmp6t2,"""heavy/volvo_fh16_6x4_750""",trailer.kasbhr_sla,trailer_def.kassbohrer.sla.single_3_sh.lowbed,1,1,0
69786,_nameless.1de.1e86.3a40,cantera,vigo,canteras_ds,murcia,1,1076,0,0,excavator,iveco_4x2_b,trailer.scs_lowbed_4,trailer_def.scs.lowbed.single_4_sh.short,1,1,0
69786,_nameless.1de.1e86.4a80,cantera,vigo,mvm_carriere,bordeaux,0,920,0,0,crawler,"""heavy/scania_r_6x4_top_730""",trailer.scs_lowbed41,trailer_def.scs.lowbed.single_41_ln.long,1,1,0
69786,_nameless.1de.1e86.3b10,konstnr_hs,helsingborg,baltomorsk,valmiera,1,811,510,1110,digger1000,volvo_fh2021_4x2_750,trailer.kasbhr_sla,trailer_def.kassbohrer.sla.single_3_sh.lowbed,1,1,0
69786,_nameless.1de.1e86.3be0,konstnr_hs,helsingborg,bjork,linkoping,2,376,0,0,jcb_bhl4cx,volvo_fh2012_4x2_420,trailer.scs_lowlowd2,trailer_def.scs.lowloader.single_2_sh.short,1,1,0
69786,_nameless.1de.1e86.4190,marina,ancona,balkan_loco,ljubljana,1,701,0,0,lux_yacht,man_tgx_2020_6x2,trailer.scs_lowbed41,trailer_def.scs.lowbed.single_41_ln.long,1,1,0
69786,_nameless.1de.1e86.4260,eurogoodies,lodz,rt_log,innsbruck,0,971,0,0,pet_food,renault_magnum_6x4_a,trailer.scs_curt_s,trailer_def.scs.box.single_3.curtain,33,1,0
69786,_nameless.1de.1e86.4810,ika_bohag,milano,trans_cab,madrid,0,1599,0,0,empty_palet,renault_premium_6x2_a,trailer.scs_curt_s,trailer_def.scs.box.single_3.curtain,33,1,0
69786,_nameless.1de.1e86.4dc0,ika_bohag,milano,sellplan,prague,2,992,0,0,pot_flowers,daf_xd25,trailer.scs_ref_s,trailer_def.scs.box.single_3.reefer,33,1,0
69786,_nameless.1de.1e13.3f40,ika_bohag,milano,posped,szeged,0,1167,0,0,used_packag,scania_r_4x2_top_480,trailer.scs_curt_a,trailer_def.scs.box.single_3.curtain,33,1,0
69786,_nameless.1de.1e13.1f90,sellplan,sheffield,tradeaux,brest,0,538,420,910,used_packag,mercedes_4x2,trailer.kasbhr_shg45,trailer_def.kassbohrer.scs.single_3_13.curtain,34,1,0
69786,_nameless.1de.1e13.4010,sellplan,sheffield,transinet,szczecin,2,1560,35,300,used_plast,volvo_fh2024_6x2_500,trailer.kasbhr_scs,trailer_def.kassbohrer.scs.single_3_13.curtain,34,1,0
69786,_nameless.1de.1e13.27b0,sellplan,sheffield,tradeaux,lille,1,573,35,300,used_plast_c,daf_xgp25_4x2_530,trailer.krone.boxliner20,trailer_def.krone.boxliner.single_3.container,15,1,0
69786,_nameless.1de.1e13.1b80,cortica,sines,app,badajoz,2,232,0,0,skidder,"""heavy/scania_r_6x4_top_730""",trailer.scs_lowlow2e,trailer_def.scs.lowloader.single_2_ln.long,1,1,0
69786,_nameless.1de.1e13.3310,cortica,sines,eolo_lines,lile_rousse,0,1303,930,1182,lumber_p,daf_xf_euro6_4x2_c,trailer.profilinehd,trailer_def.krone.profilinerhd.single_3.flatbed,6,1,0
69786,_nameless.1de.1e13.3720,cortica,sines,casa_olivera,badajoz,1,363,0,0,sawpanels,daf_6x2_a,trailer.scs_curt,trailer_def.scs.box.single_3.curtain,33,1,0
69786,_nameless.1de.1e13.1c50,renor,kobenhavn,dfh,dresden,0,584,105,404,stone_dust,renault_premium_6x2_a,trailer.ffb_eut35,trailer_def.feldbinder.eut.single_3_35.silo_35_3p,15,1,0
69786,_nameless.1de.1e13.2200,kaarfor,munchen,dfh,nurnberg,1,165,0,0,empty_palet,daf_xd_1,trailer.scs_curt,trailer_def.scs.box.single_3.curtain,33,1,0
69786,_nameless.1de.1e13.4350,kaarfor,munchen,lkwlog,lublin,1,932,0,0,used_plast_c,daf_xd_1,trailer.scs_gosck20,trailer_def.scs.gooseneck.singl_3e_20.container,15,1,0
69786,_nameless.1de.1e13.2bc0,cortica,corticadas,tradeaux,ajaccio,1,1115,930,1182,mob_tr_winch,"""heavy/man_tgx_euro6_8x4_xlx""",trailer.scs_lowbed_4,trailer_def.scs.lowbed.single_4_sh.short,1,1,0
69786,_nameless.1de.1e13.2950,cortica,corticadas,app,zaragoza,2,796,0,0,large_cont,scania_r_6x2_high_500,trailer.profilinehd,trailer_def.krone.profilinerhd.single_3.flatbed,33,1,0
69786,_nameless.1de.1e13.23a0,cortica,corticadas,huerta,huelva,0,382,0,0,wooden_beams,daf_xf_euro6_6x2_a,trailer.dryliner17,trailer_def.krone.dryliner.single_3.dryvan,2,1,0
69786,_nameless.1de.1e13.3c00,subse,sofia,sellplan,salzburg,0,1213,0,0,pasta,volvo_fh2012_4x2_750,trailer.kasbhr_scs,trailer_def.kassbohrer.scs.single_3_13.curtain,34,1,0
69786,_nameless.1de.1e13.2880,subse,sofia,tras_med,bari,1,681,570,745,canned_tuna,scania_r2016_4x2_norm_370,trailer.scs_ref_s,trailer_def.scs.box.single_3.reefer,33,1,0
69786,_nameless.1de.1e13.3240,domdepo,utena,norrsken,borlange,0,669,510,1110,plastic_gra,scania_r_6x2_high_500,trailer.ffb_eut35,trailer_def.feldbinder.eut.single_3_35.silo_35_3p,19,1,0
69786,_nameless.1de.1e13.4420,domdepo,utena,cemelt_fla,valmiera,0,381,0,0,marb_blck2,scania_r2016_4x2_norm_370,trailer.scs_flat_b,trailer_def.scs.flatbed.single_3.flatbed_w,2,1,0
69786,_nameless.1de.1e13.30a0,domdepo,utena,domdepo,frankfurt,2,1443,0,0,concr_stair,scania_r_6x2_high_500,trailer.scs_flat_b,trailer_def.scs.flatbed.single_3.flatbed_w,3,1,0
69786,_nameless.1de.1e13.1840,domdepo,utena,fallow,timisoara,1,1412,0,0,logs,iveco_4x2_a,trailer.scs_log,trailer_def.scs.log.single_3.steel,32,1,0
69786,_nameless.1de.1e13.4690,shuttle,timisoara,stokes,katowice,0,775,0,0,limonades,scania_r_4x2_top_480,trailer.scs_curt_a,trailer_def.scs.box.single_3.curtain,32,1,0
69786,_nameless.1de.1e13.2130,shuttle,timisoara,kaarfor,targu_mures,1,369,0,0,beverages_c,scania_r2016_4x2_high_500,trailer.scs_gosck40,trailer_def.scs.gooseneck.singl_3e_40.container,30,1,0
69786,_nameless.1de.1e13.3cd0,shuttle,timisoara,norrsken,malmo,0,1564,105,404,beverages_t,iveco_sway_4x2_580,trailer.ffb_tsalm32,trailer_def.feldbinder.tsalm.single_3_32.32_3_2,23,1,0
69786,_nameless.1de.1e13.37f0,shuttle,timisoara,balkan_loco,craiova,2,358,0,0,used_packag,daf_xf_euro6_4x2_b,trailer.scs_dry_a,trailer_def.scs.box.single_3.dryvan,33,1,0
69786,_nameless.1de.1e13.44f0,shuttle,timisoara,lkwlog,szeged,0,192,0,0,used_plast_c,scania_r2016_6x4_high_660,trailer.kasbhr_shg40,trailer_def.kassbohrer.shg.singl_3e_40.container,30,1,0
69786,_nameless.1de.1e13.2060,shuttle,timisoara,lkwlog,nurnberg,0,1082,0,0,used_plast,daf_xgp25_4x2_530,trailer.scs_dry,trailer_def.scs.box.single_3.dryvan,33,1,0
69786,_nameless.1de.1e13.34b0,elcano_fla,malaga,shuttle,cordoba,1,176,0,0,emptytank,mercedes_actros_2014_6x2_a,trailer.profilinehd,trailer_def.krone.profilinerhd.single_3.flatbed,1,1,0
69786,_nameless.1de.1e13.3da0,radus,tampere,renar,kuusamo,1,649,0,0,metal_center,"""heavy/volvo_fh2021_6x4_540""",trailer.kasbhr_sll,trailer_def.kassbohrer.sll.single_3_sh.low,1,1,0
69786,_nameless.1de.1e13.4280,radus,tampere,trameri,vaasa,0,265,0,0,empty_spool,daf_4x2_a,trailer.kasbhr_sla,trailer_def.kassbohrer.sla.single_3_sh.lowbed,3,1,0
69786,_nameless.1de.1e13.1ab0,vainamoi_bas,jyvaskyla,konstnr_wind,linkoping,2,617,540,1170,mob_crusher,"""heavy/mercedes_6x4""",trailer.scs_lowbed_4,trailer_def.scs.lowbed.single_4_sh.short,1,1,0
69786,_nameless.1de.1e13.1430,rt_log,sevilla,rt_log,a_coruna,0,1009,0,0,marb_blck,volvo_fh2021_4x2_420,trailer.scs_flat_b,trailer_def.scs.flatbed.single_3.flatbed_w,2,1,0
69786,_nameless.1de.1e13.2c90,rt_log,sevilla,fle,nantes,1,1513,0,0,grapes,volvo_fh16_4x2_420,trailer.coolliner17,trailer_def.krone.coolliner.single_3.reefer,33,1,0
69786,_nameless.1de.1e13.2a20,rt_log,sevilla,app,ciudad_real,0,305,0,0,tracks,daf_xf_euro6_4x2_c,trailer.kasbhr_sla,trailer_def.kassbohrer.sla.single_3_sh.lowbed,1,1,0
69786,_nameless.1de.1e13.1910,aci,roma,rt_log,graz,1,1022,0,0,air_mails,iveco_h_4x2_a,trailer.kasbhr_scs,trailer_def.kassbohrer.scs.single_3_13.curtain,34,1,0
69786,_nameless.1de.1e13.1770,aci,roma,fle,leipzig,1,1359,0,0,med_vaccine,daf_xf_euro6_4x2_c,trailer.scs_ins_s,trailer_def.scs.box.single_3.insulated,33,1,0
69786,_nameless.1de.1e13.3e70,aci,roma,aci,cagliari,0,336,840,879,live_cattle,daf_xg_4x2_450,trailer.scs_livestk,trailer_def.scs.livestock.single_3s.str_stl,42,1,0
69786,_nameless.1de.1e13.2f00,aci,roma,eolo_lines,porto_vecchi,2,931,840,1193,med_equip,renault_magnum_6x2_a,trailer.scs_ins_a,trailer_def.scs.box.single_3.insulated,33,1,0
69786,_nameless.1de.1e13.1df0,ladoga_ru,kaliningrad,ika_bohag,borlange,1,730,510,1110,ter_forklift,man_4x2_c,trailer.profilinehd,trailer_def.krone.profilinerhd.single_3.flatbed,2,1,0
69786,_nameless.1de.1e13.2d60,ladoga_ru,kaliningrad,vpc,goteborg,1,686,630,790,cable_reel,"""heavy/man_6x4""",trailer.scs_lowlowd4,trailer_def.scs.lowloader.single_4_sh.short,1,1,0
69786,_nameless.1de.1e13.3580,ladoga_ru,kaliningrad,blt,siauliai,0,278,0,0,used_packag,renault_t_6x2,trailer.scs_curt_a,trailer_def.scs.box.single_3.curtain,33,1,0
69786,_nameless.1de.1e13.19e0,ladoga_ru,kaliningrad,renar,steinkjer,1,1330,510,1110,vans_vt,renault_t_6x2,trailer.truck_trans,trailer_def.vans_vt.truck_trans,100,1,0
69786,_nameless.1de.1e13.2af0,ladoga_ru,kaliningrad,ns_chem,malmo,1,919,105,404,contamin,scania_streamline_6x2_norm_440,trailer.krone.boxliner40,trailer_def.krone.boxliner.single_3_40.container,80,1,0
69786,_nameless.1de.1e13.1500,ladoga_ru,kaliningrad,slava,osijek,0,1247,0,0,car_balt1,scania_s2016_6x2_high_460,trailer.car_trans,trailer_def.car_balt1.car_trans,100,1,0
69786,_nameless.1de.1e13.3650,sellplan,salzburg,dfh,hamburg,0,865,0,0,used_plast_c,scania_s2016_6x4_high_730,trailer.kasbhr_shg40,trailer_def.kassbohrer.shg.singl_3e_40.container,30,1,0
69786,_nameless.1de.1e13.2e30,sellplan,salzburg,dunavia,novi_sad,0,797,0,0,used_plast,mercedes_6x2_b,trailer.scs_dry_s,trailer_def.scs.box.single_3.dryvan,33,1,0
69786,_nameless.1de.1e13.1d20,cont_port,burgas,syschema,kavala,0,396,0,0,sodium,volvo_fh16_4x2_420,trailer.krone.boxliner40,trailer_def.krone.boxliner.single_3_40.container,80,1,0
69786,_nameless.1de.1e13.15d0,cont_port,burgas,ttk_bg,plovdiv,0,272,0,0,beverages_c,daf_xf_euro6_4x2_b,trailer.krone.boxliner220,trailer_def.krone.boxliner.single_3_220.container,30,1,0
69786,_nameless.1de.1e13.2fd0,cont_port,burgas,imp_otel,galati,2,383,30,65,carbn_pwdr_c,daf_4x2_b,trailer.kasbhr_shg20,trailer_def.kassbohrer.shg.singl_3e_20.container,15,1,0
69786,_nameless.1de.1e13.3170,log_atlan,leon,app,madrid,1,373,0,0,used_packag,daf_xgp25_4x2_530,trailer.kasbhr_shg45,trailer_def.kassbohrer.scs.single_3_13.curtain,34,1,0
69786,_nameless.1de.1e13.38c0,log_atlan,leon,trans_cab,vigo,2,327,0,0,diesel_gen,mercedes_actros_2014_6x2_a,trailer.scs_curt,trailer_def.scs.box.single_3.curtain,33,1,0
69786,_nameless.1de.1e13.22d0,log_atlan,leon,eolo_lines,palermo,0,780,1557,1788,canned_beef,volvo_fh2021_4x2_750,trailer.scs_ref,trailer_def.scs.box.single_3.reefer,33,1,0
69786,_nameless.1de.1e13.1ec0,log_atlan,leon,trans_cab,madrid,0,389,0,0,soy_milk,"""double/volvo_fh16_4x2_700""",trailer.profiline17d,trailer_def.krone.profiliner.double_3_2.curtain,52,1,0
69786,_nameless.1de.1e13.26e0,ai,sarajevo,libellula,bologna,1,1112,0,0,oil_filters,iveco_4x2_b,trailer.scs_dry_a,trailer_def.scs.box.single_3.dryvan,33,1,0
69786,_nameless.1de.1e13.3990,ai,sarajevo,granoro,rostock,0,1484,0,0,aircond,daf_xgp_4x2_530,trailer.kasbhr_sla,trailer_def.kassbohrer.sla.single_3_sh.lowbed,4,1,0
69786,_nameless.1de.1e13.5e20,ai,sarajevo,exomar,roma,1,1501,0,0,spher_valves,renault_magnum_4x2_a,trailer.kasbhr_shg45,trailer_def.kassbohrer.scs.single_3_13.curtain,34,1,0
69786,_nameless.1de.1e13.5bb0,stokes,liege,tradeaux,lille,0,225,0,0,med_vaccine,man_tgx_2020_4x2,trailer.coollineret,trailer_def.krone.ecoolliner.single_3.reefer,33,1,0
69786,_nameless.1de.1e13.52c0,bhb_raffin,lehavre,transinet,sheffield,0,703,35,300,oil,volvo_fh16_4x2_540,trailer.scs_fueltank,trailer_def.scs.fueltank.single_3.fueltank,28,1,0
69786,_nameless.1de.1e13.6230,bhb_raffin,lehavre,trameri,strasbourg,1,686,0,0,empty_spool,iveco_4x2_b,trailer.scs_flat_b,trailer_def.scs.flatbed.single_3.flatbed_w,4,1,0
69786,_nameless.1de.1e13.6e60,nucleon,laurent,tree_et,salzburg,2,1202,0,0,jcb_dmphtd5e,man_tgx_2020_4x2,trailer.scs_flat_b,trailer_def.scs.flatbed.single_3.flatbed_w,7,1,0
69786,_nameless.1de.1e13.5600,fjoste,kajaani,lintukainen,rovaniemi,2,340,0,0,crawler,"""heavy/daf_6x4""",trailer.scs_lowbed41,trailer_def.scs.lowbed.single_41_ln.long,1,1,0
69786,_nameless.1de.1e13.4830,fjoste,kajaani,nord_sten,kiruna,0,569,0,0,volvo_ec220e,scania_r_4x2_top_480,trailer.scs_lowlow4e,trailer_def.scs.lowloader.single_4_ln.long,1,1,0
69786,_nameless.1de.1e13.6980,eumefa,vlore,quadrelli,bari,1,139,540,420,emptytank,renault_premium_4x2_c,trailer.scs_flat_b,trailer_def.scs.flatbed.single_3.flatbed_w,1,1,0
69786,_nameless.1de.1e13.6f30,eumefa,vlore,fallow,zenica,0,724,0,0,used_plast,daf_xf_euro6_4x2_b,trailer.scs_dry,trailer_def.scs.box.single_3.dryvan,33,1,0
69786,_nameless.1de.1e13.67e0,eumefa,vlore,te_logistica,napoli,0,349,540,420,comp_process,renault_premium_4x2_a,trailer.drylineret,trailer_def.krone.edryliner.single_3.dryvan,33,1,0
69786,_nameless.1de.1e13.5ae0,marina,vigo,log_atlan,salamanca,2,530,0,0,lux_yacht,man_tgx_2020,trailer.scs_lowlow2e,trailer_def.scs.lowloader.single_2_ln.long,1,1,0
69786,_nameless.1de.1e13.4c40,villco,nis,subse,bijelo_polje,1,348,0,0,potatoes,mercedes_6x4_a,trailer.scs_dry_s,trailer_def.scs.box.single_3.dryvan,33,1,0
69786,_nameless.1de.1e13.6a50,villco,nis,brawen,skopje,2,287,0,0,froz_octopi,daf_xgp25_4x2_530,trailer.coolliner17,trailer_def.krone.coolliner.single_3.reefer,33,1,0
69786,_nameless.1de.1e13.5fc0,villco,nis,posped,strasbourg,1,1540,0,0,iced_coffee,daf_6x2_a,trailer.scs_dry_ms,trailer_def.scs.box.single_3.dryvan_m,33,1,0
69786,_nameless.1de.1e13.64a0,transinet,sheffield,transinet,cambridge,0,264,0,0,transmis,volvo_fh2012_6x2_500,trailer.scs_dry,trailer_def.scs.box.single_3.dryvan,33,1,0
69786,_nameless.1de.1e13.49d0,transinet,sheffield,drekkar,aarhus,0,348,1140,1314,oil_filt_c,scania_streamline_6x4_top_480,trailer.krone.boxliner40,trailer_def.krone.boxliner.single_3_40.container,30,1,0
69786,_nameless.1de.1e13.4aa0,transinet,sheffield,drekkar,vaxjo,2,771,1140,1314,roller,volvo_fh2024_4x2_780,trailer.scs_lowbed_3,trailer_def.scs.lowbed.single_3.short,1,1,0
69786,_nameless.1de.1e13.4b70,radus_ru,varna,domdepo,iasi,1,503,30,65,concr_stair,volvo_fh2024_4x2_780,trailer.profilinehd,trailer_def.krone.profilinerhd.single_3.flatbed,3,1,0
69786,_nameless.1de.1e13.7270,radus_ru,varna,radus_ru,pleven,0,276,0,0,empty_spool,daf_xd_2,trailer.profilinehd,trailer_def.krone.profilinerhd.single_3.flatbed,4,1,0
69786,_nameless.1de.1e13.5c80,wgcc,oulu,trameri,vaasa,1,301,0,0,magnesium,renault_t_4x2,trailer.scs_gosck20,trailer_def.scs.gooseneck.singl_3e_20.container,40,1,0
69786,_nameless.1de.1e13.6300,wgcc,oulu,ns_oil,daugavpils,0,1192,150,430,kerosene,volvo_fh2021_4x2_420,trailer.willig.fuel_cistern,trailer_def.scs.fueltank.single_3.fueltank,30,1,0
69786,_nameless.1de.1e13.6d90,wgcc,oulu,wgcc,lulea,2,203,0,0,contamin,man_6x4_b,trailer.krone.boxliner40,trailer_def.krone.boxliner.single_3_40.container,80,1,0
69786,_nameless.1de.1e13.5530,bcp,birmingham,dfh,dresden,0,1373,35,300,cars_fr,iveco_4x2_c,trailer.car_trans,trailer_def.cars_fr.car_trans,100,1,0
69786,_nameless.1de.1e13.7680,bcp,birmingham,cont_port,esbjerg,1,313,1140,1314,used_plast_c,man_tgx_euro6_6x4_xlx,trailer.krone.boxliner20,trailer_def.krone.boxliner.single_3.container,15,1,0
69786,_nameless.1de.1e13.6160,ai,beograd,fallow,timisoara,2,251,0,0,oil_filters,renault_premium_6x2_a,trailer.scs_dry_m,trailer_def.scs.box.single_3.dryvan_m,33,1,0
69786,_nameless.1de.1e13.7750,domdepo,bucuresti,balkan_loco,craiova,0,229,0,0,concr_beams,"""heavy/iveco_6x4""",trailer.scs_lowbed41,trailer_def.scs.lowbed.single_41_ln.long,1,1,0
69786,_nameless.1de.1e13.7410,domdepo,bucuresti,brawen,skopje,0,576,0,0,glass_packed,man_tgx_euro6_4x2_xxl,trailer.gls_trailer,trailer_def.glass_packed.gls_trailer,100,1,0
69786,_nameless.1de.1e13.6570,domdepo,bucuresti,lognstick,galati,1,236,0,0,cement,volvo_fh16_4x2_540,trailer.scs_silo,trailer_def.scs.silo.single_3_10.silo,15,1,0
69786,_nameless.1de.1e13.5050,domdepo,bucuresti,euroacres,szeged,0,687,0,0,wshavings,daf_xf_euro6_6x4_c,trailer.ffb_eut35,trailer_def.feldbinder.eut.single_3_35.silo_35_3p,35,1,0
69786,_nameless.1de.1e13.57a0,domdepo,bucuresti,ttk_bg,plovdiv,1,360,0,0,largetubes,renault_t_4x2h,trailer.scs_log,trailer_def.scs.log.single_3.steel,6,1,0
69786,_nameless.1de.1e13.6640,tree_et,olsztyn,lkwlog,calais,1,1493,0,0,tractor,scania_r_4x2_top_480,trailer.kasbhr_slle,trailer_def.kassbohrer.sll.single_3_ln.low,1,1,0
69786,_nameless.1de.1e13.4d10,tree_et,olsztyn,norse_rail,gavle,0,778,510,1110,volvo_ec220e,iveco_4x2_b,trailer.scs_lowbed_3,trailer_def.scs.lowbed.single_3.short,1,1,0
69786,_nameless.1de.1e13.4de0,tree_et,olsztyn,renar,vaxjo,0,323,630,790,log_harvest,"""heavy/iveco_6x4""",trailer.scs_lowlow2e,trailer_def.scs.lowloader.single_2_ln.long,1,1,0
69786,_nameless.1de.1e13.5870,tree_et,olsztyn,nch,vilnius,0,393,0,0,wood_bark,iveco_4x2_c,trailer.scs_dumper,trailer_def.scs.dumper.single_3.steel,27,1,0
69786,_nameless.1de.1e13.6b20,cemelt_fl_ru,sofia,rock_eater,athens,2,808,0,0,jcb_th540180,scania_r2016_6x4_high_660,trailer.scs_lowbed_3,trailer_def.scs.lowbed.single_3.short,1,1,0
69786,_nameless.1de.1e13.5940,cemelt_fl_ru,sofia,icaria,chios,1,340,690,1521,empty_palet,daf_xf_electric,trailer.scs_dry,trailer_def.scs.box.single_3.dryvan,33,1,0
69786,_nameless.1de.1e13.7000,subse,edirne,brawen,novi_sad,2,903,0,0,vinegar_c,volvo_fh2012_4x2_420,trailer.krone.boxliner40,trailer_def.krone.boxliner.single_3_40.container,30,1,0
69786,_nameless.1de.1e13.78f0,tras_med,cagliari,log_atlan,albacete,0,809,720,827,iced_coffee,scania_r2016_4x2_norm_370,trailer.scs_dry_s,trailer_def.scs.box.single_3.dryvan,33,1,0
69786,_nameless.1de.1e13.74e0,tras_med,cagliari,rt_log,zaragoza,1,501,720,827,truck_tyres,mercedes_4x2,trailer.kasbhr_shg45,trailer_def.kassbohrer.scs.single_3_13.curtain,34,1,0
69786,_nameless.1de.1e13.70d0,tras_med,cagliari,cargotras,catanzaro,2,411,740,1125,gnocchi,daf_4x2_b,trailer.scs_ref,trailer_def.scs.box.single_3.reefer,33,1,0
69786,_nameless.1de.1e13.71a0,tras_med,cagliari,rt_log,zurich,0,1239,720,827,atl_cod_flt,scania_r2016_4x2_high_500,trailer.scs_ins_a,trailer_def.scs.box.single_3.insulated,33,1,0
69786,_nameless.1de.1e13.79c0,tras_med,cagliari,cargotras,palermo,0,46,720,778,used_plast_c,scania_streamline_6x4_top_480,trailer.scs_gosck20,trailer_def.scs.gooseneck.singl_3e_20.container,15,1,0
69786,_nameless.1de.1e13.7a90,mvm_carriere,ajaccio,costruzi_hal,genova,0,510,840,1193,gravel,volvo_fh2024_4x2_420,trailer.scs_dumper,trailer_def.scs.dumper.single_3.steel,16,1,0
69786,_nameless.1de.1e13.7b60,mvm_carriere,ajaccio,lkwlog,luxembourg,2,876,840,1193,jcb_exc245xr,"""heavy/mercedes_actros_8x4""",trailer.kasbhr_slle,trailer_def.kassbohrer.sll.single_3_ln.low,1,1,0
69786,_nameless.1de.1e13.4900,mvm_carriere,ajaccio,rt_log,barcelona,1,75,930,1182,granite_cube,iveco_h_4x2_a,trailer.scs_dumper,trailer_def.scs.dumper.single_3.steel,11,1,0
69786,_nameless.1de.1e13.4eb0,cnp,nurnberg,eco,bordeaux,2,1405,0,0,lpg_t,volvo_fh16_4x2_540,trailer.scs_gastank,trailer_def.scs.gastank.single_3.gastank,40,1,0
69786,_nameless.1de.1e13.4f80,cnp,nurnberg,stokes,zurich,1,455,0,0,dozer,"""heavy/scania_r_6x4_top_730""",trailer.scs_lowbed41,trailer_def.scs.lowbed.single_41_ln.long,1,1,0
69786,_nameless.1de.1e13.5120,cnp,nurnberg,tradeaux,prague,0,265,0,0,carbn_pwdr_c,renault_etech_t,trailer.kasbhr_shg20,trailer_def.kassbohrer.shg.singl_3e_20.container,15,1,0
69786,_nameless.1de.1e13.8110,cnp,nurnberg,trameri,innsbruck,0,329,0,0,fueltanker,mercedes_actros_2014_4x2_b,trailer.kasbhr_shg20,trailer_def.kassbohrer.shg.singl_3e_20.container,40,1,0
69786,_nameless.1de.1e13.8790,borealis,bodo,borealis,svolvaer,2,242,150,132,cable_reel,"""heavy/iveco_6x4""",trailer.kasbhr_slle,trailer_def.kassbohrer.sll.single_3_ln.low,1,1,0
69786,_nameless.1de.1e13.9220,borealis,bodo,norse_rail,gavle,0,885,0,0,scaffoldings,"""double/scania_r2016_6x2_high_590""",trailer.profiline17d,trailer_def.krone.profiliner.double_3_2.curtain,52,1,0
69786,_nameless.1de.1e13.8040,cont_port,galati,subse,edirne,2,629,30,65,clothes_c,scania_s2016_4x2_high_590,trailer.kasbhr_shg20,trailer_def.kassbohrer.shg.singl_3e_20.container,15,1,0
69786,_nameless.1de.1e13.85f0,cont_port,galati,eurogoodies,lodz,0,1571,0,0,carrots_c,daf_4x2_b,trailer.scs_gosck40,trailer_def.scs.gooseneck.singl_3e_40.container,30,1,0
69786,_nameless.1de.1e13.8fb0,cont_port,galati,ns_chem,chios,2,807,690,1521,sulfuric,daf_xd25,trailer.scs_gosck220,trailer_def.scs.gooseneck.singl_3e_220.container,80,1,0
69786,_nameless.1de.1e13.8e10,cemelt_fla,cluj_napoca,shuttle,timisoara,1,358,0,0,emptytank,mercedes_actros_2014_6x4_b,trailer.scs_flat_b,trailer_def.scs.flatbed.single_3.flatbed_w,1,1,0
69786,_nameless.1de.1e13.7dd0,eurogoodies,koln,eurogoodies,reims,1,395,0,0,fresh_fish,mercedes_actros_2014_6x4_b,trailer.scs_ref_s,trailer_def.scs.box.single_3.reefer,33,1,0
69786,_nameless.1de.1e13.8380,eurogoodies,koln,eurogoodies,lodz,0,935,0,0,chewing_gums,scania_r2016_6x4_high_660,trailer.kasbhr_shg45,trailer_def.kassbohrer.scs.single_3_13.curtain,32,1,0
69786,_nameless.1de.1e13.9080,eurogoodies,koln,brawen,ljubljana,0,934,0,0,carrots_c,volvo_fh16_4x2_420,trailer.scs_gosck20,trailer_def.scs.gooseneck.singl_3e_20.container,15,1,0
69786,_nameless.1de.1e13.8ba0,cgla,kragujevac,dunavia,novi_sad,1,294,0,0,large_cont,scania_s2016_6x4_high_730,trailer.scs_lowbed_4,trailer_def.scs.lowbed.single_4_sh.short,27,1,0
69786,_nameless.1de.1e13.9150,cgla,kragujevac,icaria,chania,0,956,540,826,glass_packed,mercedes_6x4_a,trailer.gls_trailer,trailer_def.glass_packed.gls_trailer,100,1,0
69786,_nameless.1de.1e13.92f0,cgla,kragujevac,cargotras,olbia,2,997,1380,1299,glass,renault_premium_6x2_a,trailer.panel_trans.glass,trailer_def.glass.panel_trans.glass,90,1,0
69786,_nameless.1de.1e13.8930,marina,olbia,adrica,zadar,0,1034,1440,1194,yacht,man_tgx_euro6_6x4_xlx,trailer.kasbhr_sla,trailer_def.kassbohrer.sla.single_3_sh.lowbed,1,1,0
69786,_nameless.1de.1e13.7ea0,kaarfor,duisburg,exomar,bologna,1,1216,0,0,used_packag,scania_r_6x4_top_620,trailer.scs_dry_a,trailer_def.scs.box.single_3.dryvan,33,1,0
69786,_nameless.1de.1e13.8450,kaarfor,duisburg,dunavia,novi_sad,0,1455,0,0,used_plast,scania_s2016_6x4_high_730,trailer.scs_dry_m,trailer_def.scs.box.single_3.dryvan_m,33,1,0
69786,_nameless.1de.1e13.8a00,kaarfor,duisburg,stokes,bystrica,0,1220,0,0,used_plast_c,iveco_h_4x2_a,trailer.krone.boxliner20,trailer_def.krone.boxliner.single_3.container,15,1,0
69786,_nameless.1de.1e13.7c30,tree_et,leipzig,transinet,kassel,0,206,0,0,forwarder,"""heavy/daf_xd""",trailer.kasbhr_slle,trailer_def.kassbohrer.sll.single_3_ln.low,1,1,0
69786,_nameless.1de.1e13.8ad0,tree_et,leipzig,lkwlog,graz,2,685,0,0,jcb_mexc19ce,mercedes_4x2_c,trailer.scs_flat_b,trailer_def.scs.flatbed.single_3.flatbed_w,3,1,0
69786,_nameless.1de.1e13.7d00,tree_et,leipzig,freyr,trelleborg,1,618,105,404,wooden_beams,daf_xgp_4x2_530,trailer.scs_log,trailer_def.scs.log.single_3.steel,2,1,0
69786,_nameless.1de.1e13.8c70,transinet,southampton,tradeaux,felixstowe,1,316,0,0,shock_absorb,man_4x2_a,trailer.kasbhr_sbt,trailer_def.kassbohrer.sbt.single_3_13.dryvan,34,1,0
69786,_nameless.1de.1e13.8d40,transinet,southampton,posped,swansea,0,279,0,0,lamb_stom,daf_4x2_b,trailer.scs_ins,trailer_def.scs.box.single_3.insulated,33,1,0
69786,_nameless.1de.1e13.81e0,cesta_sl,sevilla,app,badajoz,1,304,0,0,used_plast,iveco_4x2_c,trailer.scs_dry_ms,trailer_def.scs.box.single_3.dryvan_m,33,1,0
69786,_nameless.1de.1e13.cdf0,cesta_sl,sevilla,eolo_lines,napoli,1,971,1300,1500,used_packag,iveco_4x2_a,trailer.kasbhr_scs,trailer_def.kassbohrer.scs.single_3_13.curtain,34,1,0
69786,_nameless.1de.1e13.f760,cesta_sl,sevilla,huilant,lacq,2,1045,0,0,empty_palet,iveco_h_4x2_a,trailer.scs_dry_s,trailer_def.scs.box.single_3.dryvan,33,1,0
69786,_nameless.1de.1e13.f1b0,cesta_sl,sevilla,app,valencia,0,583,0,0,used_plast_c,renault_premium_6x2_a,trailer.krone.boxliner220,trailer_def.krone.boxliner.single_3_220.container,30,1,0
69786,_nameless.1de.1e13.ef40,bhv,kajaani,nordic_ports,ornskoldsvik,1,388,300,680,car_balt2,volvo_fh16_4x2_540,trailer.van_trans,trailer_def.car_balt2.van_trans,100,1,0
69786,_nameless.1de.1e13.d950,bhv,kajaani,blt,siauliai,0,1013,150,430,volvo_cars,iveco_4x2_b,trailer.car_trans,trailer_def.volvo_cars.car_trans,100,1,0
69786,_nameless.1de.1e13.cab0,bhv,kajaani,sal_fi,oulu,2,142,0,0,vans_vt,volvo_fh2021_4x2_420,trailer.truck_trans,trailer_def.vans_vt.truck_trans,100,1,0
69786,_nameless.1de.1e13.ee70,ocean_sol,gijon,stokes,plymouth,1,250,1080,1176,mat_handler,"""heavy/renault_t_6x4""",trailer.scs_lowlow4e,trailer_def.scs.lowloader.single_4_ln.long,1,1,0
69786,_nameless.1de.1e13.ec00,ocean_sol,gijon,gallia_ferry,bilbao,1,300,0,0,empty_palet,"""double/daf_4x2_a""",trailer.scs_curt_2,trailer_def.scs.box.double_3_2.curtain,52,1,0
69786,_nameless.1de.1e13.e3e0,ocean_sol,gijon,lisette_log,larochelle,1,873,0,0,cable_reel,"""heavy/scania_r_6x4_top_730""",trailer.scs_lowlow4e,trailer_def.scs.lowloader.single_4_ln.long,1,1,0
69786,_nameless.1de.1e13.de30,metallis,ostersund,konstnr_hal,umea,1,326,0,0,volvo_bucket,iveco_sway_4x2_460,trailer.scs_lowlowd4,trailer_def.scs.lowloader.single_4_sh.short,1,1,0
69786,_nameless.1de.1e13.e720,metallis,ostersund,nordic_ports,trondheim,0,319,0,0,crawler,"""heavy/volvo_fh2012_8x4_700""",trailer.scs_lowlow4e,trailer_def.scs.lowloader.single_4_ln.long,1,1,0
69786,_nameless.1de.1e13.cc50,metallis,ostersund,renar,parnu,0,683,570,1270,large_cont,daf_xd_1,trailer.scs_flat_b,trailer_def.scs.flatbed.single_3.flatbed_w,33,1,0
69786,_nameless.1de.1e13.ecd0,metallis,ostersund,konstnr,oslo,0,771,0,0,digger1000,scania_r_4x2_top_480,trailer.scs_lowbed41,trailer_def.scs.lowbed.single_41_ln.long,1,1,0
69786,_nameless.1de.1e13.dd60,low_field,lamia,te_logistica,napoli,1,629,570,745,apples,renault_premium_4x2_a,trailer.scs_dry_a,trailer_def.scs.box.single_3.dryvan,33,1,0
69786,_nameless.1de.1e13.e8c0,low_field,lamia,te_logistica,cagliari,2,638,1410,1624,straw_bales,daf_xgp_4x2_530,trailer.scs_dry_s,trailer_def.scs.box.single_3.dryvan,6,1,0
69786,_nameless.1de.1e13.dfd0,low_field,lamia,lognstick,hunedoara,1,1163,0,0,square_baler,mercedes_actros_2014_6x2_a,trailer.scs_lowlow2e,trailer_def.scs.lowloader.single_2_ln.long,1,1,0
69786,_nameless.1de.1e13.e990,low_field,lamia,balkan_loco,veli_tarnovo,0,886,0,0,potatoes,scania_r_6x2_high_500,trailer.profiliner17,trailer_def.krone.profiliner.single_3.curtain,33,1,0
69786,_nameless.1de.1e13.ea60,low_field,lamia,icaria,chios,2,203,540,840,ffb_kip60,daf_xd25,trailer.ffb_kip60,trailer_def.ffb_kip60.ffb_kip60,100,1,0
69786,_nameless.1de.1e13.cf90,konstnr_hs,trondheim,blt,kunda,2,1051,570,1270,jcb_mexc19ce,iveco_sway_4x2_580,trailer.scs_flat_b,trailer_def.scs.flatbed.single_3.flatbed_w,3,1,0
69786,_nameless.1de.1e13.da20,konstnr_hs,trondheim,drekkar,bergen,2,566,105,149,empty_spool,iveco_sway_4x2_460,trailer.scs_flat_b,trailer_def.scs.flatbed.single_3.flatbed_w,4,1,0
69786,_nameless.1de.1e13.e0a0,konstnr_hs,trondheim,norse_rail,ostersund,0,320,0,0,large_cont,volvo_fh2021_4x2_750,trailer.scs_lowbed_3,trailer_def.scs.lowbed.single_3.short,27,1,0
69786,_nameless.1de.1e13.f690,trameri,swansea,tradeaux,lyon,1,1197,35,300,roof_tiles,daf_xgp25_4x2_530,trailer.scs_curt_s,trailer_def.scs.box.single_3.curtain,32,1,0
69786,_nameless.1de.1e13.d880,trameri,swansea,log_atlan,bilbao,2,388,1076,1172,rooflights,daf_4x2_b,trailer.scs_curt,trailer_def.scs.box.single_3.curtain,33,1,0
69786,_nameless.1de.1e13.f830,trameri,swansea,lisette_log,roscoff,0,315,420,910,used_plast_c,daf_xf_electric,trailer.scs_gosck40,trailer_def.scs.gooseneck.singl_3e_40.container,30,1,0
69786,_nameless.1de.1e13.e170,batisse_wind,larochelle,dfh,nurnberg,0,1253,0,0,volvo_a25g,"""heavy/renault_t_6x4""",trailer.scs_lowbed_4,trailer_def.scs.lowbed.single_4_sh.short,1,1,0
69786,_nameless.1de.1e13.e310,batisse_wind,larochelle,transinet,cambridge,1,979,35,300,mob_screener,"""heavy/scania_r_6x4_top_730""",trailer.scs_lowbed41,trailer_def.scs.lowbed.single_41_ln.long,1,1,0
69786,_nameless.1de.1e13.eda0,batisse_wind,larochelle,wilnet_trans,limoges,0,318,0,0,jcb_dmp6t2,"""heavy/volvo_fh2021_6x4_540""",trailer.scs_lowlow2e,trailer_def.scs.lowloader.single_2_ln.long,1,1,0
69786,_nameless.1de.1e13.d3a0,ns_chem,barcelona,pp_chimica,olbia,2,195,720,827,fluorine,scania_r_4x2_top_480,trailer.kasbhr_shg20,trailer_def.kassbohrer.shg.singl_3e_20.container,40,1,0
69786,_nameless.1de.1e13.f900,ns_chem,barcelona,scs_paper,navia,0,937,0,0,chlorine,volvo_fh16_4x2_540,trailer.scs_gosck40,trailer_def.scs.gooseneck.singl_3e_40.container,80,1,0
69786,_nameless.1de.1e13.c910,ns_chem,barcelona,globeur,bourges,0,730,0,0,graph_grease,mercedes_4x2_a,trailer.scs_curt_a,trailer_def.scs.box.single_3.curtain,33,1,0
69786,_nameless.1de.1e13.f280,ns_chem,barcelona,rt_log,koln,1,1330,0,0,lead,daf_xf_euro6_4x2_c,trailer.scs_gosck40,trailer_def.scs.gooseneck.singl_3e_40.container,80,1,0
69786,_nameless.1de.1e13.d6e0,lateds,valmiera,lkwlog,frankfurt,0,1594,0,0,fish_chips,scania_s2016_4x2_norm_370,trailer.scs_ref_a,trailer_def.scs.box.single_3.reefer,33,1,0
69786,_nameless.1de.1e13.eb30,acc,a_coruna,globeur,bourges,2,1409,0,0,cement,scania_s2016_6x2_high_460,trailer.ffb_eut35,trailer_def.feldbinder.eut.single_3_35.silo_35_3p,20,1,0
69786,_nameless.1de.1e13.e240,acc,a_coruna,ocean_sol,vigo,0,210,0,0,ter_forklift,daf_4x2_b,trailer.scs_flat_b,trailer_def.scs.flatbed.single_3.flatbed_w,2,1,0
69786,_nameless.1de.1e13.cd20,acc,a_coruna,ortiz,lisboa,2,655,0,0,sq_tub,scania_streamline_4x2_top_560,trailer.scs_flat_b,trailer_def.scs.flatbed.single_3.flatbed_w,2,1,0
69786,_nameless.1de.1e13.c9e0,acc,a_coruna,lisette_log,rennes,1,1462,0,0,iron_pipes,volvo_fh2021_4x2_750,trailer.scs_log,trailer_def.scs.log.single_3.steel,28,1,0
69786,_nameless.1de.1e13.d7b0,costruzi_win,cagliari,rt_log,barcelona,0,254,720,827,mob_crusher,"""heavy/daf_xd""",trailer.scs_lowbed41,trailer_def.scs.lowbed.single_41_ln.long,1,1,0
69786,_nameless.1de.1e13.e4b0,costruzi_win,cagliari,trans_cab,barcelona,0,260,720,827,mobile_crane,"""heavy/scania_s2016_6x4_high_730""",trailer.scs_lowlow4e,trailer_def.scs.lowloader.single_4_ln.long,1,1,0
69786,_nameless.1de.1e13.d200,ts_atlas,lisboa,kaarfor,limoges,2,1385,0,0,rice_c,iveco_sway_4x2_500,trailer.kasbhr_shg20,trailer_def.kassbohrer.shg.singl_3e_20.container,15,1,0
69786,_nameless.1de.1e13.f010,ts_atlas,lisboa,acc,a_coruna,2,536,0,0,nitrogen,renault_premium_4x2_a,trailer.scs_gosck40,trailer_def.scs.gooseneck.singl_3e_40.container,80,1,0
69786,_nameless.1de.1e13.daf0,ts_atlas,lisboa,engeron,granada,0,891,0,0,potassium,daf_6x2_a,trailer.scs_gosck20,trailer_def.scs.gooseneck.singl_3e_20.container,40,1,0
69786,_nameless.1de.1e13.e580,ts_atlas,lisboa,pp_chimica,olbia,0,1380,720,827,arsenic,daf_xf_4x2_370,trailer.scs_gosck220,trailer_def.scs.gooseneck.singl_3e_220.container,80,1,0
69786,_nameless.1de.1e13.e650,ts_atlas,lisboa,tradeaux,ajaccio,1,1199,930,1182,salt_spice_c,man_4x2_c,trailer.krone.boxliner220,trailer_def.krone.boxliner.single_3_220.container,30,1,0
69786,_nameless.1de.1e13.f0e0,ts_atlas,lisboa,log_atlan,porto,0,245,0,0,truck_rims_c,daf_xd,trailer.scs_gosck220,trailer_def.scs.gooseneck.singl_3e_220.container,30,1,0
69786,_nameless.1de.1e13.f350,tradeaux,olsztyn,norrsken,karlskrona,0,241,630,790,aircft_tires,iveco_4x2_c,trailer.kasbhr_shg45,trailer_def.kassbohrer.scs.single_3_13.curtain,34,1,0
69786,_nameless.1de.1e13.f4f0,stokes,poznan,transinet,bialystok,0,396,0,0,beans,volvo_fh2021_6x2_540,trailer.scs_curt_a,trailer_def.scs.box.single_3.curtain,33,1,0
69786,_nameless.1de.1e13.f5c0,stokes,poznan,fallow,targu_mures,0,1253,0,0,peas,man_tgx_2020_4x2,trailer.scs_curt_s,trailer_def.scs.box.single_3.curtain,33,1,0
69786,_nameless.1de.1e13.d060,stokes,poznan,transinet,cambridge,0,1425,35,300,used_packag,scania_streamline_6x4_top_480,trailer.scs_dry_s,trailer_def.scs.box.single_3.dryvan,33,1,0
69786,_nameless.1de.1e13.dbc0,stokes,poznan,tradeaux,budapest,0,749,0,0,ketchup,daf_xf_euro6_6x2_a,trailer.scs_dry,trailer_def.scs.box.single_3.dryvan,33,1,0
69786,_nameless.1de.1e13.f9d0,tradeaux,budapest,sellplan,wien,0,317,0,0,milk,man_tgx_euro6_4x2_xl,trailer.dryliner17,trailer_def.krone.dryliner.single_3.dryvan,33,1,0
69786,_nameless.1de.1e13.fb70,balkan_loco,craiova,ttk_bg,sofia,2,347,0,0,fireworks,scania_s_2024e,trailer.kasbhr_shg45,trailer_def.kassbohrer.scs.single_3_13.curtain,34,1,0
69786,_nameless.1de.1e13.d540,balkan_loco,craiova,lkwlog,szeged,0,452,0,0,cut_flowers,mercedes_actros_2014_4x2_c,trailer.coolliner17,trailer_def.krone.coolliner.single_3.reefer,33,1,0
69786,_nameless.1de.1e13.c840,balkan_loco,craiova,vesna_mill,bitola,0,605,0,0,tomatoes,daf_xd_2,trailer.scs_ref,trailer_def.scs.box.single_3.reefer,33,1,0
69786,_nameless.1de.1e13.cb80,balkan_loco,craiova,domdepo,timisoara,0,357,0,0,plast_pipes,volvo_fh2024_6x2_500,trailer.profilinehd,trailer_def.krone.profilinerhd.single_3.flatbed,4,1,0
69786,_nameless.1de.1e14.01f0,adrica,rijeka,cargotras,milano,0,728,0,0,czl_muv75,"""heavy/volvo_fh16_6x4_750""",trailer.scs_lowbed_3,trailer_def.scs.lowbed.single_3.short,1,1,0
69786,_nameless.1de.1e14.0120,suprema,rezekne,posped,bystrica,2,1173,0,0,empty_palet,daf_xd_1,trailer.scs_dry,trailer_def.scs.box.single_3.dryvan,33,1,0
69786,_nameless.1de.1e14.0a10,suprema,rezekne,gnt,uppsala,0,552,510,1110,used_packag,man_tgx_euro6_6x4_xlx,trailer.scs_dry_m,trailer_def.scs.box.single_3.dryvan_m,33,1,0
69786,_nameless.1de.1e14.07a0,suprema,rezekne,gnt,panevezys,0,339,0,0,used_plast_c,volvo_fh2021_4x2_420,trailer.kasbhr_shg40,trailer_def.kassbohrer.shg.singl_3e_40.container,30,1,0
69786,_nameless.1de.1e14.0d50,ika_bohag,stockholm,transinet,sheffield,0,1102,1140,1314,pot_flowers,volvo_fh2012_4x2_750,trailer.scs_ins,trailer_def.scs.box.single_3.insulated,33,1,0
69786,_nameless.1de.1e14.0390,ika_bohag,stockholm,gnt,ventspils,0,22,510,1110,used_packag,scania_s_2024e,trailer.scs_curt,trailer_def.scs.box.single_3.curtain,33,1,0
69786,_nameless.1de.1e14.0ae0,ika_bohag,stockholm,ns_oil,paldiski,1,132,570,1270,empty_palet,mercedes_actros_2014_6x4_b,trailer.kasbhr_shg45,trailer_def.kassbohrer.scs.single_3_13.curtain,34,1,0
69786,_nameless.1de.1e14.02c0,brawen,trikala,quadrelli,bari,2,288,570,745,vol_ew240emh,"""heavy/renault_6x4""",trailer.scs_lowbed_4,trailer_def.scs.lowbed.single_4_sh.short,1,1,0
69786,_nameless.1de.1e14.0870,brawen,trikala,tradeaux,klagenfurt,2,1475,0,0,beverages,man_4x2_a,trailer.scs_dry_m,trailer_def.scs.box.single_3.dryvan_m,33,1,0
69786,_nameless.1de.1e14.1300,brawen,trikala,icaria,heraklion,1,332,540,760,disc_harrows,scania_r_4x2_top_480,trailer.kasbhr_sla,trailer_def.kassbohrer.sla.single_3_sh.lowbed,1,1,0
69786,_nameless.1de.1e14.0fc0,euroacres,pecs,eviksi,riga,1,1516,0,0,auger_wag,scania_r_6x2_high_500,trailer.kasbhr_slle,trailer_def.kassbohrer.sll.single_3_ln.low,1,1,0
69786,_nameless.1de.1e13.feb0,marina,rhodes,gnt,bastia,1,1123,2430,3868,yacht,scania_r2016_6x4_high_660,trailer.scs_lowbed_3,trailer_def.scs.lowbed.single_3.short,1,1,0
69786,_nameless.1de.1e13.fc40,marina,rhodes,subse,edirne,1,956,810,1889,large_cont,daf_xf_euro6_6x2_a,trailer.scs_lowbed_3,trailer_def.scs.lowbed.single_3.short,27,1,0
69786,_nameless.1de.1e14.0940,lkwlog,dover,tradeaux,grimsby,1,396,0,0,natur_rubber,scania_r_6x4_top_620,trailer.scs_dry_a,trailer_def.scs.box.single_3.dryvan,33,1,0
69786,_nameless.1de.1e13.ff80,lkwlog,dover,eurogoodies,reims,2,284,91,384,salt_spice_c,daf_xd25,trailer.kasbhr_shg20,trailer_def.kassbohrer.shg.singl_3e_20.container,15,1,0
69786,_nameless.1de.1e14.0460,lkwlog,dover,sellplan,geneve,1,871,35,300,peas,iveco_h_4x2_a,trailer.scs_dry_a,trailer_def.scs.box.single_3.dryvan,33,1,0
69786,_nameless.1de.1e14.0e20,lkwlog,dover,tradeaux,paris,1,266,35,300,harvest_bins,daf_xf_electric,trailer.scs_dry_a,trailer_def.scs.box.single_3.dryvan,33,1,0
69786,_nameless.1de.1e14.0ef0,lisette_log,lemans,eurogoodies,plymouth,0,384,420,1000,food_oil_t,daf_xf_euro6_4x2_b,trailer.scs_fodt,trailer_def.scs.foodtank.single_3.paint,25,1,0
69786,_nameless.1de.1e14.0bb0,lisette_log,lemans,eolo_lines,marseille,1,855,0,0,rooflights,man_tgx_euro6_4x2_xl,trailer.profiliner17,trailer_def.krone.profiliner.single_3.curtain,33,1,0
69786,_nameless.1de.1e14.0050,lisette_log,lemans,transinet,rotterdam,0,672,0,0,basil,volvo_fh16_4x2_420,trailer.scs_dry_ms,trailer_def.scs.box.single_3.dryvan_m,33,1,0
69786,_nameless.1de.1e14.1230,lisette_log,lemans,rt_log,travemunde,2,1152,0,0,beans,renault_premium_6x4_a,trailer.scs_curt_a,trailer_def.scs.box.single_3.curtain,33,1,0
69786,_nameless.1de.1e13.9440,fle,sofia,te_logistica,napoli,1,923,570,745,caviar,scania_r_4x2_norm_360,trailer.scs_ref,trailer_def.scs.box.single_3.reefer,33,1,0
69786,_nameless.1de.1e13.a620,fle,sofia,brawen,skopje,0,263,0,0,med_vaccine,volvo_fh2021_6x2_540,trailer.scs_ins,trailer_def.scs.box.single_3.insulated,33,1,0
69786,_nameless.1de.1e13.96b0,fle,sofia,renar,calvi,2,1231,1620,1979,med_equip,renault_premium_6x4_a,trailer.kasbhr_shg45,trailer_def.kassbohrer.scs.single_3_13.curtain,34,1,0
69786,_nameless.1de.1e13.a6f0,fle,sofia,balkan_loco,veli_tarnovo,2,256,0,0,live_cattle,mercedes_actros_2014_4x2_a,trailer.scs_livestk,trailer_def.scs.livestock.single_3s.str_stl,42,1,0
69786,_nameless.1de.1e13.b9a0,ika_bohag,kiel,transinet,kassel,0,381,0,0,pot_flowers,daf_6x2_a,trailer.scs_ins_a,trailer_def.scs.box.single_3.insulated,33,1,0
69786,_nameless.1de.1e13.b180,ika_bohag,kiel,drekkar,vaxjo,0,722,0,0,empty_palet,scania_streamline_4x2_top_560,trailer.scs_dry_a,trailer_def.scs.box.single_3.dryvan,33,1,0
69786,_nameless.1de.1e13.b250,ika_bohag,kiel,dfh,berlin,1,400,0,0,used_packag,man_6x4_b,trailer.kasbhr_sbt,trailer_def.kassbohrer.sbt.single_3_13.dryvan,34,1,0
69786,_nameless.1de.1e13.99f0,huilant,ajaccio,piac,napoli,1,261,1050,1234,fueltanker,mercedes_4x2_b,trailer.krone.boxliner20,trailer_def.krone.boxliner.single_3.container,40,1,0
69786,_nameless.1de.1e13.c360,huilant,ajaccio,ini,catania,0,447,930,1133,propane,volvo_fh2024_4x2_780,trailer.scs_gastank,trailer_def.scs.gastank.single_3.gastank,40,1,0
69786,_nameless.1de.1e13.9780,fjoste,skelleftea,stokes,warszawa,2,1367,510,1110,mobile_crane,"""heavy/scania_s2016_6x4_high_730""",trailer.scs_lowbed_4,trailer_def.scs.lowbed.single_4_sh.short,1,1,0
69786,_nameless.1de.1e13.a7c0,fjoste,skelleftea,rosmark,riga,1,877,450,1110,concr_beams,"""heavy/iveco_6x4""",trailer.scs_lowbed41,trailer_def.scs.lowbed.single_41_ln.long,1,1,0
69786,_nameless.1de.1e13.9ac0,fjoste,skelleftea,tradeaux,olsztyn,0,1222,510,1110,mtl_coil,scania_r_6x2_high_500,trailer.profilinehd,trailer_def.krone.profilinerhd.single_3.flatbed,1,1,0
69786,_nameless.1de.1e13.9850,fjoste,skelleftea,renar,narva,2,769,450,1110,iron_pipes,daf_xgp25_4x2_530,trailer.scs_log,trailer_def.scs.log.single_3.steel,28,1,0
69786,_nameless.1de.1e13.c6a0,lintukainen,ivalo,renor,ornskoldsvik,0,704,0,0,empty_spool,scania_r2016_4x2_norm_370,trailer.profilinehd,trailer_def.krone.profilinerhd.single_3.flatbed,4,1,0
69786,_nameless.1de.1e13.bb40,lintukainen,ivalo,norse_rail,ostersund,2,945,0,0,jcb_ft4220,man_6x4_b,trailer.scs_lowbed_3,trailer_def.scs.lowbed.single_3.short,1,1,0
69786,_nameless.1de.1e13.a070,lintukainen,ivalo,skog_paper,borlange,0,1037,0,0,wshavings,volvo_fh2024_6x2_500,trailer.ffb_kip60,trailer_def.feldbinder.kip.single_3_60.silo_60_3p,60,1,0
69786,_nameless.1de.1e13.a890,lintukainen,ivalo,baltomors_ru,petersburg,0,1357,0,0,tractors,scania_r2016_4x2_high_500,trailer.scs_lowlowd4,trailer_def.scs.lowloader.single_4_sh.short,1,1,0
69786,_nameless.1de.1e13.aa30,lintukainen,ivalo,baltomorsk,ventspils,0,1572,150,430,mat_handler,"""heavy/iveco_6x4""",trailer.kasbhr_slle,trailer_def.kassbohrer.sll.single_3_ln.low,1,1,0
69786,_nameless.1de.1e13.95e0,freyr,aalborg,stokes,dijon,1,1338,0,0,kr_bigm450,volvo_fh2021_6x2_540,trailer.scs_lowlow2e,trailer_def.scs.lowloader.single_2_ln.long,1,1,0
69786,_nameless.1de.1e13.9b90,freyr,aalborg,renar,vaxjo,1,659,0,0,square_baler,daf_xf_euro6_4x2_b,trailer.scs_lowbed_3,trailer_def.scs.lowbed.single_3.short,1,1,0
69786,_nameless.1de.1e13.b660,freyr,aalborg,euroacres,bremen,1,496,0,0,live_pigs,volvo_fh2012_4x2_420,trailer.scs_livestk,trailer_def.scs.livestock.single_3s.str_stl,50,1,0
69786,_nameless.1de.1e13.bc10,freyr,aalborg,lkwlog,dover,2,1133,91,384,tractor_au,renault_premium_6x4_a,trailer.scs_lowbed_4,trailer_def.scs.lowbed.single_4_sh.short,1,1,0
69786,_nameless.1de.1e13.9920,cemelt_bas,kaunas,tradeaux,klagenfurt,0,1335,0,0,jcb_dmp6t2,"""heavy/man_6x4""",trailer.kasbhr_slle,trailer_def.kassbohrer.sll.single_3_ln.low,1,1,0
69786,_nameless.1de.1e13.a2e0,cemelt_bas,kaunas,dfh,duisburg,0,1437,0,0,crawler,"""heavy/daf_xgp_4x2_530""",trailer.kasbhr_sll,trailer_def.kassbohrer.sll.single_3_sh.low,1,1,0
69786,_nameless.1de.1e13.a960,eurogoodies,wroclaw,kaarfor,strasbourg,1,792,0,0,sausages,man_tgx_euro6_4x2_xxl,trailer.scs_ins_s,trailer_def.scs.box.single_3.insulated,33,1,0
69786,_nameless.1de.1e13.c1c0,lkwlog,gdansk,lkwlog,luxembourg,1,1278,0,0,lamb_stom,mercedes_6x4_a,trailer.scs_ref_s,trailer_def.scs.box.single_3.reefer,33,1,0
69786,_nameless.1de.1e13.b320,lkwlog,gdansk,gnt,vilnius,0,512,0,0,silica,daf_xf_euro6_4x2_a,trailer.kasbhr_sbt,trailer_def.kassbohrer.sbt.single_3_13.dryvan,34,1,0
69786,_nameless.1de.1e13.bce0,lkwlog,gdansk,gnt,jonkoping,2,260,630,790,comp_process,mercedes_4x2,trailer.profiliner17,trailer_def.krone.profiliner.single_3.curtain,33,1,0
69786,_nameless.1de.1e13.9c60,lkwlog,gdansk,stokes,poznan,0,276,0,0,brake_pads,mercedes_actros_2014_4x2_b,trailer.scs_curt,trailer_def.scs.box.single_3.curtain,33,1,0
69786,_nameless.1de.1e13.9510,lkwlog,gdansk,renar,vasteraas,1,631,630,790,metal_pipes,volvo_fh2012_4x2_750,trailer.profilinehd,trailer_def.krone.profilinerhd.single_3.flatbed,1,1,0
69786,_nameless.1de.1e13.bdb0,cantera,guarda,trans_cab,murcia,2,888,0,0,jcb_th540180,iveco_4x2_b,trailer.scs_lowbed_3,trailer_def.scs.lowbed.single_3.short,1,1,0
69786,_nameless.1de.1e13.afe0,cantera,guarda,rt_log,a_coruna,0,480,0,0,granite_cube,renault_premium_6x2_a,trailer.scs_dumper,trailer_def.scs.dumper.single_3.steel,12,1,0
69786,_nameless.1de.1e13.c500,cantera,guarda,fui,catania,1,1072,1557,1788,volvo_bucket,scania_streamline_6x2_norm_440,trailer.scs_lowbed_3,trailer_def.scs.lowbed.single_3.short,1,1,0
69786,_nameless.1de.1e13.b0b0,cantera,guarda,batisse_hs,lyon,0,1448,0,0,stones,mercedes_actros_2014_4x2_b,trailer.scs_dumper,trailer_def.scs.dumper.single_3.steel,13,1,0
69786,_nameless.1de.1e13.a140,fallow,zenica,cargotras,pescara,1,1387,0,0,packag_food,volvo_fh2024_6x2_500,trailer.scs_dry_s,trailer_def.scs.box.single_3.dryvan,33,1,0
69786,_nameless.1de.1e13.9d30,fallow,zenica,subse,galati,0,928,0,0,nuts,daf_4x2_b,trailer.scs_curt_s,trailer_def.scs.box.single_3.curtain,33,1,0
69786,_nameless.1de.1e13.a3b0,fallow,zenica,te_logistica,parma,0,1124,0,0,glass,daf_xf_euro6_6x4_c,trailer.panel_trans.glass,trailer_def.glass.panel_trans.glass,90,1,0
69786,_nameless.1de.1e13.b730,huilant,bordeaux,tradeaux,prague,2,1574,0,0,diesel,scania_s2016_4x2_norm_370,trailer.willig.fuel_cistern,trailer_def.scs.fueltank.single_3.fueltank,30,1,0
69786,_nameless.1de.1e13.abd0,huilant,bordeaux,stokes,calais,0,888,0,0,fueltanker,iveco_sway_4x2_460,trailer.kasbhr_shg40,trailer_def.kassbohrer.shg.singl_3e_40.container,80,1,0
69786,_nameless.1de.1e13.c430,gnt,valmiera,sal_fi,joensuu,2,902,150,430,forwarder,"""heavy/daf_xd""",trailer.scs_lowlow4e,trailer_def.scs.lowloader.single_4_ln.long,1,1,0
69786,_nameless.1de.1e13.c5d0,gnt,valmiera,nch,kouvola,0,634,150,430,digger500,iveco_h_4x2_a,trailer.scs_lowbed_4,trailer_def.scs.lowbed.single_4_sh.short,1,1,0
69786,_nameless.1de.1e13.ad70,gnt,valmiera,ateria,vaasa,0,816,150,430,tomatoes,iveco_sway_4x2_460,trailer.scs_ins_s,trailer_def.scs.box.single_3.insulated,33,1,0
69786,_nameless.1de.1e13.b4c0,bhv,kristiansand,polarislines,oslo,0,380,0,0,motorcycles,scania_s2016_6x2_high_460,trailer.scs_curt_s,trailer_def.scs.box.single_3.curtain,33,1,0
69786,_nameless.1de.1e13.aca0,engeron,sevilla,wilnet_trans,toulouse,0,1243,0,0,used_packag,renault_magnum_4x2_a,trailer.kasbhr_scs,trailer_def.kassbohrer.scs.single_3_13.curtain,34,1,0
69786,_nameless.1de.1e13.a550,engeron,sevilla,trans_cab,valladolid,1,705,0,0,forklifts,scania_r2016_6x4_high_660,trailer.scs_lowbed_3,trailer_def.scs.lowbed.single_3.short,4,1,0
69786,_nameless.1de.1e13.c770,vitas_pwr,leon,rt_log,madrid,0,390,0,0,empty_spool,mercedes_4x2,trailer.scs_lowbed_3,trailer_def.scs.lowbed.single_3.short,3,1,0
69786,_nameless.1de.1e13.be80,vitas_pwr,leon,lisette_log,nice,0,1313,0,0,empty_palet,renault_premium_4x2_c,trailer.scs_dry_ms,trailer_def.scs.box.single_3.dryvan_m,33,1,0
69786,_nameless.1de.1e13.9fa0,huilant,lacq,euroacres,verona,2,1305,0,0,oil,renault_magnum_6x4_a,trailer.scs_fueltank,trailer_def.scs.fueltank.single_3.fueltank,30,1,0
69786,_nameless.1de.1e13.b800,villco_mkt,larissa,eolo_lines,napoli,0,553,570,745,used_plast,volvo_fh2021_4x2_750,trailer.scs_dry_m,trailer_def.scs.box.single_3.dryvan_m,33,1,0
69786,_nameless.1de.1e13.af10,villco_mkt,larissa,tras_med,bari,2,342,570,745,used_plast_c,mercedes_actros_2014_6x2_a,trailer.krone.boxliner40,trailer_def.krone.boxliner.single_3_40.container,30,1,0
69786,_nameless.1de.1e13.b8d0,log_atlan,salamanca,trans_cab,madrid,0,374,0,0,vinegar,volvo_fh16_4x2_420,trailer.scs_curt,trailer_def.scs.box.single_3.curtain,33,1,0
69786,_nameless.1de.1e14.4510,log_atlan,salamanca,exomar,olbia,2,1023,720,827,smokd_sprats,volvo_fh2024_6x2_500,trailer.dryliner17,trailer_def.krone.dryliner.single_3.dryvan,33,1,0
69786,_nameless.1de.1e14.3c20,lisette_log,bordeaux,transinet,munchen,1,1400,0,0,frozen_hake,mercedes_actros_2014_4x2_a,trailer.scs_ref,trailer_def.scs.box.single_3.reefer,33,1,0
69786,_nameless.1de.1e14.3e90,lisette_log,bordeaux,stokes,plymouth,0,710,420,1000,pears,volvo_fh16_4x2_540,trailer.scs_dry_m,trailer_def.scs.box.single_3.dryvan_m,33,1,0
69786,_nameless.1de.1e14.1ad0,euroacres,wroclaw,euroacres,wien,0,388,0,0,ter_forklift,scania_s2016_6x2_high_460,trailer.scs_flat_b,trailer_def.scs.flatbed.single_3.flatbed_w,2,1,0
69786,_nameless.1de.1e14.42a0,nofeba,kuopio,ateria,helsinki,0,372,0,0,large_cont,volvo_fh2024_4x2_420,trailer.scs_lowbed41,trailer_def.scs.lowbed.single_41_ln.long,36,1,0
69786,_nameless.1de.1e14.34d0,nofeba,kuopio,nordic_ports,mo_i_rana,0,985,0,0,volvo_bucket,volvo_fh16_6x4_700,trailer.scs_lowlow4e,trailer_def.scs.lowloader.single_4_ln.long,1,1,0
69786,_nameless.1de.1e14.4030,nofeba,kuopio,byggpro,ivalo,2,826,0,0,concr_cent,iveco_6x2_a,trailer.profilinehd,trailer_def.krone.profilinerhd.single_3.flatbed,7,1,0
69786,_nameless.1de.1e14.4440,euroacres,cambridge,euroacres,liverpool,0,333,0,0,ffb_tsalm32,daf_xd,trailer.ffb_tsalm32,trailer_def.ffb_tsalm32.ffb_tsalm32,100,1,0
69786,_nameless.1de.1e14.3f60,betunia,tirana,cargotras,catanzaro,2,390,540,420,guard_rails,mercedes_4x2_a,trailer.scs_curt_s,trailer_def.scs.box.single_3.curtain,33,1,0
69786,_nameless.1de.1e14.4370,betunia,tirana,balkan_loco,craiova,0,695,0,0,granite_cube,daf_xgp_4x2_530,trailer.scs_dumper,trailer_def.scs.dumper.single_3.steel,10,1,0
69786,_nameless.1de.1e14.2a40,betunia,tirana,tras_med,cagliari,0,334,1380,1299,iron_pipes,man_6x4_b,trailer.scs_log,trailer_def.scs.log.single_3.steel,28,1,0
69786,_nameless.1de.1e14.45e0,norr_food,kalmar,gnt,helsingborg,0,276,0,0,used_plast_c,daf_4x2_b,trailer.scs_gosck20,trailer_def.scs.gooseneck.singl_3e_20.container,15,1,0
69786,_nameless.1de.1e14.16c0,subse,galati,subse,bitola,2,886,0,0,pasta,man_6x4_b,trailer.dryliner17,trailer_def.krone.dryliner.single_3.dryvan,33,1,0
69786,_nameless.1de.1e14.2b10,subse,galati,balkan_loco,veli_tarnovo,0,311,0,0,concen_juice,daf_xf_euro6_4x2_b,trailer.scs_dry_s,trailer_def.scs.box.single_3.dryvan,30,1,0
69786,_nameless.1de.1e14.2970,costruzi_fla,catanzaro,rock_eater,argostoli,0,343,1030,1465,ter_forklift,mercedes_4x2_b,trailer.profilinehd,trailer_def.krone.profilinerhd.single_3.flatbed,2,1,0
69786,_nameless.1de.1e14.3190,balkan_loco,veli_tarnovo,rt_log,salzburg,0,1401,0,0,limonades,mercedes_6x4_a,trailer.scs_dry_m,trailer_def.scs.box.single_3.dryvan_m,30,1,0
69786,_nameless.1de.1e14.3260,balkan_loco,veli_tarnovo,balkan_loco,craiova,0,344,0,0,graph_grease,scania_s2016_4x2_norm_370,trailer.profiliner17,trailer_def.krone.profiliner.single_3.curtain,33,1,0
69786,_nameless.1de.1e14.3dc0,balkan_loco,veli_tarnovo,ttk_bg,varna,2,196,0,0,clothes,mercedes_6x4_a,trailer.scs_dry_a,trailer_def.scs.box.single_3.dryvan,33,1,0
69786,_nameless.1de.1e14.46b0,posped,warszawa,tradeaux,krakow,0,257,0,0,boric_acid,renault_premium_4x2_c,trailer.scs_curt_s,trailer_def.scs.box.single_3.curtain,33,1,0
69786,_nameless.1de.1e14.2630,posped,warszawa,dfh,nurnberg,1,834,0,0,grapes,volvo_fh16_4x2_540,trailer.scs_ref_s,trailer_def.scs.box.single_3.reefer,33,1,0
69786,_nameless.1de.1e14.1fb0,posped,warszawa,polarislines,karlskrona,0,332,630,790,maple_syrup,iveco_4x2_b,trailer.scs_curt,trailer_def.scs.box.single_3.curtain,33,1,0
69786,_nameless.1de.1e14.15f0,norr_food,oslo,nch,tallinn,1,788,570,1270,empty_palet,iveco_sway_4x2_580,trailer.kasbhr_sbt,trailer_def.kassbohrer.sbt.single_3_13.dryvan,33,1,0
69786,_nameless.1de.1e14.3330,cont_port_it,ancona,itcc,dusseldorf,0,1395,0,0,carbn_pwdr_c,renault_magnum_4x2_a,trailer.scs_gosck40,trailer_def.scs.gooseneck.singl_3e_40.container,30,1,0
69786,_nameless.1de.1e14.3b50,cont_port_it,ancona,balkan_loco,sarajevo,2,359,600,315,sodhydro,iveco_sway_4x2_580,trailer.scs_gosck20,trailer_def.scs.gooseneck.singl_3e_20.container,40,1,0
69786,_nameless.1de.1e14.2ff0,cont_port_it,ancona,cont_port_it,livorno,0,339,0,0,vinegar_c,mercedes_actros_2014_4x2_b,trailer.krone.boxliner20,trailer_def.krone.boxliner.single_3.container,15,1,0
69786,_nameless.1de.1e14.1d40,zelenye_a,kaliningrad,villco,novi_sad,0,1245,0,0,chicken_meat,scania_streamline_4x2_top_560,trailer.coolliner17,trailer_def.krone.coolliner.single_3.reefer,33,1,0
69786,_nameless.1de.1e14.2560,zelenye_a,kaliningrad,norr_food,karlskrona,0,409,630,790,beef_meat,scania_r2016_4x2_high_500,trailer.scs_ref_s,trailer_def.scs.box.single_3.reefer,33,1,0
69786,_nameless.1de.1e14.35a0,zelenye_a,kaliningrad,agrominta_a,utena,0,359,0,0,live_pigs,man_tgx_2020_6x2,trailer.scs_livestk,trailer_def.scs.livestock.single_3s.str_stl,50,1,0
69786,_nameless.1de.1e14.2490,renar,kuusamo,polarislines,tallinn,1,763,150,430,onion,renault_premium_4x2_c,trailer.kasbhr_shg45,trailer_def.kassbohrer.scs.single_3_13.curtain,34,1,0
69786,_nameless.1de.1e14.1ee0,renar,kuusamo,sal_fi,kuopio,0,370,0,0,cut_flowers,daf_xf_euro6_6x4_c,trailer.scs_ref,trailer_def.scs.box.single_3.reefer,33,1,0
69786,_nameless.1de.1e14.1a00,posped,strasbourg,artemia,argostoli,1,1495,1030,1465,garlic,iveco_4x2_b,trailer.profiliner17,trailer_def.krone.profiliner.single_3.curtain,33,1,0
69786,_nameless.1de.1e14.3670,sanbuilders,luxembourg,sanbuild_cem,frankfurt,2,382,0,0,mob_stacker,"""heavy/man_tgx_euro6_8x4_xlx""",trailer.scs_lowlow2e,trailer_def.scs.lowloader.single_2_ln.long,1,1,0
69786,_nameless.1de.1e14.2d80,viljo_paper,kuopio,fjoste,borlange,1,770,300,680,empty_spool,scania_r_4x2_norm_360,trailer.profilinehd,trailer_def.krone.profilinerhd.single_3.flatbed,4,1,0
69786,_nameless.1de.1e14.3740,viljo_paper,kuopio,blt_ru,pskov,0,720,150,430,empty_barr,daf_xf_euro6_6x4_c,trailer.scs_dry,trailer_def.scs.box.single_3.dryvan,33,1,0
69786,_nameless.1de.1e14.3810,viljo_paper,kuopio,polar_fish,alta,0,1088,0,0,large_cont,volvo_fh2012_4x2_420,trailer.scs_lowbed41,trailer_def.scs.lowbed.single_41_ln.long,36,1,0
69786,_nameless.1de.1e14.2e50,viljo_paper,kuopio,renar,narva,0,604,150,430,emptytank,man_tgx_euro6_6x4_xlx,trailer.profilinehd,trailer_def.krone.profilinerhd.single_3.flatbed,1,1,0
69786,_nameless.1de.1e14.3400,viljo_paper,kuopio,drekkar,umea,0,393,300,680,empty_palet,renault_magnum_4x2_a,trailer.scs_dry_ms,trailer_def.scs.box.single_3.dryvan_m,33,1,0
69786,_nameless.1de.1e14.1520,marina,catania,brawen,ioannina,0,605,590,1092,yacht,renault_premium_6x4_a,trailer.scs_lowbed_3,trailer_def.scs.lowbed.single_3.short,1,1,0
69786,_nameless.1de.1e14.1c70,sanbuild_cem,aarhus,dfh,berlin,0,669,0,0,ore,renault_premium_6x2_a,trailer.scs_dumper,trailer_def.scs.dumper.single_3.steel,12,1,0
69786,_nameless.1de.1e14.27d0,sanbuild_cem,aarhus,itcc,szczecin,0,755,0,0,cement,iveco_h_4x2_a,trailer.ffb_kip60,trailer_def.feldbinder.kip.single_3_60.silo_60_3p,16,1,0
69786,_nameless.1de.1e14.39b0,fle,istanbul,balkan_loco,edirne,0,200,0,0,air_mails,scania_r_4x2_top_480,trailer.kasbhr_sbt,trailer_def.kassbohrer.sbt.single_3_13.dryvan,34,1,0
69786,_nameless.1de.1e14.2f20,fle,istanbul,villco_mkt,kavala,0,366,0,0,apples,scania_s2016_6x4_high_730,trailer.scs_dry_s,trailer_def.scs.box.single_3.dryvan,33,1,0
69786,_nameless.1de.1e14.30c0,fle,istanbul,baltrak,edirne,1,201,0,0,watermelons,daf_4x2_a,trailer.scs_ref_a,trailer_def.scs.box.single_3.reefer,33,1,0
69786,_nameless.1de.1e14.3a80,fle,istanbul,artemia,argostoli,1,1025,460,720,electronics,scania_s2016_6x4_high_730,trailer.kasbhr_scs,trailer_def.kassbohrer.scs.single_3_13.curtain,34,1,0
69786,_nameless.1de.1e14.2150,casa_olivera,cordoba,kaarfor,larochelle,2,1266,0,0,tomatoes,daf_6x2_a,trailer.scs_ins_a,trailer_def.scs.box.single_3.insulated,33,1,0
69786,_nameless.1de.1e14.2220,casa_olivera,cordoba,cargotras,sassari,0,957,720,827,carrots,volvo_fh2024_6x2_500,trailer.scs_curt,trailer_def.scs.box.single_3.curtain,33,1,0
69786,_nameless.1de.1e14.22f0,casa_olivera,cordoba,cesare_smar,palermo,0,616,1557,1788,carrots_c,daf_xf_euro6_6x2_a,trailer.krone.boxliner20,trailer_def.krone.boxliner.single_3.container,15,1,0
69786,_nameless.1de.1e14.7b80,ccg_bas,pristina,cnp,ancona,2,770,540,420,hipresstank,volvo_fh2012_4x2_750,trailer.profilinehd,trailer_def.krone.profilinerhd.single_3.flatbed,8,1,0
69786,_nameless.1de.1e14.7770,gnt,helsingborg,nch_ru,petersburg,2,1022,570,1270,stone_wool,volvo_fh2021_6x2_540,trailer.scs_curt_s,trailer_def.scs.box.single_3.curtain,33,1,0
69786,_nameless.1de.1e14.6a70,gnt,helsingborg,drekkar,odense,0,285,0,0,used_battery,mercedes_4x2,trailer.dryliner17,trailer_def.krone.dryliner.single_3.dryvan,33,1,0
69786,_nameless.1de.1e14.5fe0,gnt,helsingborg,bhv,kristiansand,0,789,0,0,brake_pads,volvo_fh2021_4x2_420,trailer.scs_curt,trailer_def.scs.box.single_3.curtain,33,1,0
69786,_nameless.1de.1e14.5e40,cemelt_hal,panevezys,lkwlog,gdansk,0,485,0,0,volvo_a25g,"""heavy/renault_t_6x4""",trailer.scs_lowbed_3,trailer_def.scs.lowbed.single_3.short,1,1,0
69786,_nameless.1de.1e14.6730,cemelt_hal,panevezys,dunavia,beograd,2,1478,0,0,digger500,daf_4x2_b,trailer.scs_lowbed_3,trailer_def.scs.lowbed.single_3.short,1,1,0
69786,_nameless.1de.1e14.6320,bhv,kaunas,renar,vasteraas,1,515,510,1110,mondeos,volvo_fh2024_4x2_420,trailer.car_trans,trailer_def.mondeos.car_trans,100,1,0
69786,_nameless.1de.1e14.7290,bhv,kaunas,nch,riga,0,303,0,0,car_balt2,daf_xf_euro6_4x2_c,trailer.van_trans,trailer_def.car_balt2.van_trans,100,1,0
69786,_nameless.1de.1e14.68d0,aerobalt,helsinki,fle,leipzig,1,1588,150,430,post_packag,renault_premium_4x2_a,trailer.scs_curt_s,trailer_def.scs.box.single_3.curtain,33,1,0
69786,_nameless.1de.1e14.4c60,aerobalt,helsinki,freyr,mikkeli,0,258,0,0,live_cattle,volvo_fh16_4x2_420,trailer.scs_livestk,trailer_def.scs.livestock.single_3s.str_stl,42,1,0
69786,_nameless.1de.1e14.63f0,aerobalt,helsinki,renar,parnu,1,251,150,430,comp_process,scania_r2016_4x2_norm_370,trailer.dryliner17,trailer_def.krone.dryliner.single_3.dryvan,33,1,0
69786,_nameless.1de.1e14.64c0,aerobalt,helsinki,fle,kobenhavn,2,996,540,1170,air_mails,"""double/scania_s2016_6x4_high_660""",trailer.scs_curt_b2,trailer_def.scs.box.bdouble_3_3.curtain,52,1,0
69786,_nameless.1de.1e14.6f50,cemelt_fla,bucuresti,ttk_bg,plovdiv,0,363,0,0,jcb_th540180,iveco_sway_4x2_500,trailer.scs_lowlow2e,trailer_def.scs.lowloader.single_2_ln.long,1,1,0
69786,_nameless.1de.1e14.7840,cnp,catania,syllurgy,nis,2,1012,560,767,empty_spool,daf_xg_4x2_450,trailer.kasbhr_sla,trailer_def.kassbohrer.sla.single_3_sh.lowbed,3,1,0
69786,_nameless.1de.1e14.6c10,cnp,catania,costruzi_win,palermo,2,315,0,0,volvo_a25g,"""heavy/renault_t_6x4""",trailer.scs_lowbed_3,trailer_def.scs.lowbed.single_3.short,1,1,0
69786,_nameless.1de.1e14.5620,cnp,catania,comoto,madrid,2,603,1557,1788,diesel,mercedes_actros_2014_6x2_a,trailer.scs_fueltank,trailer_def.scs.fueltank.single_3.fueltank,30,1,0
69786,_nameless.1de.1e14.6ce0,cnp,catania,tras_med,cagliari,0,285,720,778,boric_acid,mercedes_4x2_c,trailer.kasbhr_shg45,trailer_def.kassbohrer.scs.single_3_13.curtain,34,1,0
69786,_nameless.1de.1e14.6db0,ns_oil,tromso,primel,honningsvag,2,653,0,0,lpg,daf_xgp25_4x2_530,trailer.kasbhr_shg40,trailer_def.kassbohrer.shg.singl_3e_40.container,80,1,0
69786,_nameless.1de.1e14.5d70,ns_oil,tromso,nch,tallinn,0,1441,150,430,kerosene,scania_r_4x2_norm_360,trailer.scs_fueltank,trailer_def.scs.fueltank.single_3.fueltank,30,1,0
69786,_nameless.1de.1e14.6800,ns_oil,tromso,fjoste,mo_i_rana,0,721,30,45,ethane,scania_streamline_6x4_top_480,trailer.scs_gastank,trailer_def.scs.gastank.single_3.gastank,40,1,0
69786,_nameless.1de.1e14.6e80,ns_oil,tromso,renar,andenes,0,627,0,0,fueltanker,daf_4x2_a,trailer.krone.boxliner220,trailer_def.krone.boxliner.single_3_220.container,80,1,0
69786,_nameless.1de.1e14.4850,villco,beograd,lkwlog,kiel,0,1496,0,0,frozen_hake,renault_t_4x2h,trailer.scs_ref_s,trailer_def.scs.box.single_3.reefer,33,1,0
69786,_nameless.1de.1e14.71c0,villco,beograd,shuttle,bremen,0,1504,0,0,basil,daf_xg_4x2_450,trailer.scs_dry_m,trailer_def.scs.box.single_3.dryvan_m,33,1,0
69786,_nameless.1de.1e14.4e00,jastuk,tirana,tras_med,roma,1,453,540,420,empty_spool,scania_s2016_6x4_high_730,trailer.scs_lowbed_3,trailer_def.scs.lowbed.single_3.short,3,1,0
69786,_nameless.1de.1e14.79e0,jastuk,tirana,ai,banja_luka,1,786,0,0,forklifts,scania_r2016_6x2_high_460,trailer.scs_lowbed_3,trailer_def.scs.lowbed.single_3.short,4,1,0
69786,_nameless.1de.1e14.5a30,jastuk,tirana,posped,lublin,0,1518,0,0,ter_forklift,scania_r2016_4x2_high_500,trailer.scs_flat_b,trailer_def.scs.flatbed.single_3.flatbed_w,2,1,0
69786,_nameless.1de.1e14.53b0,jastuk,tirana,te_logistica,cagliari,0,257,1380,1299,furniture,man_6x4_b,trailer.scs_dry_m,trailer_def.scs.box.single_3.dryvan_m,33,1,0
69786,_nameless.1de.1e14.4ac0,sellplan,erfurt,polarislines,tallinn,0,1589,0,0,empty_palet,renault_premium_6x2_a,trailer.kasbhr_sbt,trailer_def.kassbohrer.sbt.single_3_13.dryvan,33,1,0
69786,_nameless.1de.1e14.5960,sellplan,erfurt,lkwlog,dortmund,2,392,0,0,used_plast_c,scania_r_6x4_top_620,trailer.scs_gosck20,trailer_def.scs.gooseneck.singl_3e_20.container,15,1,0
69786,_nameless.1de.1e14.6590,sellplan,erfurt,lkwlog,lublin,0,855,0,0,used_packag,scania_s2016_6x2_high_460,trailer.profiliner17,trailer_def.krone.profiliner.single_3.curtain,33,1,0
69786,_nameless.1de.1e14.70f0,subse,bitola,icaria,argostoli,0,317,460,720,sausages,renault_magnum_6x2_a,trailer.scs_ref,trailer_def.scs.box.single_3.reefer,33,1,0
69786,_nameless.1de.1e14.7360,lavish_food,madrid,iberatomica,almaraz,0,225,0,0,packag_food,volvo_fh2021_6x2_540,trailer.scs_dry_a,trailer_def.scs.box.single_3.dryvan,33,1,0
69786,_nameless.1de.1e14.56f0,lavish_food,madrid,exomar,burgos,1,301,0,0,pet_food,"""double/daf_4x2_a""",trailer.scs_dry_2,trailer_def.scs.box.double_3_2.dryvan,52,1,0
69786,_nameless.1de.1e14.6250,aci,bari,subse,skopje,1,373,540,420,fresh_fish,volvo_fh2024_4x2_780,trailer.scs_ref,trailer_def.scs.box.single_3.reefer,33,1,0
69786,_nameless.1de.1e14.7430,aci,bari,fle,podgorica,2,222,540,420,air_mails,renault_etech_t,trailer.scs_dry_a,trailer_def.scs.box.single_3.dryvan,33,1,0
69786,_nameless.1de.1e14.60b0,aci,bari,villco_mkt,larissa,2,316,570,745,apples_c,man_6x4_b,trailer.scs_gosck20,trailer_def.scs.gooseneck.singl_3e_20.container,15,1,0
69786,_nameless.1de.1e14.7ab0,aci,bari,tras_med,cagliari,0,273,840,879,med_equip,renault_t_6x2,trailer.scs_curt_s,trailer_def.scs.box.single_3.curtain,33,1,0
69786,_nameless.1de.1e14.4b90,sellplan,koln,posped,metz,0,295,0,0,empty_palet,renault_premium_6x4_a,trailer.profiliner17,trailer_def.krone.profiliner.single_3.curtain,33,1,0
69786,_nameless.1de.1e14.5f10,sellplan,koln,lkwlog,dortmund,1,154,0,0,used_packag,"""double/man_euro6_4x2_xxl""",trailer.scs_dry_b2,trailer_def.scs.box.bdouble_3_3.dryvan,25,1,0
69786,_nameless.1de.1e14.75d0,drekkar,karlskrona,gnt,jonkoping,0,192,0,0,soy_milk_t,volvo_fh2021_4x2_420,trailer.ffb_tsalm32,trailer_def.feldbinder.tsalm.single_3_32.32_3_2,26,1,0
69786,_nameless.1de.1e14.6180,drekkar,karlskrona,transinet,rotterdam,0,1206,0,0,beverages_c,renault_magnum_4x2_a,trailer.scs_gosck20,trailer_def.scs.gooseneck.singl_3e_20.container,15,1,0
69786,_nameless.1de.1e14.7500,drekkar,karlskrona,tree_et,olsztyn,0,253,630,790,skidder,"""heavy/mercedes_actros_8x4""",trailer.scs_lowlow2e,trailer_def.scs.lowloader.single_2_ln.long,1,1,0
69786,_nameless.1de.1e14.6660,drekkar,karlskrona,norrsken,malmo,1,227,0,0,train_part,iveco_6x2_a,trailer.profilinehd,trailer_def.krone.profilinerhd.single_3.flatbed,6,1,0
69786,_nameless.1de.1e14.49f0,drekkar,karlskrona,lkwlog,lodz,2,370,630,790,forwarder,"""heavy/volvo_fh16_6x4_750""",trailer.kasbhr_slle,trailer_def.kassbohrer.sll.single_3_ln.low,1,1,0
69786,_nameless.1de.1e14.76a0,drekkar,karlskrona,stokes,aberdeen,2,1203,1140,1314,chewing_gums,mercedes_actros_2014_4x2_b,trailer.scs_curt_s,trailer_def.scs.box.single_3.curtain,33,1,0
69786,_nameless.1de.1e14.5210,brawen,lamia,marina,rhodes,1,199,810,1889,yacht,daf_xd_2,trailer.scs_lowbed41,trailer_def.scs.lowbed.single_41_ln.long,1,1,0
69786,_nameless.1de.1e14.4920,brawen,lamia,icaria,heraklion,1,201,540,760,truck_batt_c,man_tgx_2020_4x2,trailer.scs_gosck20,trailer_def.scs.gooseneck.singl_3e_20.container,15,1,0
69786,_nameless.1de.1e14.4fa0,brawen,lamia,domdepo,iasi,1,1384,0,0,metal_pipes,daf_xd_2,trailer.profilinehd,trailer_def.krone.profilinerhd.single_3.flatbed,1,1,0
69786,_nameless.1de.1e14.5140,ika_bohag,linkoping,stokes,poznan,0,1110,105,404,used_packag,renault_premium_4x2_c,trailer.scs_curt_s,trailer_def.scs.box.single_3.curtain,33,1,0
69786,_nameless.1de.1e14.5550,ika_bohag,linkoping,polarislines,paldiski,1,306,570,1270,pot_flowers,iveco_h_4x2_a,trailer.scs_ins_s,trailer_def.scs.box.single_3.insulated,33,1,0
69786,_nameless.1de.1e14.5ca0,ika_bohag,linkoping,posped,warszawa,0,647,630,790,empty_palet,iveco_4x2_b,trailer.kasbhr_sbt,trailer_def.kassbohrer.sbt.single_3_13.dryvan,33,1,0
69786,_nameless.1de.1e14.57c0,rosmark_ru,vyborg,sal_fi,joensuu,1,512,0,0,square_baler,volvo_fh2012_6x2_500,trailer.scs_lowlow2e,trailer_def.scs.lowloader.single_2_ln.long,1,1,0
69786,_nameless.1de.1e14.5bd0,rosmark_ru,vyborg,cont_port,tallinn,0,431,0,0,pet_food_c,daf_xf_euro6_4x2_a,trailer.kasbhr_shg40,trailer_def.kassbohrer.shg.singl_3e_40.container,30,1,0
69786,_nameless.1de.1e14.9240,rosmark_ru,vyborg,renar,narva,0,268,0,0,fuel_oil,scania_r_4x2_top_480,trailer.willig.fuel_cistern,trailer_def.scs.fueltank.single_3.fueltank,27,1,0
69786,_nameless.1de.1e14.8880,rosmark_ru,vyborg,sal_fi,oulu,0,756,0,0,jcb_pw125qe,man_tgx_2020_6x2,trailer.scs_flat_b,trailer_def.scs.flatbed.single_3.flatbed_w,24,1,0
69786,_nameless.1de.1e14.8bc0,cgla,ruse,transinet,ostrava,1,1414,0,0,glass_packed,man_tgx_euro6_6x4_xlx,trailer.gls_trailer,trailer_def.glass_packed.gls_trailer,100,1,0
69786,_nameless.1de.1e14.8200,cgla,ruse,st_roza_bg,burgas,0,272,0,0,large_cont,scania_streamline_6x2_norm_440,trailer.scs_lowbed_4,trailer_def.scs.lowbed.single_4_sh.short,27,1,0
69786,_nameless.1de.1e14.8c90,cgla,ruse,balkan_loco,veli_tarnovo,0,150,0,0,tableware,man_tgx_euro6_4x2_xxl,trailer.kasbhr_sbt,trailer_def.kassbohrer.sbt.single_3_13.dryvan,34,1,0
69786,_nameless.1de.1e14.8610,cgla,ruse,posped,linz,1,1425,0,0,emp_wine_bot,man_6x4_b,trailer.scs_dry,trailer_def.scs.box.single_3.dryvan,33,1,0
69786,_nameless.1de.1e14.86e0,iberatomica,almaraz,rt_log,sevilla,0,397,0,0,jcb_pw125qe,scania_s2016_6x4_high_730,trailer.profilinehd,trailer_def.krone.profilinerhd.single_3.flatbed,24,1,0
69786,_nameless.1de.1e14.8a20,iberatomica,almaraz,tree_et,burgos,0,467,0,0,jcb_th540180,mercedes_6x4_a,trailer.kasbhr_slle,trailer_def.kassbohrer.sll.single_3_ln.low,1,1,0
69786,_nameless.1de.1e14.7df0,iberatomica,almaraz,cesta_sl,sevilla,1,398,0,0,forklifts,mercedes_actros_2014_6x4_b,trailer.scs_lowbed_4,trailer_def.scs.lowbed.single_4_sh.short,4,1,0
69786,_nameless.1de.1e14.8950,iberatomica,almaraz,app,madrid,0,199,0,0,vol_ew240emh,"""heavy/renault_t_6x4""",trailer.scs_lowlow2e,trailer_def.scs.lowloader.single_2_ln.long,1,1,0
69786,_nameless.1de.1e14.8470,tree_et,bern,stokes,dijon,1,393,0,0,ter_forklift,renault_magnum_6x4_a,trailer.profilinehd,trailer_def.krone.profilinerhd.single_3.flatbed,2,1,0
69786,_nameless.1de.1e14.8af0,eviksi,riga,polarislines,esbjerg,1,1547,0,0,young_seed,daf_xd,trailer.kasbhr_sbt,trailer_def.kassbohrer.sbt.single_3_13.dryvan,34,1,0
69786,_nameless.1de.1e14.7c50,stokes,rijeka,posped,lodz,1,979,0,0,fish_chips,scania_r_4x2_norm_360,trailer.scs_ref,trailer_def.scs.box.single_3.reefer,33,1,0
69786,_nameless.1de.1e14.87b0,stokes,rijeka,vesna,banja_luka,0,317,0,0,olives,man_tgx_euro6_6x4_xlx,trailer.profiliner17,trailer_def.krone.profiliner.single_3.curtain,33,1,0
69786,_nameless.1de.1e14.8f00,stokes,rijeka,dunavia,beograd,2,555,0,0,beans,daf_xd_1,trailer.scs_dry_ms,trailer_def.scs.box.single_3.dryvan_m,33,1,0
69786,_nameless.1de.1e14.8fd0,fle,skopje,aci,bari,2,418,540,420,med_equip,renault_magnum_6x4_a,trailer.kasbhr_scs,trailer_def.kassbohrer.scs.single_3_13.curtain,34,1,0
69786,_nameless.1de.1e14.9170,fle,skopje,fle,nis,0,263,0,0,olive_tree,scania_s_2024e,trailer.scs_brick_r,trailer_def.scs.flatbed.single_3.brick,1,1,0
69786,_nameless.1de.1e14.7d20,fle,skopje,kaarfor,ostrava,0,1252,0,0,watermelons,scania_streamline_4x2_norm_380,trailer.scs_ref_a,trailer_def.scs.box.single_3.reefer,33,1,0
69786,_nameless.1de.1e14.7ec0,fle,skopje,kaarfor,iasi,2,951,0,0,frsh_herbs,renault_magnum_6x2_a,trailer.scs_ref_a,trailer_def.scs.box.single_3.reefer,33,1,0
69786,_nameless.1de.1e14.8060,syllurgy,zenica,tradeaux,klagenfurt,0,639,0,0,concr_beams2,man_tgx_2020_4x2,trailer.profilinehd,trailer_def.krone.profilinerhd.single_3.flatbed,2,1,0
69786,_nameless.1de.1e14.7f90,syllurgy,zenica,sanbuilders,bern,2,1374,0,0,jcb_th540180,mercedes_6x4_a,trailer.kasbhr_slle,trailer_def.kassbohrer.sll.single_3_ln.low,1,1,0
69786,_nameless.1de.1e14.8540,syllurgy,zenica,lkwlog,szeged,2,356,0,0,mtl_coil,scania_r2016_4x2_norm_370,trailer.profilinehd,trailer_def.krone.profilinerhd.single_3.flatbed,1,1,0
69786,_nameless.1de.1e14.8130,syllurgy,zenica,brawen,ioannina,1,1104,0,0,iron_pipes,volvo_fh16_4x2_420,trailer.scs_log,trailer_def.scs.log.single_3.steel,28,1,0
69786,_nameless.1de.1e14.82d0,sal_fi,ivalo,sal_fi,kouvola,1,923,0,0,iced_coffee,scania_streamline_6x2_norm_440,trailer.kasbhr_shg45,trailer_def.kassbohrer.scs.single_3_13.curtain,34,1,0
69786,_nameless.1de.1e00.1f70,sal_fi,ivalo,renar,mikkeli,0,821,0,0,stone_wool,renault_premium_6x4_a,trailer.profiliner17,trailer_def.krone.profiliner.single_3.curtain,33,1,0
69786,_nameless.1de.1e00.1750,sal_fi,ivalo,renar,tornio,2,342,0,0,truck_batt,man_6x4_b,trailer.kasbhr_sbt,trailer_def.kassbohrer.sbt.single_3_13.dryvan,34,1,0
69786,_nameless.1de.1e00.15b0,nch,vilnius,norr_food,vasteraas,1,560,510,1110,salt_spices,scania_r2016_6x2_high_460,trailer.scs_dry,trailer_def.scs.box.single_3.dryvan,33,1,0
69786,_nameless.1de.1dff.ffc0,nch,vilnius,brawen,ljubljana,0,1424,0,0,diesel_gen,mercedes_actros_2014_6x2_a,trailer.scs_curt_s,trailer_def.scs.box.single_3.curtain,33,1,0
69786,_nameless.1de.1dff.f940,nch,vilnius,posped,bystrica,0,909,0,0,mondeos,man_tgx_euro6_6x4_xlx,trailer.car_trans,trailer_def.mondeos.car_trans,100,1,0
69786,_nameless.1de.1e00.1b60,rt_log,graz,freyr,esbjerg,0,1311,0,0,tractors,mercedes_4x2_a,trailer.scs_lowlowd2,trailer_def.scs.lowloader.single_2_sh.short,1,1,0
69786,_nameless.1de.1e00.18f0,rt_log,graz,stokes,katowice,0,519,0,0,aircft_tires,renault_t_4x2,trailer.scs_dry,trailer_def.scs.box.single_3.dryvan,33,1,0
69786,_nameless.1de.1e00.0090,suprema_ru,pskov,drekkar,linkoping,0,623,570,1270,used_plast,iveco_sway_4x2_580,trailer.profiliner17,trailer_def.krone.profiliner.single_3.curtain,33,1,0
69786,_nameless.1de.1e00.19c0,suprema_ru,pskov,blt,paldiski,0,337,0,0,used_plast_c,renault_premium_6x2_a,trailer.scs_gosck40,trailer_def.scs.gooseneck.singl_3e_40.container,30,1,0
69786,_nameless.1de.1dff.fef0,kaarfor,ostrava,rt_log,travemunde,0,856,0,0,used_plast_c,daf_xf_euro6_6x2_a,trailer.scs_gosck20,trailer_def.scs.gooseneck.singl_3e_20.container,15,1,0
69786,_nameless.1de.1dff.fc80,kaarfor,ostrava,posped,bystrica,0,279,0,0,used_plast,mercedes_actros_2014_4x2_b,trailer.scs_curt_a,trailer_def.scs.box.single_3.curtain,33,1,0
69786,_nameless.1de.1dff.f7a0,kaarfor,ostrava,polarislines,paldiski,0,1287,0,0,used_packag,daf_xd25,trailer.profiliner17,trailer_def.krone.profiliner.single_3.curtain,33,1,0
69786,_nameless.1de.1e00.1c30,kamen_ru,vyborg,nch,kouvola,2,235,0,0,tracks,man_tgx_2020_6x2,trailer.kasbhr_sla,trailer_def.kassbohrer.sla.single_3_sh.lowbed,1,1,0
69786,_nameless.1de.1dff.fd50,kamen_ru,vyborg,gnt,jonkoping,0,950,540,1170,digger1000,scania_s2016_6x2_high_460,trailer.scs_lowbed_4,trailer_def.scs.lowbed.single_4_sh.short,1,1,0
69786,_nameless.1de.1e00.0f30,stokes,zurich,cargotras,milano,1,394,0,0,vinegar,daf_xd25,trailer.kasbhr_scs,trailer_def.kassbohrer.scs.single_3_13.curtain,34,1,0
69786,_nameless.1de.1e00.1270,stokes,zurich,ai,kassel,0,608,0,0,electronics,man_6x4_b,trailer.scs_dry_a,trailer_def.scs.box.single_3.dryvan,33,1,0
69786,_nameless.1de.1e00.0160,stokes,zurich,transinet,munchen,2,382,0,0,tableware,renault_t_4x2h,trailer.scs_curt_a,trailer_def.scs.box.single_3.curtain,33,1,0
69786,_nameless.1de.1e00.1820,posped,bystrica,tradeaux,olsztyn,1,665,0,0,onion,man_6x4_b,trailer.profiliner17,trailer_def.krone.profiliner.single_3.curtain,33,1,0
69786,_nameless.1de.1e00.1680,acc,coimbra,globeur,bordeaux,0,1191,0,0,train_part,mercedes_actros_2014_4x2_a,trailer.profilinehd,trailer_def.krone.profilinerhd.single_3.flatbed,5,1,0
69786,_nameless.1de.1e00.1a90,acc,coimbra,lavish_food,madrid,0,716,0,0,vent_tube,daf_xgp25_4x2_530,trailer.profilinehd,trailer_def.krone.profilinerhd.single_3.flatbed,2,1,0
69786,_nameless.1de.1e00.0e60,acc,coimbra,ortiz,zaragoza,0,929,0,0,elect_wiring,scania_r_6x2_high_500,trailer.kasbhr_sbt,trailer_def.kassbohrer.sbt.single_3_13.dryvan,34,1,0
69786,_nameless.1de.1e00.14e0,acc,coimbra,exomar,evora,0,293,0,0,iron_pipes,man_tgx_euro6_4x2_xxl,trailer.scs_log,trailer_def.scs.log.single_3.steel,28,1,0
69786,_nameless.1de.1dff.f050,nucleon,golfech,transinet,munchen,1,1395,0,0,volvo_bucket,scania_streamline_4x2_top_560,trailer.scs_lowlowd4,trailer_def.scs.lowloader.single_4_sh.short,1,1,0
69786,_nameless.1de.1e00.1d00,nucleon,golfech,cnp,livorno,1,1092,0,0,empty_palet,daf_xf_euro6_6x2_a,trailer.kasbhr_shg45,trailer_def.kassbohrer.scs.single_3_13.curtain,34,1,0
69786,_nameless.1de.1e00.2040,nucleon,golfech,dans_jardin,montpellier,0,400,0,0,digger1000,daf_4x2_a,trailer.scs_lowbed41,trailer_def.scs.lowbed.single_41_ln.long,1,1,0
69786,_nameless.1de.1e00.0570,rt_log,zaragoza,eolo_lines,napoli,1,268,1300,1500,potatoes,mercedes_actros_2014_4x2_a,trailer.kasbhr_sbt,trailer_def.kassbohrer.sbt.single_3_13.dryvan,34,1,0
69786,_nameless.1de.1e00.0d90,rt_log,zaragoza,exomar,burgos,1,292,0,0,conc_juice_t,daf_6x2_a,trailer.scs_fodt,trailer_def.scs.foodtank.single_3.paint,22,1,0
69786,_nameless.1de.1e00.07e0,rt_log,zaragoza,elcano_fla,santander,0,325,0,0,re_bars,scania_r_4x2_norm_360,trailer.profilinehd,trailer_def.krone.profilinerhd.single_3.flatbed,2,1,0
69786,_nameless.1de.1e00.1000,rt_log,zaragoza,bhb_raffin,lehavre,1,1235,0,0,lpg_t,renault_t_6x2,trailer.scs_gastank,trailer_def.scs.gastank.single_3.gastank,40,1,0
69786,_nameless.1de.1e00.10d0,villco_mkt,ioannina,icaria,argostoli,0,74,460,720,empty_palet,mercedes_actros_2014_4x2_a,trailer.scs_curt_s,trailer_def.scs.box.single_3.curtain,33,1,0
69786,_nameless.1de.1dff.fae0,villco_mkt,ioannina,rt_log,bern,0,1307,570,745,used_plast_c,renault_premium_6x2_a,trailer.krone.boxliner20,trailer_def.krone.boxliner.single_3.container,15,1,0
69786,_nameless.1de.1dff.eeb0,villco_mkt,ioannina,balkan_loco,ljubljana,0,1439,0,0,used_plast,daf_xf_euro6_6x2_a,trailer.kasbhr_scs,trailer_def.kassbohrer.scs.single_3_13.curtain,34,1,0
69786,_nameless.1de.1dff.fbb0,pk_medved_ru,petersburg,blt_ru,pskov,0,256,0,0,fish_chips,volvo_fh2024_6x2_500,trailer.scs_ref_s,trailer_def.scs.box.single_3.reefer,33,1,0
69786,_nameless.1de.1e00.0640,pk_medved_ru,petersburg,polarislines,vaasa,1,850,0,0,pnut_butter,volvo_fh2024_4x2_780,trailer.coolliner17,trailer_def.krone.coolliner.single_3.reefer,33,1,0
69786,_nameless.1de.1e00.2110,lkwlog,amsterdam,eurogoodies,grimsby,2,243,660,995,pet_food,man_tgx_2020_4x2,trailer.scs_dry_ms,trailer_def.scs.box.single_3.dryvan_m,33,1,0
69786,_nameless.1de.1e00.0710,lkwlog,amsterdam,dfh,bremen,0,344,0,0,driller,mercedes_4x2,trailer.scs_lowbed41,trailer_def.scs.lowbed.single_41_ln.long,1,1,0
69786,_nameless.1de.1e00.08b0,lkwlog,amsterdam,dfh,bremen,0,344,0,0,kr_gx520,man_tgx_euro6_6x4_xlx,trailer.kasbhr_slle,trailer_def.kassbohrer.sll.single_3_ln.low,1,1,0
69786,_nameless.1de.1e00.0980,lkwlog,amsterdam,dfh,duisburg,1,154,0,0,carbn_pwdr_c,renault_premium_6x4_a,trailer.krone.boxliner40,trailer_def.krone.boxliner.single_3_40.container,30,1,0
69786,_nameless.1de.1e00.1dd0,lkwlog,amsterdam,stokes,maribor,2,1154,0,0,drymilk,daf_xf_euro6_6x4_c,trailer.dryliner17,trailer_def.krone.dryliner.single_3.dryvan,33,1,0
69786,_nameless.1de.1dff.f530,lkwlog,amsterdam,rt_log,bern,1,878,0,0,ibc_cont,volvo_fh2024_6x2_500,trailer.kasbhr_sbt,trailer_def.kassbohrer.sbt.single_3_13.dryvan,34,1,0
69786,_nameless.1de.1e00.0a50,tree_et,manchester,drekkar,odense,1,362,1140,1314,skidder,"""heavy/volvo_fh2021_6x4_540""",trailer.kasbhr_slle,trailer_def.kassbohrer.sll.single_3_ln.low,1,1,0
69786,_nameless.1de.1e00.0bf0,tree_et,manchester,posped,rotterdam,0,228,660,995,empty_palet,daf_6x2_a,trailer.kasbhr_shg45,trailer_def.kassbohrer.scs.single_3_13.curtain,34,1,0
69786,_nameless.1de.1dff.ede0,tree_et,manchester,euroacres,reims,0,871,35,300,wooden_beams,scania_r2016_6x4_high_660,trailer.scs_dry,trailer_def.scs.box.single_3.dryvan,2,1,0
69786,_nameless.1de.1dff.f390,tree_et,manchester,dfh,dresden,0,1536,35,300,tractors,man_4x2_a,trailer.kasbhr_slle,trailer_def.kassbohrer.sll.single_3_ln.low,1,1,0
69786,_nameless.1de.1e00.11a0,voitureux,rennes,fcp,dusseldorf,0,968,0,0,ibc_cont,mercedes_4x2,trailer.kasbhr_scs,trailer_def.kassbohrer.scs.single_3_13.curtain,34,1,0
69786,_nameless.1de.1e00.0b20,voitureux,rennes,stokes,plymouth,1,257,420,1000,large_cont,scania_r_4x2_norm_360,trailer.kasbhr_sla,trailer_def.kassbohrer.sla.single_3_sh.lowbed,27,1,0
69786,_nameless.1de.1e00.1410,voitureux,rennes,lisette_log,larochelle,0,242,0,0,used_plast_c,daf_xgp_4x2_530,trailer.kasbhr_shg20,trailer_def.kassbohrer.shg.singl_3e_20.container,15,1,0
69786,_nameless.1de.1dff.ef80,voitureux,rennes,nucleon,laurent,2,351,0,0,ter_forklift,renault_t_6x2,trailer.profilinehd,trailer_def.krone.profilinerhd.single_3.flatbed,2,1,0
69786,_nameless.1de.1dff.f2c0,voitureux,rennes,transinet,mannheim,1,906,0,0,car_ibe,scania_r_6x2_high_500,trailer.car_trans,trailer_def.car_ibe.car_trans,100,1,0
69786,_nameless.1de.1dff.f460,voitureux,rennes,tradeaux,brest,1,280,0,0,empty_palet,mercedes_4x2_b,trailer.scs_dry_a,trailer_def.scs.box.single_3.dryvan,33,1,0
69786,_nameless.1de.1e00.4a80,supercesta,sevilla,ns_oil,sines,2,391,0,0,empty_palet,"""double/renault_magnum_4x2_a""",trailer.scs_curt_2,trailer_def.scs.box.double_3_2.curtain,52,1,0
69786,_nameless.1de.1e00.40c0,lefko,trikala,dunavia,osijek,0,1069,0,0,peas,man_tgx_2020_6x2,trailer.kasbhr_sbt,trailer_def.kassbohrer.sbt.single_3_13.dryvan,34,1,0
69786,_nameless.1de.1e00.4400,lefko,trikala,artemia,rhodes,0,352,810,1889,apples,renault_t_4x2h,trailer.profiliner17,trailer_def.krone.profiliner.single_3.curtain,33,1,0
69786,_nameless.1de.1e00.45a0,lefko,trikala,icaria,mitilini,0,335,675,1308,garlic,renault_premium_6x4_a,trailer.scs_dry,trailer_def.scs.box.single_3.dryvan,33,1,0
69786,_nameless.1de.1e00.4260,lefko,trikala,exomar,taranto,0,383,570,745,honey,scania_r_6x2_high_500,trailer.scs_dry_m,trailer_def.scs.box.single_3.dryvan_m,33,1,0
69786,_nameless.1de.1e00.4670,engeron,ciudad_real,eolo_lines,palermo,1,386,1557,1788,empty_palet,daf_6x2_a,trailer.dryliner17,trailer_def.krone.dryliner.single_3.dryvan,33,1,0
69786,_nameless.1de.1e00.3be0,engeron,ciudad_real,rt_log,sevilla,0,370,0,0,transformat,"""heavy/scania_s2016_6x4_high_730""",trailer.scs_lowlowd4,trailer_def.scs.lowloader.single_4_sh.short,1,1,0
69786,_nameless.1de.1e00.3560,nord_crown,aarhus,nord_crown,bergen,2,733,195,1052,olive_oil_t,volvo_fh2024_4x2_780,trailer.scs_fodt,trailer_def.scs.foodtank.single_3.paint,28,1,0
69786,_nameless.1de.1e00.4cf0,nord_crown,aarhus,polarislines,trelleborg,1,372,0,0,prosciutto,man_tgx_euro6_4x2_xl,trailer.coolliner17,trailer_def.krone.coolliner.single_3.reefer,33,1,0
69786,_nameless.1de.1e00.3cb0,nord_crown,aarhus,dfh,dresden,2,822,0,0,soy_milk_t,mercedes_4x2_c,trailer.scs_fodt,trailer_def.scs.foodtank.single_3.paint,23,1,0
69786,_nameless.1de.1e00.2ee0,nord_crown,aarhus,dfh,nurnberg,0,891,0,0,vinegar_c,volvo_fh2012_4x2_420,trailer.krone.boxliner40,trailer_def.krone.boxliner.single_3_40.container,30,1,0
69786,_nameless.1de.1e00.4330,eurogoodies,dijon,norr_food,odense,2,1276,0,0,salm_fillet,volvo_fh2024_4x2_780,trailer.scs_ins,trailer_def.scs.box.single_3.insulated,33,1,0
69786,_nameless.1de.1e00.2380,baltomorsk,rezekne,norse_rail,rovaniemi,1,1250,150,430,volvo_bucket,mercedes_4x2,trailer.scs_lowlowd2,trailer_def.scs.lowloader.single_2_sh.short,1,1,0
69786,_nameless.1de.1e00.4740,renat,leipzig,sellplan,wien,0,519,0,0,furniture,iveco_4x2_b,trailer.scs_dry_a,trailer_def.scs.box.single_3.dryvan,33,1,0
69786,_nameless.1de.1e00.37d0,renat,leipzig,stokes,rijeka,2,967,0,0,empty_spool,mercedes_actros_2014_6x4_b,trailer.scs_lowbed_3,trailer_def.scs.lowbed.single_3.short,3,1,0
69786,_nameless.1de.1e00.3d80,cantera,o_barco,stokes,dijon,0,1581,0,0,tracks,man_tgx_2020_4x2,trailer.kasbhr_sla,trailer_def.kassbohrer.sla.single_3_sh.lowbed,1,1,0
69786,_nameless.1de.1e00.4810,cantera,o_barco,app,coimbra,2,373,0,0,volvo_ec220e,daf_xf_euro6_4x2_b,trailer.kasbhr_sla,trailer_def.kassbohrer.sla.single_3_sh.lowbed,1,1,0
69786,_nameless.1de.1e00.48e0,cantera,o_barco,rt_log,a_coruna,2,264,0,0,granite_cube,man_tgx_2020,trailer.scs_dumper,trailer_def.scs.dumper.single_3.steel,12,1,0
69786,_nameless.1de.1e00.4c20,domdepo,linz,rt_log,innsbruck,0,380,0,0,plumb_suppl,scania_r2016_6x4_high_660,trailer.profiliner17,trailer_def.krone.profiliner.single_3.curtain,33,1,0
69786,_nameless.1de.1e00.3080,domdepo,linz,sanbuilders,brno,2,241,0,0,alu_profile,daf_xd_2,trailer.scs_flat_b,trailer_def.scs.flatbed.single_3.flatbed_w,2,1,0
69786,_nameless.1de.1e00.4dc0,domdepo,linz,tradeaux,klagenfurt,0,343,0,0,floorpanels,volvo_fh2012_4x2_750,trailer.panel_trans.floor,trailer_def.floorpanels.panel_trans.floor,82,1,0
69786,_nameless.1de.1e00.3490,domdepo,linz,posped,szeged,0,560,0,0,concr_beams2,man_tgx_euro6_4x2_xxl,trailer.scs_flat_b,trailer_def.scs.flatbed.single_3.flatbed_w,2,1,0
69786,_nameless.1de.1e00.4e90,norrsken,malmo,rt_log,bern,0,1434,0,0,vans_fd,volvo_fh16_4x2_540,trailer.van_trans,trailer_def.vans_fd.van_trans,100,1,0
69786,_nameless.1de.1e00.3630,norrsken,malmo,tradeaux,olsztyn,0,846,105,404,salt_spices,mercedes_actros_2014_4x2_a,trailer.scs_curt,trailer_def.scs.box.single_3.curtain,33,1,0
69786,_nameless.1de.1e00.3f20,norrsken,malmo,transinet,sheffield,0,519,1140,1314,used_plast,scania_s2016_6x2_high_460,trailer.scs_dry_s,trailer_def.scs.box.single_3.dryvan,33,1,0
69786,_nameless.1de.1e00.38a0,norrsken,malmo,rt_log,linz,0,1084,105,404,toys,daf_xd25,trailer.scs_curt_a,trailer_def.scs.box.single_3.curtain,33,1,0
69786,_nameless.1de.1e00.3ff0,norrsken,malmo,sanbuilders,gdansk,0,296,630,790,jcb_mexc19ce,daf_4x2_a,trailer.scs_flat_b,trailer_def.scs.flatbed.single_3.flatbed_w,3,1,0
69786,_nameless.1de.1e00.3a40,marmo,palermo,eolo_lines,cagliari,0,62,720,778,empty_spool,volvo_fh2024_4x2_780,trailer.scs_flat_b,trailer_def.scs.flatbed.single_3.flatbed_w,4,1,0
69786,_nameless.1de.1e00.4f60,marmo,palermo,rt_log,madrid,1,424,1557,1788,marb_blck2,scania_r_4x2_norm_360,trailer.scs_flat_b,trailer_def.scs.flatbed.single_3.flatbed_w,2,1,0
69786,_nameless.1de.1e00.5030,marina,tekirdag,renat,resita,0,929,0,0,large_cont,iveco_sway_4x2_580,trailer.scs_lowbed_3,trailer_def.scs.lowbed.single_3.short,27,1,0
69786,_nameless.1de.1e00.21e0,eumefa,heraklion,ai,sarajevo,0,1225,540,760,fueltanker,scania_r_6x4_top_620,trailer.krone.boxliner220,trailer_def.krone.boxliner.single_3_220.container,80,1,0
69786,_nameless.1de.1e00.25f0,eumefa,heraklion,christopoulo,chios,0,10,1080,1600,rooflights,volvo_fh2012_4x2_420,trailer.profiliner17,trailer_def.krone.profiliner.single_3.curtain,33,1,0
69786,_nameless.1de.1e00.26c0,eumefa,heraklion,low_field,patras,1,293,540,760,emptytank,mercedes_actros_2014_4x2_b,trailer.scs_flat_b,trailer_def.scs.flatbed.single_3.flatbed_w,1,1,0
69786,_nameless.1de.1e00.2790,eumefa,heraklion,fallow,istanbul,1,1052,540,760,empty_barr,daf_xgp25_4x2_530,trailer.scs_dry,trailer_def.scs.box.single_3.dryvan,33,1,0
69786,_nameless.1de.1e00.2fb0,eumefa,heraklion,brawen,lamia,2,203,540,760,hvac,daf_4x2_b,trailer.kasbhr_sla,trailer_def.kassbohrer.sla.single_3_sh.lowbed,3,1,0
69786,_nameless.1de.1e00.2860,transinet,mannheim,lkwlog,duisburg,0,328,0,0,concen_juice,volvo_fh16_4x2_420,trailer.scs_dry_m,trailer_def.scs.box.single_3.dryvan_m,30,1,0
69786,_nameless.1de.1e00.2930,transinet,mannheim,lkwlog,osnabruck,0,404,0,0,furniture,renault_t_6x2,trailer.scs_dry_s,trailer_def.scs.box.single_3.dryvan,33,1,0
69786,_nameless.1de.1e00.2a00,transinet,mannheim,dfh,berlin,0,624,0,0,honey,"""double/mercedes_actros_2014_4x2_a""",trailer.scs_dry_b2,trailer_def.scs.box.bdouble_3_3.dryvan,25,1,0
69786,_nameless.1de.1e00.2ad0,cortica,ponte_de_sor,log_atlan,porto,2,243,0,0,lumber_p,iveco_sway_4x2_580,trailer.scs_flat_b,trailer_def.scs.flatbed.single_3.flatbed_w,6,1,0
69786,_nameless.1de.1e00.2ba0,cortica,ponte_de_sor,app,coimbra,2,152,0,0,forwarder,"""heavy/volvo_fh16_6x4_750""",trailer.scs_lowlow4e,trailer_def.scs.lowloader.single_4_ln.long,1,1,0
69786,_nameless.1de.1e00.2c70,cortica,ponte_de_sor,log_atlan,porto,0,243,0,0,empty_palet,"""double/volvo_fh2024_4x2_780""",trailer.scs_dry_b2,trailer_def.scs.box.bdouble_3_3.dryvan,52,1,0
69786,_nameless.1de.1e00.2d40,cortica,ponte_de_sor,casa_olivera,cordoba,0,806,0,0,wooden_beams,mercedes_actros_2014_6x4_b,trailer.scs_log,trailer_def.scs.log.single_3.steel,2,1,0
69786,_nameless.1de.1e00.3150,eurogoodies,berlin,tradeaux,krakow,0,562,0,0,froz_octopi,volvo_fh2021_4x2_750,trailer.scs_ref,trailer_def.scs.box.single_3.reefer,33,1,0
69786,_nameless.1de.1e00.2e10,eurogoodies,berlin,sellplan,prague,1,294,0,0,nuts,daf_xf_euro6_4x2_a,trailer.scs_dry_a,trailer_def.scs.box.single_3.dryvan,33,1,0
69786,_nameless.1de.1e00.3220,eurogoodies,berlin,sellplan,erfurt,0,331,0,0,tomatoes,"""double/man_euro6_4x2_xxl""",trailer.scs_ins_b2,trailer_def.scs.box.bdouble_3_3.insulated,27,1,0
69786,_nameless.1de.1e00.33c0,ns_chem,riga,wgcc,lulea,0,1140,150,430,chemicals,scania_s2016_4x2_norm_370,trailer.ffb_tsaadr22,trailer_def.feldbinder.tsaadr.single_3_22a.22_3_1,73,1,0
69786,_nameless.1de.1dff.67d0,ns_chem,riga,cont_port,tallinn,2,334,0,0,phosphor,volvo_fh16_4x2_420,trailer.kasbhr_shg20,trailer_def.kassbohrer.shg.singl_3e_20.container,40,1,0
69786,_nameless.1de.1dff.5ba0,ns_chem,riga,ns_chem,stockholm,2,298,510,1110,potahydro,volvo_fh2024_6x2_500,trailer.kasbhr_stc,trailer_def.kassbohrer.stc.single_3.chemtank,99,1,0
69786,_nameless.1de.1dff.7e90,ns_chem,riga,ns_chem,stockholm,0,298,510,1110,hydrochlor,volvo_fh2012_6x2_500,trailer.scs_chemt,trailer_def.scs.chemtank.single_3.paint,99,1,0
69786,_nameless.1de.1dff.6970,bhv,ruse,balkan_loco,craiova,2,303,0,0,scooters,scania_streamline_6x2_norm_440,trailer.scs_dry_m,trailer_def.scs.box.single_3.dryvan_m,33,1,0
69786,_nameless.1de.1dff.6220,bhv,ruse,icaria,chios,1,478,690,1521,pickup_gr,scania_streamline_4x2_top_560,trailer.truck_trans,trailer_def.pickup_gr.truck_trans,100,1,0
69786,_nameless.1de.1dff.6cb0,dimitriou,chania,icaria,chios,1,10,1080,1666,car_balt2,volvo_fh2024_4x2_420,trailer.van_trans,trailer_def.car_balt2.van_trans,100,1,0
69786,_nameless.1de.1dff.7c20,dimitriou,chania,balkan_loco,pleven,0,1010,540,826,car_d,volvo_fh2012_6x2_500,trailer.car_trans,trailer_def.car_d.car_trans,100,1,0
69786,_nameless.1de.1dff.5d40,dimitriou,chania,aaa,taranto,1,627,1110,1571,cars_fr,daf_6x2_a,trailer.car_trans,trailer_def.cars_fr.car_trans,100,1,0
69786,_nameless.1de.1dff.5ee0,bhv,iasi,balkan_loco,craiova,1,593,0,0,cars_fr,man_tgx_euro6_4x2_xxl,trailer.car_trans,trailer_def.cars_fr.car_trans,100,1,0
69786,_nameless.1de.1dff.68a0,bhv,iasi,bhv,galati,0,210,0,0,car_gr,mercedes_6x4_a,trailer.car_trans,trailer_def.car_gr.car_trans,100,1,0
69786,_nameless.1de.1dff.6e50,euroacres,bremen,sanbuild_bas,leipzig,0,339,0,0,volvo_bucket,volvo_fh2012_4x2_420,trailer.kasbhr_sla,trailer_def.kassbohrer.sla.single_3_sh.lowbed,1,1,0
69786,_nameless.1de.1dff.6630,euroacres,bremen,drekkar,malmo,1,614,0,0,milk,daf_xd,trailer.kasbhr_scs,trailer_def.kassbohrer.scs.single_3_13.curtain,34,1,0
69786,_nameless.1de.1dff.74d0,euroacres,bremen,wilnet_trans,limoges,0,1291,0,0,digger500,iveco_4x2_a,trailer.scs_lowlowd2,trailer_def.scs.lowloader.single_2_sh.short,1,1,0
69786,_nameless.1de.1dff.5ad0,cemelt_fla,timisoara,sanbuild_hms,novi_sad,2,233,0,0,digger1000,man_tgx_euro6_4x2_xl,trailer.scs_lowbed_3,trailer_def.scs.lowbed.single_3.short,1,1,0
69786,_nameless.1de.1dff.5fb0,cemelt_fla,timisoara,euroacres,debrecen,0,356,0,0,excav_soil,mercedes_actros_2014_6x2_a,trailer.scs_dumper,trailer_def.scs.dumper.single_3.steel,17,1,0
69786,_nameless.1de.1dff.8100,exomar,evora,trans_cab,lisboa,1,199,0,0,yogurt,"""double/iveco_4x2_a""",trailer.scs_ref_b2,trailer_def.scs.box.bdouble_3_3.reefer,52,1,0
69786,_nameless.1de.1dff.5e10,exomar,evora,app,coimbra,0,293,0,0,lavender,renault_magnum_6x2_a,trailer.scs_dry_s,trailer_def.scs.box.single_3.dryvan,33,1,0
69786,_nameless.1de.1dff.70c0,exomar,evora,globeur,bayonne,2,979,0,0,jcb_th540180,daf_xgp_4x2_530,trailer.scs_lowlow2e,trailer_def.scs.lowloader.single_2_ln.long,1,1,0
69786,_nameless.1de.1dff.6ff0,exomar,evora,exomar,cordoba,0,546,0,0,coconut_milk,daf_4x2_b,trailer.scs_dry_a,trailer_def.scs.box.single_3.dryvan,33,1,0
69786,_nameless.1de.1dff.7b50,exomar,evora,exomar,burgos,0,755,0,0,truck_rims,daf_xf_euro6_4x2_c,trailer.scs_dry_ms,trailer_def.scs.box.single_3.dryvan_m,33,1,0
69786,_nameless.1de.1dff.5450,nordic_ports,sundsvall,renar,kokkola,2,249,300,680,locomotive,"""heavy/scania_s2016_6x4_high_730""",trailer.scs_lowbed41,trailer_def.scs.lowbed.single_41_ln.long,1,1,0
69786,_nameless.1de.1dff.6d80,nordic_ports,sundsvall,norse_rail,narvik,0,848,0,0,carrots_c,mercedes_actros_2014_4x2_a,trailer.scs_gosck20,trailer_def.scs.gooseneck.singl_3e_20.container,15,1,0
69786,_nameless.1de.1dff.7400,nordic_ports,sundsvall,polarislines,oslo,1,574,0,0,large_cont,daf_xgp_4x2_530,trailer.scs_lowbed_4,trailer_def.scs.lowbed.single_4_sh.short,27,1,0
69786,_nameless.1de.1dff.6560,nordic_ports,sundsvall,norrsken,stockholm,0,372,0,0,logs,man_tgx_2020_4x2,trailer.scs_log,trailer_def.scs.log.single_3.steel,32,1,0
69786,_nameless.1de.1dff.6700,gallia_ferry,bilbao,app,coimbra,0,825,0,0,carrots,volvo_fh2021_6x2_540,trailer.kasbhr_shg45,trailer_def.kassbohrer.scs.single_3_13.curtain,34,1,0
69786,_nameless.1de.1dff.6a40,gallia_ferry,bilbao,lkwlog,dover,2,1262,35,300,diesel_gen,scania_r2016_4x2_norm_370,trailer.scs_curt,trailer_def.scs.box.single_3.curtain,33,1,0
69786,_nameless.1de.1dff.6b10,gallia_ferry,bilbao,log_atlan,a_coruna,0,627,0,0,watermelons,renault_t_4x2,trailer.scs_ins,trailer_def.scs.box.single_3.insulated,33,1,0
69786,_nameless.1de.1dff.8440,gallia_ferry,bilbao,posped,birmingham,0,361,1076,1172,emp_wine_bar,renault_magnum_4x2_a,trailer.scs_dry,trailer_def.scs.box.single_3.dryvan,33,1,0
69786,_nameless.1de.1dff.75a0,kaarfor,poznan,polarislines,esbjerg,2,834,0,0,used_plast,scania_r2016_4x2_high_500,trailer.scs_curt,trailer_def.scs.box.single_3.curtain,33,1,0
69786,_nameless.1de.1dff.6080,kaarfor,poznan,norrsken,goteborg,0,949,105,404,used_plast_c,man_tgx_2020_6x2,trailer.kasbhr_shg20,trailer_def.kassbohrer.shg.singl_3e_20.container,15,1,0
69786,_nameless.1de.1dff.5930,villco_mkt,zenica,dfh,rostock,2,1404,0,0,used_plast,daf_xd,trailer.scs_dry_m,trailer_def.scs.box.single_3.dryvan_m,33,1,0
69786,_nameless.1de.1dff.6be0,villco_mkt,zenica,tradeaux,olsztyn,0,1276,0,0,empty_palet,scania_r_6x2_high_500,trailer.kasbhr_sbt,trailer_def.kassbohrer.sbt.single_3_13.dryvan,33,1,0
69786,_nameless.1de.1dff.7190,villco_mkt,zenica,dunavia,osijek,1,237,0,0,used_packag,daf_xd_2,trailer.scs_curt,trailer_def.scs.box.single_3.curtain,33,1,0
69786,_nameless.1de.1dff.6490,ns_oil,aalborg,trameri,warszawa,2,1212,0,0,fueltanker,renault_magnum_6x4_a,trailer.krone.boxliner40,trailer_def.krone.boxliner.single_3_40.container,80,1,0
69786,_nameless.1de.1dff.5860,ns_oil,aalborg,ns_oil,dresden,0,847,0,0,propane,daf_xd25,trailer.scs_gastank,trailer_def.scs.gastank.single_3.gastank,40,1,0
69786,_nameless.1de.1dff.5520,eolo_lines,cagliari,sellplan,koln,0,1564,720,827,pesto,mercedes_actros_2014_6x4_b,trailer.scs_dry_s,trailer_def.scs.box.single_3.dryvan,33,1,0
69786,_nameless.1de.1dff.62f0,eolo_lines,cagliari,tras_med,roma,0,271,840,879,sheep_wool,iveco_4x2_a,trailer.kasbhr_sbt,trailer_def.kassbohrer.sbt.single_3_13.dryvan,34,1,0
69786,_nameless.1de.1dff.8510,eolo_lines,cagliari,posped,verona,2,736,840,879,salt_spices,man_4x2_a,trailer.dryliner17,trailer_def.krone.dryliner.single_3.dryvan,33,1,0
69786,_nameless.1de.1dff.7330,log_atlan,albacete,rt_log,geneve,1,1351,0,0,air_mails,daf_xg_4x2_450,trailer.profiliner17,trailer_def.krone.profiliner.single_3.curtain,33,1,0
69786,_nameless.1de.1dff.7f60,log_atlan,albacete,te_logistica,messina,0,480,1557,1788,lumber_p,daf_4x2_a,trailer.scs_flat_b,trailer_def.scs.flatbed.single_3.flatbed_w,6,1,0
69786,_nameless.1de.1dff.63c0,bjork,kristiansand,agronord,esbjerg,2,262,195,1052,tractors,scania_s2016_4x2_norm_370,trailer.scs_lowlow2e,trailer_def.scs.lowloader.single_2_ln.long,1,1,0
69786,_nameless.1de.1dff.8370,bjork,kristiansand,drekkar,odense,2,361,195,1052,mob_tr_winch,"""heavy/scania_s2016_6x4_high_730""",trailer.scs_lowbed41,trailer_def.scs.lowbed.single_41_ln.long,1,1,0
69786,_nameless.1de.1dff.7cf0,bjork,kristiansand,nch_ru,petersburg,0,1337,570,1270,wooden_beams,scania_r2016_6x4_high_660,trailer.scs_log,trailer_def.scs.log.single_3.steel,2,1,0
69786,_nameless.1de.1dff.7740,bjork,kristiansand,stokes,liege,2,1028,195,1052,logs,scania_r2016_4x2_norm_370,trailer.scs_log,trailer_def.scs.log.single_3.steel,32,1,0
69786,_nameless.1de.1dff.51e0,ibp,mazeikiai,itcc,szczecin,1,816,0,0,petrol,daf_xf_euro6_6x2_a,trailer.scs_fueltank,trailer_def.scs.fueltank.single_3.fueltank,30,1,0
69786,_nameless.1de.1dff.7810,ibp,mazeikiai,eurogoodies,dortmund,2,1389,0,0,large_cont,mercedes_actros_2014_4x2_c,trailer.scs_lowbed41,trailer_def.scs.lowbed.single_41_ln.long,36,1,0
69786,_nameless.1de.1dff.78e0,ibp,mazeikiai,trameri,warszawa,0,591,0,0,ethane,renault_premium_6x4_a,trailer.scs_gastank,trailer_def.scs.gastank.single_3.gastank,40,1,0
69786,_nameless.1de.1dff.52b0,ibp,mazeikiai,gnt,ventspils,0,257,0,0,empty_spool,renault_etech_t,trailer.kasbhr_sla,trailer_def.kassbohrer.sla.single_3_sh.lowbed,3,1,0
69786,_nameless.1de.1dff.79b0,sanbuild_hms,mannheim,lisette_log,paris,0,586,0,0,empty_spool,volvo_fh16_6x4_700,trailer.scs_flat_b,trailer_def.scs.flatbed.single_3.flatbed_w,4,1,0
69786,_nameless.1de.1dff.7a80,sanbuild_hms,mannheim,bhb_raffin,marseille,2,907,0,0,watertank,man_tgx_euro6_6x4_xlx,trailer.kasbhr_sla,trailer_def.kassbohrer.sla.single_3_sh.lowbed,1,1,0
69786,_nameless.1de.1dff.7dc0,sanbuild_hms,mannheim,rosmark_ru,kaliningrad,2,1190,0,0,mob_tr_winch,"""heavy/daf_6x4""",trailer.scs_lowbed41,trailer_def.scs.lowbed.single_41_ln.long,1,1,0
69786,_nameless.1de.1dff.8030,ms_stein,kristiansand,dfh,bremen,1,595,195,1052,granite_cube,mercedes_4x2_a,trailer.scs_dumper,trailer_def.scs.dumper.single_3.steel,10,1,0
69786,_nameless.1de.1dff.56c0,ms_stein,kristiansand,rt_log,rostock,0,550,300,1456,vol_ew240emh,"""heavy/volvo_fh16_6x4_750""",trailer.scs_lowbed_3,trailer_def.scs.lowbed.single_3.short,1,1,0
69786,_nameless.1de.1dff.5790,transinet,rotterdam,rt_log,salzburg,0,986,0,0,jcb_th540180,iveco_sway_4x2_460,trailer.kasbhr_slle,trailer_def.kassbohrer.sll.single_3_ln.low,1,1,0
69786,_nameless.1de.1dff.ac10,transinet,rotterdam,cont_port_it,ancona,0,1481,0,0,chem_sorb_c,man_4x2_a,trailer.kasbhr_shg40,trailer_def.kassbohrer.shg.singl_3e_40.container,30,1,0
69786,_nameless.1de.1dff.a9a0,transinet,rotterdam,wgcc,glasgow,0,486,660,995,forklifts,mercedes_actros_2014_4x2_a,trailer.scs_lowbed_3,trailer_def.scs.lowbed.single_3.short,4,1,0
69786,_nameless.1de.1dff.b0f0,transinet,rotterdam,stokes,erfurt,0,541,0,0,mat_handler,"""heavy/scania_s2016_8x4_high_770""",trailer.kasbhr_slle,trailer_def.kassbohrer.sll.single_3_ln.low,1,1,0
69786,_nameless.1de.1dff.ab40,exomar,bologna,tras_med,genova,2,382,0,0,pesto,daf_xg_4x2_450,trailer.kasbhr_sbt,trailer_def.kassbohrer.sbt.single_3_13.dryvan,34,1,0
69786,_nameless.1de.1dff.96f0,exomar,bologna,tree_et,katowice,0,1059,0,0,mob_tr_winch,"""heavy/volvo_fh2021_6x4_540""",trailer.scs_lowlowd4,trailer_def.scs.lowloader.single_4_sh.short,1,1,0
69786,_nameless.1de.1dff.b910,exomar,bologna,cargotras,olbia,0,946,840,879,alu_ingot,daf_xd_2,trailer.scs_flat_b,trailer_def.scs.flatbed.single_3.flatbed_w,33,1,0
69786,_nameless.1de.1dff.8e00,exomar,bologna,posped,metz,1,933,0,0,backfl_prev,volvo_fh2021_4x2_420,trailer.scs_dry_a,trailer_def.scs.box.single_3.dryvan,33,1,0
69786,_nameless.1de.1dff.9d70,exomar,bologna,globeur,bayonne,0,1393,0,0,graph_grease,scania_s2016_4x2_norm_370,trailer.kasbhr_sbt,trailer_def.kassbohrer.sbt.single_3_13.dryvan,34,1,0
69786,_nameless.1de.1dff.b1c0,exomar,bologna,lisette_log,bordeaux,0,1324,0,0,perfor_frks,daf_xd_1,trailer.kasbhr_sbt,trailer_def.kassbohrer.sbt.single_3_13.dryvan,34,1,0
69786,_nameless.1de.1dff.9550,exomar,bologna,trameri,brno,1,824,0,0,wrk_cloth,volvo_fh2024_4x2_420,trailer.kasbhr_shg45,trailer_def.kassbohrer.scs.single_3_13.curtain,34,1,0
69786,_nameless.1de.1dff.8d30,exomar,bologna,lkwlog,brno,0,821,0,0,mulcher,"""heavy/man_6x4""",trailer.scs_lowlowd2,trailer_def.scs.lowloader.single_2_sh.short,1,1,0
69786,_nameless.1de.1dff.b5d0,exomar,bologna,posped,metz,2,933,0,0,med_equip,volvo_fh16_4x2_420,trailer.scs_curt_s,trailer_def.scs.box.single_3.curtain,33,1,0
69786,_nameless.1de.1dff.ae80,exomar,bologna,ika_bohag,firenze,0,154,0,0,clothes_c,scania_streamline_6x2_norm_440,trailer.kasbhr_shg40,trailer_def.kassbohrer.shg.singl_3e_40.container,30,1,0
69786,_nameless.1de.1dff.b360,trameri,vaasa,nordic_ports,ornskoldsvik,0,103,300,680,scrap_metals,man_tgx_2020_6x2,trailer.scs_dumper,trailer_def.scs.dumper.single_3.steel,10,1,0
69786,_nameless.1de.1dff.9b00,trameri,vaasa,sal_fi,oulu,0,304,0,0,used_plast_c,scania_streamline_4x2_norm_380,trailer.kasbhr_shg20,trailer_def.kassbohrer.shg.singl_3e_20.container,15,1,0
69786,_nameless.1de.1dff.ace0,trameri,vaasa,renar,vasteraas,1,468,540,1170,roofing_felt,volvo_fh16_4x2_420,trailer.scs_dry_ms,trailer_def.scs.box.single_3.dryvan_m,33,1,0
69786,_nameless.1de.1dff.9620,trameri,vaasa,wgcc,grimsby,0,1493,1680,2484,hvac,daf_xf_euro6_6x2_a,trailer.scs_lowbed_3,trailer_def.scs.lowbed.single_3.short,4,1,0
69786,_nameless.1de.1dff.97c0,trameri,vaasa,renar,turku,2,304,0,0,fueltanker,volvo_fh2012_4x2_750,trailer.scs_gosck220,trailer_def.scs.gooseneck.singl_3e_220.container,80,1,0
69786,_nameless.1de.1dff.9bd0,suprema,tartu,lkwlog,brno,1,1454,0,0,used_packag,mercedes_actros_2014_6x4_b,trailer.scs_dry_a,trailer_def.scs.box.single_3.dryvan,33,1,0
69786,_nameless.1de.1dff.adb0,suprema,tartu,polarislines,nynashamn,0,375,570,1270,used_plast,iveco_4x2_c,trailer.scs_dry_ms,trailer_def.scs.box.single_3.dryvan_m,33,1,0
69786,_nameless.1de.1dff.aa70,suprema,tartu,renar,dombas,2,921,570,1270,used_plast_c,mercedes_4x2_a,trailer.scs_gosck40,trailer_def.scs.gooseneck.singl_3e_40.container,30,1,0
69786,_nameless.1de.1dff.a3f0,cnp,tarragona,te_logistica,cagliari,0,382,720,827,transformat,"""heavy/volvo_fh2012_8x4_700""",trailer.scs_lowlowd4,trailer_def.scs.lowloader.single_4_sh.short,1,1,0
69786,_nameless.1de.1dff.a4c0,cnp,tarragona,renar,calvi,0,209,930,1182,dozer,"""heavy/scania_r2016_8x4_high_730""",trailer.scs_lowbed_4,trailer_def.scs.lowbed.single_4_sh.short,1,1,0
69786,_nameless.1de.1dff.9890,cnp,tarragona,wilnet_trans,toulouse,0,563,0,0,fueltanker,daf_xf_euro6_4x2_b,trailer.scs_gosck20,trailer_def.scs.gooseneck.singl_3e_20.container,40,1,0
69786,_nameless.1de.1dff.9960,renor,skelleftea,sal_fi,oulu,2,286,0,0,plastic_gra,man_tgx_euro6_4x2_xl,trailer.ffb_eut35,trailer_def.feldbinder.eut.single_3_35.silo_35_3p,22,1,0
69786,_nameless.1de.1dff.9e40,renor,skelleftea,lintukainen,pori,0,357,300,680,jcb_th540180,daf_6x2_a,trailer.kasbhr_sll,trailer_def.kassbohrer.sll.single_3_sh.low,1,1,0
69786,_nameless.1de.1dff.8b90,cnp_well,fier,fui,catanzaro,0,305,540,420,ter_forklift,renault_magnum_6x4_a,trailer.scs_flat_b,trailer_def.scs.flatbed.single_3.flatbed_w,2,1,0
69786,_nameless.1de.1dff.9a30,cnp_well,fier,quadrelli,bari,0,158,540,420,fuel_oil,mercedes_6x4_a,trailer.scs_fueltank,trailer_def.scs.fueltank.single_3.fueltank,27,1,0
69786,_nameless.1de.1dff.8ed0,cnp_well,fier,rt_log,zurich,0,1331,540,420,motor_oil_c,mercedes_actros_2014_4x2_c,trailer.scs_gosck220,trailer_def.scs.gooseneck.singl_3e_220.container,30,1,0
69786,_nameless.1de.1dff.a730,cnp_well,fier,eurogoodies,niksic,0,358,0,0,large_cont,renault_t_4x2h,trailer.scs_lowbed_3,trailer_def.scs.lowbed.single_3.short,27,1,0
69786,_nameless.1de.1dff.b020,sellplan,lodz,sal_fi,kuopio,0,1452,150,430,empty_palet,mercedes_4x2_a,trailer.scs_dry_a,trailer_def.scs.box.single_3.dryvan,33,1,0
69786,_nameless.1de.1dff.9f10,sellplan,lodz,transinet,szczecin,0,389,0,0,used_plast_c,volvo_fh2012_4x2_750,trailer.scs_gosck40,trailer_def.scs.gooseneck.singl_3e_40.container,30,1,0
69786,_nameless.1de.1dff.8780,sellplan,lodz,blt,kaunas,0,553,0,0,used_plast,renault_t_4x2,trailer.scs_curt,trailer_def.scs.box.single_3.curtain,33,1,0
69786,_nameless.1de.1dff.a590,cont_port,koper,rt_log,graz,2,386,0,0,arsenic,mercedes_4x2,trailer.scs_gosck20,trailer_def.scs.gooseneck.singl_3e_20.container,40,1,0
69786,_nameless.1de.1dff.9fe0,cont_port,koper,tradeaux,klagenfurt,1,374,0,0,carrots_c,scania_r_4x2_norm_360,trailer.scs_gosck220,trailer_def.scs.gooseneck.singl_3e_220.container,30,1,0
69786,_nameless.1de.1dff.a0b0,cont_port,koper,stokes,rijeka,2,208,0,0,salt_spice_c,volvo_fh2021_4x2_420,trailer.scs_gosck20,trailer_def.scs.gooseneck.singl_3e_20.container,15,1,0
69786,_nameless.1de.1dff.a8d0,cont_port,koper,fcp,graz,0,378,0,0,acetylene,daf_4x2_a,trailer.scs_gosck40,trailer_def.scs.gooseneck.singl_3e_40.container,80,1,0
69786,_nameless.1de.1dff.b840,cont_port,koper,nbfc,budapest,0,616,0,0,chlorine,renault_premium_6x4_a,trailer.scs_gosck20,trailer_def.scs.gooseneck.singl_3e_20.container,40,1,0
69786,_nameless.1de.1dff.9070,eurogoodies,liverpool,lkwlog,koln,1,966,35,300,olives,iveco_sway_4x2_580,trailer.kasbhr_shg45,trailer_def.kassbohrer.scs.single_3_13.curtain,34,1,0
69786,_nameless.1de.1dff.b290,eurogoodies,liverpool,norr_food,karlskrona,1,803,1140,1314,iced_coffee,daf_xg_4x2_450,trailer.kasbhr_sbt,trailer_def.kassbohrer.sbt.single_3_13.dryvan,34,1,0
69786,_nameless.1de.1dff.a660,ocean_sol,ruse,adrica,rijeka,0,1125,0,0,mat_handler,"""heavy/renault_t_6x4""",trailer.kasbhr_slle,trailer_def.kassbohrer.sll.single_3_ln.low,1,1,0
69786,_nameless.1de.1dff.b430,ocean_sol,ruse,acc,taranto,2,978,570,745,empty_spool,man_4x2_a,trailer.scs_lowbed_4,trailer_def.scs.lowbed.single_4_sh.short,3,1,0
69786,_nameless.1de.1dff.8c60,ocean_sol,ruse,tradeaux,klagenfurt,2,1218,0,0,empty_barr,iveco_sway_4x2_500,trailer.scs_dry_m,trailer_def.scs.box.single_3.dryvan_m,33,1,0
69786,_nameless.1de.1dff.a800,sag_tre,lillehammer,transinet,bialystok,0,1064,510,1110,jcb_exc245xr,"""heavy/daf_6x4""",trailer.scs_lowbed_4,trailer_def.scs.lowbed.single_4_sh.short,1,1,0
69786,_nameless.1de.1dff.8920,sag_tre,lillehammer,freyr,trelleborg,2,740,0,0,wood_bark,volvo_fh16_4x2_420,trailer.scs_dumper,trailer_def.scs.dumper.single_3.steel,27,1,0
69786,_nameless.1de.1dff.89f0,sag_tre,lillehammer,norrsken,karlstad,2,416,0,0,tractors,volvo_fh2012_4x2_420,trailer.scs_lowlowd2,trailer_def.scs.lowloader.single_2_sh.short,1,1,0
69786,_nameless.1de.1dff.8ac0,sag_tre,lillehammer,ms_stein,trondheim,0,399,0,0,vol_ew240emh,"""heavy/iveco_6x4""",trailer.scs_lowlow2e,trailer_def.scs.lowloader.single_2_ln.long,1,1,0
69786,_nameless.1de.1dff.b500,renar,karesuando,aerobalt,tallinn,1,1103,150,430,air_mails,daf_xf_euro6_4x2_a,trailer.dryliner17,trailer_def.krone.dryliner.single_3.dryvan,33,1,0
69786,_nameless.1de.1dff.b6a0,eurogoodies,glasgow,kaarfor,cambridge,0,674,0,0,atl_cod_flt,scania_s2016_4x2_norm_370,trailer.scs_ref_s,trailer_def.scs.box.single_3.reefer,33,1,0
69786,_nameless.1de.1dff.86b0,eurogoodies,glasgow,dfh,bremen,1,910,660,995,froz_octopi,daf_xgp_4x2_530,trailer.scs_ref_a,trailer_def.scs.box.single_3.reefer,33,1,0
69786,_nameless.1de.1dff.8fa0,imp_otel,hunedoara,posped,szeged,0,330,0,0,cement,man_tgx_euro6_4x2_xxl,trailer.ffb_eut35,trailer_def.feldbinder.eut.single_3_35.silo_35_3p,17,1,0
69786,_nameless.1de.1dff.b770,imp_otel,hunedoara,fallow,timisoara,2,219,0,0,perfor_frks,volvo_fh2012_4x2_420,trailer.scs_dry_m,trailer_def.scs.box.single_3.dryvan_m,33,1,0
69786,_nameless.1de.1dff.9210,imp_otel,hunedoara,tradeaux,klagenfurt,1,886,0,0,largetubes,scania_streamline_6x2_norm_440,trailer.scs_log,trailer_def.scs.log.single_3.steel,6,1,0
69786,_nameless.1de.1dff.92e0,norrsken,karlstad,lkwlog,gdansk,2,581,630,790,sq_tub,scania_s2016_6x4_high_730,trailer.scs_flat_b,trailer_def.scs.flatbed.single_3.flatbed_w,2,1,0
69786,_nameless.1de.1dff.93b0,norrsken,karlstad,polarislines,kapellskar,1,343,0,0,sandwch_pnls,volvo_fh16_4x2_420,trailer.scs_curt,trailer_def.scs.box.single_3.curtain,33,1,0
69786,_nameless.1de.1dff.9480,norrsken,karlstad,dfh,bremen,1,1184,0,0,post_packag,scania_s2016_4x2_high_590,trailer.scs_dry,trailer_def.scs.box.single_3.dryvan,33,1,0
69786,_nameless.1de.1dff.c060,onnelik,narva,blt,paldiski,0,203,0,0,planter,renault_magnum_6x4_a,trailer.kasbhr_slle,trailer_def.kassbohrer.sll.single_3_ln.low,1,1,0
69786,_nameless.1de.1dff.ed10,onnelik,narva,sellplan,olsztyn,1,988,0,0,apples,volvo_fh16_4x2_420,trailer.profiliner17,trailer_def.krone.profiliner.single_3.curtain,33,1,0
69786,_nameless.1de.1dff.d0a0,betunia,tuzla,itcc,skopje,2,676,0,0,largetubes,daf_xf_euro6_4x2_b,trailer.scs_log,trailer_def.scs.log.single_3.steel,6,1,0
69786,_nameless.1de.1dff.cfd0,betunia,tuzla,steinbr_str,erfurt,1,1265,0,0,stones,man_tgx_euro6_4x2_xl,trailer.scs_dumper,trailer_def.scs.dumper.single_3.steel,11,1,0
69786,_nameless.1de.1dff.d8c0,betunia,tuzla,rump,craiova,0,600,0,0,scaffoldings,iveco_sway_4x2_580,trailer.dryliner17,trailer_def.krone.dryliner.single_3.dryvan,33,1,0
69786,_nameless.1de.1dff.e4f0,betunia,tuzla,lognstick,tekirdag,0,1119,0,0,cable_reel,"""heavy/man_tgx_2020_8x4""",trailer.scs_lowlow4e,trailer_def.scs.lowloader.single_4_ln.long,1,1,0
69786,_nameless.1de.1dff.c7b0,cont_port,thessaloniki,kathode,munchen,0,1568,0,0,magnesium,volvo_fh2024_6x2_500,trailer.scs_gosck220,trailer_def.scs.gooseneck.singl_3e_220.container,80,1,0
69786,_nameless.1de.1dff.dc00,cont_port,thessaloniki,cont_port_it,bari,0,323,570,745,phosphor,mercedes_actros_2014_6x2_a,trailer.krone.boxliner220,trailer_def.krone.boxliner.single_3_220.container,80,1,0
69786,_nameless.1de.1dff.cf00,cont_port,thessaloniki,cont_port,constanta,0,817,0,0,sodium,renault_t_4x2h,trailer.kasbhr_shg20,trailer_def.kassbohrer.shg.singl_3e_20.container,40,1,0
69786,_nameless.1de.1dff.bc50,cont_port,thessaloniki,cont_port,constanta,0,817,0,0,salt_spice_c,mercedes_6x2_b,trailer.scs_gosck20,trailer_def.scs.gooseneck.singl_3e_20.container,15,1,0
69786,_nameless.1de.1dff.c470,drekkar,malmo,dfh,dresden,0,638,105,404,skidder,"""heavy/renault_6x4""",trailer.scs_lowlow2e,trailer_def.scs.lowloader.single_2_ln.long,1,1,0
69786,_nameless.1de.1dff.e830,drekkar,malmo,bcp,verona,1,1373,105,404,overweight,volvo_fh16_6x4_700,trailer.scs_lowbed41,trailer_def.scs.lowbed.single_41_ln.long,1,1,0
69786,_nameless.1de.1dff.e5c0,drekkar,malmo,posped,carlisle,0,631,1140,1314,wallpanels,daf_6x2_a,trailer.panel_trans.wall,trailer_def.wallpanels.panel_trans.wall,93,1,0
69786,_nameless.1de.1dff.e690,drekkar,malmo,euroacres,zurich,0,1384,0,0,fueltanker,scania_r_6x2_high_500,trailer.scs_gosck220,trailer_def.scs.gooseneck.singl_3e_220.container,80,1,0
69786,_nameless.1de.1dff.eaa0,drekkar,malmo,skog_paper,borlange,1,640,0,0,diesel_gen,daf_4x2_b,trailer.scs_dry_m,trailer_def.scs.box.single_3.dryvan_m,33,1,0
69786,_nameless.1de.1dff.c130,drekkar,malmo,polarislines,esbjerg,1,339,0,0,frozen_hake,scania_streamline_4x2_top_560,trailer.coollineret,trailer_def.krone.ecoolliner.single_3.reefer,33,1,0
69786,_nameless.1de.1dff.de70,villco_mkt,kalamata,icaria,mitilini,1,260,675,1308,used_packag,mercedes_6x2_b,trailer.scs_dry_ms,trailer_def.scs.box.single_3.dryvan_m,33,1,0
69786,_nameless.1de.1dff.d170,villco_mkt,kalamata,tradeaux,ajaccio,2,1079,1620,1979,used_plast,daf_4x2_a,trailer.scs_curt_a,trailer_def.scs.box.single_3.curtain,33,1,0
69786,_nameless.1de.1dff.d240,villco_mkt,kalamata,te_logistica,napoli,1,827,570,745,used_plast_c,daf_xf_euro6_4x2_b,trailer.scs_gosck220,trailer_def.scs.gooseneck.singl_3e_220.container,30,1,0
69786,_nameless.1de.1dff.e760,polar_fish,bergen,renar,dombas,0,497,40,67,atl_cod_flt,volvo_fh2012_4x2_420,trailer.scs_ref_s,trailer_def.scs.box.single_3.reefer,33,1,0
69786,_nameless.1de.1dff.d310,polar_fish,bergen,eurogoodies,glasgow,0,1325,1335,2366,frozen_hake,volvo_fh2012_6x2_500,trailer.coolliner17,trailer_def.krone.coolliner.single_3.reefer,33,1,0
69786,_nameless.1de.1dff.d3e0,itcc,duisburg,tree_et,leipzig,1,373,0,0,vol_ew240emh,"""heavy/scania_streamline_8x4_top_730""",trailer.kasbhr_sla,trailer_def.kassbohrer.sla.single_3_sh.lowbed,1,1,0
69786,_nameless.1de.1dff.c540,itcc,duisburg,rt_log,hamburg,1,330,0,0,concr_stair,man_tgx_2020_6x2,trailer.scs_flat_b,trailer_def.scs.flatbed.single_3.flatbed_w,3,1,0
69786,_nameless.1de.1dff.d4b0,itcc,duisburg,polarislines,goteborg,1,817,195,677,empty_spool,iveco_4x2_b,trailer.scs_flat_b,trailer_def.scs.flatbed.single_3.flatbed_w,4,1,0
69786,_nameless.1de.1dff.da60,itcc,duisburg,lkwlog,nurnberg,0,457,0,0,iron_pipes,daf_xd_1,trailer.scs_log,trailer_def.scs.log.single_3.steel,28,1,0
69786,_nameless.1de.1dff.e900,ibp,helsinki,lkwlog,manchester,0,1524,1680,2484,fuel_oil,daf_xgp_4x2_530,trailer.scs_fueltank,trailer_def.scs.fueltank.single_3.fueltank,27,1,0
69786,_nameless.1de.1dff.e350,ibp,helsinki,nordic_ports,tornio,0,700,0,0,volvo_a25g,"""heavy/volvo_fh2024_6x4_600""",trailer.scs_lowlow4e,trailer_def.scs.lowloader.single_4_ln.long,1,1,0
69786,_nameless.1de.1dff.e9d0,ibp,helsinki,kivi,tartu,0,280,150,430,cable_reel,"""heavy/mercedes_6x4""",trailer.scs_lowlow4e,trailer_def.scs.lowloader.single_4_ln.long,1,1,0
69786,_nameless.1de.1dff.d580,kathode,oulu,nordic_ports,mo_i_rana,0,702,0,0,hvac,scania_r2016_6x4_high_660,trailer.kasbhr_sla,trailer_def.kassbohrer.sla.single_3_sh.lowbed,3,1,0
69786,_nameless.1de.1dff.dcd0,kathode,oulu,polarislines,karlskrona,0,1375,0,0,battery,man_6x4_b,trailer.scs_dry_m,trailer_def.scs.box.single_3.dryvan_m,33,1,0
69786,_nameless.1de.1dff.ec40,kathode,oulu,sal_fi,kuopio,0,349,0,0,comp_process,"""double/renault_magnum_4x2_a""",trailer.scs_curt_b2,trailer_def.scs.box.bdouble_3_3.curtain,52,1,0
69786,_nameless.1de.1dff.c610,kathode,oulu,nordic_ports,bodo,1,726,0,0,overweight,mercedes_4x2_b,trailer.scs_lowbed41,trailer_def.scs.lowbed.single_41_ln.long,1,1,0
69786,_nameless.1de.1dff.e0e0,costruzi_win,taranto,sanbuild_cem,tirana,0,155,540,420,mob_screener,"""heavy/scania_s2016_6x4_high_730""",trailer.kasbhr_slle,trailer_def.kassbohrer.sll.single_3_ln.low,1,1,0
69786,_nameless.1de.1dff.df40,costruzi_win,taranto,rock_eater,argostoli,0,115,1030,1465,mob_stacker,"""heavy/daf_6x4""",trailer.scs_lowlow4e,trailer_def.scs.lowloader.single_4_ln.long,1,1,0
69786,_nameless.1de.1dff.c3a0,elcano_hms,madrid,trans_cab,valladolid,2,343,0,0,volvo_ec220e,scania_r2016_6x2_high_460,trailer.scs_lowbed_4,trailer_def.scs.lowbed.single_4_sh.short,1,1,0
69786,_nameless.1de.1dff.c950,elcano_hms,madrid,cgla,port_sagunt,0,310,0,0,ter_forklift,renault_premium_6x4_a,trailer.profilinehd,trailer_def.krone.profilinerhd.single_3.flatbed,2,1,0
69786,_nameless.1de.1dff.d650,elcano_hms,madrid,exomar,cordoba,0,461,0,0,kr_bigm450,renault_magnum_4x2_a,trailer.scs_lowlow2e,trailer_def.scs.lowloader.single_2_ln.long,1,1,0
69786,_nameless.1de.1dff.b9e0,stokes,katowice,ika_bohag,helsinki,0,1286,150,430,plant_substr,scania_s2016_4x2_high_590,trailer.scs_dry,trailer_def.scs.box.single_3.dryvan,32,1,0
69786,_nameless.1de.1dff.bd20,stokes,katowice,tradeaux,hannover,0,731,0,0,big_bag_seed,renault_premium_4x2_a,trailer.dryliner17,trailer_def.krone.dryliner.single_3.dryvan,32,1,0
69786,_nameless.1de.1dff.bab0,stokes,katowice,eurogoodies,wien,1,395,0,0,soy_milk,volvo_fh2012_4x2_750,trailer.profiliner17,trailer_def.krone.profiliner.single_3.curtain,33,1,0
69786,_nameless.1de.1dff.c6e0,stokes,katowice,fle,leipzig,0,484,0,0,air_mails,mercedes_4x2_a,trailer.scs_curt_s,trailer_def.scs.box.single_3.curtain,33,1,0
69786,_nameless.1de.1dff.c880,fcp,brussel,tras_med,roma,2,1471,0,0,vans_vt,scania_r2016_4x2_high_500,trailer.truck_trans,trailer_def.vans_vt.truck_trans,100,1,0
69786,_nameless.1de.1dff.bec0,euroacres,dijon,wilnet_trans,toulouse,2,720,0,0,apples_c,man_tgx_2020_6x2,trailer.scs_gosck220,trailer_def.scs.gooseneck.singl_3e_220.container,30,1,0
69786,_nameless.1de.1dff.d7f0,euroacres,dijon,tradeaux,felixstowe,0,918,35,300,planter,volvo_fh2021_4x2_420,trailer.scs_lowlow2e,trailer_def.scs.lowloader.single_2_ln.long,1,1,0
69786,_nameless.1de.1dff.bf90,cont_port,durres,balkan_loco,skopje,2,368,0,0,carbn_pwdr_c,volvo_fh2024_4x2_420,trailer.krone.boxliner40,trailer_def.krone.boxliner.single_3_40.container,30,1,0
69786,_nameless.1de.1dff.ca20,cont_port,durres,icaria,chania,2,785,540,826,exhausts_c,iveco_4x2_a,trailer.krone.boxliner220,trailer_def.krone.boxliner.single_3_220.container,30,1,0
69786,_nameless.1de.1dff.d990,cont_port,durres,chimi,montpellier,0,1427,540,420,fluorine,volvo_fh2021_4x2_750,trailer.kasbhr_shg40,trailer_def.kassbohrer.shg.singl_3e_40.container,80,1,0
69786,_nameless.1de.1dff.c2d0,cont_port,durres,cont_port_it,trieste,0,1157,0,0,pet_food_c,man_4x2_c,trailer.krone.boxliner20,trailer_def.krone.boxliner.single_3.container,15,1,0
69786,_nameless.1de.1dff.caf0,ns_chem,kristiansand,cont_port,oslo,0,387,0,0,nitrogen,scania_r_4x2_norm_360,trailer.krone.boxliner20,trailer_def.krone.boxliner.single_3.container,40,1,0
69786,_nameless.1de.1dff.cbc0,ns_chem,kristiansand,nbfc,liverpool,0,567,1335,2366,arsenic,daf_xg_4x2_450,trailer.scs_gosck20,trailer_def.scs.gooseneck.singl_3e_20.container,40,1,0
69786,_nameless.1de.1dff.db30,te_logistica,firenze,dfh,nurnberg,2,809,0,0,natur_rubber,renault_t_6x2,trailer.scs_dry_a,trailer_def.scs.box.single_3.dryvan,33,1,0
69786,_nameless.1de.1dff.cc90,te_logistica,firenze,rt_log,travemunde,0,1430,0,0,press_sl_val,iveco_4x2_a,trailer.kasbhr_shg45,trailer_def.kassbohrer.scs.single_3_13.curtain,34,1,0
69786,_nameless.1de.1dff.cd60,te_logistica,firenze,sellplan,torino,1,352,0,0,nuts,mercedes_4x2_a,trailer.scs_curt_s,trailer_def.scs.box.single_3.curtain,33,1,0
69786,_nameless.1de.1dff.dda0,te_logistica,firenze,lkwlog,dortmund,0,1287,0,0,metal_pipes,daf_4x2_b,trailer.scs_flat_b,trailer_def.scs.flatbed.single_3.flatbed_w,2,1,0
69786,_nameless.1de.1dff.e010,te_logistica,firenze,tradeaux,clermont,0,896,0,0,plums,scania_streamline_6x4_top_480,trailer.scs_ins,trailer_def.scs.box.single_3.insulated,33,1,0
69786,_nameless.1de.1dff.ce30,te_logistica,firenze,lkwlog,venezia,1,252,0,0,stone_wool,mercedes_6x2_b,trailer.kasbhr_shg45,trailer_def.kassbohrer.scs.single_3_13.curtain,34,1,0
69786,_nameless.1de.1dff.e1b0,te_logistica,firenze,dans_jardin,porto_vecchi,0,667,840,1193,lumber,daf_xg_4x2_450,trailer.scs_flat_b,trailer_def.scs.flatbed.single_3.flatbed_w,3,1,0
69786,_nameless.1de.1dff.e280,transinet,bialystok,aerobalt,kaunas,0,318,0,0,post_packag,volvo_fh16_6x4_700,trailer.scs_dry_s,trailer_def.scs.box.single_3.dryvan,33,1,0
69786,_nameless.1de.1dff.e420,transinet,bialystok,nch,vilnius,1,281,0,0,coal,mercedes_4x2_c,trailer.scs_dumper,trailer_def.scs.dumper.single_3.steel,15,1,0
69786,_nameless.1de.1e03.b5a0,transinet,bialystok,blt,utena,2,382,0,0,polyst_box,mercedes_6x2_b,trailer.kasbhr_scs,trailer_def.kassbohrer.scs.single_3_13.curtain,34,1,0
69786,_nameless.1de.1e03.aa40,transinet,bialystok,shuttle,timisoara,1,1035,0,0,watermelons,daf_xf_euro6_6x2_a,trailer.scs_ins_a,trailer_def.scs.box.single_3.insulated,33,1,0
69786,_nameless.1de.1e03.aff0,sanbuild_cem,thessaloniki,balkan_loco,veli_tarnovo,2,567,0,0,stone_dust,daf_xd,trailer.scs_dumper,trailer_def.scs.dumper.single_3.steel,13,1,0
69786,_nameless.1de.1e03.c030,sanbuild_cem,thessaloniki,cemelt_fla,edirne,0,437,0,0,gravel,man_tgx_2020_4x2,trailer.scs_dumper,trailer_def.scs.dumper.single_3.steel,13,1,0
69786,_nameless.1de.1e03.c780,bhv,parnu,nordic_ports,trondheim,0,999,570,1270,car_balt2,scania_r_6x4_top_620,trailer.van_trans,trailer_def.car_balt2.van_trans,100,1,0
69786,_nameless.1de.1e03.d620,bhv,parnu,nch,riga,2,184,0,0,caravans,mercedes_actros_2014_4x2_c,trailer.truck_trans,trailer_def.caravans.truck_trans,100,1,0
69786,_nameless.1de.1e03.bcf0,dimitriou,athens,tras_med,bari,0,523,570,745,vans_id,man_tgx_2020_6x2,trailer.van_trans,trailer_def.vans_id.van_trans,100,1,0
69786,_nameless.1de.1e03.b740,dimitriou,athens,icaria,kalamata,0,267,0,0,vans_fd,renault_t_6x2,trailer.van_trans,trailer_def.vans_fd.van_trans,100,1,0
69786,_nameless.1de.1e03.b0c0,dimitriou,athens,icaria,mitilini,2,29,675,1308,motorcycles,iveco_4x2_c,trailer.kasbhr_shg45,trailer_def.kassbohrer.scs.single_3_13.curtain,34,1,0
69786,_nameless.1de.1e03.cc60,renar,skelleftea,ns_oil,ornskoldsvik,0,182,0,0,petrol,mercedes_4x2,trailer.scs_fueltank,trailer_def.scs.fueltank.single_3.fueltank,30,1,0
69786,_nameless.1de.1e03.d140,renar,skelleftea,norr_food,oslo,0,882,0,0,salt_spice_c,volvo_fh2024_4x2_780,trailer.krone.boxliner220,trailer_def.krone.boxliner.single_3_220.container,30,1,0
69786,_nameless.1de.1e03.c510,renar,skelleftea,renar,tampere,0,337,300,680,glass_packed,scania_s_2024e,trailer.gls_trailer,trailer_def.glass_packed.gls_trailer,100,1,0
69786,_nameless.1de.1e03.cb90,renar,skelleftea,norse_rail,rovaniemi,1,268,0,0,air_mails,mercedes_4x2,trailer.kasbhr_sbt,trailer_def.kassbohrer.sbt.single_3_13.dryvan,34,1,0
69786,_nameless.1de.1e03.b670,eliarchos,mitilini,brawen,bucuresti,0,608,730,1440,olives,renault_premium_6x4_a,trailer.dryliner17,trailer_def.krone.dryliner.single_3.dryvan,33,1,0
69786,_nameless.1de.1e03.bf60,eliarchos,mitilini,gnt,bastia,0,1127,2295,3287,food_oil_t,volvo_fh2024_6x2_500,trailer.ffb_tsalm32,trailer_def.feldbinder.tsalm.single_3_32.32_3_2,30,1,0
69786,_nameless.1de.1e03.c6b0,eliarchos,mitilini,transinet,debrecen,1,1108,730,1440,rye,volvo_fh2012_6x2_500,trailer.ffb_eut35,trailer_def.feldbinder.eut.single_3_35.silo_35_3p,35,1,0
69786,_nameless.1de.1e03.c5e0,sanbuilders,london,globeur,rennes,0,701,35,300,digger500,mercedes_4x2_a,trailer.kasbhr_sla,trailer_def.kassbohrer.sla.single_3_sh.lowbed,1,1,0
69786,_nameless.1de.1e03.bb50,sanbuilders,london,stokes,calais,1,123,91,384,large_cont,daf_xf_4x2_370,trailer.scs_lowbed_3,trailer_def.scs.lowbed.single_3.short,27,1,0
69786,_nameless.1de.1e03.c100,sanbuilders,london,globeur,bayonne,0,1208,35,300,mat_handler,"""heavy/scania_s2016_8x4_high_770""",trailer.scs_lowlow4e,trailer_def.scs.lowloader.single_4_ln.long,1,1,0
69786,_nameless.1de.1e03.b190,trameri,lille,lkwlog,amsterdam,1,306,0,0,empty_barr,scania_streamline_4x2_norm_380,trailer.profiliner17,trailer_def.krone.profiliner.single_3.curtain,33,1,0
69786,_nameless.1de.1e03.bc20,trameri,lille,cnp,tarragona,2,1496,0,0,hipresstank,daf_xf_euro6_6x2_a,trailer.scs_flat_b,trailer_def.scs.flatbed.single_3.flatbed_w,8,1,0
69786,_nameless.1de.1e03.b260,trameri,lille,tradeaux,dusseldorf,0,343,0,0,plast_pipes,daf_6x2_a,trailer.scs_flat_b,trailer_def.scs.flatbed.single_3.flatbed_w,4,1,0
69786,_nameless.1de.1e03.c2a0,batisse_base,rennes,tradeaux,nice,0,1257,0,0,jcb_pw125qe,mercedes_4x2_a,trailer.profilinehd,trailer_def.krone.profilinerhd.single_3.flatbed,24,1,0
69786,_nameless.1de.1e03.cfa0,slava,podgorica,slava,zagreb,2,784,0,0,car_balt1,iveco_6x2_a,trailer.car_trans,trailer_def.car_balt1.car_trans,100,1,0
69786,_nameless.1de.1e03.d7c0,ns_oil,kobenhavn,ns_oil,dresden,0,584,105,404,lpg_t,volvo_fh16_4x2_540,trailer.scs_gastank,trailer_def.scs.gastank.single_3.gastank,40,1,0
69786,_nameless.1de.1e03.b9b0,ns_oil,kobenhavn,norrsken,aalborg,2,369,0,0,petrol,scania_r2016_6x4_high_660,trailer.scs_fueltank,trailer_def.scs.fueltank.single_3.fueltank,30,1,0
69786,_nameless.1de.1e03.d210,ns_oil,kobenhavn,ns_oil,berlin,1,390,105,404,ethane,daf_xf_euro6_4x2_a,trailer.scs_gastank,trailer_def.scs.gastank.single_3.gastank,40,1,0
69786,_nameless.1de.1e03.c440,byggpro,ivalo,byggpro,kajaani,0,691,0,0,plumb_suppl,"""double/iveco_h_4x2_a""",trailer.scs_dry_b2,trailer_def.scs.box.bdouble_3_3.dryvan,52,1,0
69786,_nameless.1de.1e03.d2e0,byggpro,ivalo,byggpro,alta,1,274,0,0,marb_blck2,daf_xf_euro6_4x2_b,trailer.scs_flat_b,trailer_def.scs.flatbed.single_3.flatbed_w,2,1,0
69786,_nameless.1de.1e03.b8e0,byggpro,ivalo,sal_fi,kajaani,2,689,0,0,iron_pipes,scania_s2016_4x2_high_590,trailer.scs_log,trailer_def.scs.log.single_3.steel,28,1,0
69786,_nameless.1de.1e03.abe0,wilnet_trans,limoges,dans_jardin,bourges,0,276,0,0,emp_wine_bot,scania_r_4x2_norm_360,trailer.scs_curt,trailer_def.scs.box.single_3.curtain,33,1,0
69786,_nameless.1de.1e03.ab10,wilnet_trans,limoges,quarry,zurich,0,961,0,0,sq_tub,iveco_sway_4x2_580,trailer.profilinehd,trailer_def.krone.profilinerhd.single_3.flatbed,2,1,0
69786,_nameless.1de.1e03.d480,wilnet_trans,limoges,globeur,lehavre,1,645,0,0,cable_reel,"""heavy/volvo_fh2021_6x4_540""",trailer.scs_lowlowd4,trailer_def.scs.lowloader.single_4_sh.short,1,1,0
69786,_nameless.1de.1e03.cd30,wilnet_trans,limoges,rt_log,madrid,1,962,0,0,tractor,mercedes_4x2_b,trailer.kasbhr_slle,trailer_def.kassbohrer.sll.single_3_ln.low,1,1,0
69786,_nameless.1de.1e03.d550,wilnet_trans,limoges,wilnet_trans,porto_vecchi,1,611,840,1193,scooters,volvo_fh2012_4x2_420,trailer.scs_curt,trailer_def.scs.box.single_3.curtain,33,1,0
69786,_nameless.1de.1e03.b330,domdepo,edirne,adrica,split,0,1271,0,0,plastic_gra,man_tgx_2020_4x2,trailer.scs_silo,trailer_def.scs.silo.single_3_10.silo,17,1,0
69786,_nameless.1de.1e03.c1d0,domdepo,edirne,domdepo_ru,pleven,0,369,0,0,excav_soil,volvo_fh2024_6x2_500,trailer.scs_dumper,trailer_def.scs.dumper.single_3.steel,17,1,0
69786,_nameless.1de.1e03.d6f0,domdepo,edirne,te_logistica,sassari,1,1247,1410,1624,iron_pipes,scania_r2016_4x2_high_500,trailer.scs_log,trailer_def.scs.log.single_3.steel,28,1,0
69786,_nameless.1de.1e03.a8a0,scs_paper,salamanca,globeur,bayonne,1,562,0,0,empty_barr,scania_streamline_6x4_top_480,trailer.profiliner17,trailer_def.krone.profiliner.single_3.curtain,33,1,0
69786,_nameless.1de.1e03.ad80,scs_paper,salamanca,lisette_log,bordeaux,1,686,0,0,paper,scania_r2016_4x2_norm_370,trailer.scs_dry_s,trailer_def.scs.box.single_3.dryvan,33,1,0
69786,_nameless.1de.1e03.c920,scs_paper,salamanca,lavish_food,badajoz,1,340,0,0,empty_palet,volvo_fh2024_4x2_420,trailer.scs_curt,trailer_def.scs.box.single_3.curtain,33,1,0
69786,_nameless.1de.1e03.c9f0,scs_paper,salamanca,dans_jardin,montpellier,1,1090,0,0,emptytank,renault_t_4x2,trailer.scs_flat_b,trailer_def.scs.flatbed.single_3.flatbed_w,1,1,0
69786,_nameless.1de.1e03.c370,ateria,lahti,drekkar,umea,2,369,300,680,food_oil_t,volvo_fh2012_4x2_750,trailer.ffb_tsalm32,trailer_def.feldbinder.tsalm.single_3_32.32_3_2,30,1,0
69786,_nameless.1de.1e03.d070,sal,pescara,exomar,roma,2,258,0,0,exc_craw,"""heavy/man_tgx_euro6_8x4_xlx""",trailer.scs_lowlow2e,trailer_def.scs.lowloader.single_2_ln.long,1,1,0
69786,_nameless.1de.1e03.ce00,sal,pescara,tras_med,cagliari,1,273,840,879,corks,iveco_6x2_a,trailer.scs_curt_a,trailer_def.scs.box.single_3.curtain,33,1,0
69786,_nameless.1de.1e03.b400,sal,pescara,betunia,tirana,1,398,540,420,wooden_beams,scania_s2016_6x4_high_730,trailer.scs_log,trailer_def.scs.log.single_3.steel,2,1,0
69786,_nameless.1de.1e03.a7d0,renor,mo_i_rana,sanbuild_hms,skelleftea,0,416,0,0,jcb_dmphtd5e,scania_streamline_6x2_norm_440,trailer.scs_flat_b,trailer_def.scs.flatbed.single_3.flatbed_w,7,1,0
69786,_nameless.1de.1e03.a490,renor,mo_i_rana,norse_rail,rovaniemi,0,682,0,0,empty_palet,"""double/iveco_4x2_a""",trailer.scs_dry_2,trailer_def.scs.box.double_3_2.dryvan,52,1,0
69786,_nameless.1de.1e03.a560,norr_food,uppsala,gnt,ventspils,1,111,510,1110,used_plast,mercedes_4x2_c,trailer.kasbhr_shg45,trailer_def.kassbohrer.scs.single_3_13.curtain,34,1,0
69786,_nameless.1de.1e03.a970,fle,calvi,fle,montpellier,2,417,840,1193,air_mails,renault_premium_4x2_c,trailer.scs_dry_m,trailer_def.scs.box.single_3.dryvan_m,33,1,0
69786,_nameless.1de.1e03.acb0,fle,calvi,shuttle,vlore,0,649,1590,1654,large_cont,daf_4x2_b,trailer.scs_flat_b,trailer_def.scs.flatbed.single_3.flatbed_w,33,1,0
69786,_nameless.1de.1e03.af20,fle,calvi,fle,bastia,2,129,0,0,med_equip,scania_streamline_4x2_top_560,trailer.scs_curt_a,trailer_def.scs.box.single_3.curtain,33,1,0
69786,_nameless.1de.1e03.e9a0,syschema,kavala,cnp,taranto,1,638,570,745,lpg,mercedes_6x4_a,trailer.scs_gosck220,trailer_def.scs.gooseneck.singl_3e_220.container,80,1,0
69786,_nameless.1de.1e03.e590,syschema,kavala,lognstick,istanbul,2,344,0,0,forklifts,daf_xf_euro6_4x2_b,trailer.scs_lowbed41,trailer_def.scs.lowbed.single_41_ln.long,3,1,0
69786,_nameless.1de.1e04.03a0,eolo_lines,sangiovanni,villco,sarajevo,0,929,540,420,peas,scania_r2016_4x2_norm_370,trailer.profiliner17,trailer_def.krone.profiliner.single_3.curtain,33,1,0
69786,_nameless.1de.1e03.dca0,eolo_lines,sangiovanni,te_logistica,cagliari,1,223,740,1125,beans,scania_r_6x4_top_620,trailer.dryliner17,trailer_def.krone.dryliner.single_3.dryvan,33,1,0
69786,_nameless.1de.1e03.dd70,han_expo,hannover,polarislines,trelleborg,0,686,0,0,scaffoldings,"""double/man_tgx_2020""",trailer.scs_curt_b2,trailer_def.scs.box.bdouble_3_3.curtain,26,1,0
69786,_nameless.1de.1e03.d960,han_expo,hannover,lkwlog,calais,0,705,0,0,used_packag,scania_r2016_4x2_norm_370,trailer.dryliner17,trailer_def.krone.dryliner.single_3.dryvan,33,1,0
69786,_nameless.1de.1e03.edb0,nos_pat,bourges,tradeaux,clermont,0,235,0,0,kr_vpv190xc,volvo_fh16_4x2_420,trailer.kasbhr_slle,trailer_def.kassbohrer.sll.single_3_ln.low,1,1,0
69786,_nameless.1de.1e03.de40,nos_pat,bourges,trans_cab,valladolid,0,947,0,0,sheep_wool,renault_t_4x2h,trailer.scs_dry,trailer_def.scs.box.single_3.dryvan,33,1,0
69786,_nameless.1de.1e03.fb80,sal,sassari,betunia,vlore,0,505,1380,1299,wshavings,man_6x4_b,trailer.scs_dumper,trailer_def.scs.dumper.single_3.steel,27,1,0
69786,_nameless.1de.1e04.07b0,sal,sassari,te_logistica,messina,2,374,720,778,forwarder,"""heavy/scania_streamline_8x4_top_730""",trailer.scs_lowlow2e,trailer_def.scs.lowloader.single_2_ln.long,1,1,0
69786,_nameless.1de.1e04.0950,ika_bohag,clermont,fallow,zagreb,0,1457,0,0,pot_flowers,mercedes_actros_2014_4x2_c,trailer.scs_ref,trailer_def.scs.box.single_3.reefer,33,1,0
69786,_nameless.1de.1e03.ef50,ika_bohag,clermont,globeur,rennes,1,598,0,0,used_packag,scania_r_4x2_top_480,trailer.kasbhr_sbt,trailer_def.kassbohrer.sbt.single_3_13.dryvan,34,1,0
69786,_nameless.1de.1e04.06e0,ika_bohag,clermont,rt_log,sevilla,0,1570,0,0,empty_palet,renault_t_4x2h,trailer.scs_dry_m,trailer_def.scs.box.single_3.dryvan_m,33,1,0
69786,_nameless.1de.1e03.dfe0,suprema,tampere,drekkar,umea,0,318,300,680,used_plast_c,daf_xgp25_4x2_530,trailer.krone.boxliner40,trailer_def.krone.boxliner.single_3_40.container,30,1,0
69786,_nameless.1de.1e03.fdf0,suprema,tampere,drekkar,karlskrona,0,805,540,1170,used_packag,"""double/volvo_fh16_4x2_700""",trailer.scs_dry_b2,trailer_def.scs.box.bdouble_3_3.dryvan,52,1,0
69786,_nameless.1de.1e03.f0f0,suprema,tampere,drekkar,bergen,0,1366,540,1170,empty_palet,scania_r2016_6x2_high_460,trailer.dryliner17,trailer_def.krone.dryliner.single_3.dryvan,33,1,0
69786,_nameless.1de.1e03.f1c0,fcp,leipzig,transinet,sheffield,0,1408,35,300,vans_id,volvo_fh2024_4x2_780,trailer.van_trans,trailer_def.vans_id.van_trans,100,1,0
69786,_nameless.1de.1e03.e8d0,fcp,leipzig,dfh,nurnberg,1,298,0,0,cars_fr,man_4x2_c,trailer.car_trans,trailer_def.cars_fr.car_trans,100,1,0
69786,_nameless.1de.1e03.f9e0,fcp,leipzig,tradeaux,klagenfurt,0,754,0,0,used_packag,renault_t_4x2h,trailer.scs_dry_ms,trailer_def.scs.box.single_3.dryvan_m,33,1,0
69786,_nameless.1de.1e04.0610,fcp,leipzig,sanbuild_hms,mannheim,1,476,0,0,ter_forklift,mercedes_actros_2014_4x2_a,trailer.profilinehd,trailer_def.krone.profilinerhd.single_3.flatbed,2,1,0
69786,_nameless.1de.1e03.da30,fcp,leipzig,stokes,liege,1,643,0,0,caravans,volvo_fh2012_4x2_420,trailer.truck_trans,trailer_def.caravans.truck_trans,100,1,0
69786,_nameless.1de.1e03.fec0,fcp,leipzig,dunavia,osijek,0,965,0,0,car_ibe,man_tgx_euro6_4x2_xxl,trailer.car_trans,trailer_def.car_ibe.car_trans,100,1,0
69786,_nameless.1de.1e03.e660,nucleon,cernavoda,ttk_bg,varna,1,162,0,0,empty_palet,daf_xgp25_4x2_530,trailer.kasbhr_sbt,trailer_def.kassbohrer.sbt.single_3_13.dryvan,33,1,0
69786,_nameless.1de.1e03.d890,nucleon,cernavoda,eliarchos,kalamata,0,1561,0,0,volvo_bucket,renault_magnum_4x2_a,trailer.kasbhr_sll,trailer_def.kassbohrer.sll.single_3_sh.low,1,1,0
69786,_nameless.1de.1e03.db00,ttk_bg,varna,ns_oil,timisoara,1,780,0,0,fueltanker,scania_s2016_4x2_high_590,trailer.scs_gosck40,trailer_def.scs.gooseneck.singl_3e_40.container,80,1,0
69786,_nameless.1de.1e03.fab0,ttk_bg,varna,villco,nis,0,621,0,0,fish_chips,volvo_fh2021_4x2_420,trailer.coolliner17,trailer_def.krone.coolliner.single_3.reefer,33,1,0
69786,_nameless.1de.1e03.dbd0,renar,dombas,borealis,bodo,0,882,0,0,jcb_g100rs,volvo_fh2012_6x2_500,trailer.scs_flat_b,trailer_def.scs.flatbed.single_3.flatbed_w,4,1,0
69786,_nameless.1de.1e04.0a20,renar,dombas,nch,tallinn,0,806,570,1270,truck_rims_c,volvo_fh2021_6x2_540,trailer.scs_gosck220,trailer_def.scs.gooseneck.singl_3e_220.container,30,1,0
69786,_nameless.1de.1e03.f770,eurogoodies,reims,eurogoodies,dover,2,279,91,384,sugar,mercedes_4x2_c,trailer.scs_curt,trailer_def.scs.box.single_3.curtain,33,1,0
69786,_nameless.1de.1e03.e0b0,eurogoodies,reims,villco_mkt,zenica,2,1573,0,0,apples_c,volvo_fh2024_6x2_500,trailer.kasbhr_shg20,trailer_def.kassbohrer.shg.singl_3e_20.container,15,1,0
69786,_nameless.1de.1e03.e180,marina,oslo,renar,kristiansund,2,610,40,46,lux_yacht,daf_xf_euro6_4x2_c,trailer.scs_lowbed41,trailer_def.scs.lowbed.single_41_ln.long,1,1,0
69786,_nameless.1de.1e04.0540,vitas_pwr,esbjerg,tradeaux,dusseldorf,1,603,0,0,empty_spool,volvo_fh2012_4x2_420,trailer.scs_flat_b,trailer_def.scs.flatbed.single_3.flatbed_w,4,1,0
69786,_nameless.1de.1e04.0060,acc,taranto,fallow,podgorica,0,245,540,420,vent_tube,scania_s_2024e,trailer.profilinehd,trailer_def.krone.profilinerhd.single_3.flatbed,2,1,0
69786,_nameless.1de.1e03.f290,acc,taranto,icaria,athens,1,547,570,745,floorpanels,mercedes_actros_2014_4x2_b,trailer.panel_trans.floor,trailer_def.floorpanels.panel_trans.floor,82,1,0
69786,_nameless.1de.1e03.e3f0,acc,taranto,vesna_mill,bitola,1,355,540,420,emptytank,mercedes_4x2_b,trailer.profilinehd,trailer_def.krone.profilinerhd.single_3.flatbed,1,1,0
69786,_nameless.1de.1e03.ec10,acc,taranto,wgcc,strasbourg,0,1392,0,0,largetubes,iveco_sway_4x2_500,trailer.scs_log,trailer_def.scs.log.single_3.steel,6,1,0
69786,_nameless.1de.1e03.e800,trans_cab,santander,posped,birmingham,0,362,1080,1176,train_part,daf_xf_euro6_4x2_b,trailer.profilinehd,trailer_def.krone.profilinerhd.single_3.flatbed,4,1,0
69786,_nameless.1de.1e03.e320,trans_cab,santander,log_atlan,leon,0,393,0,0,plumb_suppl,scania_streamline_6x2_norm_440,trailer.scs_dry_s,trailer_def.scs.box.single_3.dryvan,33,1,0
69786,_nameless.1de.1e03.f430,trans_cab,santander,tradeaux,lyon,0,986,0,0,dryers,mercedes_actros_2014_6x2_a,trailer.scs_dry_m,trailer_def.scs.box.single_3.dryvan_m,33,1,0
69786,_nameless.1de.1e04.0130,konstnr_wind,skelleftea,polarislines,vaasa,1,168,300,680,empty_palet,renault_etech_t,trailer.kasbhr_scs,trailer_def.kassbohrer.scs.single_3_13.curtain,34,1,0
69786,_nameless.1de.1e03.e730,dulcis,pitesti,fallow,timisoara,2,527,0,0,used_packag,scania_s2016_6x4_high_730,trailer.kasbhr_scs,trailer_def.kassbohrer.scs.single_3_13.curtain,34,1,0
69786,_nameless.1de.1e03.f5d0,dulcis,pitesti,rt_log,nurnberg,1,1529,0,0,car_ibe,scania_s2016_4x2_high_590,trailer.car_trans,trailer_def.car_ibe.car_trans,100,1,0
69786,_nameless.1de.1e03.f500,dulcis,pitesti,balkan_loco,veli_tarnovo,2,314,0,0,car_balt1,mercedes_4x2,trailer.car_trans,trailer_def.car_balt1.car_trans,100,1,0
69786,_nameless.1de.1e03.f6a0,dulcis,pitesti,larus,novo_mesto,0,1067,0,0,scaffoldings,scania_r_4x2_top_480,trailer.scs_curt,trailer_def.scs.box.single_3.curtain,33,1,0
69786,_nameless.1de.1e03.f840,dulcis,pitesti,bhv,ruse,1,260,0,0,volvo_cars,daf_xf_euro6_4x2_a,trailer.car_trans,trailer_def.volvo_cars.car_trans,100,1,0
69786,_nameless.1de.1e03.f910,dulcis,pitesti,balkan_loco,edirne,1,607,0,0,car_gr,man_tgx_2020_6x2,trailer.car_trans,trailer_def.car_gr.car_trans,100,1,0
69786,_nameless.1de.1e04.02d0,drekkar,vaxjo,dfh,nurnberg,1,1092,105,404,asph_miller,"""heavy/scania_streamline_8x4_top_730""",trailer.scs_lowlow4e,trailer_def.scs.lowloader.single_4_ln.long,1,1,0
69786,_nameless.1de.1e04.1650,drekkar,vaxjo,tradeaux,olsztyn,2,319,630,790,mulcher,"""heavy/scania_s2016_6x4_high_730""",trailer.scs_lowlow2e,trailer_def.scs.lowloader.single_2_ln.long,1,1,0
69786,_nameless.1de.1e04.2420,drekkar,vaxjo,drekkar,linkoping,0,238,0,0,lux_yacht,volvo_fh2024_4x2_780,trailer.kasbhr_sla,trailer_def.kassbohrer.sla.single_3_sh.lowbed,1,1,0
69786,_nameless.1de.1e04.2830,drekkar,vaxjo,itcc,dusseldorf,0,1092,0,0,mat_handler,"""heavy/scania_s2016_8x4_high_770""",trailer.kasbhr_slle,trailer_def.kassbohrer.sll.single_3_ln.low,1,1,0
69786,_nameless.1de.1e04.36d0,drekkar,vaxjo,transinet,bialystok,2,580,630,790,vinegar_c,scania_r_6x4_top_620,trailer.krone.boxliner220,trailer_def.krone.boxliner.single_3_220.container,30,1,0
69786,_nameless.1de.1e04.3600,drekkar,vaxjo,nord_crown,kobenhavn,0,329,0,0,pasta,daf_xgp25_4x2_530,trailer.scs_curt_a,trailer_def.scs.box.single_3.curtain,33,1,0
69786,_nameless.1de.1e04.1da0,tdc_auto,tarragona,bhv,bastia,1,263,930,1182,car_it,volvo_fh2012_6x2_500,trailer.car_trans,trailer_def.car_it.car_trans,100,1,0
69786,_nameless.1de.1e04.0d60,tdc_auto,tarragona,transinet,munchen,0,1524,0,0,car_d,volvo_fh2021_4x2_750,trailer.car_trans,trailer_def.car_d.car_trans,100,1,0
69786,_nameless.1de.1e04.1580,tdc_auto,tarragona,tdc_auto,vigo,1,1035,0,0,car_gr,volvo_fh16_4x2_420,trailer.car_trans,trailer_def.car_gr.car_trans,100,1,0
69786,_nameless.1de.1e04.3460,cargotras,milano,lisette_log,larochelle,2,1246,0,0,cement,mercedes_4x2_c,trailer.ffb_kip60,trailer_def.feldbinder.kip.single_3_60.silo_60_3p,19,1,0
69786,_nameless.1de.1e04.2280,cargotras,milano,lkwlog,venezia,0,261,0,0,sandwch_pnls,scania_r2016_4x2_high_500,trailer.profiliner17,trailer_def.krone.profiliner.single_3.curtain,33,1,0
69786,_nameless.1de.1e04.3e20,cargotras,milano,tradeaux,lyon,1,539,0,0,salt_spice_c,volvo_fh2012_6x2_500,trailer.kasbhr_shg40,trailer_def.kassbohrer.shg.singl_3e_40.container,30,1,0
69786,_nameless.1de.1e04.2010,cargotras,milano,cargotras,livorno,2,319,0,0,jcb_th540180,scania_r2016_6x4_high_660,trailer.scs_lowlowd2,trailer_def.scs.lowloader.single_2_sh.short,1,1,0
69786,_nameless.1de.1e04.2eb0,cargotras,milano,stokes,calais,0,1115,0,0,jcb_mexc19ce,renault_premium_4x2_a,trailer.profilinehd,trailer_def.krone.profilinerhd.single_3.flatbed,3,1,0
69786,_nameless.1de.1e04.31f0,cargotras,milano,exomar,bologna,0,263,0,0,planter,volvo_fh16_6x4_700,trailer.scs_lowlow4e,trailer_def.scs.lowloader.single_4_ln.long,1,1,0
69786,_nameless.1de.1e04.1b30,polarislines,paldiski,eurogoodies,prague,0,1427,0,0,nuts,mercedes_4x2,trailer.scs_curt_a,trailer_def.scs.box.single_3.curtain,33,1,0
69786,_nameless.1de.1e04.3940,polarislines,paldiski,renar,vasteraas,0,161,570,1270,canned_pork,man_4x2_c,trailer.scs_ref,trailer_def.scs.box.single_3.reefer,31,1,0
69786,_nameless.1de.1e04.2f80,polarislines,paldiski,sellplan,rostock,0,1389,0,0,cont_trees,scania_r_6x2_high_500,trailer.scs_curt_s,trailer_def.scs.box.single_3.curtain,33,1,0
69786,_nameless.1de.1e04.0f00,agregados,valladolid,lkwlog,calais,0,1410,0,0,volvo_bucket,scania_r_6x4_top_620,trailer.scs_lowbed_3,trailer_def.scs.lowbed.single_3.short,1,1,0
69786,_nameless.1de.1e04.1e70,agregados,valladolid,rt_log,madrid,0,331,0,0,concr_cent,daf_xgp_4x2_530,trailer.scs_flat_b,trailer_def.scs.flatbed.single_3.flatbed_w,7,1,0
69786,_nameless.1de.1e04.3a10,agregados,valladolid,trans_cab,santander,0,304,0,0,concr_beams,"""heavy/renault_t_6x4""",trailer.scs_lowbed41,trailer_def.scs.lowbed.single_41_ln.long,1,1,0
69786,_nameless.1de.1e04.0e30,agregados,valladolid,huerta,murcia,0,781,0,0,emptytank,iveco_sway_4x2_500,trailer.profilinehd,trailer_def.krone.profilinerhd.single_3.flatbed,1,1,0
69786,_nameless.1de.1e04.0fd0,ms_stein,hamar,norrsken,falun,0,266,0,0,jcb_th540180,renault_t_4x2h,trailer.scs_lowbed41,trailer_def.scs.lowbed.single_41_ln.long,1,1,0
69786,_nameless.1de.1e04.18c0,ms_stein,hamar,mjolnir_min,karesuando,0,1270,0,0,watertank,volvo_fh16_4x2_420,trailer.profilinehd,trailer_def.krone.profilinerhd.single_3.flatbed,2,1,0
69786,_nameless.1de.1e04.3ae0,ortiz,valencia,quadrelli,catania,0,267,1557,1788,jcb_th540180,man_tgx_2020_4x2,trailer.kasbhr_slle,trailer_def.kassbohrer.sll.single_3_ln.low,1,1,0
69786,_nameless.1de.1e04.1310,ortiz,valencia,stokes,plymouth,2,692,1076,1172,vans_vt,mercedes_4x2,trailer.truck_trans,trailer_def.vans_vt.truck_trans,100,1,0
69786,_nameless.1de.1e04.1c00,euroacres,zurich,norrsken,malmo,0,1417,0,0,grass_rolls,scania_streamline_6x4_top_480,trailer.scs_dry,trailer_def.scs.box.single_3.dryvan,33,1,0
69786,_nameless.1de.1e04.3bb0,euroacres,zurich,app,zaragoza,0,1445,0,0,cont_trees,daf_xf_euro6_6x4_c,trailer.dryliner17,trailer_def.krone.dryliner.single_3.dryvan,33,1,0
69786,_nameless.1de.1e04.3050,euroacres,zurich,transinet,brussel,0,715,0,0,tomatoes,daf_xd_1,trailer.scs_ins,trailer_def.scs.box.single_3.insulated,33,1,0
69786,_nameless.1de.1e04.1f40,marina,parnu,norrsken,falun,0,378,570,1270,yacht,renault_t_4x2,trailer.scs_lowbed_3,trailer_def.scs.lowbed.single_3.short,1,1,0
69786,_nameless.1de.1e04.1cd0,quarry,prague,ms_stein,stavanger,0,1408,195,1052,mob_crusher,"""heavy/man_6x4""",trailer.scs_lowbed_4,trailer_def.scs.lowbed.single_4_sh.short,1,1,0
69786,_nameless.1de.1e04.24f0,quarry,prague,rt_log,hamburg,1,699,0,0,crawler,"""heavy/scania_r_6x4_top_730""",trailer.kasbhr_sla,trailer_def.kassbohrer.sla.single_3_sh.lowbed,1,1,0
69786,_nameless.1de.1e04.21b0,quarry,prague,sanbuild_bas,leipzig,2,293,0,0,digger500,daf_4x2_b,trailer.scs_lowlowd2,trailer_def.scs.lowloader.single_2_sh.short,1,1,0
69786,_nameless.1de.1e04.10a0,suprema,kaunas,dfh,rostock,1,1040,0,0,used_plast_c,mercedes_4x2,trailer.scs_gosck40,trailer_def.scs.gooseneck.singl_3e_40.container,30,1,0
69786,_nameless.1de.1e04.2900,suprema,kaunas,renar,arvidsjaur,0,1083,510,1110,used_plast,scania_r2016_6x4_high_660,trailer.scs_dry_ms,trailer_def.scs.box.single_3.dryvan_m,33,1,0
69786,_nameless.1de.1e04.20e0,suprema,kaunas,gnt,ventspils,0,365,0,0,used_packag,scania_streamline_6x4_top_480,trailer.kasbhr_sbt,trailer_def.kassbohrer.sbt.single_3_13.dryvan,34,1,0
69786,_nameless.1de.1e04.1990,spinelli,cassino,icaria,heraklion,1,865,1110,1505,used_packag,daf_4x2_a,trailer.scs_dry_m,trailer_def.scs.box.single_3.dryvan_m,33,1,0
69786,_nameless.1de.1e04.2350,spinelli,cassino,vesna,bihac,2,1263,0,0,ter_forklift,scania_streamline_4x2_top_560,trailer.profilinehd,trailer_def.krone.profilinerhd.single_3.flatbed,2,1,0
69786,_nameless.1de.1e04.3c80,spinelli,cassino,fallow,vlore,0,466,540,420,moto_tires,daf_6x2_a,trailer.krone.boxliner40,trailer_def.krone.boxliner.single_3_40.container,30,1,0
69786,_nameless.1de.1e04.1a60,ai,skopje,piac,kragujevac,0,351,0,0,radiators,man_tgx_2020_4x2,trailer.scs_curt_s,trailer_def.scs.box.single_3.curtain,33,1,0
69786,_nameless.1de.1e04.25c0,ai,skopje,trainfoundry,karlovo,0,381,0,0,electronics,volvo_fh16_4x2_420,trailer.kasbhr_scs,trailer_def.kassbohrer.scs.single_3_13.curtain,34,1,0
69786,_nameless.1de.1e04.29d0,ai,skopje,tesore_gust,napoli,1,649,540,420,ter_forklift,scania_r2016_6x4_high_660,trailer.scs_flat_b,trailer_def.scs.flatbed.single_3.flatbed_w,2,1,0
69786,_nameless.1de.1e04.3d50,gnt,jonkoping,konstnr_hs,helsingborg,1,205,0,0,roof_tiles,volvo_fh16_6x4_700,trailer.scs_curt_s,trailer_def.scs.box.single_3.curtain,32,1,0
69786,_nameless.1de.1e04.2aa0,gnt,jonkoping,ukko,olkiluoto,0,517,540,1170,backfl_prev,mercedes_6x2_b,trailer.scs_dry_m,trailer_def.scs.box.single_3.dryvan_m,33,1,0
69786,_nameless.1de.1e04.1170,gnt,jonkoping,tradeaux,prague,0,1047,105,404,furniture,daf_xf_euro6_4x2_a,trailer.scs_dry_s,trailer_def.scs.box.single_3.dryvan,33,1,0
69786,_nameless.1de.1e04.2760,baltomors_ru,luga,nordic_ports,tornio,0,1094,0,0,lumber,scania_streamline_6x2_norm_440,trailer.scs_flat_b,trailer_def.scs.flatbed.single_3.flatbed_w,3,1,0
69786,_nameless.1de.1e04.3120,baltomors_ru,luga,onnelik,narva,1,201,0,0,wood_bark,iveco_4x2_a,trailer.scs_dumper,trailer_def.scs.dumper.single_3.steel,27,1,0
69786,_nameless.1de.1e04.1240,baltomors_ru,luga,renar,tallinn,0,397,0,0,logs,scania_r_4x2_top_480,trailer.scs_log,trailer_def.scs.log.single_3.steel,32,1,0
69786,_nameless.1de.1e04.2c40,granoro,magdeburg,dfh,rostock,1,322,0,0,pet_food,mercedes_actros_2014_4x2_c,trailer.scs_dry_ms,trailer_def.scs.box.single_3.dryvan_m,33,1,0
69786,_nameless.1de.1e04.2d10,granoro,magdeburg,gnt,daugavpils,0,1222,0,0,vinegar,renault_magnum_6x2_a,trailer.kasbhr_sbt,trailer_def.kassbohrer.sbt.single_3_13.dryvan,34,1,0
69786,_nameless.1de.1e04.2de0,granoro,magdeburg,eurogoodies,lublin,0,698,0,0,food_oil_t,volvo_fh2012_4x2_750,trailer.ffb_tsalm32,trailer_def.feldbinder.tsalm.single_3_32.32_3_2,25,1,0
69786,_nameless.1de.1e04.32c0,granoro,magdeburg,sellplan,olsztyn,0,645,0,0,olive_oil,mercedes_actros_2014_4x2_b,trailer.scs_dry_ms,trailer_def.scs.box.single_3.dryvan_m,33,1,0
69786,_nameless.1de.1e04.13e0,bcp,gdansk,drekkar,linkoping,0,362,630,790,used_packag,mercedes_6x2_b,trailer.scs_curt,trailer_def.scs.box.single_3.curtain,33,1,0
69786,_nameless.1de.1e04.3390,bcp,gdansk,drekkar,malmo,0,292,630,790,vans_id,scania_r2016_6x4_high_660,trailer.van_trans,trailer_def.vans_id.van_trans,100,1,0
69786,_nameless.1de.1e04.3530,ns_chem,pori,renar,arvidsjaur,0,444,300,680,boric_acid,daf_xd,trailer.scs_dry_a,trailer_def.scs.box.single_3.dryvan,33,1,0
69786,_nameless.1de.1e04.6110,ns_chem,pori,ns_chem,riga,0,593,150,430,cyanide,volvo_fh16_6x4_700,trailer.krone.boxliner40,trailer_def.krone.boxliner.single_3_40.container,80,1,0
69786,_nameless.1de.1e04.5000,ns_chem,pori,nbfc,liverpool,2,1437,1680,2484,nitrogen,volvo_fh16_4x2_540,trailer.kasbhr_shg40,trailer_def.kassbohrer.shg.singl_3e_40.container,80,1,0
69786,_nameless.1de.1e04.6450,bhv,stockholm,nch,tallinn,1,225,570,1270,volvo_cars,scania_r_6x2_high_500,trailer.car_trans,trailer_def.volvo_cars.car_trans,100,1,0
69786,_nameless.1de.1e04.6930,sag_tre_pln,steinkjer,renor,kobenhavn,1,1296,0,0,furniture,"""double/iveco_sway_4x2_580""",trailer.scs_curt_b2,trailer_def.scs.box.bdouble_3_3.curtain,52,1,0
69786,_nameless.1de.1e04.6860,sag_tre_pln,steinkjer,drekkar,aarhus,1,1189,195,677,crawler,"""heavy/volvo_fh16_6x4_750""",trailer.scs_lowlow4e,trailer_def.scs.lowloader.single_4_ln.long,1,1,0
69786,_nameless.1de.1e04.6a00,sag_tre_pln,steinkjer,renor,kristiansund,2,348,25,36,ter_forklift,renault_premium_4x2_c,trailer.profilinehd,trailer_def.krone.profilinerhd.single_3.flatbed,2,1,0
69786,_nameless.1de.1e04.4e60,sag_tre_pln,steinkjer,blt_yacht,tallinn,2,902,570,1270,empty_spool,daf_xd25,trailer.profilinehd,trailer_def.krone.profilinerhd.single_3.flatbed,4,1,0
69786,_nameless.1de.1e04.5d00,quadrelli,bari,adrica,split,0,516,600,315,vol_ew240emh,"""heavy/daf_xgp_4x2_530""",trailer.kasbhr_slle,trailer_def.kassbohrer.sll.single_3_ln.low,1,1,0
69786,_nameless.1de.1e04.6ad0,quadrelli,bari,christopoulo,heraklion,1,534,1110,1505,stone_dust,man_tgx_2020_4x2,trailer.ffb_eut35,trailer_def.feldbinder.eut.single_3_35.silo_35_3p,17,1,0
69786,_nameless.1de.1e04.5410,st_roza_bg,burgas,fallow,istanbul,0,325,0,0,cement,scania_r_6x4_top_620,trailer.scs_silo,trailer_def.scs.silo.single_3_10.silo,15,1,0
69786,_nameless.1de.1e04.4d90,st_roza_bg,burgas,balkan_loco,sarajevo,2,866,0,0,concr_beams2,volvo_fh2024_6x2_500,trailer.profilinehd,trailer_def.krone.profilinerhd.single_3.flatbed,2,1,0
69786,_nameless.1de.1e04.4090,st_roza_bg,burgas,balkan_loco,ruse,2,287,0,0,largetubes,scania_r2016_6x2_high_460,trailer.scs_log,trailer_def.scs.log.single_3.steel,6,1,0
69786,_nameless.1de.1e04.50d0,ns_oil,sundsvall,bltmetal,pori,2,398,300,680,kerosene,renault_t_4x2,trailer.willig.fuel_cistern,trailer_def.scs.fueltank.single_3.fueltank,30,1,0
69786,_nameless.1de.1e04.5820,ns_oil,sundsvall,tree_et,leipzig,0,1554,105,404,ethane,scania_r2016_4x2_norm_370,trailer.scs_gastank,trailer_def.scs.gastank.single_3.gastank,40,1,0
69786,_nameless.1de.1e04.4570,ns_oil,sundsvall,ns_oil,kokkola,1,256,300,680,lpg,volvo_fh2024_4x2_780,trailer.kasbhr_shg40,trailer_def.kassbohrer.shg.singl_3e_40.container,80,1,0
69786,_nameless.1de.1e04.4640,ns_oil,sundsvall,bltmetal,pori,1,398,300,680,motor_oil,iveco_6x2_a,trailer.scs_curt,trailer_def.scs.box.single_3.curtain,33,1,0
69786,_nameless.1de.1e04.4a50,ika_bohag,bologna,shuttle,ioannina,1,762,570,745,empty_palet,volvo_fh2021_4x2_750,trailer.kasbhr_sbt,trailer_def.kassbohrer.sbt.single_3_13.dryvan,34,1,0
69786,_nameless.1de.1e04.48b0,ika_bohag,bologna,tras_med,genova,0,320,0,0,pot_flowers,mercedes_actros_2014_4x2_a,trailer.coolliner17,trailer_def.krone.coolliner.single_3.reefer,33,1,0
69786,_nameless.1de.1e04.47e0,trameri,joensuu,norrsken,karlstad,1,910,540,1170,chimney_syst,volvo_fh2012_4x2_750,trailer.profiliner17,trailer_def.krone.profiliner.single_3.curtain,33,1,0
69786,_nameless.1de.1e04.5680,trameri,joensuu,renar,arvidsjaur,1,662,0,0,roof_tiles,daf_xd_2,trailer.scs_dry_s,trailer_def.scs.box.single_3.dryvan,32,1,0
69786,_nameless.1de.1e04.4b20,trameri,joensuu,suprema,kuusamo,2,384,0,0,plast_film,daf_xgp25_4x2_530,trailer.scs_curt_s,trailer_def.scs.box.single_3.curtain,33,1,0
69786,_nameless.1de.1e04.5dd0,trameri,joensuu,skog_paper,sundsvall,1,656,300,680,aircond,scania_streamline_6x2_norm_440,trailer.scs_lowlow2e,trailer_def.scs.lowloader.single_2_ln.long,5,1,0
69786,_nameless.1de.1e04.54e0,lintukainen,tallinn,renar,tornio,1,779,150,430,mulcher,"""heavy/iveco_6x4""",trailer.scs_lowlowd2,trailer_def.scs.lowloader.single_2_sh.short,1,1,0
69786,_nameless.1de.1e04.4980,lintukainen,tallinn,nch,kouvola,0,316,150,430,wooden_beams,volvo_fh16_4x2_540,trailer.scs_log,trailer_def.scs.log.single_3.steel,2,1,0
69786,_nameless.1de.1e04.51a0,rock_eater,burgas,balkan_loco,ruse,0,310,0,0,digger500,renault_magnum_6x2_a,trailer.scs_lowbed_4,trailer_def.scs.lowbed.single_4_sh.short,1,1,0
69786,_nameless.1de.1e04.5750,rock_eater,burgas,rock_eater,constanta,2,273,0,0,volvo_a25g,"""heavy/scania_r_6x4_top_730""",trailer.scs_lowbed_4,trailer_def.scs.lowbed.single_4_sh.short,1,1,0
69786,_nameless.1de.1e04.6ba0,rock_eater,burgas,stokes,wien,0,1399,0,0,tracks,volvo_fh2024_4x2_780,trailer.kasbhr_sla,trailer_def.kassbohrer.sla.single_3_sh.lowbed,1,1,0
69786,_nameless.1de.1e04.4f30,rock_eater,burgas,posped,katowice,1,1557,0,0,empty_barr,daf_xf_euro6_6x4_c,trailer.scs_dry_ms,trailer_def.scs.box.single_3.dryvan_m,33,1,0
69786,_nameless.1de.1e04.6d40,itcc,osnabruck,lisette_log,lemans,0,866,0,0,metal_beams,daf_xf_euro6_4x2_b,trailer.profilinehd,trailer_def.krone.profilinerhd.single_3.flatbed,1,1,0
69786,_nameless.1de.1e04.6e10,itcc,osnabruck,fle,dusseldorf,2,163,0,0,empty_spool,daf_xd_1,trailer.scs_lowbed_4,trailer_def.scs.lowbed.single_4_sh.short,3,1,0
69786,_nameless.1de.1e04.6ee0,itcc,osnabruck,lisette_log,bordeaux,1,1390,0,0,largetubes,iveco_sway_4x2_580,trailer.scs_log,trailer_def.scs.log.single_3.steel,6,1,0
69786,_nameless.1de.1e04.4bf0,cont_port_it,livorno,nbfc,calais,0,1363,0,0,arsenic,daf_xgp_4x2_530,trailer.krone.boxliner20,trailer_def.krone.boxliner.single_3.container,40,1,0
69786,_nameless.1de.1e04.5270,cont_port_it,livorno,cargotras,milano,0,319,0,0,truck_rims_c,daf_xd_2,trailer.krone.boxliner40,trailer_def.krone.boxliner.single_3_40.container,30,1,0
69786,_nameless.1de.1e04.5340,cont_port_it,livorno,villco,nis,2,1488,0,0,salt_spice_c,volvo_fh2024_4x2_780,trailer.kasbhr_shg40,trailer_def.kassbohrer.shg.singl_3e_40.container,30,1,0
69786,_nameless.1de.1e04.62b0,dfh,rostock,stokes,amsterdam,2,636,0,0,concr_stair,volvo_fh2012_6x2_500,trailer.profilinehd,trailer_def.krone.profilinerhd.single_3.flatbed,3,1,0
69786,_nameless.1de.1e04.5ea0,dfh,rostock,drekkar,karlskrona,2,383,105,404,largetubes,volvo_fh16_6x4_700,trailer.scs_log,trailer_def.scs.log.single_3.steel,6,1,0
69786,_nameless.1de.1e04.4160,ns_oil,istanbul,itcc,ljubljana,1,1509,0,0,lpg_t,iveco_4x2_c,trailer.scs_gastank,trailer_def.scs.gastank.single_3.gastank,40,1,0
69786,_nameless.1de.1e04.6520,ns_oil,istanbul,st_roza_bg,burgas,1,322,0,0,oil,volvo_fh2024_4x2_780,trailer.scs_fueltank,trailer_def.scs.fueltank.single_3.fueltank,28,1,0
69786,_nameless.1de.1e04.6380,ns_oil,istanbul,balkan_loco,edirne,1,196,0,0,ethane,volvo_fh2012_4x2_750,trailer.scs_gastank,trailer_def.scs.gastank.single_3.gastank,40,1,0
69786,_nameless.1de.1e04.66c0,ns_oil,istanbul,rock_eater,burgas,0,346,0,0,motor_oil,scania_r_6x4_top_620,trailer.scs_dry_s,trailer_def.scs.box.single_3.dryvan,33,1,0
69786,_nameless.1de.1e04.65f0,shuttle,cordoba,comoto,madrid,0,381,0,0,ter_forklift,volvo_fh2021_4x2_420,trailer.scs_flat_b,trailer_def.scs.flatbed.single_3.flatbed_w,2,1,0
69786,_nameless.1de.1e04.4300,shuttle,cordoba,rt_log,madrid,0,348,0,0,beverages_c,volvo_fh2012_4x2_420,trailer.scs_gosck220,trailer_def.scs.gooseneck.singl_3e_220.container,30,1,0
69786,_nameless.1de.1e04.43d0,shuttle,cordoba,eolo_lines,huelva,1,316,0,0,used_packag,mercedes_actros_2014_4x2_c,trailer.scs_curt_a,trailer_def.scs.box.single_3.curtain,33,1,0
69786,_nameless.1de.1e04.4710,shuttle,cordoba,log_atlan,albacete,0,388,0,0,nonalco_beer,volvo_fh2021_6x2_540,trailer.scs_dry_s,trailer_def.scs.box.single_3.dryvan,33,1,0
69786,_nameless.1de.1e04.59c0,domdepo,burgos,comoto,madrid,2,266,0,0,mtl_coil,volvo_fh2024_4x2_780,trailer.profilinehd,trailer_def.krone.profilinerhd.single_3.flatbed,2,1,0
69786,_nameless.1de.1e04.5a90,domdepo,burgos,nos_pat,salamanca,1,364,0,0,outdr_flr_tl,daf_xf_euro6_6x2_a,trailer.kasbhr_scs,trailer_def.kassbohrer.scs.single_3_13.curtain,32,1,0
69786,_nameless.1de.1e03.92b0,domdepo,burgos,nos_pat,clermont,1,830,0,0,wooden_beams,daf_xd_2,trailer.profilinehd,trailer_def.krone.profilinerhd.single_3.flatbed,2,1,0
69786,_nameless.1de.1e03.8820,domdepo,burgos,trans_cab,murcia,0,659,0,0,sandwch_pnls,"""double/iveco_h_4x2_a""",trailer.scs_dry_2,trailer_def.scs.box.double_3_2.dryvan,52,1,0
69786,_nameless.1de.1e03.9ba0,domdepo,burgos,app,gijon,1,369,0,0,iron_pipes,scania_s2016_6x4_high_730,trailer.scs_log,trailer_def.scs.log.single_3.steel,28,1,0
69786,_nameless.1de.1e03.80d0,renar,steinkjer,bhv,linkoping,1,984,0,0,volvo_cars,scania_r2016_6x4_high_660,trailer.car_trans,trailer_def.volvo_cars.car_trans,100,1,0
69786,_nameless.1de.1e03.7f30,renar,steinkjer,bjork,sundsvall,2,475,0,0,log_harvest,"""heavy/renault_6x4""",trailer.scs_lowlow2e,trailer_def.scs.lowloader.single_2_ln.long,1,1,0
69786,_nameless.1de.1e03.a3c0,renar,steinkjer,sal_fi,joensuu,2,1328,0,0,fresh_fish,scania_r2016_4x2_high_500,trailer.scs_ref_a,trailer_def.scs.box.single_3.reefer,33,1,0
69786,_nameless.1de.1e03.9ee0,renar,steinkjer,kathode,narvik,0,766,30,45,hi_volt_cabl,man_4x2_c,trailer.kasbhr_shg45,trailer_def.kassbohrer.scs.single_3_13.curtain,34,1,0
69786,_nameless.1de.1e03.8270,bhv,falun,stokes,poznan,0,1357,105,404,caravans,man_tgx_euro6_6x4_xlx,trailer.truck_trans,trailer_def.caravans.truck_trans,100,1,0
69786,_nameless.1de.1e03.85b0,bhv,falun,nordic_ports,ornskoldsvik,1,315,0,0,vans_id,volvo_fh2024_6x2_500,trailer.van_trans,trailer_def.vans_id.van_trans,100,1,0
69786,_nameless.1de.1e03.88f0,norrsken,karlskrona,posped,warszawa,2,347,630,790,moto_tires,daf_xg_4x2_450,trailer.kasbhr_shg40,trailer_def.kassbohrer.shg.singl_3e_40.container,30,1,0
69786,_nameless.1de.1e03.7a50,norrsken,karlskrona,posped,lodz,2,369,630,790,emp_wine_bar,man_6x4_b,trailer.scs_dry,trailer_def.scs.box.single_3.dryvan,33,1,0
69786,_nameless.1de.1e03.8f70,norrsken,karlskrona,tradeaux,grimsby,2,723,1140,1314,post_packag,scania_s2016_6x4_high_730,trailer.kasbhr_scs,trailer_def.kassbohrer.scs.single_3_13.curtain,34,1,0
69786,_nameless.1de.1e03.7bf0,norrsken,karlskrona,dfh,nurnberg,1,1092,105,404,used_plast_c,mercedes_actros_2014_6x4_b,trailer.krone.boxliner20,trailer_def.krone.boxliner.single_3.container,15,1,0
69786,_nameless.1de.1e03.7cc0,villco_mkt,novi_sad,eolo_lines,palermo,2,1381,560,767,used_plast,daf_6x2_a,trailer.scs_dry_m,trailer_def.scs.box.single_3.dryvan_m,33,1,0
69786,_nameless.1de.1e03.9e10,villco_mkt,novi_sad,tradeaux,budapest,0,241,0,0,used_plast_c,man_6x4_b,trailer.krone.boxliner40,trailer_def.krone.boxliner.single_3_40.container,30,1,0
69786,_nameless.1de.1e03.8750,villco_mkt,novi_sad,eolo_lines,sangiovanni,2,1170,540,420,empty_palet,daf_xf_euro6_4x2_a,trailer.scs_dry,trailer_def.scs.box.single_3.dryvan,33,1,0
69786,_nameless.1de.1e03.8b60,villco_mkt,novi_sad,ttk_bg,sofia,0,517,0,0,used_packag,scania_streamline_4x2_norm_380,trailer.scs_dry_m,trailer_def.scs.box.single_3.dryvan_m,33,1,0
69786,_nameless.1de.1e03.a2f0,nord_sten,linkoping,drekkar,uppsala,0,298,0,0,mob_stacker,"""heavy/renault_t_6x4""",trailer.scs_lowlow4e,trailer_def.scs.lowloader.single_4_ln.long,1,1,0
69786,_nameless.1de.1e03.7b20,nord_sten,linkoping,sal_fi,kuopio,1,756,540,1170,jcb_pw125qe,man_4x2_c,trailer.profilinehd,trailer_def.krone.profilinerhd.single_3.flatbed,24,1,0
69786,_nameless.1de.1e03.9790,nord_sten,linkoping,bltmetal,tallinn,0,362,570,1270,ore,scania_streamline_6x2_norm_440,trailer.scs_dumper,trailer_def.scs.dumper.single_3.steel,12,1,0
69786,_nameless.1de.1e03.84e0,lavish_food,murcia,ts_atlas,valencia,1,280,0,0,vinegar_c,renault_premium_6x4_a,trailer.krone.boxliner40,trailer_def.krone.boxliner.single_3_40.container,30,1,0
69786,_nameless.1de.1e03.7d90,lavish_food,murcia,stokes,plymouth,0,871,1076,1172,cott_cheese,mercedes_6x4_a,trailer.scs_ins_a,trailer_def.scs.box.single_3.insulated,33,1,0
69786,_nameless.1de.1e03.8410,quarry,reims,lkwlog,duisburg,2,373,0,0,jcb_th540180,mercedes_4x2,trailer.scs_lowbed_4,trailer_def.scs.lowbed.single_4_sh.short,1,1,0
69786,_nameless.1de.1e03.9380,quarry,reims,sanbuild_bas,koln,2,312,0,0,sand,volvo_fh2012_4x2_750,trailer.ffb_eut35,trailer_def.feldbinder.eut.single_3_35.silo_35_3p,17,1,0
69786,_nameless.1de.1e03.a080,quarry,reims,euroacres,reims,2,93,0,0,hipresstank,scania_r_4x2_norm_360,trailer.scs_flat_b,trailer_def.scs.flatbed.single_3.flatbed_w,8,1,0
69786,_nameless.1de.1e03.8680,quarry,reims,lkwlog,nurnberg,1,597,0,0,jcb_dmphtd5e,daf_xf_euro6_6x4_c,trailer.scs_flat_b,trailer_def.scs.flatbed.single_3.flatbed_w,7,1,0
69786,_nameless.1de.1e03.7230,ateria,oulu,polarislines,helsinki,1,657,0,0,soy_milk,scania_streamline_4x2_top_560,trailer.scs_dry_ms,trailer_def.scs.box.single_3.dryvan_m,33,1,0
69786,_nameless.1de.1e03.89c0,ateria,oulu,rosmark_ru,kaliningrad,1,1406,150,430,large_cont,volvo_fh2012_4x2_750,trailer.scs_flat_b,trailer_def.scs.flatbed.single_3.flatbed_w,33,1,0
69786,_nameless.1de.1e03.8a90,fle,nis,baltrak,istanbul,0,660,0,0,frsh_herbs,renault_premium_4x2_a,trailer.scs_ins_a,trailer_def.scs.box.single_3.insulated,33,1,0
69786,_nameless.1de.1e03.9520,fle,nis,transinet,debrecen,2,669,0,0,cut_flowers,volvo_fh2021_6x2_540,trailer.scs_ref_s,trailer_def.scs.box.single_3.reefer,33,1,0
69786,_nameless.1de.1e03.a220,fle,nis,kaarfor,ruse,2,398,0,0,apples_c,man_tgx_2020_4x2,trailer.kasbhr_shg20,trailer_def.kassbohrer.shg.singl_3e_20.container,15,1,0
69786,_nameless.1de.1e03.7e60,fle,nis,brawen,bucuresti,0,536,0,0,fresh_fish,daf_4x2_b,trailer.scs_ref_a,trailer_def.scs.box.single_3.reefer,33,1,0
69786,_nameless.1de.1e03.91e0,posped,lodz,norrsken,stockholm,2,1401,105,404,jcb_dmphtd5e,scania_s2016_4x2_high_590,trailer.profilinehd,trailer_def.krone.profilinerhd.single_3.flatbed,7,1,0
69786,_nameless.1de.1e03.9860,posped,lodz,norr_food,odense,1,843,105,404,aircond,volvo_fh2024_4x2_780,trailer.scs_lowlow4e,trailer_def.scs.lowloader.single_4_ln.long,2,1,0
69786,_nameless.1de.1e03.7090,posped,lodz,tree_et,salzburg,2,999,0,0,vol_ew240emh,"""heavy/renault_6x4""",trailer.scs_lowbed_3,trailer_def.scs.lowbed.single_3.short,1,1,0
69786,_nameless.1de.1e03.95f0,bhv,vilnius,gnt,uppsala,0,560,510,1110,volvo_cars,mercedes_actros_2014_4x2_c,trailer.car_trans,trailer_def.volvo_cars.car_trans,100,1,0
69786,_nameless.1de.1e03.9ad0,bhv,vilnius,nordic_ports,tornio,0,1294,150,430,car_balt2,iveco_4x2_b,trailer.van_trans,trailer_def.car_balt2.van_trans,100,1,0
69786,_nameless.1de.1e03.7160,blt_ru,pskov,polarislines,kapellskar,0,344,570,1270,used_packag,scania_r_6x4_top_620,trailer.drylineret,trailer_def.krone.edryliner.single_3.dryvan,33,1,0
69786,_nameless.1de.1e03.74a0,blt_ru,pskov,sal_fi,kuopio,0,862,0,0,driller,volvo_fh2024_4x2_420,trailer.scs_lowbed41,trailer_def.scs.lowbed.single_41_ln.long,1,1,0
69786,_nameless.1de.1e03.8d00,blt_ru,pskov,renor,ornskoldsvik,2,831,570,1270,sawpanels,daf_4x2_b,trailer.kasbhr_scs,trailer_def.kassbohrer.scs.single_3_13.curtain,34,1,0
69786,_nameless.1de.1e03.96c0,mjolnir_min,joensuu,fjoste,kajaani,2,183,0,0,sand,volvo_fh2024_4x2_780,trailer.scs_silo,trailer_def.scs.silo.single_3_10.silo,18,1,0
69786,_nameless.1de.1e03.7300,mjolnir_min,joensuu,renar,lahti,0,362,0,0,volvo_bucket,daf_xf_euro6_4x2_c,trailer.scs_lowlow4e,trailer_def.scs.lowloader.single_4_ln.long,1,1,0
69786,_nameless.1de.1e03.8dd0,mjolnir_min,joensuu,sal_fi,oulu,2,316,0,0,volvo_a25g,"""heavy/volvo_fh2012_8x4_700""",trailer.kasbhr_sla,trailer_def.kassbohrer.sla.single_3_sh.lowbed,1,1,0
69786,_nameless.1de.1e03.8ea0,agrominta_a,utena,eurogoodies,dortmund,0,1484,0,0,chicken_meat,man_4x2_a,trailer.scs_ref,trailer_def.scs.box.single_3.reefer,33,1,0
69786,_nameless.1de.1e03.9040,agrominta_a,utena,rosmark,liepaja,1,389,0,0,cott_cheese,scania_streamline_4x2_top_560,trailer.scs_ref_s,trailer_def.scs.box.single_3.reefer,33,1,0
69786,_nameless.1de.1e03.9930,agrominta_a,utena,balkan_loco,ljubljana,1,1556,0,0,disc_harrows,volvo_fh2021_6x2_540,trailer.scs_lowlowd4,trailer_def.scs.lowloader.single_4_sh.short,1,1,0
69786,_nameless.1de.1e03.9a00,agrominta_a,utena,lkwlog,kosice,0,954,0,0,jcb_ft4220,daf_6x2_a,trailer.kasbhr_slle,trailer_def.kassbohrer.sll.single_3_ln.low,1,1,0
69786,_nameless.1de.1e03.9c70,dfh,hamburg,transinet,frankfurt,0,456,0,0,transformat,"""heavy/man_tgx_2020_8x4""",trailer.scs_lowlow4e,trailer_def.scs.lowloader.single_4_ln.long,1,1,0
69786,_nameless.1de.1e03.73d0,dfh,hamburg,steinbr_str,erfurt,2,354,0,0,sand,mercedes_4x2_a,trailer.ffb_eut35,trailer_def.feldbinder.eut.single_3_35.silo_35_3p,17,1,0
69786,_nameless.1de.1e03.7570,dfh,hamburg,te_logistica,firenze,1,1361,0,0,iron_pipes,renault_t_4x2,trailer.scs_log,trailer_def.scs.log.single_3.steel,28,1,0
69786,_nameless.1de.1e03.7640,icaria,chania,cargotras,sassari,0,956,1950,2450,oranges,renault_premium_4x2_c,trailer.scs_ins,trailer_def.scs.box.single_3.insulated,33,1,0
69786,_nameless.1de.1e03.7710,icaria,chania,domdepo,pitesti,1,1244,540,826,iron_pipes,iveco_sway_4x2_460,trailer.scs_log,trailer_def.scs.log.single_3.steel,28,1,0
69786,_nameless.1de.1e03.77e0,icaria,chania,icaria,chios,0,11,1080,1666,ibc_cont,volvo_fh2024_4x2_420,trailer.kasbhr_scs,trailer_def.kassbohrer.scs.single_3_13.curtain,34,1,0
69786,_nameless.1de.1e03.78b0,icaria,chania,icaria,chios,2,11,1080,1666,coconut_oil,daf_xf_euro6_4x2_c,trailer.drylineret,trailer_def.krone.edryliner.single_3.dryvan,33,1,0
69786,_nameless.1de.5a64.b760,marina,ajaccio,tradeaux,toulouse,0,398,930,1182,lux_yacht,volvo_fh2012_4x2_750,trailer.kasbhr_slle,trailer_def.kassbohrer.sll.single_3_ln.low,1,1,0
69786,_nameless.1de.5a64.cd50,cnp,algeciras,acc,sevilla,0,187,0,0,propane,scania_r_4x2_norm_360,trailer.scs_gastank,trailer_def.scs.gastank.single_3.gastank,40,1,0
69786,_nameless.1de.5a64.acd0,cnp,algeciras,eolo_lines,palermo,1,757,1557,1788,empty_spool,volvo_fh2021_4x2_750,trailer.scs_lowbed41,trailer_def.scs.lowbed.single_41_ln.long,4,1,0
69786,_nameless.1de.5a64.baa0,cnp,algeciras,cnp,huelva,0,320,0,0,motor_oil,scania_r_4x2_norm_360,trailer.kasbhr_scs,trailer_def.kassbohrer.scs.single_3_13.curtain,34,1,0
69786,_nameless.1de.5a64.b0e0,canteras_ds,murcia,acc,port_sagunt,1,373,0,0,coal,iveco_4x2_b,trailer.scs_dumper,trailer_def.scs.dumper.single_3.steel,19,1,0
69786,_nameless.1de.5a64.c120,canteras_ds,murcia,trans_cab,valladolid,0,778,0,0,mob_stacker,"""heavy/man_tgx_euro6_8x4_xlx""",trailer.scs_lowbed_3,trailer_def.scs.lowbed.single_3.short,1,1,0
69786,_nameless.1de.5a64.c390,canteras_ds,murcia,log_atlan,albacete,0,288,0,0,empty_spool,daf_xf_euro6_6x2_a,trailer.scs_flat_b,trailer_def.scs.flatbed.single_3.flatbed_w,4,1,0
69786,_nameless.1de.5a64.bb70,balkan_loco,skopje,baltrak,tekirdag,0,699,0,0,czl_muv75,"""heavy/man_6x4""",trailer.scs_lowbed_4,trailer_def.scs.lowbed.single_4_sh.short,1,1,0
69786,_nameless.1de.5a64.b690,balkan_loco,skopje,eolo_lines,sangiovanni,0,781,540,420,motorcycles,daf_xg_4x2_450,trailer.scs_curt_a,trailer_def.scs.box.single_3.curtain,33,1,0
69786,_nameless.1de.5a64.a8c0,balkan_loco,skopje,ai,nis,1,274,0,0,hmetal,volvo_fh16_4x2_420,trailer.scs_gosck220,trailer_def.scs.gooseneck.singl_3e_220.container,80,1,0
69786,_nameless.1de.5a64.cae0,quarry,wroclaw,blt,siauliai,1,843,0,0,jcb_bhl4cx,mercedes_6x2_b,trailer.scs_lowbed_3,trailer_def.scs.lowbed.single_3.short,1,1,0
69786,_nameless.1de.5a64.a310,quarry,wroclaw,sanbuilders,warszawa,2,388,0,0,mob_stacker,"""heavy/volvo_fh2012_8x4_700""",trailer.kasbhr_sla,trailer_def.kassbohrer.sla.single_3_sh.lowbed,1,1,0
69786,_nameless.1de.5a64.cfc0,ns_chem,chios,balkan_loco,craiova,2,688,690,1521,sodium,renault_magnum_6x2_a,trailer.scs_gosck20,trailer_def.scs.gooseneck.singl_3e_20.container,40,1,0
69786,_nameless.1de.5a64.b280,ns_chem,chios,syllurgy,thessaloniki,0,204,690,1521,neon,iveco_h_4x2_a,trailer.kasbhr_shg20,trailer_def.kassbohrer.shg.singl_3e_20.container,40,1,0
69786,_nameless.1de.5a64.bd10,ns_chem,chios,low_field,edirne,0,259,690,1521,potassium,scania_s_2024e,trailer.scs_gosck20,trailer_def.scs.gooseneck.singl_3e_20.container,40,1,0
69786,_nameless.1de.5a64.b830,byggpro,falun,agrominta,utena,0,712,510,1110,wooden_beams,mercedes_actros_2014_6x2_a,trailer.scs_log,trailer_def.scs.log.single_3.steel,2,1,0
69786,_nameless.1de.5a64.bf80,byggpro,falun,drekkar,umea,0,384,0,0,chimney_syst,iveco_4x2_a,trailer.scs_dry_m,trailer_def.scs.box.single_3.dryvan_m,33,1,0
69786,_nameless.1de.5a64.cbb0,byggpro,falun,polarislines,vaasa,0,383,300,680,rooflights,daf_xf_4x2_370,trailer.kasbhr_sbt,trailer_def.kassbohrer.sbt.single_3_13.dryvan,34,1,0
69786,_nameless.1de.5a64.9e30,byggpro,falun,renar,parnu,1,365,570,1270,largetubes,scania_r2016_6x4_high_660,trailer.scs_flat_b,trailer_def.scs.flatbed.single_3.flatbed_w,6,1,0
69786,_nameless.1de.5a64.cc80,lkwlog,brno,te_logistica,parma,0,925,0,0,oil,iveco_sway_4x2_500,trailer.willig.fuel_cistern,trailer_def.scs.fueltank.single_3.fueltank,30,1,0
69786,_nameless.1de.5a64.beb0,lkwlog,brno,dfh,dresden,1,277,0,0,watertank,daf_xf_euro6_6x2_a,trailer.scs_flat_b,trailer_def.scs.flatbed.single_3.flatbed_w,2,1,0
69786,_nameless.1de.5a64.ce20,lkwlog,brno,balkan_loco,craiova,2,965,0,0,can_sardines,man_6x4_b,trailer.scs_dry_a,trailer_def.scs.box.single_3.dryvan,33,1,0
69786,_nameless.1de.5a64.c6d0,lkwlog,brno,te_logistica,firenze,0,924,0,0,backfl_prev,scania_r2016_4x2_high_500,trailer.profiliner17,trailer_def.krone.profiliner.single_3.curtain,33,1,0
69786,_nameless.1de.5a64.b420,nosko,utena,lkwlog,dortmund,2,1457,0,0,iced_coffee,iveco_4x2_b,trailer.scs_dry_a,trailer_def.scs.box.single_3.dryvan,33,1,0
69786,_nameless.1de.5a64.b010,nosko,utena,nord_crown,orebro,1,622,510,1110,vinegar_c,iveco_4x2_a,trailer.krone.boxliner20,trailer_def.krone.boxliner.single_3.container,15,1,0
69786,_nameless.1de.5a64.c870,kaarfor,craiova,balkan_loco,edirne,1,638,0,0,used_plast,renault_t_4x2,trailer.scs_curt_s,trailer_def.scs.box.single_3.curtain,33,1,0
69786,_nameless.1de.5a64.c940,kaarfor,craiova,lognstick,tekirdag,0,758,0,0,used_packag,scania_s2016_4x2_high_590,trailer.scs_curt_a,trailer_def.scs.box.single_3.curtain,33,1,0
69786,_nameless.1de.5a64.a580,kaarfor,craiova,stokes,pristina,0,370,0,0,used_plast_c,iveco_h_4x2_a,trailer.kasbhr_shg20,trailer_def.kassbohrer.shg.singl_3e_20.container,15,1,0
69786,_nameless.1de.5a64.b4f0,kaarfor,craiova,brawen,bacau,2,531,0,0,empty_palet,renault_magnum_4x2_a,trailer.scs_curt,trailer_def.scs.box.single_3.curtain,33,1,0
69786,_nameless.1de.5a64.cef0,villco_mkt,mitilini,tradeaux,budapest,1,1019,730,1440,used_plast,man_6x4_b,trailer.scs_dry_a,trailer_def.scs.box.single_3.dryvan,33,1,0
69786,_nameless.1de.5a64.c7a0,rt_log,rostock,renar,kobenhavn,2,110,105,404,truck_batt_c,daf_6x2_a,trailer.scs_gosck20,trailer_def.scs.gooseneck.singl_3e_20.container,15,1,0
69786,_nameless.1de.5a64.a650,rt_log,rostock,freyr,mikkeli,1,1275,645,1574,kr_gx520,iveco_sway_4x2_580,trailer.scs_lowlow2e,trailer_def.scs.lowloader.single_2_ln.long,1,1,0
69786,_nameless.1de.5a64.a4b0,rt_log,rostock,transinet,kassel,1,512,0,0,wood_bark,daf_xd,trailer.scs_dumper,trailer_def.scs.dumper.single_3.steel,27,1,0
69786,_nameless.1de.5a64.9c90,rt_log,rostock,norr_food,odense,1,211,105,404,gnocchi,daf_4x2_b,trailer.scs_ref_s,trailer_def.scs.box.single_3.reefer,33,1,0
69786,_nameless.1de.5a64.b350,imp_otel,craiova,te_logistica,napoli,0,973,540,420,metal_pipes,volvo_fh16_4x2_420,trailer.profilinehd,trailer_def.krone.profilinerhd.single_3.flatbed,1,1,0
69786,_nameless.1de.5a64.9d60,imp_otel,craiova,cargotras,olbia,2,1226,1380,1299,cement,daf_xf_euro6_4x2_c,trailer.ffb_kip60,trailer_def.feldbinder.kip.single_3_60.silo_60_3p,16,1,0
69786,_nameless.1de.5a64.b5c0,imp_otel,craiova,eumefa,nis,2,323,0,0,mtl_coil,renault_t_6x2,trailer.profilinehd,trailer_def.krone.profilinerhd.single_3.flatbed,1,1,0
69786,_nameless.1de.5a64.c460,imp_otel,craiova,imp_otel,resita,1,213,0,0,largetubes,volvo_fh2012_4x2_420,trailer.scs_log,trailer_def.scs.log.single_3.steel,6,1,0
69786,_nameless.1de.5a64.9f00,ukko,olkiluoto,renar,arvidsjaur,0,448,300,680,excavator,iveco_sway_4x2_460,trailer.scs_lowbed_4,trailer_def.scs.lowbed.single_4_sh.short,1,1,0
69786,_nameless.1de.5a64.c1f0,ukko,olkiluoto,sal_fi,helsinki,0,265,0,0,dozer,"""heavy/man_tgx_euro6_8x4_xlx""",trailer.scs_lowlow4e,trailer_def.scs.lowloader.single_4_ln.long,1,1,0
69786,_nameless.1de.5a64.af40,eviksi_a,ventspils,norrsken,karlskrona,2,491,510,1110,jcb_ft4220,mercedes_actros_2014_4x2_c,trailer.kasbhr_slle,trailer_def.kassbohrer.sll.single_3_ln.low,1,1,0
69786,_nameless.1de.5a64.9fd0,eviksi_a,ventspils,tradeaux,prague,0,1230,0,0,kr_stc1370,volvo_fh2024_4x2_420,trailer.kasbhr_slle,trailer_def.kassbohrer.sll.single_3_ln.low,1,1,0
69786,_nameless.1de.5a64.a0a0,slava,zagreb,balkan_loco,craiova,0,821,0,0,car_balt2,renault_t_6x2,trailer.van_trans,trailer_def.car_balt2.van_trans,100,1,0
69786,_nameless.1de.5a64.b9d0,slava,zagreb,aaa,taranto,1,1369,0,0,cars_fr,mercedes_4x2_a,trailer.car_trans,trailer_def.cars_fr.car_trans,100,1,0
69786,_nameless.1de.5a64.a170,slava,zagreb,drekkar,aarhus,2,1528,0,0,vans_vt,daf_4x2_a,trailer.truck_trans,trailer_def.vans_vt.truck_trans,100,1,0
69786,_nameless.1de.5a64.c2c0,shuttle,osijek,exomar,bologna,0,942,0,0,beverages_t,renault_premium_4x2_a,trailer.ffb_tsalm32,trailer_def.feldbinder.tsalm.single_3_32.32_3_2,23,1,0
69786,_nameless.1de.5a64.c600,shuttle,osijek,transinet,szczecin,0,1157,0,0,used_plast,daf_xgp_4x2_530,trailer.dryliner17,trailer_def.krone.dryliner.single_3.dryvan,33,1,0
69786,_nameless.1de.5a64.a240,shuttle,osijek,posped,lodz,1,862,0,0,used_plast_c,daf_xf_euro6_4x2_c,trailer.krone.boxliner40,trailer_def.krone.boxliner.single_3_40.container,30,1,0
69786,_nameless.1de.5a64.a3e0,shuttle,osijek,tradeaux,klagenfurt,0,524,0,0,bottle_water,scania_streamline_4x2_top_560,trailer.scs_dry_a,trailer_def.scs.box.single_3.dryvan,30,1,0
69786,_nameless.1de.5a64.a720,shuttle,osijek,bosfir,zenica,1,339,0,0,forklifts,daf_xf_euro6_6x4_c,trailer.scs_lowbed_4,trailer_def.scs.lowbed.single_4_sh.short,3,1,0
69786,_nameless.1de.5a64.d7e0,eppa,porto,cesta_sl,barcelona,2,1087,0,0,olive_oil_t,daf_xf_euro6_6x4_c,trailer.ffb_tsalm32,trailer_def.feldbinder.tsalm.single_3_32.32_3_2,30,1,0
69786,_nameless.1de.5a64.d3d0,eppa,porto,exomar,a_coruna,1,318,0,0,canned_beans,scania_streamline_6x4_top_480,trailer.kasbhr_sbt,trailer_def.kassbohrer.sbt.single_3_13.dryvan,34,1,0
69786,_nameless.1de.5a64.e340,trainfoundry,zagreb,tradeaux,pecs,2,282,0,0,empty_spool,mercedes_actros_2014_6x2_a,trailer.profilinehd,trailer_def.krone.profilinerhd.single_3.flatbed,4,1,0
69786,_nameless.1de.5a64.f040,trainfoundry,zagreb,aluxion,karakaj,2,399,0,0,hipresstank,man_tgx_2020_6x2,trailer.scs_flat_b,trailer_def.scs.flatbed.single_3.flatbed_w,8,1,0
69786,_nameless.1de.5a64.fad0,trainfoundry,zagreb,rt_log,salzburg,1,489,0,0,czl_muv75,"""heavy/daf_xd""",trailer.scs_lowbed41,trailer_def.scs.lowbed.single_41_ln.long,1,1,0
69786,_nameless.1de.5a64.e270,trainfoundry,zagreb,lkwlog,kosice,1,566,0,0,train_part2,iveco_sway_4x2_580,trailer.profilinehd,trailer_def.krone.profilinerhd.single_3.flatbed,3,1,0
69786,_nameless.1de.5a64.d980,trainfoundry,zagreb,stokes,wien,2,379,0,0,diesel_gen,man_tgx_euro6_4x2_xxl,trailer.kasbhr_sbt,trailer_def.kassbohrer.sbt.single_3_13.dryvan,34,1,0
69786,_nameless.1de.5a64.f860,trainfoundry,zagreb,stokes,rijeka,0,177,0,0,large_cont,iveco_sway_4x2_460,trailer.scs_flat_b,trailer_def.scs.flatbed.single_3.flatbed_w,33,1,0
69786,_nameless.1de.5a64.de60,kaarfor,lublin,gnt,kalmar,2,584,630,790,empty_palet,volvo_fh16_6x4_700,trailer.scs_dry,trailer_def.scs.box.single_3.dryvan,33,1,0
69786,_nameless.1de.5a64.e9c0,kaarfor,lublin,dfh,berlin,0,583,0,0,used_plast,iveco_4x2_a,trailer.scs_dry_m,trailer_def.scs.box.single_3.dryvan_m,33,1,0
69786,_nameless.1de.5a64.fc70,domdepo,cluj_napoca,betunia,novi_sad,0,581,0,0,sq_tub,man_tgx_euro6_6x4_xlx,trailer.profilinehd,trailer_def.krone.profilinerhd.single_3.flatbed,2,1,0
69786,_nameless.1de.5a64.f110,domdepo,cluj_napoca,trameri,budapest,0,567,0,0,plastic_gra,daf_xd_2,trailer.ffb_eut35,trailer_def.feldbinder.eut.single_3_35.silo_35_3p,19,1,0
69786,_nameless.1de.5a64.dbf0,domdepo,cluj_napoca,ttk_bg,sofia,0,744,0,0,glass,man_6x4_b,trailer.panel_trans.glass,trailer_def.glass.panel_trans.glass,99,1,0
69786,_nameless.1de.5a64.e410,domdepo,cluj_napoca,cemelt_fla,timisoara,2,336,0,0,iron_pipes,daf_xgp_4x2_530,trailer.scs_log,trailer_def.scs.log.single_3.steel,28,1,0
69786,_nameless.1de.5a64.f1e0,fallow,istanbul,cargotras,palermo,0,1509,590,1092,mozzarela,scania_r2016_6x4_high_660,trailer.scs_ins_s,trailer_def.scs.box.single_3.insulated,33,1,0
69786,_nameless.1de.5a64.e4e0,fallow,istanbul,fle,podgorica,1,1147,0,0,air_mails,scania_r_6x4_top_620,trailer.scs_dry_m,trailer_def.scs.box.single_3.dryvan_m,33,1,0
69786,_nameless.1de.5a64.ed00,fallow,istanbul,subse,sofia,0,591,0,0,plast_film_c,daf_xd_2,trailer.krone.boxliner40,trailer_def.krone.boxliner.single_3_40.container,30,1,0
69786,_nameless.1de.5a64.fd40,fallow,istanbul,lognstick,bucuresti,0,588,0,0,transmis,volvo_fh2024_4x2_420,trailer.scs_curt_a,trailer_def.scs.box.single_3.curtain,33,1,0
69786,_nameless.1de.5a64.dcc0,lefko,kalamata,artemia,chania,1,222,490,1140,apples,volvo_fh2012_6x2_500,trailer.profiliner17,trailer_def.krone.profiliner.single_3.curtain,33,1,0
69786,_nameless.1de.5a64.f930,lefko,kalamata,villco,nis,0,1051,0,0,potatoes,man_4x2_a,trailer.profiliner17,trailer_def.krone.profiliner.single_3.curtain,33,1,0
69786,_nameless.1de.5a64.e5b0,lefko,kalamata,icaria,argostoli,0,245,240,510,wheat,mercedes_actros_2014_4x2_c,trailer.ffb_kip60,trailer_def.feldbinder.kip.single_3_60.silo_60_3p,42,1,0
69786,_nameless.1de.5a64.ec30,lefko,kalamata,artemia,mitilini,2,224,675,1308,pears,volvo_fh16_6x4_700,trailer.scs_dry_a,trailer_def.scs.box.single_3.dryvan,33,1,0
69786,_nameless.1de.5a64.e750,rock_eater,pirdop,sygomidi,trikala,0,786,0,0,emptytank,man_tgx_2020,trailer.scs_flat_b,trailer_def.scs.flatbed.single_3.flatbed_w,1,1,0
69786,_nameless.1de.5a64.d300,rt_log,geneve,eolo_lines,porto_vecchi,0,459,840,1193,icecream,volvo_fh16_4x2_540,trailer.scs_ref_s,trailer_def.scs.box.single_3.reefer,33,1,0
69786,_nameless.1de.5a64.dd90,rt_log,geneve,fui,roma,1,924,0,0,cott_harvest,"""heavy/iveco_6x4""",trailer.kasbhr_slle,trailer_def.kassbohrer.sll.single_3_ln.low,1,1,0
69786,_nameless.1de.5a64.df30,rt_log,geneve,transinet,torino,1,330,0,0,radiators,volvo_fh2021_4x2_750,trailer.scs_dry_a,trailer_def.scs.box.single_3.dryvan,33,1,0
69786,_nameless.1de.5a64.da50,rt_log,geneve,adrica,split,1,1498,0,0,canned_tuna,volvo_fh16_4x2_540,trailer.scs_ref_a,trailer_def.scs.box.single_3.reefer,33,1,0
69786,_nameless.1de.5a64.e680,cnp,a_coruna,globeur,bourges,2,1374,0,0,empty_spool,volvo_fh2024_6x2_500,trailer.scs_lowbed_4,trailer_def.scs.lowbed.single_4_sh.short,3,1,0
69786,_nameless.1de.5a64.e000,cnp,a_coruna,trans_cab,algeciras,0,1124,0,0,fueltanker,daf_xd_1,trailer.krone.boxliner40,trailer_def.krone.boxliner.single_3_40.container,80,1,0
69786,_nameless.1de.5a64.db20,cnp,a_coruna,fle,brest,2,1585,0,0,large_cont,man_4x2_a,trailer.scs_flat_b,trailer_def.scs.flatbed.single_3.flatbed_w,33,1,0
69786,_nameless.1de.5a64.fee0,mvm_carriere,porto_vecchi,batisse_hs,montpellier,0,257,840,1193,gravel,volvo_fh2012_6x2_500,trailer.scs_dumper,trailer_def.scs.dumper.single_3.steel,16,1,0
69786,_nameless.1de.5a64.d090,mvm_carriere,porto_vecchi,trans_cab,santander,1,740,930,1182,jcb_bhl4cx,renault_magnum_6x2_a,trailer.scs_lowlowd2,trailer_def.scs.lowloader.single_2_sh.short,1,1,0
69786,_nameless.1de.5a64.e1a0,mvm_carriere,porto_vecchi,quarry,zurich,1,843,840,1193,vol_ew240emh,"""heavy/volvo_fh16_6x4_750""",trailer.scs_lowlow2e,trailer_def.scs.lowloader.single_2_ln.long,1,1,0
69786,_nameless.1de.5a64.d8b0,mvm_carriere,porto_vecchi,cgla,barcelona,1,160,930,1182,sand,renault_magnum_6x2_a,trailer.ffb_kip60,trailer_def.feldbinder.kip.single_3_60.silo_60_3p,19,1,0
69786,_nameless.1de.5a64.d160,aluxion,mostar,balkan_loco,craiova,2,639,0,0,jcb_pw125qe,scania_r_6x4_top_620,trailer.scs_flat_b,trailer_def.scs.flatbed.single_3.flatbed_w,24,1,0
69786,_nameless.1de.5a64.d230,aluxion,mostar,stokes,tuzla,0,298,0,0,crawler,"""heavy/volvo_fh2021_6x4_540""",trailer.scs_lowbed_3,trailer_def.scs.lowbed.single_3.short,1,1,0
69786,_nameless.1de.5a64.d4a0,tree_et,metz,sanbuild_hms,beograd,0,1555,0,0,log_harvest,"""heavy/scania_r2016_8x4_high_730""",trailer.scs_lowlow2e,trailer_def.scs.lowloader.single_2_ln.long,1,1,0
69786,_nameless.1de.5a64.ea90,tree_et,metz,posped,carlisle,1,1110,35,300,empty_spool,volvo_fh2024_4x2_780,trailer.scs_lowbed_4,trailer_def.scs.lowbed.single_4_sh.short,3,1,0
69786,_nameless.1de.5a64.edd0,tree_et,metz,posped,strasbourg,2,214,0,0,tractors,scania_streamline_6x4_top_480,trailer.scs_lowlowd2,trailer_def.scs.lowloader.single_2_sh.short,1,1,0
69786,_nameless.1de.5a64.f450,tree_et,metz,posped,lodz,2,1227,0,0,mulcher,"""heavy/renault_6x4""",trailer.scs_lowlowd2,trailer_def.scs.lowloader.single_2_sh.short,1,1,0
69786,_nameless.1de.5a64.f6c0,rock_eater,varna,balkan_loco,pleven,0,264,0,0,roller,mercedes_actros_2014_6x2_a,trailer.kasbhr_sll,trailer_def.kassbohrer.sll.single_3_sh.low,1,1,0
69786,_nameless.1de.5a64.f2b0,rock_eater,varna,rock_eater,constanta,0,253,0,0,volvo_bucket,daf_xf_euro6_4x2_c,trailer.scs_lowbed_4,trailer_def.scs.lowbed.single_4_sh.short,1,1,0
69786,_nameless.1de.5a64.eea0,rock_eater,varna,ttk_bg,varna,0,102,0,0,mob_screener,"""heavy/volvo_fh16_6x4_750""",trailer.kasbhr_slle,trailer_def.kassbohrer.sll.single_3_ln.low,1,1,0
69786,_nameless.1de.5a64.ef70,rock_eater,varna,baltrak,istanbul,2,567,0,0,jcb_dmp6t2,"""heavy/scania_streamline_8x4_top_730""",trailer.scs_lowlow4e,trailer_def.scs.lowloader.single_4_ln.long,1,1,0
69786,_nameless.1de.5a64.f790,imp_otel,iasi,sporklift,karlovo,0,672,0,0,sq_tub,volvo_fh16_4x2_540,trailer.scs_flat_b,trailer_def.scs.flatbed.single_3.flatbed_w,2,1,0
69786,_nameless.1de.5a64.d710,shuttle,sevilla,huerta,el_ejido,0,311,0,0,forklifts,iveco_4x2_a,trailer.scs_lowbed41,trailer_def.scs.lowbed.single_41_ln.long,5,1,0
69786,_nameless.1de.5a64.0b20,shuttle,sevilla,app,madrid,2,464,0,0,bottle_water,iveco_4x2_a,trailer.scs_dry_s,trailer_def.scs.box.single_3.dryvan,33,1,0
69786,_nameless.1de.5a64.1f70,shuttle,sevilla,app,faro,1,297,0,0,nonalco_beer,scania_streamline_6x2_norm_440,trailer.kasbhr_sbt,trailer_def.kassbohrer.sbt.single_3_13.dryvan,34,1,0
69786,_nameless.1de.5a64.1410,shuttle,sevilla,app,badajoz,2,322,0,0,iced_coffee,"""double/renault_premium_4x2_a""",trailer.scs_curt_b2,trailer_def.scs.box.bdouble_3_3.curtain,52,1,0
69786,_nameless.1de.5a64.3150,shuttle,sevilla,app,faro,0,297,0,0,ter_forklift,daf_xf_euro6_4x2_b,trailer.profilinehd,trailer_def.krone.profilinerhd.single_3.flatbed,2,1,0
69786,_nameless.1de.5a64.1dd0,shuttle,sevilla,stokes,cardiff,0,1150,1076,1172,beverages_c,man_4x2_c,trailer.scs_gosck40,trailer_def.scs.gooseneck.singl_3e_40.container,30,1,0
69786,_nameless.1de.5a64.2790,bhv,cordoba,rt_log,madrid,0,382,0,0,vans_fd,daf_xf_euro6_6x4_c,trailer.van_trans,trailer_def.vans_fd.van_trans,100,1,0
69786,_nameless.1de.5a64.2ba0,bhv,cordoba,wilnet_trans,marseille,2,1437,0,0,volvo_cars,daf_xf_euro6_6x2_a,trailer.car_trans,trailer_def.volvo_cars.car_trans,100,1,0
69786,_nameless.1de.5a64.0710,brawen,novi_sad,posped,katowice,2,689,0,0,electronics,man_4x2_c,trailer.scs_dry_ms,trailer_def.scs.box.single_3.dryvan_m,33,1,0
69786,_nameless.1de.5a64.33c0,brawen,novi_sad,fallow,podgorica,0,525,0,0,sawpanels,scania_r_6x2_high_500,trailer.scs_curt_s,trailer_def.scs.box.single_3.curtain,33,1,0
69786,_nameless.1de.5a64.1ea0,brawen,novi_sad,transinet,debrecen,0,327,0,0,wallpanels,man_tgx_euro6_4x2_xl,trailer.panel_trans.wall,trailer_def.wallpanels.panel_trans.wall,85,1,0
69786,_nameless.1de.5a64.1680,brawen,novi_sad,nosko,vilnius,2,1265,0,0,flour,mercedes_4x2_a,trailer.scs_dry_s,trailer_def.scs.box.single_3.dryvan,33,1,0
69786,_nameless.1de.5a64.2ad0,boisserie,lemans,batisse_base,clermont,2,392,0,0,lumber,iveco_h_4x2_a,trailer.profilinehd,trailer_def.krone.profilinerhd.single_3.flatbed,3,1,0
69786,_nameless.1de.5a64.2fb0,boisserie,lemans,lisette_log,rennes,0,237,0,0,exc_craw,"""heavy/mercedes_6x4""",trailer.scs_lowlow4e,trailer_def.scs.lowloader.single_4_ln.long,1,1,0
69786,_nameless.1de.5a64.15b0,boisserie,lemans,tradeaux,nice,0,923,0,0,wood_chipper,"""heavy/renault_6x4""",trailer.kasbhr_slle,trailer_def.kassbohrer.sll.single_3_ln.low,1,1,0
69786,_nameless.1de.5a64.2ee0,rt_log,innsbruck,kaarfor,munchen,0,173,0,0,mason_jars,renault_t_4x2,trailer.scs_dry_m,trailer_def.scs.box.single_3.dryvan_m,33,1,0
69786,_nameless.1de.5a64.3080,rt_log,innsbruck,kaarfor,duisburg,2,816,0,0,salm_fillet,man_tgx_euro6_6x4_xlx,trailer.scs_ins,trailer_def.scs.box.single_3.insulated,33,1,0
69786,_nameless.1de.5a64.22b0,trans_cab,barcelona,tradeaux,lyon,0,621,0,0,rooflights,mercedes_actros_2014_4x2_c,trailer.scs_curt_s,trailer_def.scs.box.single_3.curtain,33,1,0
69786,_nameless.1de.5a64.2c70,trans_cab,barcelona,kaarfor,strasbourg,0,1053,0,0,salt_spices,daf_xg_4x2_450,trailer.scs_curt_s,trailer_def.scs.box.single_3.curtain,33,1,0
69786,_nameless.1de.5a64.1750,trans_cab,barcelona,lavish_food,a_coruna,2,1116,0,0,soy_milk_t,iveco_sway_4x2_580,trailer.scs_fodt,trailer_def.scs.foodtank.single_3.paint,27,1,0
69786,_nameless.1de.5a64.1340,icaria,chios,crnodrvo_log,bijelo_polje,0,935,690,1521,digger500,mercedes_4x2_b,trailer.kasbhr_slle,trailer_def.kassbohrer.sll.single_3_ln.low,1,1,0
69786,_nameless.1de.5a64.1820,globeur,bordeaux,rt_log,salzburg,0,1597,0,0,rooflights,iveco_4x2_b,trailer.scs_dry_s,trailer_def.scs.box.single_3.dryvan,33,1,0
69786,_nameless.1de.5a64.18f0,globeur,bordeaux,rt_log,nurnberg,0,1398,0,0,air_mails,volvo_fh2021_4x2_420,trailer.scs_curt_s,trailer_def.scs.box.single_3.curtain,33,1,0
69786,_nameless.1de.5a64.2040,globeur,bordeaux,tradeaux,hannover,1,1471,0,0,tracks,man_4x2_c,trailer.scs_lowbed_3,trailer_def.scs.lowbed.single_3.short,1,1,0
69786,_nameless.1de.5a64.2110,globeur,bordeaux,canteras_ds,murcia,2,1141,0,0,mob_crusher,"""heavy/man_tgx_euro6_8x4_xlx""",trailer.scs_lowbed_4,trailer_def.scs.lowbed.single_4_sh.short,1,1,0
69786,_nameless.1de.5a64.0160,globeur,bordeaux,quarry,zurich,1,1200,0,0,jcb_th540180,mercedes_actros_2014_6x2_a,trailer.kasbhr_sll,trailer_def.kassbohrer.sll.single_3_sh.low,1,1,0
69786,_nameless.1de.5a64.3220,itcc,dortmund,trameri,amsterdam,2,171,0,0,mtl_coil,renault_magnum_6x4_a,trailer.profilinehd,trailer_def.krone.profilinerhd.single_3.flatbed,1,1,0
69786,_nameless.1de.5a64.10d0,itcc,dortmund,lkwlog,kiel,0,399,0,0,train_part2,man_tgx_2020_4x2,trailer.profilinehd,trailer_def.krone.profilinerhd.single_3.flatbed,3,1,0
69786,_nameless.1de.5a64.32f0,itcc,dortmund,norrsken,goteborg,0,1095,0,0,largetubes,renault_magnum_6x4_a,trailer.scs_flat_b,trailer_def.scs.flatbed.single_3.flatbed_w,6,1,0
69786,_nameless.1de.5a64.2450,sal_fi,kouvola,ateria,joensuu,2,299,0,0,smokd_sprats,renault_magnum_4x2_a,trailer.scs_ins_a,trailer_def.scs.box.single_3.insulated,33,1,0
69786,_nameless.1de.5a64.0a50,sal_fi,kouvola,renar,turku,0,311,0,0,sugar,iveco_4x2_a,trailer.scs_dry_ms,trailer_def.scs.box.single_3.dryvan_m,33,1,0
69786,_nameless.1de.5a64.0980,sal_fi,kouvola,norr_food,uppsala,0,424,540,1170,canned_beef,volvo_fh2024_4x2_780,trailer.scs_ref_s,trailer_def.scs.box.single_3.reefer,33,1,0
69786,_nameless.1de.5a64.0d90,sal_fi,kouvola,rosmark_ru,vyborg,0,245,0,0,auger_wag,volvo_fh2012_4x2_750,trailer.scs_lowlow4e,trailer_def.scs.lowloader.single_4_ln.long,1,1,0
69786,_nameless.1de.5a64.14e0,sal_fi,kouvola,renar,skelleftea,1,781,0,0,dryers,renault_t_4x2h,trailer.scs_dry_s,trailer_def.scs.box.single_3.dryvan,33,1,0
69786,_nameless.1de.5a64.0e60,bosfir,banja_luka,dunavia,osijek,0,252,0,0,wshavings,renault_premium_6x4_a,trailer.scs_dumper,trailer_def.scs.dumper.single_3.steel,27,1,0
69786,_nameless.1de.5a64.0090,bosfir,banja_luka,fallow,zenica,2,202,0,0,empty_spool,scania_r2016_4x2_norm_370,trailer.scs_lowbed_4,trailer_def.scs.lowbed.single_4_sh.short,3,1,0
69786,_nameless.1de.5a64.2520,bosfir,banja_luka,cemelt_fl_ru,sofia,0,735,0,0,wooden_beams,renault_premium_6x2_a,trailer.scs_log,trailer_def.scs.log.single_3.steel,2,1,0
69786,_nameless.1de.5a64.25f0,sirin,petersburg,polarislines,tallinn,0,333,0,0,med_vaccine,volvo_fh2024_4x2_420,trailer.scs_ins_s,trailer_def.scs.box.single_3.insulated,33,1,0
69786,_nameless.1de.5a64.2860,sirin,petersburg,renar,tallinn,2,399,0,0,fresh_fish,iveco_sway_4x2_580,trailer.scs_ref_a,trailer_def.scs.box.single_3.reefer,33,1,0
69786,_nameless.1de.5a64.0230,sirin,petersburg,nord_crown,ostersund,2,951,570,1270,frsh_herbs,volvo_fh2024_4x2_420,trailer.scs_ref_a,trailer_def.scs.box.single_3.reefer,33,1,0
69786,_nameless.1de.5a64.11a0,fui,olbia,exomar,taranto,1,549,840,879,forage_harv,renault_premium_4x2_a,trailer.kasbhr_slle,trailer_def.kassbohrer.sll.single_3_ln.low,1,1,0
69786,_nameless.1de.5a64.2930,fui,olbia,tesore_gust,napoli,0,238,840,879,onion,mercedes_actros_2014_4x2_b,trailer.scs_curt_a,trailer_def.scs.box.single_3.curtain,33,1,0
69786,_nameless.1de.5a64.0300,fui,olbia,subse,brasov,2,1493,1380,1299,olive_oil,renault_t_4x2h,trailer.profiliner17,trailer_def.krone.profiliner.single_3.curtain,33,1,0
69786,_nameless.1de.5a64.04a0,cont_port_fr,marseille,exomar,taranto,2,1454,0,0,truck_rims_c,daf_xd,trailer.scs_gosck20,trailer_def.scs.gooseneck.singl_3e_20.container,15,1,0
69786,_nameless.1de.5a64.1b60,viln_paper,vilnius,lkwlog,brno,2,993,0,0,empty_barr,scania_r_4x2_norm_360,trailer.dryliner17,trailer_def.krone.dryliner.single_3.dryvan,33,1,0
69786,_nameless.1de.5a64.0bf0,viln_paper,vilnius,gnt,klaipeda,0,235,0,0,used_packag,man_tgx_2020_4x2,trailer.kasbhr_sbt,trailer_def.kassbohrer.sbt.single_3_13.dryvan,34,1,0
69786,_nameless.1de.5a64.0f30,ns_oil,kotka,fjoste,skelleftea,2,902,0,0,lpg,daf_xf_euro6_6x2_a,trailer.krone.boxliner220,trailer_def.krone.boxliner.single_3_220.container,80,1,0
69786,_nameless.1de.5a64.0640,ns_oil,kotka,itcc,kosice,1,1560,150,430,kerosene,mercedes_4x2,trailer.scs_fueltank,trailer_def.scs.fueltank.single_3.fueltank,30,1,0
69786,_nameless.1de.5a64.08b0,ns_oil,kotka,fcp,olsztyn,1,1093,150,430,motor_oil,daf_4x2_b,trailer.kasbhr_scs,trailer_def.kassbohrer.scs.single_3_13.curtain,34,1,0
69786,_nameless.1de.5a64.1270,dobr_ferm_bg,pleven,dobr_ferm_bg,karlovo,1,139,0,0,kr_gx520,man_4x2_c,trailer.kasbhr_slle,trailer_def.kassbohrer.sll.single_3_ln.low,1,1,0
69786,_nameless.1de.5a64.1c30,dobr_ferm_bg,pleven,fallow,larissa,0,695,0,0,ffb_eut35,volvo_fh2021_6x2_540,trailer.ffb_eut35,trailer_def.ffb_eut35.ffb_eut35,100,1,0
69786,_nameless.1de.5a64.1d00,dobr_ferm_bg,pleven,eolo_lines,palermo,0,1494,590,1092,pears,scania_r2016_4x2_high_500,trailer.scs_ins_s,trailer_def.scs.box.single_3.insulated,33,1,0
69786,_nameless.1de.5a64.4260,ns_chem,malmo,renar,lillehammer,2,721,0,0,empty_palet,mercedes_4x2_b,trailer.scs_curt_a,trailer_def.scs.box.single_3.curtain,33,1,0
69786,_nameless.1de.5a64.5370,ns_chem,malmo,rt_log,geneve,2,1554,0,0,nitrogen,mercedes_6x2_b,trailer.kasbhr_shg40,trailer_def.kassbohrer.shg.singl_3e_40.container,80,1,0
69786,_nameless.1de.5a64.56b0,cesare_smar,milano,rt_log,zurich,1,334,0,0,empty_palet,man_tgx_euro6_4x2_xxl,trailer.profiliner17,trailer_def.krone.profiliner.single_3.curtain,33,1,0
69786,_nameless.1de.5a64.55e0,cesare_smar,milano,exomar,bologna,1,290,0,0,used_packag,man_tgx_euro6_4x2_xxl,trailer.kasbhr_scs,trailer_def.kassbohrer.scs.single_3_13.curtain,34,1,0
69786,_nameless.1de.5a64.52a0,cesare_smar,milano,rt_log,bern,0,377,0,0,used_plast_c,mercedes_4x2_a,trailer.krone.boxliner40,trailer_def.krone.boxliner.single_3_40.container,30,1,0
69786,_nameless.1de.5a64.4670,suprema,lahti,renor,kajaani,0,370,0,0,used_packag,mercedes_actros_2014_6x2_a,trailer.profiliner17,trailer_def.krone.profiliner.single_3.curtain,33,1,0
69786,_nameless.1de.5a64.5030,suprema,lahti,renar,narva,2,389,150,430,empty_palet,volvo_fh16_4x2_540,trailer.scs_dry_ms,trailer_def.scs.box.single_3.dryvan_m,32,1,0
69786,_nameless.1de.5a64.4330,suprema,lahti,drekkar,umea,0,374,300,680,used_plast_c,volvo_fh16_4x2_540,trailer.scs_gosck40,trailer_def.scs.gooseneck.singl_3e_40.container,30,1,0
69786,_nameless.1de.5a64.3e50,renor,karesuando,norse_rail,narvik,2,349,0,0,jcb_pw125qe,volvo_fh16_4x2_540,trailer.scs_flat_b,trailer_def.scs.flatbed.single_3.flatbed_w,24,1,0
69786,_nameless.1de.5a64.4a80,renor,karesuando,renar,tornio,1,345,0,0,wood_chipper,"""heavy/scania_s2016_6x4_high_730""",trailer.kasbhr_slle,trailer_def.kassbohrer.sll.single_3_ln.low,1,1,0
69786,_nameless.1de.5a64.4f60,ttk_bg,plovdiv,brawen,lamia,2,627,0,0,forwarder,"""heavy/man_tgx_2020_8x4""",trailer.kasbhr_slle,trailer_def.kassbohrer.sll.single_3_ln.low,1,1,0
69786,_nameless.1de.5a64.5780,ttk_bg,plovdiv,eolo_lines,sangiovanni,0,1074,570,745,hi_volt_cabl,iveco_sway_4x2_580,trailer.scs_dry_s,trailer_def.scs.box.single_3.dryvan,33,1,0
69786,_nameless.1de.5a64.5510,ttk_bg,plovdiv,balkan_loco,pleven,0,335,0,0,fuel_tanks,mercedes_4x2,trailer.scs_dry_s,trailer_def.scs.box.single_3.dryvan,33,1,0
69786,_nameless.1de.5a64.3cb0,ttk_bg,plovdiv,lognstick,hunedoara,0,756,0,0,natur_rubber,man_4x2_c,trailer.scs_curt_s,trailer_def.scs.box.single_3.curtain,33,1,0
69786,_nameless.1de.5a64.5b90,ns_chem,setubal,ts_atlas,tarragona,1,1109,0,0,arsenic,renault_t_4x2,trailer.scs_gosck20,trailer_def.scs.gooseneck.singl_3e_20.container,40,1,0
69786,_nameless.1de.5a64.5100,ns_chem,setubal,eolo_lines,cagliari,0,1402,720,827,empty_barr,iveco_sway_4x2_580,trailer.kasbhr_sbt,trailer_def.kassbohrer.sbt.single_3_13.dryvan,34,1,0
69786,_nameless.1de.5a64.3630,ns_chem,setubal,rt_log,madrid,1,585,0,0,mercuric,scania_s2016_6x4_high_730,trailer.scs_gosck20,trailer_def.scs.gooseneck.singl_3e_20.container,40,1,0
69786,_nameless.1de.5a64.40c0,fallow,vlore,tras_med,bari,2,135,540,420,plant_substr,mercedes_actros_2014_4x2_b,trailer.scs_dry,trailer_def.scs.box.single_3.dryvan,32,1,0
69786,_nameless.1de.5a64.51d0,fallow,vlore,exomar,taranto,1,233,540,420,truck_rims,volvo_fh2012_4x2_750,trailer.kasbhr_shg45,trailer_def.kassbohrer.scs.single_3_13.curtain,34,1,0
69786,_nameless.1de.5a64.5850,fallow,vlore,balkan_loco,sarajevo,1,621,0,0,honey,iveco_sway_4x2_580,trailer.scs_curt,trailer_def.scs.box.single_3.curtain,33,1,0
69786,_nameless.1de.5a64.4190,fallow,vlore,eolo_lines,cagliari,0,347,1380,1299,polyst_box,volvo_fh2021_4x2_420,trailer.scs_curt_a,trailer_def.scs.box.single_3.curtain,33,1,0
69786,_nameless.1de.5a64.6550,transinet,debrecen,rosmark,rezekne,0,1313,0,0,toys,scania_r_6x2_high_500,trailer.scs_curt_a,trailer_def.scs.box.single_3.curtain,33,1,0
69786,_nameless.1de.5a64.3560,transinet,debrecen,dfh,hamburg,0,1308,0,0,polyst_box,man_6x4_b,trailer.scs_dry_a,trailer_def.scs.box.single_3.dryvan,33,1,0
69786,_nameless.1de.5a64.3f20,transinet,debrecen,eurogoodies,split,1,997,0,0,soy_milk,mercedes_4x2_c,trailer.kasbhr_sbt,trailer_def.kassbohrer.sbt.single_3_13.dryvan,34,1,0
69786,_nameless.1de.5a64.3700,norse_rail,rovaniemi,norr_food,falun,0,747,0,0,icecream,scania_streamline_6x2_norm_440,trailer.scs_ref_a,trailer_def.scs.box.single_3.reefer,33,1,0
69786,_nameless.1de.5a64.5920,norse_rail,rovaniemi,renar,karesuando,0,331,0,0,conc_juice_t,mercedes_4x2,trailer.scs_fodt,trailer_def.scs.foodtank.single_3.paint,21,1,0
69786,_nameless.1de.5a64.6070,norse_rail,rovaniemi,renar,karesuando,0,331,0,0,cable_reel,"""heavy/scania_streamline_8x4_top_730""",trailer.scs_lowlow4e,trailer_def.scs.lowloader.single_4_ln.long,1,1,0
69786,_nameless.1de.5a64.4cf0,c_navale,ancona,cargotras,pescara,0,233,0,0,lux_yacht,scania_r_6x4_top_620,trailer.scs_lowbed_4,trailer_def.scs.lowbed.single_4_sh.short,1,1,0
69786,_nameless.1de.5a64.6480,c_navale,ancona,tradeaux,nice,1,656,0,0,used_packag,daf_4x2_b,trailer.scs_curt_a,trailer_def.scs.box.single_3.curtain,33,1,0
69786,_nameless.1de.5a64.59f0,renar,turku,drekkar,aarhus,0,1104,540,1170,cut_flowers,renault_magnum_6x2_a,trailer.scs_ref,trailer_def.scs.box.single_3.reefer,33,1,0
69786,_nameless.1de.5a64.5ac0,renar,turku,norrsken,stockholm,2,172,540,1170,train_part,volvo_fh16_4x2_420,trailer.profilinehd,trailer_def.krone.profilinerhd.single_3.flatbed,5,1,0
69786,_nameless.1de.5a64.5ed0,renar,turku,renar,mikkeli,0,360,0,0,kr_stc1370,daf_xf_euro6_6x2_a,trailer.kasbhr_slle,trailer_def.kassbohrer.sll.single_3_ln.low,1,1,0
69786,_nameless.1de.5a64.4b50,renar,turku,renar,arvidsjaur,0,519,300,680,vans_vt,iveco_sway_4x2_580,trailer.truck_trans,trailer_def.vans_vt.truck_trans,100,1,0
69786,_nameless.1de.5a64.5c60,suprema,kokkola,drekkar,odense,0,1402,300,680,used_plast,volvo_fh2024_4x2_420,trailer.scs_dry_s,trailer_def.scs.box.single_3.dryvan,33,1,0
69786,_nameless.1de.5a64.5d30,suprema,kokkola,nch,tallinn,0,576,150,430,used_packag,mercedes_actros_2014_6x4_b,trailer.scs_dry_m,trailer_def.scs.box.single_3.dryvan_m,33,1,0
69786,_nameless.1de.5a64.6140,suprema,kokkola,sal_fi,kouvola,1,389,0,0,empty_palet,renault_premium_4x2_c,trailer.scs_dry_a,trailer_def.scs.box.single_3.dryvan,33,1,0
69786,_nameless.1de.5a64.4c20,viljo_paper,lappeenranta,ns_oil,oslo,2,996,540,1170,empty_barr,"""double/iveco_h_4x2_a""",trailer.scs_curt_b2,trailer_def.scs.box.bdouble_3_3.curtain,52,1,0
69786,_nameless.1de.5a64.5fa0,viljo_paper,lappeenranta,nord_crown,odense,1,1320,540,1170,paper,volvo_fh16_4x2_420,trailer.kasbhr_shg45,trailer_def.kassbohrer.scs.single_3_13.curtain,34,1,0
69786,_nameless.1de.5a64.4e90,viljo_paper,lappeenranta,stokes,katowice,0,1537,150,430,empty_palet,mercedes_actros_2014_4x2_a,trailer.scs_dry_a,trailer_def.scs.box.single_3.dryvan,33,1,0
69786,_nameless.1de.5a64.6210,viljo_paper,lappeenranta,nch,riga,1,678,150,430,large_cont,mercedes_4x2_c,trailer.scs_flat_b,trailer_def.scs.flatbed.single_3.flatbed_w,33,1,0
69786,_nameless.1de.5a64.62e0,viljo_paper,lappeenranta,lkwlog,gdansk,1,1273,150,430,empty_spool,iveco_4x2_b,trailer.scs_flat_b,trailer_def.scs.flatbed.single_3.flatbed_w,4,1,0
69786,_nameless.1de.5a64.4740,cont_port_it,bari,ai,skopje,2,430,540,420,fluorine,mercedes_4x2_a,trailer.scs_gosck40,trailer_def.scs.gooseneck.singl_3e_40.container,80,1,0
69786,_nameless.1de.5a64.63b0,cont_port_it,bari,cont_port_it,livorno,0,750,0,0,chlorine,volvo_fh2024_6x2_500,trailer.scs_gosck220,trailer_def.scs.gooseneck.singl_3e_220.container,80,1,0
69786,_nameless.1de.5a64.6620,cont_port_it,bari,brawen,thessaloniki,1,323,570,745,beverages_c,scania_s2016_6x2_high_460,trailer.kasbhr_shg20,trailer_def.kassbohrer.shg.singl_3e_20.container,15,1,0
69786,_nameless.1de.5a64.4810,tree_et,salzburg,rt_log,nurnberg,0,383,0,0,lumber,daf_xg_4x2_450,trailer.scs_flat_b,trailer_def.scs.flatbed.single_3.flatbed_w,3,1,0
69786,_nameless.1de.5a64.66f0,tree_et,salzburg,sanbuilders,nurnberg,2,388,0,0,crawler,"""heavy/scania_r_6x4_top_730""",trailer.scs_lowbed_3,trailer_def.scs.lowbed.single_3.short,1,1,0
69786,_nameless.1de.5a64.3ff0,tree_et,salzburg,cargotras,olbia,2,1403,840,879,logs,volvo_fh2012_4x2_750,trailer.scs_log,trailer_def.scs.log.single_3.steel,32,1,0
69786,_nameless.1de.5a64.37d0,polarislines,bergen,norr_food,odense,2,896,195,1052,can_sardines,volvo_fh16_4x2_540,trailer.dryliner17,trailer_def.krone.dryliner.single_3.dryvan,33,1,0
69786,_nameless.1de.5a64.3b10,polarislines,bergen,posped,carlisle,1,1174,1335,2366,basil,scania_streamline_6x4_top_480,trailer.scs_dry_a,trailer_def.scs.box.single_3.dryvan,33,1,0
69786,_nameless.1de.5a64.3490,fui,roma,eolo_lines,napoli,2,347,0,0,beans,daf_4x2_b,trailer.scs_curt_a,trailer_def.scs.box.single_3.curtain,33,1,0
69786,_nameless.1de.5a64.45a0,fui,roma,tradeaux,ajaccio,2,602,1050,1234,kr_ecb880cv,daf_4x2_b,trailer.scs_lowbed41,trailer_def.scs.lowbed.single_41_ln.long,1,1,0
69786,_nameless.1de.5a64.38a0,fui,roma,wilnet_trans,limoges,0,1371,0,0,olive_oil,renault_premium_6x4_a,trailer.scs_dry_a,trailer_def.scs.box.single_3.dryvan,33,1,0
69786,_nameless.1de.5a64.3a40,rosmark,rezekne,blt,siauliai,0,393,0,0,mondeos,volvo_fh2024_6x2_500,trailer.car_trans,trailer_def.mondeos.car_trans,100,1,0
69786,_nameless.1de.5a64.48e0,rosmark,rezekne,fjoste,lulea,1,1305,150,430,graph_grease,scania_streamline_6x2_norm_440,trailer.kasbhr_shg45,trailer_def.kassbohrer.scs.single_3_13.curtain,34,1,0
69786,_nameless.1de.5a64.49b0,rosmark,rezekne,nch,riga,1,241,0,0,med_equip,daf_xf_electric,trailer.scs_curt_s,trailer_def.scs.box.single_3.curtain,33,1,0
69786,_nameless.1de.5a64.3970,rosmark,rezekne,drekkar,malmo,1,1011,510,1110,beverages_c,daf_xd25,trailer.scs_gosck40,trailer_def.scs.gooseneck.singl_3e_40.container,30,1,0
69786,_nameless.1de.5a64.3be0,rosmark,rezekne,transinet,bialystok,2,603,0,0,perfor_frks,mercedes_4x2_c,trailer.scs_dry_ms,trailer_def.scs.box.single_3.dryvan_m,33,1,0
69786,_nameless.1de.5a64.7800,fallow,patras,tras_med,bari,1,358,570,745,gummy_bears,scania_streamline_6x4_top_480,trailer.scs_curt,trailer_def.scs.box.single_3.curtain,33,1,0
69786,_nameless.1de.5a64.9af0,fallow,patras,brawen,lamia,1,317,0,0,wood_chipper,"""heavy/scania_s2016_8x4_high_770""",trailer.kasbhr_slle,trailer_def.kassbohrer.sll.single_3_ln.low,1,1,0
69786,_nameless.1de.5a64.7590,fallow,patras,icaria,chania,1,270,490,1140,overweight,scania_r_6x2_high_500,trailer.scs_lowbed41,trailer_def.scs.lowbed.single_41_ln.long,1,1,0
69786,_nameless.1de.5a64.8b80,fallow,patras,quadrelli,bari,0,362,570,745,jcb_wload457,daf_xd25,trailer.kasbhr_sla,trailer_def.kassbohrer.sla.single_3_sh.lowbed,1,1,0
69786,_nameless.1de.5a64.96e0,tree_et,bratislava,timberturtle,kragujevac,0,870,0,0,crawler,"""heavy/man_6x4""",trailer.scs_lowlowd2,trailer_def.scs.lowloader.single_2_sh.short,1,1,0
69786,_nameless.1de.5a64.8290,tree_et,bratislava,bjork,linkoping,1,1415,105,404,exc_craw,"""heavy/man_6x4""",trailer.scs_lowlow4e,trailer_def.scs.lowloader.single_4_ln.long,1,1,0
69786,_nameless.1de.5a64.86a0,tree_et,bratislava,lateds,valmiera,2,1315,0,0,empty_palet,scania_streamline_4x2_norm_380,trailer.scs_dry,trailer_def.scs.box.single_3.dryvan,33,1,0
69786,_nameless.1de.5a64.8020,tree_et,bratislava,stokes,bystrica,1,251,0,0,tractor,renault_etech_t,trailer.scs_lowbed_3,trailer_def.scs.lowbed.single_3.short,1,1,0
69786,_nameless.1de.5a64.85d0,euroacres,erfurt,cesare_smar,sassari,0,1590,720,827,potatoes,scania_streamline_4x2_top_560,trailer.scs_dry_s,trailer_def.scs.box.single_3.dryvan,33,1,0
69786,_nameless.1de.5a64.8770,euroacres,erfurt,brawen,banja_luka,1,1112,0,0,square_baler,daf_xf_euro6_6x2_a,trailer.scs_lowlow2e,trailer_def.scs.lowloader.single_2_ln.long,1,1,0
69786,_nameless.1de.5a64.97b0,euroacres,erfurt,cargotras,sassari,0,1589,720,827,cont_trees,volvo_fh16_4x2_540,trailer.scs_ref_a,trailer_def.scs.box.single_3.reefer,33,1,0
69786,_nameless.1de.5a64.7ce0,renar,vasteraas,nosko,utena,1,558,510,1110,grapes,man_tgx_2020_4x2,trailer.scs_ref,trailer_def.scs.box.single_3.reefer,33,1,0
69786,_nameless.1de.5a64.8d20,renar,vasteraas,ateria,tallinn,2,213,570,1270,nuts,renault_magnum_6x4_a,trailer.scs_dry_a,trailer_def.scs.box.single_3.dryvan,33,1,0
69786,_nameless.1de.5a64.92d0,renar,vasteraas,polarislines,naantali,0,152,540,1170,truck_rims,"""double/man_tgx_2020""",trailer.scs_curt_2,trailer_def.scs.box.double_3_2.curtain,52,1,0
69786,_nameless.1de.5a64.8f90,cemelt_win,liepaja,posped,lublin,2,714,0,0,mob_screener,"""heavy/renault_6x4""",trailer.scs_lowlow4e,trailer_def.scs.lowloader.single_4_ln.long,1,1,0
69786,_nameless.1de.5a64.8430,cemelt_win,liepaja,drekkar,uppsala,0,228,510,1110,mob_stacker,"""heavy/volvo_fh2024_6x4_600""",trailer.scs_lowbed_3,trailer_def.scs.lowbed.single_3.short,1,1,0
69786,_nameless.1de.5a64.7180,ee_paper,kunda,gnt,helsingborg,0,824,570,1270,used_packag,mercedes_actros_2014_4x2_b,trailer.kasbhr_scs,trailer_def.kassbohrer.scs.single_3_13.curtain,34,1,0
69786,_nameless.1de.5a64.79a0,ee_paper,kunda,ika_bohag,aalborg,0,906,765,1947,paper,daf_xd_2,trailer.scs_dry_s,trailer_def.scs.box.single_3.dryvan,33,1,0
69786,_nameless.1de.5a64.6b00,ee_paper,kunda,tradeaux,olsztyn,0,969,0,0,empty_palet,volvo_fh2024_6x2_500,trailer.scs_dry,trailer_def.scs.box.single_3.dryvan,33,1,0
69786,_nameless.1de.5a64.8840,ee_paper,kunda,renar,vasteraas,1,346,570,1270,empty_spool,daf_xf_electric,trailer.kasbhr_sla,trailer_def.kassbohrer.sla.single_3_sh.lowbed,3,1,0
69786,_nameless.1de.5a64.9950,balkan_loco,edirne,villco,pristina,0,695,0,0,pasta,mercedes_actros_2014_4x2_a,trailer.scs_curt_s,trailer_def.scs.box.single_3.curtain,33,1,0
69786,_nameless.1de.5a64.8c50,balkan_loco,edirne,fallow,istanbul,2,186,0,0,volvo_rims,renault_magnum_4x2_a,trailer.profilinehd,trailer_def.krone.profilinerhd.single_3.flatbed,5,1,0
69786,_nameless.1de.5a64.8910,balkan_loco,edirne,subse,bijelo_polje,0,900,0,0,tomatoes,daf_4x2_a,trailer.scs_ins_a,trailer_def.scs.box.single_3.insulated,33,1,0
69786,_nameless.1de.5a64.8ab0,rock_eat_str,skopje,fallow,zenica,0,777,0,0,mob_crusher,"""heavy/scania_r_6x4_top_730""",trailer.scs_lowbed_4,trailer_def.scs.lowbed.single_4_sh.short,1,1,0
69786,_nameless.1de.5a64.8ec0,rock_eat_str,skopje,syllurgy,thessaloniki,1,350,0,0,coal,daf_xf_electric,trailer.scs_dumper,trailer_def.scs.dumper.single_3.steel,15,1,0
69786,_nameless.1de.5a64.80f0,rock_eat_str,skopje,cemelt_fl_ru,sofia,0,299,0,0,watertank,mercedes_4x2,trailer.scs_lowlowd2,trailer_def.scs.lowloader.single_2_sh.short,1,1,0
69786,_nameless.1de.5a64.9880,renar,calvi,tradeaux,prague,0,1518,840,1193,potatoes,volvo_fh2012_6x2_500,trailer.profiliner17,trailer_def.krone.profiliner.single_3.curtain,33,1,0
69786,_nameless.1de.5a64.6ca0,renar,calvi,lkwlog,osnabruck,2,1453,840,1193,smokd_eel,scania_streamline_6x4_top_480,trailer.scs_ref_a,trailer_def.scs.box.single_3.reefer,33,1,0
69786,_nameless.1de.5a64.8360,renar,calvi,stokes,calais,0,1264,840,1193,mob_crusher,"""heavy/mercedes_actros_8x4""",trailer.scs_lowlow4e,trailer_def.scs.lowloader.single_4_ln.long,1,1,0
69786,_nameless.1de.5a64.7250,ccg_fla,tirana,itcc_scrap,banja_luka,2,664,0,0,large_cont,renault_magnum_6x4_a,trailer.kasbhr_sla,trailer_def.kassbohrer.sla.single_3_sh.lowbed,27,1,0
69786,_nameless.1de.5a64.7730,low_field,patras,euroacres,verona,0,1254,570,745,planter,daf_xf_euro6_4x2_a,trailer.scs_lowlow2e,trailer_def.scs.lowloader.single_2_ln.long,1,1,0
69786,_nameless.1de.5a64.9130,low_field,patras,icaria,heraklion,1,294,540,760,rye,volvo_fh2012_4x2_750,trailer.ffb_kip60,trailer_def.feldbinder.kip.single_3_60.silo_60_3p,39,1,0
69786,_nameless.1de.5a64.6bd0,transinet,szczecin,lkwlog,lodz,0,388,0,0,canned_beef,scania_streamline_6x2_norm_440,trailer.scs_ref_a,trailer_def.scs.box.single_3.reefer,32,1,0
69786,_nameless.1de.5a64.7660,transinet,szczecin,polarislines,gedser,1,218,105,404,comp_process,volvo_fh16_4x2_540,trailer.scs_dry,trailer_def.scs.box.single_3.dryvan,33,1,0
69786,_nameless.1de.5a64.93a0,transinet,szczecin,euroacres,graz,1,967,0,0,desinfection,renault_t_6x2,trailer.kasbhr_sbt,trailer_def.kassbohrer.sbt.single_3_13.dryvan,34,1,0
69786,_nameless.1de.5a64.8500,transinet,szczecin,rt_log,hamburg,2,378,0,0,potatoes,iveco_4x2_b,trailer.scs_curt_a,trailer_def.scs.box.single_3.curtain,33,1,0
69786,_nameless.1de.5a64.9470,renar,kristiansund,renar,dombas,1,289,40,46,wood_chipper,"""heavy/renault_6x4""",trailer.kasbhr_slle,trailer_def.kassbohrer.sll.single_3_ln.low,1,1,0
69786,_nameless.1de.5a64.9540,renar,kristiansund,suprema_ru,kaliningrad,0,1382,550,1156,smokd_eel,iveco_6x2_a,trailer.coolliner17,trailer_def.krone.coolliner.single_3.reefer,33,1,0
69786,_nameless.1de.5a64.81c0,acc,port_sagunt,ortiz,barcelona,0,352,0,0,mobile_crane,"""heavy/volvo_fh16_6x4_750""",trailer.scs_lowlow4e,trailer_def.scs.lowloader.single_4_ln.long,1,1,0
69786,_nameless.1de.5a64.6960,acc,port_sagunt,acc,murcia,1,321,0,0,cement,scania_s2016_6x4_high_730,trailer.ffb_eut35,trailer_def.feldbinder.eut.single_3_35.silo_35_3p,20,1,0
69786,_nameless.1de.5a64.7c10,acc,port_sagunt,app,ciudad_real,2,362,0,0,metal_pipes,iveco_sway_4x2_460,trailer.scs_flat_b,trailer_def.scs.flatbed.single_3.flatbed_w,2,1,0
69786,_nameless.1de.5a64.6a30,acc,port_sagunt,app,ciudad_real,1,362,0,0,largetubes,volvo_fh2012_4x2_750,trailer.scs_log,trailer_def.scs.log.single_3.steel,6,1,0
69786,_nameless.1de.5a64.7a70,shuttle,zadar,fallow,zagreb,0,381,0,0,used_plast,man_4x2_a,trailer.scs_curt,trailer_def.scs.box.single_3.curtain,33,1,0
69786,_nameless.1de.5a64.6d70,shuttle,zadar,exomar,ancona,0,227,600,315,used_plast_c,scania_r2016_4x2_norm_370,trailer.krone.boxliner20,trailer_def.krone.boxliner.single_3.container,15,1,0
69786,_nameless.1de.5a64.6e40,shuttle,zadar,cargotras,catanzaro,0,942,600,315,iced_coffee,daf_xd,trailer.scs_dry_m,trailer_def.scs.box.single_3.dryvan_m,33,1,0
69786,_nameless.1de.5a64.7320,shuttle,zadar,exomar,ancona,1,227,600,315,carb_water,renault_premium_4x2_c,trailer.scs_dry_ms,trailer_def.scs.box.single_3.dryvan_m,30,1,0
69786,_nameless.1de.5a64.6f10,shuttle,zadar,fallow,zagreb,1,381,0,0,beverages,man_4x2_a,trailer.scs_curt_s,trailer_def.scs.box.single_3.curtain,33,1,0
69786,_nameless.1de.5a64.7e80,drekkar,linkoping,stokes,warszawa,2,646,630,790,wood_chipper,"""heavy/daf_xgp_4x2_530""",trailer.scs_lowlow2e,trailer_def.scs.lowloader.single_2_ln.long,1,1,0
69786,_nameless.1de.5a64.6fe0,drekkar,linkoping,suprema,rezekne,0,592,510,1110,canned_beans,daf_6x2_a,trailer.scs_dry_m,trailer_def.scs.box.single_3.dryvan_m,33,1,0
69786,_nameless.1de.5a64.70b0,drekkar,linkoping,nch_ru,petersburg,0,669,570,1270,post_packag,renault_magnum_6x4_a,trailer.kasbhr_scs,trailer_def.kassbohrer.scs.single_3_13.curtain,34,1,0
69786,_nameless.1de.5a64.73f0,drekkar,linkoping,rt_log,nurnberg,0,1271,105,404,truck_rims_c,volvo_fh2024_4x2_780,trailer.kasbhr_shg40,trailer_def.kassbohrer.shg.singl_3e_40.container,30,1,0
69786,_nameless.1de.5a64.78d0,drekkar,linkoping,posped,rotterdam,0,1387,0,0,natur_rubber,volvo_fh16_4x2_420,trailer.scs_dry,trailer_def.scs.box.single_3.dryvan,33,1,0
69786,_nameless.1de.5a64.7f50,drekkar,linkoping,eurogoodies,leipzig,1,1053,105,404,olives,"""double/scania_r2016_6x2_high_590""",trailer.scs_curt_2,trailer_def.scs.box.double_3_2.curtain,34,1,0
69786,_nameless.1de.5a64.74c0,eurogoodies,newcastle,stokes,amsterdam,2,340,660,995,salt_spice_c,renault_magnum_6x2_a,trailer.krone.boxliner40,trailer_def.krone.boxliner.single_3_40.container,30,1,0
69786,_nameless.1de.58ba.7620,eurogoodies,newcastle,drekkar,malmo,0,587,1140,1314,pet_food_c,daf_xd_1,trailer.scs_gosck20,trailer_def.scs.gooseneck.singl_3e_20.container,15,1,0
69786,_nameless.1de.58ba.91c0,brawen,bucuresti,transinet,debrecen,0,829,0,0,straw_bales,scania_r_4x2_top_480,trailer.scs_curt,trailer_def.scs.box.single_3.curtain,6,1,0
69786,_nameless.1de.58ba.88d0,brawen,bucuresti,fle,podgorica,1,849,0,0,air_mails,scania_s2016_6x2_high_460,trailer.scs_dry,trailer_def.scs.box.single_3.dryvan,33,1,0
69786,_nameless.1de.58ba.8730,norrsken,alta,norr_food,falun,0,1455,0,0,rice_c,daf_xf_4x2_370,trailer.kasbhr_shg20,trailer_def.kassbohrer.shg.singl_3e_20.container,15,1,0
69786,_nameless.1de.58ba.72e0,norrsken,alta,renar,honningsvag,2,193,0,0,concen_juice,renault_t_4x2h,trailer.scs_curt,trailer_def.scs.box.single_3.curtain,33,1,0
69786,_nameless.1de.58ba.8800,norrsken,alta,renar,tornio,1,787,0,0,soy_milk,volvo_fh2021_4x2_420,trailer.kasbhr_shg45,trailer_def.kassbohrer.scs.single_3_13.curtain,34,1,0
69786,_nameless.1de.58ba.7070,norrsken,alta,polar_fish,honningsvag,2,192,0,0,plums,scania_streamline_4x2_top_560,trailer.scs_ins,trailer_def.scs.box.single_3.insulated,33,1,0
69786,_nameless.1de.58ba.6ed0,lognstick,bucuresti,tradeaux,olsztyn,0,1590,0,0,motorcycles,renault_premium_6x2_a,trailer.scs_curt_s,trailer_def.scs.box.single_3.curtain,33,1,0
69786,_nameless.1de.58ba.9840,lognstick,bucuresti,fallow,zenica,2,824,0,0,grapes,scania_r2016_6x4_high_660,trailer.scs_ins_s,trailer_def.scs.box.single_3.insulated,33,1,0
69786,_nameless.1de.58ba.90f0,lkwlog,venezia,wilnet_trans,limoges,2,1175,0,0,emp_wine_bar,mercedes_actros_2014_4x2_b,trailer.scs_curt_a,trailer_def.scs.box.single_3.curtain,33,1,0
69786,_nameless.1de.58ba.6e00,lkwlog,venezia,villco_mkt,zenica,0,876,0,0,cauliflower,daf_4x2_b,trailer.kasbhr_sbt,trailer_def.kassbohrer.sbt.single_3_13.dryvan,34,1,0
69786,_nameless.1de.58ba.6b90,lkwlog,venezia,euroacres,torino,0,395,0,0,fueltanker,mercedes_actros_2014_6x2_a,trailer.kasbhr_shg40,trailer_def.kassbohrer.shg.singl_3e_40.container,80,1,0
69786,_nameless.1de.58ba.9020,lkwlog,venezia,euroacres,wien,0,689,0,0,straw_bales,daf_4x2_a,trailer.scs_dry_a,trailer_def.scs.box.single_3.dryvan,6,1,0
69786,_nameless.1de.58ba.76f0,bhv,lahti,bhv,vaasa,0,361,0,0,pickup_gr,scania_streamline_4x2_norm_380,trailer.truck_trans,trailer_def.pickup_gr.truck_trans,100,1,0
69786,_nameless.1de.58ba.9290,bhv,lahti,bhv,vilnius,0,769,150,430,mondeos,renault_premium_4x2_c,trailer.car_trans,trailer_def.mondeos.car_trans,100,1,0
69786,_nameless.1de.58ba.7bd0,posped,carlisle,freyr,esbjerg,1,312,1140,1314,square_baler,daf_xf_euro6_6x4_c,trailer.kasbhr_slle,trailer_def.kassbohrer.sll.single_3_ln.low,1,1,0
69786,_nameless.1de.58ba.77c0,posped,carlisle,dfh,nurnberg,2,1449,35,300,exc_craw,"""heavy/renault_t_6x4""",trailer.kasbhr_slle,trailer_def.kassbohrer.sll.single_3_ln.low,1,1,0
69786,_nameless.1de.58ba.7e40,st_roza_bg,pernik,icaria,kavala,0,286,0,0,precast_strs,mercedes_actros_2014_4x2_a,trailer.scs_curt_s,trailer_def.scs.box.single_3.curtain,33,1,0
69786,_nameless.1de.58ba.7210,st_roza_bg,pernik,cargotras,catanzaro,1,919,570,745,empty_spool,renault_premium_6x2_a,trailer.kasbhr_sla,trailer_def.kassbohrer.sla.single_3_sh.lowbed,3,1,0
69786,_nameless.1de.58ba.7890,st_roza_bg,pernik,posped,bratislava,2,971,0,0,jcb_dmphtd5e,volvo_fh2024_6x2_500,trailer.scs_flat_b,trailer_def.scs.flatbed.single_3.flatbed_w,7,1,0
69786,_nameless.1de.58ba.83f0,tree_et,burgos,trans_cab,madrid,0,310,0,0,mulcher,"""heavy/scania_s2016_8x4_high_770""",trailer.scs_lowbed_4,trailer_def.scs.lowbed.single_4_sh.short,1,1,0
69786,_nameless.1de.58ba.9910,log_atlan,porto,log_atlan,leon,0,361,0,0,toys,scania_r2016_6x4_high_660,trailer.scs_curt,trailer_def.scs.box.single_3.curtain,33,1,0
69786,_nameless.1de.58ba.7550,log_atlan,porto,ts_atlas,bilbao,0,718,0,0,clothes_c,scania_r_4x2_norm_360,trailer.scs_gosck220,trailer_def.scs.gooseneck.singl_3e_220.container,30,1,0
69786,_nameless.1de.58ba.69f0,log_atlan,porto,rt_log,a_coruna,2,299,0,0,glass_packed,daf_xf_electric,trailer.gls_trailer,trailer_def.glass_packed.gls_trailer,100,1,0
69786,_nameless.1de.58ba.7ca0,log_atlan,porto,globeur,rennes,0,1462,0,0,honey,scania_r2016_6x2_high_460,trailer.scs_dry_m,trailer_def.scs.box.single_3.dryvan_m,33,1,0
69786,_nameless.1de.58ba.80b0,app,faro,engeron,sevilla,0,354,0,0,largetubes,daf_xd,trailer.profilinehd,trailer_def.krone.profilinerhd.single_3.flatbed,6,1,0
69786,_nameless.1de.58ba.73b0,app,faro,app,badajoz,1,322,0,0,harvest_bins,"""double/volvo_fh16_4x2_700""",trailer.profiline17d,trailer_def.krone.profiliner.double_3_2.curtain,52,1,0
69786,_nameless.1de.58ba.8590,app,faro,trans_cab,algeciras,1,373,0,0,caravans,daf_xf_euro6_4x2_c,trailer.truck_trans,trailer_def.caravans.truck_trans,100,1,0
69786,_nameless.1de.58ba.95d0,kivi,turku,gnt,klaipeda,0,838,150,430,dozer,"""heavy/scania_r2016_8x4_high_730""",trailer.scs_lowbed41,trailer_def.scs.lowbed.single_41_ln.long,1,1,0
69786,_nameless.1de.58ba.7480,vesna,beograd,blt,kaunas,2,1360,0,0,chicken_meat,renault_t_4x2,trailer.scs_ins,trailer_def.scs.box.single_3.insulated,33,1,0
69786,_nameless.1de.58ba.6d30,vesna,beograd,lkwlog,lublin,2,829,0,0,gnocchi,scania_r2016_4x2_high_500,trailer.scs_ins,trailer_def.scs.box.single_3.insulated,33,1,0
69786,_nameless.1de.58ba.8ce0,fle,paris,tradeaux,lille,0,218,0,0,med_vaccine,volvo_fh2024_4x2_420,trailer.scs_ins_a,trailer_def.scs.box.single_3.insulated,33,1,0
69786,_nameless.1de.58ba.8f50,fle,paris,lkwlog,dortmund,1,571,0,0,med_equip,scania_streamline_4x2_top_560,trailer.scs_ins_s,trailer_def.scs.box.single_3.insulated,33,1,0
69786,_nameless.1de.58ba.8180,fle,paris,lisette_log,lemans,0,340,0,0,apples,scania_s2016_6x4_high_730,trailer.drylineret,trailer_def.krone.edryliner.single_3.dryvan,33,1,0
69786,_nameless.1de.58ba.7960,domdepo_ru,luga,rosmark_ru,vyborg,2,288,0,0,plastic_gra,volvo_fh16_4x2_540,trailer.scs_silo,trailer_def.scs.silo.single_3_10.silo,17,1,0
69786,_nameless.1de.58ba.66b0,domdepo_ru,luga,konstnr,stockholm,0,551,570,1270,concr_stair,man_tgx_euro6_6x4_xlx,trailer.profilinehd,trailer_def.krone.profilinerhd.single_3.flatbed,3,1,0
69786,_nameless.1de.58ba.84c0,domdepo_ru,luga,blt,kunda,1,258,0,0,roofing_felt,mercedes_actros_2014_4x2_a,trailer.scs_dry,trailer_def.scs.box.single_3.dryvan,33,1,0
69786,_nameless.1de.58ba.9360,domdepo_ru,luga,renar,dombas,0,1120,570,1270,alu_profile,mercedes_actros_2014_4x2_a,trailer.profilinehd,trailer_def.krone.profilinerhd.single_3.flatbed,2,1,0
69786,_nameless.1de.58ba.8250,domdepo_ru,luga,gnt,daugavpils,0,395,0,0,iron_pipes,man_tgx_2020_4x2,trailer.scs_log,trailer_def.scs.log.single_3.steel,28,1,0
69786,_nameless.1de.58ba.7f10,fle,nantes,trameri,plymouth,0,313,420,1000,empty_spool,renault_premium_6x4_a,trailer.scs_lowbed_4,trailer_def.scs.lowbed.single_4_sh.short,3,1,0
69786,_nameless.1de.58ba.96a0,fle,nantes,lisette_log,roscoff,1,308,0,0,apples_c,iveco_h_4x2_a,trailer.kasbhr_shg40,trailer_def.kassbohrer.shg.singl_3e_40.container,30,1,0
69786,_nameless.1de.58ba.7fe0,fle,nantes,trans_cab,lisboa,0,1449,0,0,oranges,daf_xd_1,trailer.scs_ins,trailer_def.scs.box.single_3.insulated,33,1,0
69786,_nameless.1de.58ba.6fa0,polarislines,ventspils,nch,turku,1,742,150,430,motorcycles,volvo_fh2012_4x2_750,trailer.kasbhr_scs,trailer_def.kassbohrer.scs.single_3_13.curtain,34,1,0
69786,_nameless.1de.58ba.6ac0,polarislines,ventspils,nordic_ports,sundsvall,0,397,510,1110,comp_process,iveco_sway_4x2_580,trailer.scs_curt,trailer_def.scs.box.single_3.curtain,33,1,0
69786,_nameless.1de.58ba.6780,polarislines,ventspils,sal_fi,ivalo,1,1545,150,430,carb_water,renault_premium_6x4_a,trailer.profiliner17,trailer_def.krone.profiliner.single_3.curtain,32,1,0
69786,_nameless.1de.58ba.6850,domdepo,pitesti,ocean_sol,ruse,1,189,0,0,elect_wiring,iveco_sway_4x2_580,trailer.scs_curt_a,trailer_def.scs.box.single_3.curtain,33,1,0
69786,_nameless.1de.58ba.8320,domdepo,pitesti,stokes,rijeka,1,1016,0,0,cable_reel,"""heavy/renault_6x4""",trailer.scs_lowlow4e,trailer_def.scs.lowloader.single_4_ln.long,1,1,0
69786,_nameless.1de.58ba.8660,domdepo,pitesti,fallow,targu_mures,2,345,0,0,largetubes,renault_premium_4x2_c,trailer.scs_log,trailer_def.scs.log.single_3.steel,6,1,0
69786,_nameless.1de.58ba.8db0,libellula,milano,cnp,livorno,0,331,0,0,empty_barr,iveco_4x2_a,trailer.scs_dry_ms,trailer_def.scs.box.single_3.dryvan_m,33,1,0
69786,_nameless.1de.58ba.6920,libellula,milano,icaria,athens,0,1422,570,745,scrap_metals,man_4x2_a,trailer.scs_dumper,trailer_def.scs.dumper.single_3.steel,10,1,0
69786,_nameless.1de.58ba.b240,libellula,milano,bhv,nice,0,354,0,0,scooters,scania_streamline_4x2_top_560,trailer.kasbhr_shg45,trailer_def.kassbohrer.scs.single_3_13.curtain,34,1,0
69786,_nameless.1de.58ba.abc0,ai,kragujevac,fallow,zagreb,2,532,0,0,plast_pipes,volvo_fh2021_4x2_420,trailer.scs_flat_b,trailer_def.scs.flatbed.single_3.flatbed_w,4,1,0
69786,_nameless.1de.58ba.9d20,ai,kragujevac,icaria,athens,0,989,0,0,emptytank,mercedes_6x4_a,trailer.scs_flat_b,trailer_def.scs.flatbed.single_3.flatbed_w,1,1,0
69786,_nameless.1de.58ba.b990,ai,kragujevac,trameri,budapest,2,470,0,0,fueltanker,volvo_fh16_4x2_540,trailer.scs_gosck220,trailer_def.scs.gooseneck.singl_3e_220.container,80,1,0
69786,_nameless.1de.58ba.b4b0,fallow,larissa,tras_med,bari,2,345,570,745,caviar,daf_xf_euro6_6x2_a,trailer.scs_ref_a,trailer_def.scs.box.single_3.reefer,33,1,0
69786,_nameless.1de.58ba.a6e0,fallow,larissa,brawen,banja_luka,2,1126,0,0,drymilk,volvo_fh16_4x2_420,trailer.scs_dry_ms,trailer_def.scs.box.single_3.dryvan_m,33,1,0
69786,_nameless.1de.58ba.c350,fallow,larissa,kaarfor,bastia,2,943,1620,1979,oranges,renault_premium_4x2_c,trailer.scs_ins_s,trailer_def.scs.box.single_3.insulated,33,1,0
69786,_nameless.1de.58ba.c9d0,cgla,barcelona,cargotras,sassari,2,58,720,827,glass,iveco_6x2_a,trailer.panel_trans.glass,trailer_def.glass.panel_trans.glass,99,1,0
69786,_nameless.1de.58ba.af00,cgla,barcelona,lisette_log,ajaccio,1,13,930,1182,glass_packed,mercedes_actros_2014_6x4_b,trailer.gls_trailer,trailer_def.glass_packed.gls_trailer,100,1,0
69786,_nameless.1de.58ba.c280,cgla,barcelona,log_atlan,porto,1,1084,0,0,large_cont,daf_xf_euro6_4x2_c,trailer.scs_lowbed_4,trailer_def.scs.lowbed.single_4_sh.short,27,1,0
69786,_nameless.1de.58ba.c5c0,quarry,hannover,globeur,montpellier,1,1290,0,0,tracks,scania_r2016_6x4_high_660,trailer.scs_lowbed_4,trailer_def.scs.lowbed.single_4_sh.short,1,1,0
69786,_nameless.1de.58ba.9c50,quarry,hannover,tradeaux,nice,0,1321,0,0,mob_stacker,"""heavy/iveco_6x4""",trailer.scs_lowbed_4,trailer_def.scs.lowbed.single_4_sh.short,1,1,0
69786,_nameless.1de.58ba.aa20,quarry,hannover,transinet,frankfurt,1,317,0,0,jcb_wload457,mercedes_actros_2014_6x4_b,trailer.scs_lowbed_3,trailer_def.scs.lowbed.single_3.short,1,1,0
69786,_nameless.1de.58ba.afd0,quarry,hannover,lkwlog,venezia,0,1125,0,0,jcb_dmp6t2,"""heavy/renault_6x4""",trailer.scs_lowlowd2,trailer_def.scs.lowloader.single_2_sh.short,1,1,0
69786,_nameless.1de.58ba.a610,quarry,hannover,dfh,hamburg,1,167,0,0,volvo_ec220e,man_tgx_euro6_4x2_xl,trailer.scs_lowbed_3,trailer_def.scs.lowbed.single_3.short,1,1,0
69786,_nameless.1de.58ba.9df0,te_logistica,parma,lkwlog,venezia,2,259,0,0,polyst_box,daf_xf_euro6_4x2_b,trailer.scs_curt_a,trailer_def.scs.box.single_3.curtain,33,1,0
69786,_nameless.1de.58ba.a7b0,te_logistica,parma,lkwlog,venezia,1,259,0,0,chimney_syst,daf_xf_euro6_4x2_a,trailer.scs_dry_s,trailer_def.scs.box.single_3.dryvan,33,1,0
69786,_nameless.1de.58ba.c4f0,te_logistica,parma,sanbuilders,brno,0,944,0,0,wrk_cloth,iveco_6x2_a,trailer.profiliner17,trailer_def.krone.profiliner.single_3.curtain,33,1,0
69786,_nameless.1de.58ba.ac90,te_logistica,parma,gallia_ferry,bilbao,0,1453,0,0,olives,mercedes_4x2,trailer.scs_curt,trailer_def.scs.box.single_3.curtain,33,1,0
69786,_nameless.1de.58ba.c420,te_logistica,parma,tras_med,genova,2,260,0,0,grass_rolls,scania_r2016_6x2_high_460,trailer.scs_dry,trailer_def.scs.box.single_3.dryvan,33,1,0
69786,_nameless.1de.58ba.cc40,te_logistica,parma,globeur,bordeaux,0,1244,0,0,truck_tyres,renault_t_6x2,trailer.scs_curt,trailer_def.scs.box.single_3.curtain,33,1,0
69786,_nameless.1de.58ba.a060,fcp,hannover,stokes,warszawa,0,718,0,0,empty_palet,renault_t_4x2,trailer.scs_dry_m,trailer_def.scs.box.single_3.dryvan_m,32,1,0
69786,_nameless.1de.58ba.a880,fcp,hannover,bhv,limoges,1,1290,0,0,car_gr,man_tgx_2020,trailer.car_trans,trailer_def.car_gr.car_trans,100,1,0
69786,_nameless.1de.58ba.b580,fcp,hannover,bhv,paris,0,731,0,0,cars_fr,iveco_4x2_b,trailer.car_trans,trailer_def.cars_fr.car_trans,100,1,0
69786,_nameless.1de.58ba.b7f0,fcp,hannover,lkwlog,frankfurt,0,327,0,0,used_packag,"""double/man_tgx_2020""",trailer.scs_dry_b2,trailer_def.scs.box.bdouble_3_3.dryvan,25,1,0
69786,_nameless.1de.58ba.bb30,wgcc,manchester,lkwlog,osnabruck,0,490,660,995,graph_grease,iveco_sway_4x2_460,trailer.scs_curt,trailer_def.scs.box.single_3.curtain,33,1,0
69786,_nameless.1de.58ba.b170,wgcc,manchester,ns_chem,kristiansand,1,524,1335,2366,nitrocel,renault_magnum_4x2_a,trailer.scs_gosck40,trailer_def.scs.gooseneck.singl_3e_40.container,80,1,0
69786,_nameless.1de.58ba.ad60,wgcc,manchester,ns_chem,pori,1,1379,1680,2484,potahydro,mercedes_6x2_b,trailer.ffb_tsaadr22,trailer_def.feldbinder.tsaadr.single_3_22a.22_3_1,73,1,0
69786,_nameless.1de.58ba.bda0,ika_bohag,brest,posped,swansea,0,389,420,1000,pot_flowers,renault_magnum_4x2_a,trailer.scs_ref_a,trailer_def.scs.box.single_3.reefer,33,1,0
69786,_nameless.1de.58ba.c0e0,ika_bohag,brest,globeur,rennes,0,302,0,0,empty_palet,scania_r2016_4x2_norm_370,trailer.scs_curt_a,trailer_def.scs.box.single_3.curtain,33,1,0
69786,_nameless.1de.58ba.b0a0,exomar,ancona,aci,bologna,0,242,0,0,air_mails,daf_xf_euro6_4x2_c,trailer.profiliner17,trailer_def.krone.profiliner.single_3.curtain,33,1,0
69786,_nameless.1de.58ba.c760,exomar,ancona,balkan_loco,ljubljana,0,715,0,0,locomotive,"""heavy/renault_6x4""",trailer.scs_lowbed41,trailer_def.scs.lowbed.single_41_ln.long,1,1,0
69786,_nameless.1de.58ba.a2d0,exomar,ancona,piac,bologna,2,263,0,0,sq_tub,volvo_fh2012_6x2_500,trailer.profilinehd,trailer_def.krone.profilinerhd.single_3.flatbed,2,1,0
69786,_nameless.1de.58ba.cd10,exomar,ancona,tras_med,bari,0,450,0,0,coconut_oil,volvo_fh16_4x2_540,trailer.profiliner17,trailer_def.krone.profiliner.single_3.curtain,33,1,0
69786,_nameless.1de.58ba.bf40,exomar,ancona,adrica,split,0,85,600,315,polyst_box,iveco_6x2_a,trailer.scs_curt,trailer_def.scs.box.single_3.curtain,33,1,0
69786,_nameless.1de.58ba.c830,exomar,ancona,lisette_log,lemans,1,1543,0,0,beans,renault_premium_4x2_a,trailer.scs_curt_s,trailer_def.scs.box.single_3.curtain,33,1,0
69786,_nameless.1de.58ba.c010,exomar,ancona,crnodrvo_log,bijelo_polje,1,645,600,315,cott_harvest,"""heavy/renault_6x4""",trailer.kasbhr_slle,trailer_def.kassbohrer.sll.single_3_ln.low,1,1,0
69786,_nameless.1de.58ba.ae30,exomar,ancona,globeur,montpellier,2,1050,0,0,used_battery,daf_xd_1,trailer.scs_dry_s,trailer_def.scs.box.single_3.dryvan,33,1,0
69786,_nameless.1de.58ba.b720,aluxion,podgorica,ocean_sol,ruse,2,781,0,0,re_bars,volvo_fh2021_4x2_750,trailer.scs_flat_b,trailer_def.scs.flatbed.single_3.flatbed_w,2,1,0
69786,_nameless.1de.58ba.9ec0,aluxion,podgorica,brawen,thessaloniki,1,775,0,0,empty_spool,iveco_sway_4x2_500,trailer.scs_flat_b,trailer_def.scs.flatbed.single_3.flatbed_w,4,1,0
69786,_nameless.1de.58ba.a470,aluxion,podgorica,tras_med,bari,0,214,540,420,jcb_pw125qe,volvo_fh2024_4x2_780,trailer.profilinehd,trailer_def.krone.profilinerhd.single_3.flatbed,24,1,0
69786,_nameless.1de.58ba.a3a0,aluxion,podgorica,rock_eater,constanta,0,1055,0,0,crawler,"""heavy/scania_streamline_8x4_top_730""",trailer.scs_lowlow4e,trailer_def.scs.lowloader.single_4_ln.long,1,1,0
69786,_nameless.1de.58ba.bc00,eolo_lines,palermo,rt_log,madrid,1,363,1557,1788,rooflights,mercedes_actros_2014_6x4_b,trailer.scs_curt,trailer_def.scs.box.single_3.curtain,33,1,0
69786,_nameless.1de.58ba.cde0,eolo_lines,palermo,exomar,olbia,2,254,720,778,roofing_felt,iveco_h_4x2_a,trailer.kasbhr_scs,trailer_def.kassbohrer.scs.single_3_13.curtain,34,1,0
69786,_nameless.1de.58ba.a950,eolo_lines,palermo,cargotras,catanzaro,0,369,20,347,cut_flowers,volvo_fh2012_4x2_420,trailer.scs_ref_a,trailer_def.scs.box.single_3.reefer,33,1,0
69786,_nameless.1de.58ba.be70,app,badajoz,log_atlan,sevilla,1,302,0,0,stone_wool,man_4x2_a,trailer.kasbhr_shg45,trailer_def.kassbohrer.scs.single_3_13.curtain,34,1,0
69786,_nameless.1de.58ba.c1b0,app,badajoz,log_atlan,salamanca,0,321,0,0,empty_spool,volvo_fh2012_6x2_500,trailer.kasbhr_sla,trailer_def.kassbohrer.sla.single_3_sh.lowbed,3,1,0
69786,_nameless.1de.58ba.9f90,villco_mkt,heraklion,cargotras,sassari,1,953,1950,2384,used_packag,scania_r_6x4_top_620,trailer.kasbhr_shg45,trailer_def.kassbohrer.scs.single_3_13.curtain,34,1,0
69786,_nameless.1de.58ba.a540,villco_mkt,heraklion,icaria,mitilini,1,12,1215,2068,empty_palet,volvo_fh2021_4x2_420,trailer.kasbhr_shg45,trailer_def.kassbohrer.scs.single_3_13.curtain,34,1,0
69786,_nameless.1de.58ba.e160,transinet,brussel,renar,calvi,0,1213,840,1193,apples,mercedes_actros_2014_4x2_a,trailer.kasbhr_scs,trailer_def.kassbohrer.scs.single_3_13.curtain,34,1,0
69786,_nameless.1de.58ba.ceb0,transinet,brussel,stokes,katowice,0,1163,0,0,milk,mercedes_actros_2014_4x2_a,trailer.kasbhr_sbt,trailer_def.kassbohrer.sbt.single_3_13.dryvan,34,1,0
69786,_nameless.1de.58ba.d870,transinet,brussel,tradeaux,paris,1,298,0,0,nylon_cord,scania_r2016_4x2_norm_370,trailer.scs_curt,trailer_def.scs.box.single_3.curtain,33,1,0
69786,_nameless.1de.58ba.dfc0,christopoulo,patras,ocean_sol,mangalia,1,1325,0,0,metal_pipes,man_tgx_2020_4x2,trailer.profilinehd,trailer_def.krone.profilinerhd.single_3.flatbed,1,1,0
69786,_nameless.1de.58ba.d120,christopoulo,patras,eolo_lines,lile_rousse,1,943,1620,1979,stone_wool,mercedes_actros_2014_6x2_a,trailer.scs_dry_m,trailer_def.scs.box.single_3.dryvan_m,33,1,0
69786,_nameless.1de.58ba.e710,christopoulo,patras,betunia,tirana,2,856,0,0,elect_wiring,daf_xd,trailer.scs_dry_s,trailer_def.scs.box.single_3.dryvan,33,1,0
69786,_nameless.1de.58ba.ee60,ortiz,lisboa,rt_log,a_coruna,1,620,0,0,car_f,renault_magnum_6x2_a,trailer.car_trans,trailer_def.car_f.car_trans,100,1,0
69786,_nameless.1de.58ba.dd50,ortiz,lisboa,rt_log,sevilla,2,488,0,0,vans_id,scania_streamline_4x2_top_560,trailer.van_trans,trailer_def.vans_id.van_trans,100,1,0
69786,_nameless.1de.58ba.e300,ortiz,lisboa,agregados,coimbra,0,241,0,0,scrap_metals,iveco_4x2_c,trailer.scs_dumper,trailer_def.scs.dumper.single_3.steel,10,1,0
69786,_nameless.1de.58ba.d1f0,ortiz,lisboa,eolo_lines,cagliari,0,1419,720,827,empty_barr,renault_magnum_6x2_a,trailer.scs_curt_a,trailer_def.scs.box.single_3.curtain,33,1,0
69786,_nameless.1de.58ba.f5b0,lognstick,tekirdag,stokes,tirana,0,869,0,0,vinegar,renault_t_6x2,trailer.scs_dry_ms,trailer_def.scs.box.single_3.dryvan_m,33,1,0
69786,_nameless.1de.58ba.fa90,lognstick,tekirdag,transinet,debrecen,2,1347,0,0,horse_tr,man_tgx_euro6_4x2_xl,trailer.truck_trans,trailer_def.horse_tr.truck_trans,100,1,0
69786,_nameless.1de.58ba.e230,lognstick,tekirdag,gnt,bastia,1,1387,1620,1979,bricks,renault_t_6x2,trailer.scs_brick_r,trailer_def.scs.flatbed.single_3.brick,32,1,0
69786,_nameless.1de.58ba.ecc0,lognstick,tekirdag,fallow,istanbul,0,126,0,0,maple_syrup,scania_s2016_4x2_norm_370,trailer.drylineret,trailer_def.krone.edryliner.single_3.dryvan,33,1,0
69786,_nameless.1de.58ba.d940,fintyre_ru,petersburg,lkwlog,lodz,0,1347,0,0,used_packag,daf_xf_euro6_4x2_c,trailer.scs_dry_a,trailer_def.scs.box.single_3.dryvan,33,1,0
69786,_nameless.1de.58ba.f9c0,fintyre_ru,petersburg,polarislines,gedser,0,1414,570,1270,truck_tyres,volvo_fh2021_6x2_540,trailer.scs_dry_a,trailer_def.scs.box.single_3.dryvan,33,1,0
69786,_nameless.1de.58ba.f750,fintyre_ru,petersburg,polarislines,naantali,0,740,0,0,tyres,daf_xf_euro6_4x2_a,trailer.scs_curt,trailer_def.scs.box.single_3.curtain,33,1,0
69786,_nameless.1de.58ba.e090,villco_mkt,kavala,te_logistica,cagliari,1,828,1410,1624,used_plast,scania_r2016_4x2_high_500,trailer.scs_dry_m,trailer_def.scs.box.single_3.dryvan_m,33,1,0
69786,_nameless.1de.58ba.d600,villco_mkt,kavala,subse,veli_tarnovo,1,372,0,0,empty_palet,renault_t_6x2,trailer.kasbhr_sbt,trailer_def.kassbohrer.sbt.single_3_13.dryvan,33,1,0
69786,_nameless.1de.58ba.e980,lkwlog,lodz,sellplan,erfurt,2,668,0,0,canned_pork,scania_s2016_6x4_high_730,trailer.coolliner17,trailer_def.krone.coolliner.single_3.reefer,31,1,0
69786,_nameless.1de.58ba.d390,lkwlog,lodz,posped,london,0,1493,35,300,mob_tr_winch,"""heavy/renault_6x4""",trailer.kasbhr_sll,trailer_def.kassbohrer.sll.single_3_sh.low,1,1,0
69786,_nameless.1de.58ba.e3d0,exomar,guarda,dans_jardin,bastia,0,1091,930,1182,ter_forklift,scania_r2016_4x2_norm_370,trailer.profilinehd,trailer_def.krone.profilinerhd.single_3.flatbed,2,1,0
69786,_nameless.1de.58ba.ed90,exomar,guarda,trans_cab,murcia,0,887,0,0,concr_beams2,iveco_4x2_a,trailer.profilinehd,trailer_def.krone.profilinerhd.single_3.flatbed,2,1,0
69786,_nameless.1de.58ba.e640,exomar,guarda,trans_cab,valladolid,2,345,0,0,mob_tr_winch,"""heavy/scania_s2016_6x4_high_730""",trailer.kasbhr_sla,trailer_def.kassbohrer.sla.single_3_sh.lowbed,1,1,0
69786,_nameless.1de.58ba.ef30,bhv,panevezys,bhv,mikkeli,1,721,150,430,motorcycles,volvo_fh2024_4x2_420,trailer.dryliner17,trailer_def.krone.dryliner.single_3.dryvan,33,1,0
69786,_nameless.1de.58ba.e7e0,bhv,panevezys,bhv,kajaani,1,979,150,430,caravans,renault_premium_4x2_a,trailer.truck_trans,trailer_def.caravans.truck_trans,100,1,0
69786,_nameless.1de.58ba.fb60,globeur,bayonne,tradeaux,toulouse,2,343,0,0,vans_fd,man_tgx_2020,trailer.van_trans,trailer_def.vans_fd.van_trans,100,1,0
69786,_nameless.1de.58ba.ea50,globeur,bayonne,eolo_lines,lile_rousse,0,621,930,1182,emp_wine_bot,daf_xf_euro6_4x2_b,trailer.kasbhr_sbt,trailer_def.kassbohrer.sbt.single_3_13.dryvan,34,1,0
69786,_nameless.1de.58ba.f000,globeur,bayonne,transinet,munchen,0,1532,0,0,truck_tyres,mercedes_actros_2014_4x2_c,trailer.scs_dry_s,trailer_def.scs.box.single_3.dryvan,33,1,0
69786,_nameless.1de.58ba.fc30,globeur,bayonne,renar,calvi,0,590,930,1182,fert_spread,scania_s2016_4x2_norm_370,trailer.kasbhr_slle,trailer_def.kassbohrer.sll.single_3_ln.low,1,1,0
69786,_nameless.1de.58ba.f0d0,globeur,bayonne,kaarfor,larochelle,0,386,0,0,salm_fillet,iveco_sway_4x2_500,trailer.scs_ref_a,trailer_def.scs.box.single_3.reefer,33,1,0
69786,_nameless.1de.58ba.cf80,euroacres,carlisle,freyr,esbjerg,2,308,1140,1314,jcb_ft4220,daf_6x2_a,trailer.scs_lowlowd4,trailer_def.scs.lowloader.single_4_sh.short,1,1,0
69786,_nameless.1de.58ba.eb20,eurogoodies,groningen,transinet,southampton,2,814,35,300,sausages,man_tgx_euro6_4x2_xl,trailer.scs_ref_a,trailer_def.scs.box.single_3.reefer,33,1,0
69786,_nameless.1de.58ba.f1a0,eurogoodies,groningen,lkwlog,calais,0,626,0,0,rice_c,scania_streamline_6x2_norm_440,trailer.krone.boxliner40,trailer_def.krone.boxliner.single_3_40.container,30,1,0
69786,_nameless.1de.58ba.f4e0,scania_fac,sodertalje,renar,kotka,2,517,540,1170,empty_barr,man_tgx_euro6_4x2_xxl,trailer.kasbhr_sbt,trailer_def.kassbohrer.sbt.single_3_13.dryvan,34,1,0
69786,_nameless.1de.58ba.d050,scania_fac,sodertalje,polarislines,ventspils,0,50,510,1110,used_packag,man_6x4_b,trailer.kasbhr_scs,trailer_def.kassbohrer.scs.single_3_13.curtain,34,1,0
69786,_nameless.1de.58ba.f680,scania_fac,sodertalje,nch,riga,0,276,510,1110,scania_tr,mercedes_4x2_a,trailer.truck_trans,trailer_def.scania_tr.truck_trans,100,1,0
69786,_nameless.1de.58ba.f820,renat,salzburg,dfh,nurnberg,2,309,0,0,mat_handler,"""heavy/volvo_fh2024_6x4_600""",trailer.kasbhr_slle,trailer_def.kassbohrer.sll.single_3_ln.low,1,1,0
69786,_nameless.1de.58ba.fd00,renat,salzburg,bcp,bratislava,0,325,0,0,forklifts,volvo_fh16_6x4_700,trailer.scs_lowbed_3,trailer_def.scs.lowbed.single_3.short,4,1,0
69786,_nameless.1de.58ba.d2c0,renat,salzburg,fle,stuttgart,0,357,0,0,empty_spool,man_tgx_2020_4x2,trailer.scs_flat_b,trailer_def.scs.flatbed.single_3.flatbed_w,4,1,0
69786,_nameless.1de.58ba.d460,renat,salzburg,cgla,kragujevac,1,1034,0,0,large_cont,mercedes_actros_2014_4x2_b,trailer.profilinehd,trailer_def.krone.profilinerhd.single_3.flatbed,33,1,0
69786,_nameless.1de.58ba.d530,dans_jardin,porto_vecchi,tradeaux,nice,0,270,840,1193,ffb_kip60,renault_magnum_6x2_a,trailer.ffb_kip60,trailer_def.ffb_kip60.ffb_kip60,100,1,0
69786,_nameless.1de.58ba.d6d0,dans_jardin,porto_vecchi,fle,barcelona,0,173,930,1182,watermelons,daf_6x2_a,trailer.coollineret,trailer_def.krone.ecoolliner.single_3.reefer,33,1,0
69786,_nameless.1de.58ba.da10,dans_jardin,porto_vecchi,tras_med,cagliari,0,399,210,355,kr_vpv190xc,mercedes_4x2_a,trailer.scs_lowlowd4,trailer_def.scs.lowloader.single_4_sh.short,1,1,0
69786,_nameless.1de.58ba.dae0,dans_jardin,porto_vecchi,kaarfor,montpellier,2,219,840,1193,plums,daf_xd_1,trailer.coollineret,trailer_def.krone.ecoolliner.single_3.reefer,33,1,0
69786,_nameless.1de.58ba.dbb0,tree_et,teruel,agregados,puertollano,2,554,0,0,lumber_p,iveco_4x2_c,trailer.scs_flat_b,trailer_def.scs.flatbed.single_3.flatbed_w,6,1,0
69786,_nameless.1de.58ba.2dd0,tree_et,teruel,exomar,cordoba,2,694,0,0,logs,daf_xg_4x2_450,trailer.scs_log,trailer_def.scs.log.single_3.steel,32,1,0
69786,_nameless.1de.58ba.2a90,sal_fi,joensuu,aerobalt,tallinn,0,562,150,430,apples_c,renault_magnum_6x4_a,trailer.scs_gosck40,trailer_def.scs.gooseneck.singl_3e_40.container,30,1,0
69786,_nameless.1de.58ba.0e20,sal_fi,joensuu,muromec,pskov,0,918,0,0,graph_grease,mercedes_actros_2014_4x2_a,trailer.scs_curt_s,trailer_def.scs.box.single_3.curtain,33,1,0
69786,_nameless.1de.58ba.1570,sal_fi,joensuu,renar,mikkeli,2,260,0,0,used_battery,"""double/mercedes_4x2_a""",trailer.profiline17d,trailer_def.krone.profiliner.double_3_2.curtain,52,1,0
69786,_nameless.1de.58ba.0530,sal_fi,joensuu,nch,kouvola,0,291,0,0,scooters,"""double/iveco_sway_4x2_580""",trailer.scs_curt_2,trailer_def.scs.box.double_3_2.curtain,52,1,0
69786,_nameless.1de.58ba.2ea0,subse,bijelo_polje,tras_med,roma,2,740,540,420,canned_pork,volvo_fh2012_6x2_500,trailer.scs_ref_s,trailer_def.scs.box.single_3.reefer,31,1,0
69786,_nameless.1de.58ba.0870,subse,bijelo_polje,subse,larissa,0,805,0,0,pasta,daf_xd_2,trailer.scs_dry_ms,trailer_def.scs.box.single_3.dryvan_m,33,1,0
69786,_nameless.1de.58ba.0ef0,vitas_pwr,aalborg,lkwlog,brno,2,1229,0,0,windml_tube,mercedes_6x4_a,trailer.scs_lowbed_3,trailer_def.scs.lowbed.single_3.short,1,1,0
69786,_nameless.1de.58ba.2f70,vitas_pwr,aalborg,nch,tallinn,0,851,765,1947,empty_palet,scania_r_6x4_top_620,trailer.scs_dry_ms,trailer_def.scs.box.single_3.dryvan_m,32,1,0
69786,_nameless.1de.58ba.1090,icaria,argostoli,balkan_loco,sarajevo,1,1080,460,720,helicopter,mercedes_4x2,trailer.scs_lowbed_3,trailer_def.scs.lowbed.single_3.short,1,1,0
69786,_nameless.1de.58ba.1710,icaria,argostoli,icaria,rhodes,0,307,1050,2399,watertank,mercedes_6x2_b,trailer.kasbhr_slle,trailer_def.kassbohrer.sll.single_3_ln.low,2,1,0
69786,_nameless.1de.58ba.0fc0,blt,kunda,renar,kobenhavn,0,949,570,1270,vinegar_c,renault_magnum_6x4_a,trailer.krone.boxliner220,trailer_def.krone.boxliner.single_3_220.container,30,1,0
69786,_nameless.1de.58ba.1300,blt,kunda,konstnr,stockholm,2,286,570,1270,digger1000,iveco_4x2_c,trailer.kasbhr_sla,trailer_def.kassbohrer.sla.single_3_sh.lowbed,1,1,0
69786,_nameless.1de.58ba.0a10,blt,kunda,nord_sten,ostersund,2,739,570,1270,diesel,volvo_fh2021_6x2_540,trailer.willig.fuel_cistern,trailer_def.scs.fueltank.single_3.fueltank,28,1,0
69786,_nameless.1de.58ba.1160,blt,kunda,bhv,gavle,1,371,570,1270,moto_tires,scania_r_6x4_top_620,trailer.kasbhr_scs,trailer_def.kassbohrer.scs.single_3_13.curtain,34,1,0
69786,_nameless.1de.58ba.1230,imp_otel,calarasi,cemelt_fla,bucuresti,2,114,0,0,precast_strs,mercedes_4x2_a,trailer.scs_dry_m,trailer_def.scs.box.single_3.dryvan_m,32,1,0
69786,_nameless.1de.58ba.3040,imp_otel,calarasi,ocean_sol,varna,2,228,0,0,alu_ingot,renault_premium_4x2_c,trailer.profilinehd,trailer_def.krone.profilinerhd.single_3.flatbed,28,1,0
69786,_nameless.1de.58ba.1bf0,imp_otel,calarasi,ocean_sol,mangalia,1,171,0,0,iron_pipes,volvo_fh2021_4x2_420,trailer.scs_log,trailer_def.scs.log.single_3.steel,28,1,0
69786,_nameless.1de.58ba.14a0,jastuk,tuzla,balkan_loco,veli_tarnovo,1,820,0,0,furniture,scania_streamline_6x4_top_480,trailer.scs_dry_a,trailer_def.scs.box.single_3.dryvan,33,1,0
69786,_nameless.1de.58ba.18b0,jastuk,tuzla,dfh,bremen,1,1574,0,0,ter_forklift,scania_r_6x4_top_620,trailer.scs_flat_b,trailer_def.scs.flatbed.single_3.flatbed_w,2,1,0
69786,_nameless.1de.58ba.0ae0,eurogoodies,plymouth,rt_log,hamburg,0,1170,35,300,garlic,mercedes_actros_2014_6x2_a,trailer.scs_curt_a,trailer_def.scs.box.single_3.curtain,33,1,0
69786,_nameless.1de.58ba.3110,quarry,glasgow,sanbuilders,newcastle,0,329,0,0,jcb_exc245xr,"""heavy/volvo_fh2012_8x4_700""",trailer.scs_lowbed41,trailer_def.scs.lowbed.single_41_ln.long,1,1,0
69786,_nameless.1de.58ba.2340,quarry,glasgow,sanbuilders,newcastle,0,329,0,0,granite_cube,man_4x2_c,trailer.scs_dumper,trailer_def.scs.dumper.single_3.steel,10,1,0
69786,_nameless.1de.58b9.feb0,tesore_gust,firenze,lisette_log,nice,0,482,0,0,pnut_butter,renault_magnum_4x2_a,trailer.coolliner17,trailer_def.krone.coolliner.single_3.reefer,33,1,0
69786,_nameless.1de.58ba.1a50,tesore_gust,firenze,posped,verona,1,291,0,0,chewing_gums,iveco_4x2_a,trailer.scs_curt,trailer_def.scs.box.single_3.curtain,33,1,0
69786,_nameless.1de.58ba.0050,nch,tallinn,norse_rail,gavle,2,319,570,1270,car_balt1,daf_xg_4x2_450,trailer.car_trans,trailer_def.car_balt1.car_trans,100,1,0
69786,_nameless.1de.58ba.06d0,nch,tallinn,norr_food,stockholm,0,243,570,1270,coconut_oil,daf_xd,trailer.kasbhr_shg45,trailer_def.kassbohrer.scs.single_3_13.curtain,32,1,0
69786,_nameless.1de.58ba.20d0,nch,tallinn,drekkar,uppsala,0,223,570,1270,olive_oil_t,volvo_fh16_4x2_540,trailer.ffb_tsalm32,trailer_def.feldbinder.tsalm.single_3_32.32_3_2,25,1,0
69786,_nameless.1de.58ba.07a0,vitas_pwr,bilbao,lisette_log,rennes,0,882,0,0,empty_spool,daf_xd_2,trailer.scs_lowbed41,trailer_def.scs.lowbed.single_41_ln.long,4,1,0
69786,_nameless.1de.58ba.2750,vitas_pwr,bilbao,log_atlan,leon,0,389,0,0,windml_eng,iveco_6x2_a,trailer.scs_lowbed_3,trailer_def.scs.lowbed.single_3.short,1,1,0
69786,_nameless.1de.58ba.31e0,vitas_pwr,bilbao,vitas_pwr_co,sines,1,1037,0,0,windml_tube,scania_r2016_6x4_high_660,trailer.scs_lowlow4e,trailer_def.scs.lowloader.single_4_ln.long,2,1,0
69786,_nameless.1de.58ba.1b20,marina,a_coruna,app,gijon,0,328,0,0,yacht,mercedes_actros_2014_4x2_a,trailer.scs_lowbed41,trailer_def.scs.lowbed.single_41_ln.long,1,1,0
69786,_nameless.1de.58b9.ff80,ns_oil,wien,imp_otel,hunedoara,2,735,0,0,ethane,mercedes_4x2_b,trailer.scs_gastank,trailer_def.scs.gastank.single_3.gastank,40,1,0
69786,_nameless.1de.58ba.1cc0,ns_oil,wien,bcp,pecs,1,388,0,0,lpg,mercedes_4x2,trailer.scs_gosck220,trailer_def.scs.gooseneck.singl_3e_220.container,80,1,0
69786,_nameless.1de.58ba.2000,cont_port,oulu,cont_port,helsinki,1,582,0,0,fluorine,daf_4x2_a,trailer.kasbhr_shg20,trailer_def.kassbohrer.shg.singl_3e_20.container,40,1,0
69786,_nameless.1de.58ba.2270,quarry,lyon,stokes,zurich,2,377,0,0,digger1000,scania_streamline_4x2_norm_380,trailer.scs_lowbed_3,trailer_def.scs.lowbed.single_3.short,1,1,0
69786,_nameless.1de.58ba.0940,quarry,lyon,lkwlog,dortmund,2,893,0,0,jcb_mexc19ce,scania_streamline_4x2_norm_380,trailer.scs_flat_b,trailer_def.scs.flatbed.single_3.flatbed_w,3,1,0
69786,_nameless.1de.58ba.2410,quarry,lyon,quarry,katowice,0,1519,0,0,mob_crusher,"""heavy/scania_s2016_6x4_high_730""",trailer.scs_lowbed_4,trailer_def.scs.lowbed.single_4_sh.short,1,1,0
69786,_nameless.1de.58ba.24e0,quarry,lyon,euroacres,groningen,0,1089,0,0,jcb_wload457,mercedes_actros_2014_4x2_c,trailer.scs_lowbed_3,trailer_def.scs.lowbed.single_3.short,1,1,0
69786,_nameless.1de.58ba.2680,quarry,lyon,tradeaux,ajaccio,1,479,840,1193,tracks,scania_r2016_6x2_high_460,trailer.kasbhr_sla,trailer_def.kassbohrer.sla.single_3_sh.lowbed,1,1,0
69786,_nameless.1de.58ba.2d00,eolo_lines,sassari,villco,pristina,0,775,1380,1299,canned_pork,scania_r2016_4x2_norm_370,trailer.scs_ins_a,trailer_def.scs.box.single_3.insulated,32,1,0
69786,_nameless.1de.58ba.2820,eolo_lines,sassari,sellplan,geneve,1,765,720,827,peas,renault_premium_4x2_a,trailer.kasbhr_sbt,trailer_def.kassbohrer.sbt.single_3_13.dryvan,34,1,0
69786,_nameless.1de.58ba.28f0,eolo_lines,sassari,fcp,torino,2,825,720,827,press_sl_val,renault_magnum_4x2_a,trailer.scs_curt,trailer_def.scs.box.single_3.curtain,33,1,0
69786,_nameless.1de.58ba.29c0,wgcc,kokkola,skog_paper,sundsvall,0,255,300,680,sodhydro,renault_premium_6x2_a,trailer.kasbhr_shg20,trailer_def.kassbohrer.shg.singl_3e_20.container,40,1,0
69786,_nameless.1de.58ba.2b60,wgcc,kokkola,ika_bohag,haparanda,0,264,0,0,ter_forklift,volvo_fh2021_4x2_420,trailer.scs_flat_b,trailer_def.scs.flatbed.single_3.flatbed_w,2,1,0
69786,_nameless.1de.58ba.0120,wgcc,kokkola,cont_port,oslo,0,841,300,680,nitrogen,scania_r2016_4x2_norm_370,trailer.scs_gosck220,trailer_def.scs.gooseneck.singl_3e_220.container,80,1,0
69786,_nameless.1de.58ba.0390,renat,pleven,posped,katowice,0,1261,0,0,mat_handler,"""heavy/scania_r_6x4_top_730""",trailer.kasbhr_slle,trailer_def.kassbohrer.sll.single_3_ln.low,1,1,0
69786,_nameless.1de.58ba.0460,renat,pleven,brawen,banja_luka,0,834,0,0,empty_spool,volvo_fh2021_4x2_420,trailer.scs_lowbed41,trailer_def.scs.lowbed.single_41_ln.long,4,1,0
69786,_nameless.1de.58ba.0bb0,ms_stein,stavanger,drekkar,bergen,1,368,0,0,volvo_a25g,"""heavy/daf_xd""",trailer.scs_lowlow4e,trailer_def.scs.lowloader.single_4_ln.long,1,1,0
69786,_nameless.1de.58ba.0d50,ms_stein,stavanger,norrsken,aalborg,0,327,195,1052,mob_crusher,"""heavy/mercedes_6x4""",trailer.scs_lowlow4e,trailer_def.scs.lowloader.single_4_ln.long,1,1,0
69786,_nameless.1de.58ba.6370,baltrak,tekirdag,villco_mkt,larissa,0,587,0,0,smokd_eel,mercedes_4x2_c,trailer.scs_ins_s,trailer_def.scs.box.single_3.insulated,33,1,0
69786,_nameless.1de.58ba.3a00,baltrak,tekirdag,eurogoodies,podgorica,2,1041,0,0,soy_milk,daf_xd_2,trailer.kasbhr_sbt,trailer_def.kassbohrer.sbt.single_3_13.dryvan,34,1,0
69786,_nameless.1de.58ba.3520,domdepo,o_barco,log_atlan,almeria,2,968,0,0,sandwch_pnls,"""double/volvo_fh16_4x2_700""",trailer.profiline17d,trailer_def.krone.profiliner.double_3_2.curtain,52,1,0
69786,_nameless.1de.58ba.6440,domdepo,o_barco,trans_cab,valladolid,2,331,0,0,concr_stair,daf_xf_4x2_370,trailer.scs_flat_b,trailer_def.scs.flatbed.single_3.flatbed_w,3,1,0
69786,_nameless.1de.58ba.3ee0,domdepo,o_barco,agregados,valladolid,0,371,0,0,re_bars,renault_magnum_4x2_a,trailer.scs_flat_b,trailer_def.scs.flatbed.single_3.flatbed_w,2,1,0
69786,_nameless.1de.58ba.5f60,domdepo,o_barco,nos_pat,bourges,0,1231,0,0,wooden_beams,mercedes_actros_2014_6x2_a,trailer.scs_log,trailer_def.scs.log.single_3.steel,2,1,0
69786,_nameless.1de.58ba.5260,kaarfor,ajaccio,globeur,montpellier,0,326,930,1182,used_plast,iveco_sway_4x2_580,trailer.scs_dry_ms,trailer_def.scs.box.single_3.dryvan_m,33,1,0
69786,_nameless.1de.58ba.62a0,kaarfor,ajaccio,brawen,ljubljana,1,1334,840,1193,used_plast_c,mercedes_6x2_b,trailer.krone.boxliner40,trailer_def.krone.boxliner.single_3_40.container,30,1,0
69786,_nameless.1de.58ba.35f0,kaarfor,ajaccio,chimi,montpellier,1,357,840,1193,empty_palet,volvo_fh2024_4x2_420,trailer.scs_curt_s,trailer_def.scs.box.single_3.curtain,33,1,0
69786,_nameless.1de.58ba.3ad0,cnp,fier,piac,napoli,0,329,540,420,oil,renault_magnum_6x4_a,trailer.scs_fueltank,trailer_def.scs.fueltank.single_3.fueltank,28,1,0
69786,_nameless.1de.58ba.5330,cnp,fier,brawen,ioannina,1,373,0,0,fuel_oil,scania_s2016_4x2_high_590,trailer.scs_fueltank,trailer_def.scs.fueltank.single_3.fueltank,27,1,0
69786,_nameless.1de.58ba.4970,cnp,fier,quarry,katowice,0,1588,0,0,cable_reel,"""heavy/scania_s2016_6x4_high_730""",trailer.kasbhr_sll,trailer_def.kassbohrer.sll.single_3_sh.low,1,1,0
69786,_nameless.1de.58ba.4220,cnp,fier,cnp,napoli,0,330,540,420,lpg_t,mercedes_4x2_c,trailer.scs_gastank,trailer_def.scs.gastank.single_3.gastank,40,1,0
69786,_nameless.1de.58ba.4e50,euroacres,reims,aci,genova,0,948,0,0,apples,iveco_4x2_c,trailer.scs_dry_a,trailer_def.scs.box.single_3.dryvan,33,1,0
69786,_nameless.1de.58ba.3ba0,cesta_sl,algeciras,app,zaragoza,1,871,0,0,used_plast_c,daf_xd_1,trailer.scs_gosck40,trailer_def.scs.gooseneck.singl_3e_40.container,30,1,0
69786,_nameless.1de.58ba.4f20,cesta_sl,algeciras,ns_chem,puertollano,1,383,0,0,empty_palet,volvo_fh16_4x2_420,trailer.scs_dry_s,trailer_def.scs.box.single_3.dryvan,33,1,0
69786,_nameless.1de.58ba.4700,cesta_sl,algeciras,eolo_lines,almeria,0,364,0,0,used_plast,iveco_sway_4x2_580,trailer.dryliner17,trailer_def.krone.dryliner.single_3.dryvan,33,1,0
69786,_nameless.1de.58ba.36c0,cesta_sl,algeciras,cargotras,palermo,1,793,1557,1788,used_packag,iveco_h_4x2_a,trailer.dryliner17,trailer_def.krone.dryliner.single_3.dryvan,33,1,0
69786,_nameless.1de.58ba.47d0,piac,cassino,stokes,liege,0,1541,0,0,large_cont,volvo_fh2024_6x2_500,trailer.scs_lowbed_4,trailer_def.scs.lowbed.single_4_sh.short,27,1,0
69786,_nameless.1de.58ba.32b0,piac,cassino,cargotras,olbia,1,393,840,879,vans_vt,mercedes_4x2,trailer.truck_trans,trailer_def.vans_vt.truck_trans,100,1,0
69786,_nameless.1de.58ba.5a80,piac,cassino,acc,taranto,2,361,0,0,cable_reel,"""heavy/volvo_fh2021_6x4_540""",trailer.kasbhr_slle,trailer_def.kassbohrer.sll.single_3_ln.low,1,1,0
69786,_nameless.1de.58ba.3860,piac,cassino,slava,tirana,0,337,540,420,cars_fr,volvo_fh2012_4x2_420,trailer.car_trans,trailer_def.cars_fr.car_trans,100,1,0
69786,_nameless.1de.58ba.5dc0,piac,cassino,trameri,strasbourg,0,1154,0,0,ibc_cont,renault_premium_4x2_a,trailer.kasbhr_scs,trailer_def.kassbohrer.scs.single_3_13.curtain,34,1,0
69786,_nameless.1de.58ba.48a0,nos_pat,salamanca,lavish_food,badajoz,1,292,0,0,chicken_meat,scania_r_6x2_high_500,trailer.coolliner17,trailer_def.krone.coolliner.single_3.reefer,33,1,0
69786,_nameless.1de.58ba.6030,nos_pat,salamanca,nos_pat,lleida,2,793,0,0,tractor_c,"""heavy/scania_r2016_8x4_high_730""",trailer.scs_lowlow2e,trailer_def.scs.lowloader.single_2_ln.long,1,1,0
69786,_nameless.1de.58ba.50c0,nos_pat,salamanca,app,badajoz,1,300,0,0,kr_bigp1290,daf_xgp25_4x2_530,trailer.scs_lowbed41,trailer_def.scs.lowbed.single_41_ln.long,1,1,0
69786,_nameless.1de.58ba.6100,rimaf,iasi,exomar,taranto,0,1424,540,420,goat_cheese,volvo_fh2021_4x2_420,trailer.scs_ref,trailer_def.scs.box.single_3.reefer,33,1,0
69786,_nameless.1de.58ba.61d0,rimaf,iasi,tm_istanbul,istanbul,1,980,0,0,square_baler,scania_s2016_4x2_norm_370,trailer.scs_lowlow2e,trailer_def.scs.lowloader.single_2_ln.long,1,1,0
69786,_nameless.1de.58ba.3450,rimaf,iasi,dunavia,novi_sad,0,861,0,0,cheese,scania_r_4x2_norm_360,trailer.scs_ins,trailer_def.scs.box.single_3.insulated,33,1,0
69786,_nameless.1de.58ba.4490,rimaf,iasi,fallow,targu_mures,2,248,0,0,tractor_au,iveco_sway_4x2_580,trailer.kasbhr_sla,trailer_def.kassbohrer.sla.single_3_sh.lowbed,1,1,0
69786,_nameless.1de.58ba.4560,eolo_lines,almeria,kaarfor,swansea,0,1247,1076,1172,frozen_hake,scania_s2016_6x2_high_460,trailer.coolliner17,trailer_def.krone.coolliner.single_3.reefer,33,1,0
69786,_nameless.1de.58ba.5670,eolo_lines,almeria,eolo_lines,algeciras,1,371,0,0,olives,daf_xd_2,trailer.kasbhr_scs,trailer_def.kassbohrer.scs.single_3_13.curtain,34,1,0
69786,_nameless.1de.58ba.3930,eolo_lines,almeria,rt_log,cordoba,0,328,0,0,pot_flowers,man_tgx_euro6_4x2_xl,trailer.scs_ins_a,trailer_def.scs.box.single_3.insulated,33,1,0
69786,_nameless.1de.58ba.3fb0,eolo_lines,almeria,app,malaga,2,232,0,0,froz_octopi,daf_xg_4x2_450,trailer.coollineret,trailer_def.krone.ecoolliner.single_3.reefer,33,1,0
69786,_nameless.1de.58ba.3c70,bhv,goteborg,rt_log,rostock,0,484,105,404,car_gr,scania_s2016_6x2_high_460,trailer.car_trans,trailer_def.car_gr.car_trans,100,1,0
69786,_nameless.1de.58ba.3e10,slava,tirana,rt_log,linz,0,1344,0,0,pickup_gr,mercedes_4x2_b,trailer.truck_trans,trailer_def.pickup_gr.truck_trans,100,1,0
69786,_nameless.1de.58ba.4630,slava,tirana,aaa,taranto,0,132,540,420,car_balt1,daf_4x2_a,trailer.car_trans,trailer_def.car_balt1.car_trans,100,1,0
69786,_nameless.1de.58ba.4ff0,slava,tirana,bhv,galati,0,1095,0,0,car_gr,daf_xd25,trailer.car_trans,trailer_def.car_gr.car_trans,100,1,0
69786,_nameless.1de.58ba.4d80,piac,kragujevac,piac,beograd,1,265,0,0,ibc_cont,mercedes_4x2,trailer.scs_dry_a,trailer_def.scs.box.single_3.dryvan,33,1,0
69786,_nameless.1de.58ba.4b10,piac,kragujevac,aaa,pescara,2,1566,0,0,car_f,man_tgx_2020_6x2,trailer.car_trans,trailer_def.car_f.car_trans,100,1,0
69786,_nameless.1de.58ba.4be0,piac,kragujevac,brawen,ioannina,0,789,0,0,mondeos,daf_6x2_a,trailer.car_trans,trailer_def.mondeos.car_trans,100,1,0
69786,_nameless.1de.58ba.4080,piac,kragujevac,balkan_loco,edirne,1,669,0,0,car_ibe,man_4x2_c,trailer.car_trans,trailer_def.car_ibe.car_trans,100,1,0
69786,_nameless.1de.58ba.42f0,cesta_sl,madrid,lisette_log,lemans,0,1245,0,0,used_plast,mercedes_6x4_a,trailer.scs_dry_s,trailer_def.scs.box.single_3.dryvan,33,1,0
69786,_nameless.1de.58ba.54d0,cesta_sl,madrid,trans_cab,algeciras,1,618,0,0,used_plast_c,renault_magnum_4x2_a,trailer.kasbhr_shg40,trailer_def.kassbohrer.shg.singl_3e_40.container,30,1,0
69786,_nameless.1de.58ba.5740,cesta_sl,madrid,cnp,a_coruna,0,646,0,0,empty_palet,"""double/scania_r_4x2_top_500""",trailer.scs_dry_2,trailer_def.scs.box.double_3_2.dryvan,52,1,0
69786,_nameless.1de.58ba.5810,betunia,vlore,cargotras,milano,0,962,540,420,logs,scania_r2016_6x2_high_460,trailer.scs_log,trailer_def.scs.log.single_3.steel,32,1,0
69786,_nameless.1de.58ba.58e0,betunia,vlore,fui,catanzaro,1,285,540,420,lumber,scania_streamline_6x4_top_480,trailer.profilinehd,trailer_def.krone.profilinerhd.single_3.flatbed,3,1,0
69786,_nameless.1de.58ba.59b0,betunia,vlore,tras_med,genova,0,1058,540,420,re_bars,iveco_sway_4x2_500,trailer.scs_flat_b,trailer_def.scs.flatbed.single_3.flatbed_w,2,1,0
69786,_nameless.1de.655a.bac0,polarislines,goteborg,norse_rail,ostersund,2,874,0,0,natur_rubber,"""double/man_euro6_4x2_xxl""",trailer.scs_dry_b2,trailer_def.scs.box.bdouble_3_3.dryvan,52,1,0
69786,_nameless.1de.655a.9700,gnt,daugavpils,betunia,novi_sad,0,1505,0,0,floorpanels,scania_r_4x2_norm_360,trailer.panel_trans.floor,trailer_def.floorpanels.panel_trans.floor,82,1,0
69786,_nameless.1de.655a.adc0,gnt,daugavpils,renar,parnu,1,359,0,0,scaffoldings,scania_r2016_4x2_norm_370,trailer.scs_dry,trailer_def.scs.box.single_3.dryvan,33,1,0
69786,_nameless.1de.655a.b5e0,iberatomica,vandellos,mvm_carriere,porto_vecchi,0,357,930,1182,vol_ew240emh,"""heavy/scania_r2016_8x4_high_730""",trailer.scs_lowbed_4,trailer_def.scs.lowbed.single_4_sh.short,1,1,0
69786,_nameless.1de.655a.c550,iberatomica,vandellos,dans_jardin,porto_vecchi,0,364,930,1182,excav_soil,mercedes_actros_2014_4x2_a,trailer.scs_dumper,trailer_def.scs.dumper.single_3.steel,21,1,0
69786,_nameless.1de.655a.c140,cont_port,klaipeda,posped,rotterdam,0,1568,0,0,salt_spice_c,renault_premium_4x2_c,trailer.krone.boxliner20,trailer_def.krone.boxliner.single_3.container,15,1,0
69786,_nameless.1de.655a.aa80,cont_port,klaipeda,transinet,bialystok,0,388,0,0,pet_food_c,mercedes_actros_2014_4x2_c,trailer.scs_gosck20,trailer_def.scs.gooseneck.singl_3e_20.container,15,1,0
69786,_nameless.1de.655a.b370,cont_port,klaipeda,skog_paper,gavle,0,396,510,1110,sodhydro,man_tgx_2020_6x2,trailer.krone.boxliner220,trailer_def.krone.boxliner.single_3_220.container,80,1,0
69786,_nameless.1de.655a.b030,marina,marseille,lkwlog,dover,0,1031,35,300,lux_yacht,scania_r2016_4x2_high_500,trailer.scs_lowbed41,trailer_def.scs.lowbed.single_41_ln.long,1,1,0
69786,_nameless.1de.655a.ae90,sporklift,cluj_napoca,stokes,wien,1,784,0,0,ter_forklift,daf_xf_euro6_4x2_a,trailer.profilinehd,trailer_def.krone.profilinerhd.single_3.flatbed,2,1,0
69786,_nameless.1de.655a.ab50,sporklift,cluj_napoca,stokes,erfurt,2,1375,0,0,used_battery,volvo_fh2012_4x2_420,trailer.scs_dry_s,trailer_def.scs.box.single_3.dryvan,33,1,0
69786,_nameless.1de.655a.c3b0,sporklift,cluj_napoca,renat,resita,0,388,0,0,forklifts,man_tgx_2020,trailer.kasbhr_sla,trailer_def.kassbohrer.sla.single_3_sh.lowbed,3,1,0
69786,_nameless.1de.655a.b850,sporklift,cluj_napoca,transinet,debrecen,0,335,0,0,used_plast,man_tgx_euro6_4x2_xl,trailer.scs_curt_s,trailer_def.scs.box.single_3.curtain,33,1,0
69786,_nameless.1de.655a.a810,sellplan,bern,tesore_gust,milano,1,363,0,0,empty_palet,volvo_fh2021_4x2_750,trailer.scs_curt,trailer_def.scs.box.single_3.curtain,33,1,0
69786,_nameless.1de.655a.93c0,sellplan,bern,stokes,stuttgart,0,378,0,0,used_plast_c,scania_r2016_6x4_high_660,trailer.scs_gosck20,trailer_def.scs.gooseneck.singl_3e_20.container,15,1,0
69786,_nameless.1de.655a.bc60,sellplan,bern,transinet,brussel,0,687,0,0,used_packag,mercedes_actros_2014_4x2_a,trailer.kasbhr_shg45,trailer_def.kassbohrer.scs.single_3_13.curtain,34,1,0
69786,_nameless.1de.655a.b6b0,lognstick,istanbul,stokes,tirana,1,994,0,0,vol_ew240emh,"""heavy/scania_s2016_8x4_high_770""",trailer.scs_lowlow2e,trailer_def.scs.lowloader.single_2_ln.long,1,1,0
69786,_nameless.1de.655a.b100,norr_food,kobenhavn,fallow,timisoara,1,1536,105,404,used_plast,volvo_fh2024_6x2_500,trailer.scs_curt,trailer_def.scs.box.single_3.curtain,33,1,0
69786,_nameless.1de.655a.bfa0,norr_food,kobenhavn,dfh,berlin,0,374,105,404,empty_palet,daf_xgp_4x2_530,trailer.kasbhr_shg45,trailer_def.kassbohrer.scs.single_3_13.curtain,34,1,0
69786,_nameless.1de.655a.a5a0,norr_food,kobenhavn,gnt,helsingborg,0,153,0,0,used_packag,"""double/mercedes_4x2_a""",trailer.scs_curt_2,trailer_def.scs.box.double_3_2.curtain,52,1,0
69786,_nameless.1de.655a.af60,trans_cab,algeciras,eolo_lines,almeria,0,363,0,0,beef_meat,volvo_fh2012_6x2_500,trailer.scs_ref,trailer_def.scs.box.single_3.reefer,33,1,0
69786,_nameless.1de.655a.c480,trans_cab,algeciras,wilnet_trans,porto_vecchi,0,1281,930,1182,plast_pipes,scania_r2016_4x2_high_500,trailer.profilinehd,trailer_def.krone.profilinerhd.single_3.flatbed,4,1,0
69786,_nameless.1de.655a.b920,trans_cab,algeciras,huerta,el_ejido,0,289,0,0,auger_wag,man_tgx_euro6_4x2_xl,trailer.kasbhr_slle,trailer_def.kassbohrer.sll.single_3_ln.low,1,1,0
69786,_nameless.1de.655a.a740,trans_cab,algeciras,vitas_pwr_co,sevilla,0,261,0,0,jcb_dmp6t2,"""heavy/daf_xgp_4x2_530""",trailer.scs_lowbed_4,trailer_def.scs.lowbed.single_4_sh.short,1,1,0
69786,_nameless.1de.655a.b510,ns_oil,targu_mures,cnp,novi_sad,0,613,0,0,lpg,man_6x4_b,trailer.kasbhr_shg20,trailer_def.kassbohrer.shg.singl_3e_20.container,40,1,0
69786,_nameless.1de.655a.9ff0,ns_oil,targu_mures,imp_otel,hunedoara,1,222,0,0,motor_oil,daf_xf_euro6_6x4_c,trailer.scs_curt_a,trailer_def.scs.box.single_3.curtain,33,1,0
69786,_nameless.1de.655a.c620,syllurgy,bihac,fallow,zenica,0,274,0,0,alu_ingot,scania_r2016_6x2_high_460,trailer.profilinehd,trailer_def.krone.profilinerhd.single_3.flatbed,28,1,0
69786,_nameless.1de.655a.bb90,syllurgy,bihac,adrica,split,0,337,0,0,concr_stair,mercedes_4x2,trailer.profilinehd,trailer_def.krone.profilinerhd.single_3.flatbed,3,1,0
69786,_nameless.1de.655a.acf0,syllurgy,bihac,nbfc,ostrava,0,770,0,0,emptytank,scania_s2016_4x2_high_590,trailer.scs_flat_b,trailer_def.scs.flatbed.single_3.flatbed_w,1,1,0
69786,_nameless.1de.655a.b440,acc,gijon,elcano_fla,burgos,0,393,0,0,re_bars,scania_r_4x2_norm_360,trailer.scs_flat_b,trailer_def.scs.flatbed.single_3.flatbed_w,2,1,0
69786,_nameless.1de.655a.92f0,acc,gijon,trans_cab,algeciras,1,1024,0,0,iron_pipes,iveco_4x2_b,trailer.scs_log,trailer_def.scs.log.single_3.steel,28,1,0
69786,_nameless.1de.655a.9630,wgcc,aarhus,nbfc,london,0,1194,35,300,neon,mercedes_4x2_b,trailer.krone.boxliner20,trailer_def.krone.boxliner.single_3.container,40,1,0
69786,_nameless.1de.655a.bed0,wgcc,aarhus,nbfc,london,0,1194,35,300,fluorine,renault_t_6x2,trailer.krone.boxliner20,trailer_def.krone.boxliner.single_3.container,40,1,0
69786,_nameless.1de.655a.9970,wgcc,aarhus,dfh,bremen,0,395,0,0,lpg,volvo_fh16_4x2_420,trailer.kasbhr_shg40,trailer_def.kassbohrer.shg.singl_3e_40.container,80,1,0
69786,_nameless.1de.655a.a8e0,comoto,suzzara,aluxion,mostar,0,1189,0,0,ter_forklift,daf_4x2_a,trailer.scs_flat_b,trailer_def.scs.flatbed.single_3.flatbed_w,2,1,0
69786,_nameless.1de.655a.a0c0,comoto,suzzara,lisette_log,paris,2,1161,0,0,vans_vt,scania_s2016_6x2_high_460,trailer.truck_trans,trailer_def.vans_vt.truck_trans,100,1,0
69786,_nameless.1de.655a.98a0,comoto,suzzara,wilnet_trans,lemans,2,1250,0,0,used_battery,renault_t_6x2,trailer.scs_dry,trailer_def.scs.box.single_3.dryvan,33,1,0
69786,_nameless.1de.655a.9a40,comoto,suzzara,stokes,wien,2,726,0,0,used_plast,daf_xf_euro6_6x2_a,trailer.scs_dry_m,trailer_def.scs.box.single_3.dryvan_m,33,1,0
69786,_nameless.1de.655a.9b10,comoto,suzzara,cargotras,livorno,2,230,0,0,forklifts,scania_s2016_6x4_high_730,trailer.scs_lowbed41,trailer_def.scs.lowbed.single_41_ln.long,4,1,0
69786,_nameless.1de.655a.9be0,comoto,suzzara,stokes,maribor,0,638,0,0,ibc_cont,daf_4x2_b,trailer.scs_curt,trailer_def.scs.box.single_3.curtain,33,1,0
69786,_nameless.1de.655a.9cb0,ika_bohag,dortmund,polarislines,nynashamn,1,1410,0,0,used_packag,renault_magnum_6x2_a,trailer.scs_dry_a,trailer_def.scs.box.single_3.dryvan,33,1,0
69786,_nameless.1de.655a.a190,ika_bohag,dortmund,dfh,rostock,2,588,0,0,empty_palet,mercedes_6x4_a,trailer.kasbhr_shg45,trailer_def.kassbohrer.scs.single_3_13.curtain,34,1,0
69786,_nameless.1de.655a.a260,ika_bohag,dortmund,wilnet_trans,nantes,0,982,0,0,pot_flowers,daf_6x2_a,trailer.scs_ins_a,trailer_def.scs.box.single_3.insulated,33,1,0
69786,_nameless.1de.655a.d590,mvm_carriere,limoges,lisette_log,nice,2,814,0,0,tracks,man_6x4_b,trailer.scs_lowbed_3,trailer_def.scs.lowbed.single_3.short,1,1,0
69786,_nameless.1de.655a.d0b0,mvm_carriere,limoges,rt_log,geneve,1,631,0,0,granite_cube,daf_xf_euro6_6x2_a,trailer.scs_dumper,trailer_def.scs.dumper.single_3.steel,10,1,0
69786,_nameless.1de.655a.f2d0,polarislines,kristiansand,lkwlog,duisburg,0,798,195,1052,coconut_milk,"""double/daf_4x2_a""",trailer.scs_curt_2,trailer_def.scs.box.double_3_2.curtain,26,1,0
69786,_nameless.1de.655a.f7b0,polarislines,kristiansand,drekkar,umea,2,1090,0,0,milk,scania_r_4x2_top_480,trailer.dryliner17,trailer_def.krone.dryliner.single_3.dryvan,33,1,0
69786,_nameless.1de.655a.e5d0,vainamoi_hal,oulu,kivi,turku,2,579,0,0,mob_crusher,"""heavy/iveco_6x4""",trailer.scs_lowlowd4,trailer_def.scs.lowloader.single_4_sh.short,1,1,0
69786,_nameless.1de.655a.da70,vainamoi_hal,oulu,gnt,uppsala,0,845,0,0,dozer,"""heavy/renault_6x4""",trailer.scs_lowbed41,trailer_def.scs.lowbed.single_41_ln.long,1,1,0
69786,_nameless.1de.655a.d250,vainamoi_hal,oulu,renar,vaxjo,0,1326,0,0,mob_stacker,"""heavy/man_tgx_euro6_8x4_xlx""",trailer.scs_lowlowd2,trailer_def.scs.lowloader.single_2_sh.short,1,1,0
69786,_nameless.1de.655a.d660,aci,cagliari,eolo_lines,almeria,0,1134,720,827,apples,renault_premium_6x2_a,trailer.kasbhr_scs,trailer_def.kassbohrer.scs.single_3_13.curtain,34,1,0
69786,_nameless.1de.655a.d8d0,aci,cagliari,cesare_smar,palermo,2,38,720,778,fresh_fish,volvo_fh16_4x2_420,trailer.scs_ref,trailer_def.scs.box.single_3.reefer,33,1,0
69786,_nameless.1de.655a.db40,aci,cagliari,fle,calvi,0,311,210,355,grapes,mercedes_actros_2014_4x2_a,trailer.scs_ins_a,trailer_def.scs.box.single_3.insulated,33,1,0
69786,_nameless.1de.655a.d320,shuttle,sofia,balkan_loco,veli_tarnovo,2,292,0,0,nonalco_beer,mercedes_actros_2014_4x2_a,trailer.scs_curt_a,trailer_def.scs.box.single_3.curtain,33,1,0
69786,_nameless.1de.655a.cca0,shuttle,sofia,lognstick,hunedoara,0,536,0,0,iced_coffee,man_tgx_euro6_6x4_xlx,trailer.scs_curt_a,trailer_def.scs.box.single_3.curtain,33,1,0
69786,_nameless.1de.655a.d730,shuttle,sofia,icaria,mitilini,0,385,730,1440,used_packag,daf_4x2_a,trailer.profiliner17,trailer_def.krone.profiliner.single_3.curtain,33,1,0
69786,_nameless.1de.655a.d800,shuttle,sofia,stokes,wien,1,973,0,0,beverages,scania_r2016_4x2_norm_370,trailer.kasbhr_scs,trailer_def.kassbohrer.scs.single_3_13.curtain,32,1,0
69786,_nameless.1de.655a.f470,shuttle,sofia,cargotras,pescara,0,994,570,745,used_plast_c,iveco_4x2_b,trailer.kasbhr_shg20,trailer_def.kassbohrer.shg.singl_3e_20.container,15,1,0
69786,_nameless.1de.655a.f610,sanbuilders,warszawa,renar,tallinn,0,929,0,0,crawler,"""heavy/iveco_6x4""",trailer.scs_lowlow4e,trailer_def.scs.lowloader.single_4_ln.long,1,1,0
69786,_nameless.1de.655a.f880,sanbuilders,warszawa,gnt,vilnius,0,438,0,0,digger500,mercedes_actros_2014_4x2_c,trailer.kasbhr_sla,trailer_def.kassbohrer.sla.single_3_sh.lowbed,1,1,0
69786,_nameless.1de.655a.de80,wgcc,frankfurt,posped,metz,0,289,0,0,diesel,mercedes_4x2_c,trailer.scs_fueltank,trailer_def.scs.fueltank.single_3.fueltank,28,1,0
69786,_nameless.1de.655a.c960,ns_oil,madrid,trameri,swansea,2,778,1076,1172,lpg_t,volvo_fh2024_6x2_500,trailer.scs_gastank,trailer_def.scs.gastank.single_3.gastank,40,1,0
69786,_nameless.1de.655a.e770,ns_oil,madrid,rt_log,barcelona,0,592,0,0,petrol,mercedes_4x2_b,trailer.willig.fuel_cistern,trailer_def.scs.fueltank.single_3.fueltank,30,1,0
69786,_nameless.1de.655a.dce0,shuttle,salzburg,lkwlog,brno,0,336,0,0,limonades,iveco_4x2_a,trailer.kasbhr_shg45,trailer_def.kassbohrer.scs.single_3_13.curtain,34,1,0
69786,_nameless.1de.655a.c7c0,shuttle,salzburg,villco,novi_sad,0,783,0,0,beverages_c,man_tgx_2020_6x2,trailer.krone.boxliner40,trailer_def.krone.boxliner.single_3_40.container,30,1,0
69786,_nameless.1de.655a.d4c0,shuttle,salzburg,lkwlog,lodz,1,729,0,0,beverages_t,daf_xf_4x2_370,trailer.ffb_tsalm32,trailer_def.feldbinder.tsalm.single_3_32.32_3_2,23,1,0
69786,_nameless.1de.655a.f950,shuttle,salzburg,gnt,vilnius,0,1262,0,0,used_plast,iveco_4x2_a,trailer.scs_curt,trailer_def.scs.box.single_3.curtain,33,1,0
69786,_nameless.1de.655a.d9a0,shuttle,salzburg,charmey,geneve,0,767,0,0,forklifts,mercedes_4x2_c,trailer.kasbhr_sla,trailer_def.kassbohrer.sla.single_3_sh.lowbed,3,1,0
69786,_nameless.1de.655a.e1c0,shuttle,salzburg,ika_bohag,roma,0,930,0,0,ter_forklift,scania_s2016_6x4_high_730,trailer.profilinehd,trailer_def.krone.profilinerhd.single_3.flatbed,2,1,0
69786,_nameless.1de.655a.ddb0,itcc,ljubljana,mvm_carriere,ajaccio,2,1238,840,1193,mat_handler,"""heavy/scania_s2016_8x4_high_770""",trailer.scs_lowlow4e,trailer_def.scs.lowloader.single_4_ln.long,1,1,0
69786,_nameless.1de.655a.eab0,itcc,ljubljana,stokes,maribor,1,183,0,0,largetubes,iveco_sway_4x2_500,trailer.scs_log,trailer_def.scs.log.single_3.steel,6,1,0
69786,_nameless.1de.655a.f6e0,fle,almeria,aci,cagliari,1,1073,720,827,empty_spool,daf_xf_euro6_6x4_c,trailer.kasbhr_sla,trailer_def.kassbohrer.sla.single_3_sh.lowbed,3,1,0
69786,_nameless.1de.655a.df50,fle,almeria,eolo_lines,sangiovanni,1,620,1577,2135,med_vaccine,renault_magnum_6x4_a,trailer.scs_ins_a,trailer_def.scs.box.single_3.insulated,33,1,0
69786,_nameless.1de.655a.eec0,fle,almeria,log_atlan,sevilla,1,443,0,0,caviar,mercedes_6x2_b,trailer.scs_ins,trailer_def.scs.box.single_3.insulated,33,1,0
69786,_nameless.1de.655a.eb80,fle,almeria,log_atlan,lisboa,1,900,0,0,comp_process,renault_premium_6x2_a,trailer.scs_curt,trailer_def.scs.box.single_3.curtain,33,1,0
69786,_nameless.1de.655a.c6f0,nos_pat,pamplona,trans_cab,lisboa,2,975,0,0,tractor_c,"""heavy/man_tgx_2020_8x4""",trailer.kasbhr_slle,trailer_def.kassbohrer.sll.single_3_ln.low,1,1,0
69786,_nameless.1de.655a.f130,nos_pat,pamplona,lisette_log,bordeaux,1,262,0,0,pork_meat,daf_xgp_4x2_530,trailer.scs_ref_s,trailer_def.scs.box.single_3.reefer,33,1,0
69786,_nameless.1de.655a.e020,nos_pat,pamplona,globeur,rennes,1,824,0,0,cheese,daf_xgp_4x2_530,trailer.scs_ins_a,trailer_def.scs.box.single_3.insulated,33,1,0
69786,_nameless.1de.655a.cf10,nos_pat,pamplona,dans_jardin,montpellier,1,666,0,0,tractors,daf_4x2_b,trailer.kasbhr_sll,trailer_def.kassbohrer.sll.single_3_sh.low,1,1,0
69786,_nameless.1de.655a.e360,ns_oil,dresden,syllurgy,zenica,0,998,0,0,propane,volvo_fh2021_4x2_420,trailer.scs_gastank,trailer_def.scs.gastank.single_3.gastank,40,1,0
69786,_nameless.1de.655a.cbd0,ns_oil,dresden,dans_jardin,nantes,2,1539,0,0,diesel,man_tgx_2020_6x2,trailer.scs_fueltank,trailer_def.scs.fueltank.single_3.fueltank,28,1,0
69786,_nameless.1de.655a.c890,ns_oil,dresden,cnp,livorno,2,1158,0,0,lpg,man_tgx_euro6_6x4_xlx,trailer.krone.boxliner20,trailer_def.krone.boxliner.single_3.container,40,1,0
69786,_nameless.1de.655a.f3a0,trameri,krakow,renat,pleven,2,1185,0,0,ter_forklift,daf_xd25,trailer.profilinehd,trailer_def.krone.profilinerhd.single_3.flatbed,2,1,0
69786,_nameless.1de.655a.ca30,trameri,krakow,adrica,zadar,2,1092,0,0,chimney_syst,renault_t_4x2,trailer.profiliner17,trailer_def.krone.profiliner.single_3.curtain,33,1,0
69786,_nameless.1de.655a.cb00,trameri,krakow,dobr_ferm_bg,pleven,0,1215,0,0,emptytank,renault_premium_6x4_a,trailer.profilinehd,trailer_def.krone.profilinerhd.single_3.flatbed,1,1,0
69786,_nameless.1de.655a.ce40,euroacres,graz,balkan_loco,maribor,0,252,0,0,garlic,mercedes_4x2_b,trailer.scs_dry_a,trailer_def.scs.box.single_3.dryvan,33,1,0
69786,_nameless.1de.655a.e6a0,euroacres,graz,ika_bohag,roma,0,1054,0,0,young_seed,scania_streamline_6x2_norm_440,trailer.scs_curt_a,trailer_def.scs.box.single_3.curtain,33,1,0
69786,_nameless.1de.655a.cfe0,euroacres,graz,tradeaux,kassel,0,778,0,0,beans,man_tgx_euro6_6x4_xlx,trailer.scs_dry_m,trailer_def.scs.box.single_3.dryvan_m,33,1,0
69786,_nameless.1de.655a.f200,agronord,esbjerg,lkwlog,felixstowe,0,938,480,960,cont_trees,renault_premium_4x2_c,trailer.scs_ref_s,trailer_def.scs.box.single_3.reefer,33,1,0
69786,_nameless.1de.655a.e500,agronord,esbjerg,sal_fi,helsinki,0,1327,540,1170,forage_harv,man_6x4_b,trailer.kasbhr_slle,trailer_def.kassbohrer.sll.single_3_ln.low,1,1,0
69786,_nameless.1de.655a.e840,agronord,esbjerg,drekkar,odense,2,253,0,0,tractor_au,mercedes_4x2_c,trailer.scs_lowbed_4,trailer_def.scs.lowbed.single_4_sh.short,1,1,0
69786,_nameless.1de.655a.e910,sellplan,rostock,dfh,bremen,0,314,0,0,used_packag,daf_xd_2,trailer.scs_curt,trailer_def.scs.box.single_3.curtain,33,1,0
69786,_nameless.1de.655a.ec50,sellplan,rostock,dfh,bremen,0,314,0,0,used_plast_c,volvo_fh2024_6x2_500,trailer.kasbhr_shg40,trailer_def.kassbohrer.shg.singl_3e_40.container,30,1,0
69786,_nameless.1de.655a.edf0,sellplan,rostock,adrica,rijeka,0,1263,0,0,empty_palet,scania_r_4x2_top_480,trailer.scs_dry_a,trailer_def.scs.box.single_3.dryvan,33,1,0
69786,_nameless.1de.655a.f060,sellplan,rostock,renar,kobenhavn,0,149,105,404,used_plast,man_4x2_a,trailer.scs_curt_s,trailer_def.scs.box.single_3.curtain,33,1,0
69786,_nameless.1de.655b.0c00,aluxion_str,niksic,cnp,ancona,1,389,600,315,volvo_a25g,"""heavy/scania_s2016_8x4_high_770""",trailer.scs_lowlow2e,trailer_def.scs.lowloader.single_2_ln.long,1,1,0
69786,_nameless.1de.655a.fbc0,aluxion_str,niksic,rock_eater,galati,2,1017,0,0,jcb_dmp6t2,"""heavy/volvo_fh2021_6x4_540""",trailer.scs_lowlowd4,trailer_def.scs.lowloader.single_4_sh.short,1,1,0
69786,_nameless.1de.655b.04b0,aluxion_str,niksic,sanbuild_cem,tirana,0,258,0,0,dozer,"""heavy/renault_6x4""",trailer.kasbhr_slle,trailer_def.kassbohrer.sll.single_3_ln.low,1,1,0
69786,_nameless.1de.655b.1b70,aluxion_str,niksic,sanbuilders,nurnberg,2,1397,0,0,stones,volvo_fh2021_6x2_540,trailer.scs_dumper,trailer_def.scs.dumper.single_3.steel,11,1,0
69786,_nameless.1de.655b.0580,aluxion_str,niksic,quarry,wroclaw,0,1461,0,0,crawler,"""heavy/man_tgx_2020_8x4""",trailer.kasbhr_slle,trailer_def.kassbohrer.sll.single_3_ln.low,1,1,0
69786,_nameless.1de.655b.2530,trameri,innsbruck,itcc,szczecin,1,835,0,0,empty_spool,mercedes_actros_2014_6x2_a,trailer.scs_lowbed_3,trailer_def.scs.lowbed.single_3.short,3,1,0
69786,_nameless.1de.655b.1690,trameri,innsbruck,te_logistica,messina,0,1413,20,347,plast_film,mercedes_4x2,trailer.scs_dry_a,trailer_def.scs.box.single_3.dryvan,33,1,0
69786,_nameless.1de.655b.0b30,trameri,innsbruck,tradeaux,paris,1,985,0,0,sandwch_pnls,renault_magnum_4x2_a,trailer.scs_curt,trailer_def.scs.box.single_3.curtain,33,1,0
69786,_nameless.1de.655b.0cd0,trameri,innsbruck,bcp,munchen,1,177,0,0,hvac,scania_streamline_6x4_top_480,trailer.scs_lowbed41,trailer_def.scs.lowbed.single_41_ln.long,4,1,0
69786,_nameless.1de.655b.15c0,trameri,innsbruck,rt_log,nurnberg,0,341,0,0,empty_palet,iveco_4x2_a,trailer.profiliner17,trailer_def.krone.profiliner.single_3.curtain,33,1,0
69786,_nameless.1de.655b.19d0,alumcore,sundsvall,dfh,rostock,0,1147,105,404,concr_cent,volvo_fh2021_6x2_540,trailer.scs_flat_b,trailer_def.scs.flatbed.single_3.flatbed_w,7,1,0
69786,_nameless.1de.655b.0e70,alumcore,sundsvall,gnt,ventspils,0,397,510,1110,sq_tub,renault_t_4x2,trailer.profilinehd,trailer_def.krone.profilinerhd.single_3.flatbed,2,1,0
69786,_nameless.1de.655b.0650,alumcore,sundsvall,borealis,bodo,1,705,0,0,emptytank,volvo_fh2012_6x2_500,trailer.scs_flat_b,trailer_def.scs.flatbed.single_3.flatbed_w,1,1,0
69786,_nameless.1de.655b.27a0,alumcore,sundsvall,rt_log,hamburg,0,1468,0,0,metal_pipes,scania_s2016_4x2_high_590,trailer.scs_flat_b,trailer_def.scs.flatbed.single_3.flatbed_w,2,1,0
69786,_nameless.1de.655b.2460,konstnr_wind,tornio,sal_fi,lappeenranta,0,602,0,0,mob_screener,"""heavy/scania_s2016_8x4_high_770""",trailer.scs_lowlow4e,trailer_def.scs.lowloader.single_4_ln.long,1,1,0
69786,_nameless.1de.655b.0da0,polarislines,esbjerg,transinet,sheffield,1,181,1140,1314,pork_meat,volvo_fh2024_6x2_500,trailer.scs_ref,trailer_def.scs.box.single_3.reefer,33,1,0
69786,_nameless.1de.655b.0720,polarislines,esbjerg,lkwlog,dortmund,0,568,0,0,yogurt,volvo_fh2024_6x2_500,trailer.scs_ref_a,trailer_def.scs.box.single_3.reefer,33,1,0
69786,_nameless.1de.655a.ff00,cnp,athens,cnp_str,mitilini,1,165,675,1308,kerosene,daf_xf_euro6_6x4_c,trailer.willig.fuel_cistern,trailer_def.scs.fueltank.single_3.fueltank,30,1,0
69786,_nameless.1de.655b.2c80,cnp,athens,ns_oil,timisoara,1,1402,0,0,diesel,volvo_fh2021_4x2_750,trailer.willig.fuel_cistern,trailer_def.scs.fueltank.single_3.fueltank,28,1,0
69786,_nameless.1de.655b.2bb0,cnp,athens,icaria,heraklion,0,121,540,760,oil,mercedes_4x2_a,trailer.willig.fuel_cistern,trailer_def.scs.fueltank.single_3.fueltank,30,1,0
69786,_nameless.1de.655b.1010,bhv,nantes,bhv,lemans,1,250,0,0,cars_fr,daf_4x2_b,trailer.car_trans,trailer_def.cars_fr.car_trans,100,1,0
69786,_nameless.1de.655b.07f0,bhv,nantes,rt_log,linz,0,1483,0,0,car_f,scania_streamline_6x4_top_480,trailer.car_trans,trailer_def.car_f.car_trans,100,1,0
69786,_nameless.1de.655b.10e0,ns_oil,zurich,pp_chimica,bologna,2,640,0,0,ethane,renault_premium_6x4_a,trailer.scs_gastank,trailer_def.scs.gastank.single_3.gastank,40,1,0
69786,_nameless.1de.655b.1c40,ns_oil,zurich,ns_oil,hamburg,1,877,0,0,petrol,scania_streamline_4x2_top_560,trailer.scs_fueltank,trailer_def.scs.fueltank.single_3.fueltank,30,1,0
69786,_nameless.1de.655b.11b0,ns_oil,zurich,rt_log,zurich,1,54,0,0,oil,mercedes_4x2,trailer.willig.fuel_cistern,trailer_def.scs.fueltank.single_3.fueltank,28,1,0
69786,_nameless.1de.655b.1280,ns_oil,zurich,cnp,novi_sad,2,1326,0,0,motor_oil_c,volvo_fh16_6x4_700,trailer.krone.boxliner20,trailer_def.krone.boxliner.single_3.container,15,1,0
69786,_nameless.1de.655b.1350,ns_oil,brasov,imp_otel,hunedoara,2,392,0,0,motor_oil,daf_xf_euro6_6x2_a,trailer.scs_dry_ms,trailer_def.scs.box.single_3.dryvan_m,33,1,0
69786,_nameless.1de.655b.1420,ns_oil,brasov,balkan_loco,veli_tarnovo,0,395,0,0,motor_oil_c,scania_r2016_6x4_high_660,trailer.kasbhr_shg40,trailer_def.kassbohrer.shg.singl_3e_40.container,30,1,0
69786,_nameless.1de.655a.ffd0,ns_oil,brasov,trameri,klagenfurt,0,1208,0,0,propane,volvo_fh2021_4x2_750,trailer.scs_gastank,trailer_def.scs.gastank.single_3.gastank,40,1,0
69786,_nameless.1de.655a.fc90,ns_oil,brasov,balkan_loco,ruse,2,338,0,0,petrol,volvo_fh16_4x2_540,trailer.scs_fueltank,trailer_def.scs.fueltank.single_3.fueltank,30,1,0
69786,_nameless.1de.655b.1aa0,ocean_sol,varna,cnp,novi_sad,0,945,0,0,empty_barr,mercedes_4x2_a,trailer.scs_curt_s,trailer_def.scs.box.single_3.curtain,33,1,0
69786,_nameless.1de.655b.21f0,ocean_sol,varna,tradeaux,budapest,1,1162,0,0,cable_reel,"""heavy/scania_streamline_8x4_top_730""",trailer.scs_lowlow4e,trailer_def.scs.lowloader.single_4_ln.long,1,1,0
69786,_nameless.1de.655b.14f0,ocean_sol,varna,ns_oil,wien,2,1450,0,0,empty_palet,man_4x2_c,trailer.scs_dry,trailer_def.scs.box.single_3.dryvan,33,1,0
69786,_nameless.1de.655b.08c0,cgla,leon,shuttle,madrid,1,382,0,0,emp_wine_bot,"""double/scania_r_4x2_top_500""",trailer.scs_dry_2,trailer_def.scs.box.double_3_2.dryvan,52,1,0
69786,_nameless.1de.655b.1d10,cgla,leon,stokes,plymouth,2,385,1080,1176,tableware,mercedes_6x4_a,trailer.scs_curt_a,trailer_def.scs.box.single_3.curtain,33,1,0
69786,_nameless.1de.655b.2600,cgla,leon,rt_log,cordoba,0,757,0,0,glass,daf_xf_euro6_4x2_b,trailer.panel_trans.glass,trailer_def.glass.panel_trans.glass,99,1,0
69786,_nameless.1de.655b.26d0,nofeba,joensuu,konstnr_wind,honningsvag,1,1128,0,0,concr_beams2,daf_xgp25_4x2_530,trailer.scs_flat_b,trailer_def.scs.flatbed.single_3.flatbed_w,2,1,0
69786,_nameless.1de.655b.1830,nofeba,joensuu,kivi,turku,1,568,0,0,volvo_bucket,renault_t_4x2h,trailer.scs_lowlow4e,trailer_def.scs.lowloader.single_4_ln.long,1,1,0
69786,_nameless.1de.655b.00a0,marmo,firenze,betunia,mostar,0,461,600,315,stone_dust,scania_r_4x2_top_480,trailer.scs_dumper,trailer_def.scs.dumper.single_3.steel,13,1,0
69786,_nameless.1de.655a.fd60,marmo,firenze,stokes,rijeka,1,863,0,0,jcb_bhl4cx,daf_xgp_4x2_530,trailer.scs_lowbed_4,trailer_def.scs.lowbed.single_4_sh.short,1,1,0
69786,_nameless.1de.655b.1f80,trameri,warszawa,posped,strasbourg,1,1159,0,0,forklifts,man_4x2_a,trailer.scs_lowbed_3,trailer_def.scs.lowbed.single_3.short,4,1,0
69786,_nameless.1de.655b.2050,trameri,warszawa,gnt,uppsala,2,849,510,1110,copp_rf_gutt,volvo_fh2021_4x2_750,trailer.scs_dry,trailer_def.scs.box.single_3.dryvan,33,1,0
69786,_nameless.1de.655b.2120,trameri,warszawa,ns_oil,valmiera,0,736,0,0,empty_palet,scania_r_4x2_norm_360,trailer.scs_dry_m,trailer_def.scs.box.single_3.dryvan_m,32,1,0
69786,_nameless.1de.655a.fe30,trameri,warszawa,wgcc,bratislava,0,602,0,0,aircond,renault_t_4x2h,trailer.scs_lowlow2e,trailer_def.scs.lowloader.single_2_ln.long,5,1,0
69786,_nameless.1de.655b.22c0,kaarfor,targu_mures,rt_log,salzburg,0,1164,0,0,used_plast_c,scania_s2016_4x2_high_590,trailer.scs_gosck40,trailer_def.scs.gooseneck.singl_3e_40.container,30,1,0
69786,_nameless.1de.655b.2e20,kaarfor,targu_mures,brawen,bacau,0,274,0,0,used_plast,man_tgx_2020_4x2,trailer.scs_curt_s,trailer_def.scs.box.single_3.curtain,33,1,0
69786,_nameless.1de.655a.faf0,kaarfor,targu_mures,posped,bystrica,0,766,0,0,used_packag,daf_xf_4x2_370,trailer.scs_dry_a,trailer_def.scs.box.single_3.dryvan,33,1,0
69786,_nameless.1de.655b.2870,vitas_pwr_co,almeria,batisse_base,clermont,0,1481,0,0,jcb_dmp6t2,"""heavy/renault_6x4""",trailer.scs_lowlow2e,trailer_def.scs.lowloader.single_2_ln.long,1,1,0
69786,_nameless.1de.655b.2940,ns_oil_ru,pskov,polarislines,bergen,1,1507,570,1270,motor_oil,scania_s2016_6x4_high_730,trailer.kasbhr_sbt,trailer_def.kassbohrer.sbt.single_3_13.dryvan,34,1,0
69786,_nameless.1de.655b.2a10,ns_oil_ru,pskov,ibp,helsinki,0,683,0,0,ethane,scania_streamline_6x2_norm_440,trailer.scs_gastank,trailer_def.scs.gastank.single_3.gastank,40,1,0
69786,_nameless.1de.655b.0170,ns_oil_ru,pskov,lintukainen,pori,2,611,150,430,kerosene,renault_t_6x2,trailer.willig.fuel_cistern,trailer_def.scs.fueltank.single_3.fueltank,30,1,0
69786,_nameless.1de.655b.0240,ns_oil_ru,pskov,fcp,berlin,1,1275,0,0,fueltanker,renault_magnum_6x4_a,trailer.scs_gosck220,trailer_def.scs.gooseneck.singl_3e_220.container,80,1,0
69786,_nameless.1de.655b.0310,wgcc,mannheim,syllurgy,kragujevac,0,1462,0,0,empty_spool,man_4x2_a,trailer.scs_lowbed_4,trailer_def.scs.lowbed.single_4_sh.short,3,1,0
69786,_nameless.1de.655b.03e0,wgcc,mannheim,pp_chimica,olbia,1,1400,720,827,nitrocel,renault_magnum_6x4_a,trailer.scs_gosck40,trailer_def.scs.gooseneck.singl_3e_40.container,80,1,0
69786,_nameless.1de.655b.0990,wgcc,mannheim,syschema,beograd,0,1389,0,0,kerosene,mercedes_4x2_a,trailer.scs_fueltank,trailer_def.scs.fueltank.single_3.fueltank,30,1,0
69786,_nameless.1de.655b.0a60,polarislines,hirtshals,sal_fi,joensuu,0,1288,735,1847,tableware,"""double/daf_4x2_a""",trailer.profiline17d,trailer_def.krone.profiliner.double_3_2.curtain,52,1,0
69786,_nameless.1de.655b.5ad0,polarislines,hirtshals,transinet,brussel,0,981,0,0,cheese,daf_xg_4x2_450,trailer.scs_ref_s,trailer_def.scs.box.single_3.reefer,33,1,0
69786,_nameless.1de.655b.3160,polarislines,hirtshals,gnt,panevezys,0,858,705,1787,sandwch_pnls,daf_xf_euro6_4x2_a,trailer.kasbhr_shg45,trailer_def.kassbohrer.scs.single_3_13.curtain,34,1,0
69786,_nameless.1de.655b.52b0,eolo_lines,napoli,rt_log,barcelona,1,6,1300,1500,sausages,scania_streamline_6x4_top_480,trailer.scs_ins_s,trailer_def.scs.box.single_3.insulated,33,1,0
69786,_nameless.1de.655b.3a50,eolo_lines,napoli,ttk_bg,sofia,2,930,570,745,caviar,renault_magnum_4x2_a,trailer.coolliner17,trailer_def.krone.coolliner.single_3.reefer,33,1,0
69786,_nameless.1de.655b.4000,polarislines,liepaja,norr_food,vasteraas,1,252,510,1110,oranges,renault_premium_4x2_a,trailer.scs_ins,trailer_def.scs.box.single_3.insulated,33,1,0
69786,_nameless.1de.655b.3e60,polarislines,liepaja,polarislines,kapellskar,2,239,510,1110,med_equip,iveco_h_4x2_a,trailer.scs_dry_s,trailer_def.scs.box.single_3.dryvan,33,1,0
69786,_nameless.1de.655b.3f30,kaarfor,bucuresti,posped,bystrica,0,1000,0,0,used_plast_c,mercedes_actros_2014_4x2_a,trailer.scs_gosck220,trailer_def.scs.gooseneck.singl_3e_220.container,30,1,0
69786,_nameless.1de.655b.4820,kaarfor,bucuresti,lognstick,galati,0,238,0,0,used_packag,scania_r2016_4x2_norm_370,trailer.scs_dry_ms,trailer_def.scs.box.single_3.dryvan_m,33,1,0
69786,_nameless.1de.655b.3b20,kaarfor,bucuresti,subse,sofia,0,356,0,0,empty_palet,scania_s2016_6x4_high_730,trailer.dryliner17,trailer_def.krone.dryliner.single_3.dryvan,33,1,0
69786,_nameless.1de.655b.4b60,cemelt_fl_ru,kaliningrad,konstnr,oslo,0,905,630,790,vol_ew240emh,"""heavy/scania_s2016_8x4_high_770""",trailer.kasbhr_slle,trailer_def.kassbohrer.sll.single_3_ln.low,1,1,0
69786,_nameless.1de.655b.3640,stokes,maribor,lkwlog,brno,1,361,0,0,coconut_milk,volvo_fh2012_4x2_420,trailer.scs_dry_ms,trailer_def.scs.box.single_3.dryvan_m,30,1,0
69786,_nameless.1de.655b.55f0,stokes,maribor,dfh,bremen,0,1167,0,0,atl_cod_flt,iveco_h_4x2_a,trailer.coolliner17,trailer_def.krone.coolliner.single_3.reefer,33,1,0
69786,_nameless.1de.655b.40d0,gnt,uppsala,gnt,ventspils,2,111,510,1110,forage_harv,scania_s2016_6x4_high_730,trailer.kasbhr_slle,trailer_def.kassbohrer.sll.single_3_ln.low,1,1,0
69786,_nameless.1de.655b.3300,gnt,uppsala,blt,paldiski,1,124,570,1270,empty_barr,man_tgx_2020_6x2,trailer.kasbhr_sbt,trailer_def.kassbohrer.sbt.single_3_13.dryvan,34,1,0
69786,_nameless.1de.655b.4dd0,gnt,uppsala,gnt,ventspils,1,111,510,1110,limonades,iveco_h_4x2_a,trailer.profiliner17,trailer_def.krone.profiliner.single_3.curtain,32,1,0
69786,_nameless.1de.655b.5d40,stokes,bystrica,eurogoodies,wroclaw,2,400,0,0,vinegar_c,man_6x4_b,trailer.kasbhr_shg40,trailer_def.kassbohrer.shg.singl_3e_40.container,30,1,0
69786,_nameless.1de.655b.3710,stokes,bystrica,stokes,katowice,0,265,0,0,carrots,renault_premium_4x2_c,trailer.scs_curt_a,trailer_def.scs.box.single_3.curtain,33,1,0
69786,_nameless.1de.655b.3230,stokes,bystrica,fallow,zagreb,0,552,0,0,jcb_exc245xr,"""heavy/scania_r2016_8x4_high_730""",trailer.scs_lowbed_4,trailer_def.scs.lowbed.single_4_sh.short,1,1,0
69786,_nameless.1de.655b.2ef0,stokes,bystrica,drekkar,aarhus,0,1397,0,0,metal_center,"""heavy/mercedes_actros_8x4""",trailer.scs_lowlowd4,trailer_def.scs.lowloader.single_4_sh.short,1,1,0
69786,_nameless.1de.655b.56c0,rock_eater,targu_mures,rock_eater,brasov,2,209,0,0,jcb_bhl4cx,daf_xd25,trailer.kasbhr_sll,trailer_def.kassbohrer.sll.single_3_sh.low,1,1,0
69786,_nameless.1de.655b.33d0,rock_eater,targu_mures,nord_sten,kalmar,0,1560,630,790,crawler,"""heavy/scania_streamline_8x4_top_730""",trailer.scs_lowlowd2,trailer_def.scs.lowloader.single_2_sh.short,1,1,0
69786,_nameless.1de.655b.2fc0,rock_eater,targu_mures,rock_eater,varna,1,688,0,0,jcb_th540180,man_tgx_euro6_4x2_xl,trailer.kasbhr_sll,trailer_def.kassbohrer.sll.single_3_sh.low,1,1,0
69786,_nameless.1de.655b.41a0,imp_otel,resita,skoda,prague,1,990,0,0,mtl_coil,volvo_fh2021_6x2_540,trailer.scs_flat_b,trailer_def.scs.flatbed.single_3.flatbed_w,1,1,0
69786,_nameless.1de.655b.4410,imp_otel,resita,fallow,larissa,0,976,0,0,seal_bearing,daf_xd,trailer.kasbhr_shg45,trailer_def.kassbohrer.scs.single_3_13.curtain,32,1,0
69786,_nameless.1de.655b.5790,imp_otel,resita,tradeaux,kassel,2,1379,0,0,precast_strs,daf_xf_euro6_4x2_a,trailer.scs_dry_s,trailer_def.scs.box.single_3.dryvan,33,1,0
69786,_nameless.1de.655b.34a0,ns_chem,puertollano,rt_log,sevilla,2,223,0,0,nitrocel,iveco_sway_4x2_460,trailer.scs_gosck220,trailer_def.scs.gooseneck.singl_3e_220.container,80,1,0
69786,_nameless.1de.655b.3d90,ns_chem,puertollano,rt_log,zaragoza,1,567,0,0,potahydro,volvo_fh2024_4x2_420,trailer.ffb_tsaadr22,trailer_def.feldbinder.tsaadr.single_3_22a.22_3_1,73,1,0
69786,_nameless.1de.655b.37e0,ns_chem,puertollano,ortiz,zaragoza,2,612,0,0,hmetal,renault_t_6x2,trailer.scs_gosck40,trailer_def.scs.gooseneck.singl_3e_40.container,80,1,0
69786,_nameless.1de.655b.5860,exomar,taranto,subse,sofia,0,743,570,745,watermelons,scania_r2016_6x2_high_460,trailer.coolliner17,trailer_def.krone.coolliner.single_3.reefer,33,1,0
69786,_nameless.1de.655b.3570,exomar,taranto,lkwlog,graz,0,1250,0,0,diesel_gen,scania_s2016_6x2_high_460,trailer.scs_dry_ms,trailer_def.scs.box.single_3.dryvan_m,33,1,0
69786,_nameless.1de.655b.5520,exomar,taranto,cargotras,sassari,2,505,840,879,can_sardines,daf_xf_euro6_6x4_c,trailer.scs_dry_m,trailer_def.scs.box.single_3.dryvan_m,33,1,0
69786,_nameless.1de.655b.4270,exomar,taranto,christopoulo,patras,1,420,570,745,plastic_gra,man_tgx_2020_6x2,trailer.ffb_kip60,trailer_def.feldbinder.kip.single_3_60.silo_60_3p,21,1,0
69786,_nameless.1de.655b.4ea0,exomar,taranto,icaria,argostoli,1,84,1030,1465,tractors,renault_premium_4x2_c,trailer.kasbhr_slle,trailer_def.kassbohrer.sll.single_3_ln.low,1,1,0
69786,_nameless.1de.655b.48f0,exomar,taranto,ccg_fla,thessaloniki,0,397,570,745,floorpanels,iveco_4x2_a,trailer.panel_trans.floor,trailer_def.floorpanels.panel_trans.floor,82,1,0
69786,_nameless.1de.655b.38b0,exomar,taranto,stokes,stuttgart,1,1460,0,0,conc_juice_t,renault_premium_4x2_c,trailer.scs_fodt,trailer_def.scs.foodtank.single_3.paint,18,1,0
69786,_nameless.1de.655b.5040,exomar,taranto,brawen,thessaloniki,2,392,570,745,mob_stacker,"""heavy/mercedes_actros_8x4""",trailer.scs_lowlow4e,trailer_def.scs.lowloader.single_4_ln.long,1,1,0
69786,_nameless.1de.655b.5930,exomar,taranto,tras_med,cagliari,1,328,840,879,liver_paste,mercedes_actros_2014_6x4_b,trailer.coollineret,trailer_def.krone.ecoolliner.single_3.reefer,33,1,0
69786,_nameless.1de.655b.5110,exomar,taranto,villco_mkt,larissa,0,380,570,745,pot_flowers,renault_t_4x2,trailer.scs_ins_s,trailer_def.scs.box.single_3.insulated,33,1,0
69786,_nameless.1de.655b.5a00,exomar,taranto,brawen,thessaloniki,0,392,570,745,food_oil_t,scania_s2016_4x2_norm_370,trailer.ffb_tsalm32,trailer_def.feldbinder.tsalm.single_3_32.32_3_2,30,1,0
69786,_nameless.1de.655b.45b0,ts_atlas,valencia,acc,madrid,0,372,0,0,neon,volvo_fh2021_4x2_750,trailer.kasbhr_shg20,trailer_def.kassbohrer.shg.singl_3e_20.container,40,1,0
69786,_nameless.1de.655b.5ba0,ts_atlas,valencia,rt_log,zaragoza,1,394,0,0,sodhydro,daf_xf_euro6_4x2_b,trailer.krone.boxliner20,trailer_def.krone.boxliner.single_3.container,40,1,0
69786,_nameless.1de.655b.3090,ts_atlas,valencia,cont_port_fr,marseille,1,979,0,0,clothes_c,renault_magnum_4x2_a,trailer.kasbhr_shg40,trailer_def.kassbohrer.shg.singl_3e_40.container,30,1,0
69786,_nameless.1de.655b.5c70,ts_atlas,valencia,rt_log,geneve,0,1224,0,0,rice_c,mercedes_actros_2014_6x4_b,trailer.scs_gosck220,trailer_def.scs.gooseneck.singl_3e_220.container,30,1,0
69786,_nameless.1de.655b.3980,ts_atlas,valencia,acc,catania,1,198,1557,1788,acetylene,scania_s2016_6x4_high_730,trailer.kasbhr_shg20,trailer_def.kassbohrer.shg.singl_3e_20.container,40,1,0
69786,_nameless.1de.655b.4a90,ts_atlas,valencia,ts_atlas,malaga,1,697,0,0,magnesium,mercedes_6x2_b,trailer.kasbhr_shg40,trailer_def.kassbohrer.shg.singl_3e_40.container,80,1,0
69786,_nameless.1de.655b.4750,eurogoodies,dusseldorf,eurogoodies,venezia,0,1126,0,0,carrots_c,scania_r_4x2_norm_360,trailer.kasbhr_shg40,trailer_def.kassbohrer.shg.singl_3e_40.container,30,1,0
69786,_nameless.1de.655b.49c0,eurogoodies,dusseldorf,posped,metz,0,400,0,0,pears,scania_r_4x2_top_480,trailer.scs_ref_a,trailer_def.scs.box.single_3.reefer,33,1,0
69786,_nameless.1de.655a.8fb0,supercesta,zaragoza,app,madrid,1,297,0,0,used_plast,scania_r2016_6x2_high_460,trailer.scs_dry_s,trailer_def.scs.box.single_3.dryvan,33,1,0
69786,_nameless.1de.655a.6640,supercesta,zaragoza,eolo_lines,sassari,1,336,720,827,used_packag,scania_s2016_6x4_high_730,trailer.scs_curt_s,trailer_def.scs.box.single_3.curtain,33,1,0
69786,_nameless.1de.655a.81e0,marina,stockholm,marina,travemunde,0,1015,105,404,lux_yacht,renault_t_6x2,trailer.scs_lowbed_4,trailer_def.scs.lowbed.single_4_sh.short,1,1,0
69786,_nameless.1de.655a.5ef0,renor,kiruna,renor,karesuando,0,172,0,0,scrap_metals,scania_r_4x2_top_480,trailer.scs_dumper,trailer_def.scs.dumper.single_3.steel,10,1,0
69786,_nameless.1de.655a.8860,renor,kiruna,baltomorsk,rezekne,1,1547,150,430,forklifts,scania_r_6x2_high_500,trailer.kasbhr_sla,trailer_def.kassbohrer.sla.single_3_sh.lowbed,3,1,0
69786,_nameless.1de.655a.7680,ns_oil,paldiski,muromec,pskov,1,341,0,0,diesel,volvo_fh2012_4x2_750,trailer.willig.fuel_cistern,trailer_def.scs.fueltank.single_3.fueltank,28,1,0
69786,_nameless.1de.655a.5fc0,ns_oil,paldiski,gnt,uppsala,1,123,570,1270,oil,man_tgx_euro6_4x2_xxl,trailer.willig.fuel_cistern,trailer_def.scs.fueltank.single_3.fueltank,28,1,0
69786,_nameless.1de.655a.6300,ns_oil,paldiski,tqg,jonkoping,0,360,570,1270,petrol,scania_r_4x2_top_480,trailer.scs_fueltank,trailer_def.scs.fueltank.single_3.fueltank,30,1,0
69786,_nameless.1de.655a.6b20,lateds,daugavpils,norse_rail,ostersund,2,947,510,1110,pet_food,daf_6x2_a,trailer.scs_dry,trailer_def.scs.box.single_3.dryvan,33,1,0
69786,_nameless.1de.655a.8110,lateds,daugavpils,dfh,nurnberg,0,1485,0,0,canned_tuna,iveco_sway_4x2_500,trailer.scs_ref_s,trailer_def.scs.box.single_3.reefer,33,1,0
69786,_nameless.1de.655a.8930,costruzi_hal,genova,sanbuild_hms,beograd,1,1370,0,0,dozer,"""heavy/scania_s2016_8x4_high_770""",trailer.scs_lowlow4e,trailer_def.scs.lowloader.single_4_ln.long,1,1,0
69786,_nameless.1de.655a.9080,costruzi_hal,genova,lkwlog,osnabruck,0,1183,0,0,scaffoldings,daf_xf_euro6_4x2_a,trailer.scs_dry_a,trailer_def.scs.box.single_3.dryvan,33,1,0
69786,_nameless.1de.655a.6570,syllurgy,nis,rock_eater,argostoli,2,763,460,720,ter_forklift,scania_r2016_4x2_norm_370,trailer.profilinehd,trailer_def.krone.profilinerhd.single_3.flatbed,2,1,0
69786,_nameless.1de.655a.8e10,syllurgy,nis,transinet,szczecin,0,1547,0,0,train_part,daf_6x2_a,trailer.profilinehd,trailer_def.krone.profilinerhd.single_3.flatbed,4,1,0
69786,_nameless.1de.655a.82b0,syllurgy,nis,fle,timisoara,0,492,0,0,large_cont,volvo_fh16_4x2_540,trailer.scs_lowbed_4,trailer_def.scs.lowbed.single_4_sh.short,27,1,0
69786,_nameless.1de.655a.75b0,syllurgy,nis,fallow,patras,1,945,0,0,iron_pipes,volvo_fh16_4x2_420,trailer.scs_log,trailer_def.scs.log.single_3.steel,28,1,0
69786,_nameless.1de.655a.6710,log_atlan,almeria,lisette_log,ajaccio,0,826,930,1182,kr_stc1370,renault_magnum_4x2_a,trailer.kasbhr_slle,trailer_def.kassbohrer.sll.single_3_ln.low,1,1,0
69786,_nameless.1de.655a.6f30,log_atlan,almeria,trans_cab,algeciras,1,393,0,0,forwarder,"""heavy/volvo_fh2021_6x4_540""",trailer.scs_lowlow4e,trailer_def.scs.lowloader.single_4_ln.long,1,1,0
69786,_nameless.1de.655a.70d0,log_atlan,almeria,exomar,a_coruna,1,1158,0,0,roof_tiles,mercedes_actros_2014_4x2_a,trailer.scs_dry,trailer_def.scs.box.single_3.dryvan,32,1,0
69786,_nameless.1de.655a.9220,log_atlan,almeria,exomar,cordoba,0,357,0,0,sprayer,mercedes_actros_2014_4x2_c,trailer.scs_lowlow4e,trailer_def.scs.lowloader.single_4_ln.long,1,1,0
69786,_nameless.1de.655a.67e0,agregados,granada,log_atlan,sevilla,0,358,0,0,digger1000,renault_t_6x2,trailer.scs_lowbed_4,trailer_def.scs.lowbed.single_4_sh.short,1,1,0
69786,_nameless.1de.655a.79c0,agregados,granada,costruzi_hal,sassari,1,922,720,827,concr_beams2,daf_xd_2,trailer.scs_flat_b,trailer_def.scs.flatbed.single_3.flatbed_w,2,1,0
69786,_nameless.1de.655a.7750,trameri,dresden,ns_oil,frankfurt,1,397,0,0,fueltanker,scania_r_6x4_top_620,trailer.scs_gosck40,trailer_def.scs.gooseneck.singl_3e_40.container,80,1,0
69786,_nameless.1de.655a.8ee0,trameri,dresden,norrsken,orebro,0,1119,105,404,used_plast,mercedes_4x2_b,trailer.scs_dry_ms,trailer_def.scs.box.single_3.dryvan_m,33,1,0
69786,_nameless.1de.655a.68b0,trameri,dresden,tradeaux,kassel,0,347,0,0,sandwch_pnls,volvo_fh2012_6x2_500,trailer.drylineret,trailer_def.krone.edryliner.single_3.dryvan,33,1,0
69786,_nameless.1de.655a.8ba0,trameri,dresden,rt_log,linz,2,378,0,0,forklifts,scania_r_4x2_top_480,trailer.scs_lowbed_4,trailer_def.scs.lowbed.single_4_sh.short,3,1,0
69786,_nameless.1de.655a.6980,trameri,dresden,domdepo,frankfurt,1,394,0,0,roof_tiles,"""double/scania_r_4x2_top_500""",trailer.scs_curt_b2,trailer_def.scs.box.bdouble_3_3.curtain,28,1,0
69786,_nameless.1de.655a.9150,eurogoodies,grimsby,transinet,southampton,1,468,0,0,flour,renault_t_4x2h,trailer.scs_dry_a,trailer_def.scs.box.single_3.dryvan,33,1,0
69786,_nameless.1de.655a.6090,eurogoodies,grimsby,nutri_molle,hamar,2,1189,1140,1314,wheat,man_4x2_c,trailer.scs_dumper,trailer_def.scs.dumper.single_3.steel,27,1,0
69786,_nameless.1de.655a.7820,gomme_monde,bourges,trans_cab,valladolid,1,1011,0,0,forklifts,daf_xf_euro6_4x2_a,trailer.scs_lowbed_3,trailer_def.scs.lowbed.single_3.short,4,1,0
69786,_nameless.1de.655a.8ad0,gomme_monde,bourges,tradeaux,clermont,1,178,0,0,moto_tires,scania_s_2024e,trailer.scs_dry_a,trailer_def.scs.box.single_3.dryvan,33,1,0
69786,_nameless.1de.655a.7000,gomme_monde,bourges,polarislines,gedser,1,1439,105,404,tyres,volvo_fh2021_4x2_420,trailer.kasbhr_shg45,trailer_def.kassbohrer.scs.single_3_13.curtain,34,1,0
69786,_nameless.1de.655a.6160,nosko,klaipeda,norrsken,malmo,0,759,510,1110,food_oil_t,mercedes_4x2,trailer.ffb_tsalm32,trailer_def.feldbinder.tsalm.single_3_32.32_3_2,25,1,0
69786,_nameless.1de.655a.85f0,nosko,klaipeda,norr_food,falun,2,467,510,1110,can_sardines,iveco_4x2_c,trailer.scs_curt_s,trailer_def.scs.box.single_3.curtain,33,1,0
69786,_nameless.1de.655a.63d0,subse,brasov,stokes,maribor,0,1073,0,0,coconut_milk,mercedes_actros_2014_4x2_b,trailer.scs_dry_a,trailer_def.scs.box.single_3.dryvan,30,1,0
69786,_nameless.1de.655a.8450,subse,brasov,balkan_loco,ruse,0,376,0,0,can_sardines,volvo_fh2024_6x2_500,trailer.profiliner17,trailer_def.krone.profiliner.single_3.curtain,33,1,0
69786,_nameless.1de.655a.86c0,bhv,mikkeli,nordic_ports,ornskoldsvik,0,419,300,680,vans_id,mercedes_actros_2014_4x2_a,trailer.van_trans,trailer_def.vans_id.van_trans,100,1,0
69786,_nameless.1de.655a.8c70,bhv,mikkeli,bhv,siauliai,0,798,150,430,car_ibe,scania_s2016_6x2_high_460,trailer.car_trans,trailer_def.car_ibe.car_trans,100,1,0
69786,_nameless.1de.655a.8790,casa_olivera,mengibar,stokes,plymouth,0,728,1076,1172,frsh_herbs,scania_streamline_6x2_norm_440,trailer.scs_ins_a,trailer_def.scs.box.single_3.insulated,33,1,0
69786,_nameless.1de.655a.8a00,casa_olivera,mengibar,supercesta,albacete,1,253,0,0,apples_c,man_4x2_a,trailer.krone.boxliner40,trailer_def.krone.boxliner.single_3_40.container,30,1,0
69786,_nameless.1de.655a.6a50,casa_olivera,mengibar,lavish_food,murcia,0,389,0,0,onion,mercedes_actros_2014_4x2_c,trailer.scs_curt_s,trailer_def.scs.box.single_3.curtain,33,1,0
69786,_nameless.1de.655a.78f0,casa_olivera,mengibar,lisette_log,larochelle,0,1213,0,0,young_seed,man_tgx_euro6_4x2_xxl,trailer.coolliner17,trailer_def.krone.coolliner.single_3.reefer,33,1,0
69786,_nameless.1de.655a.6bf0,casa_olivera,mengibar,app,malaga,0,247,0,0,tomatoes,"""double/daf_xgp_4x2_530""",trailer.scs_ins_b2,trailer_def.scs.box.bdouble_3_3.insulated,52,1,0
69786,_nameless.1de.655a.7340,app,gijon,rt_log,sevilla,0,901,0,0,fish_chips,volvo_fh2021_6x2_540,trailer.scs_ref_a,trailer_def.scs.box.single_3.reefer,33,1,0
69786,_nameless.1de.655a.6cc0,app,gijon,cesta_sl,salamanca,1,398,0,0,ketchup,"""double/renault_premium_4x2_a""",trailer.scs_dry_b2,trailer_def.scs.box.bdouble_3_3.dryvan,52,1,0
69786,_nameless.1de.655a.71a0,mjolnir_min,ivalo,severoatm_ru,sosnovy_bor,0,1383,0,0,dozer,"""heavy/man_tgx_euro6_8x4_xlx""",trailer.scs_lowlowd4,trailer_def.scs.lowloader.single_4_sh.short,1,1,0
69786,_nameless.1de.655a.7270,scs_paper,zaragoza,wilnet_trans,porto_vecchi,0,425,930,1182,empty_barr,scania_r_4x2_norm_360,trailer.kasbhr_shg45,trailer_def.kassbohrer.scs.single_3_13.curtain,34,1,0
69786,_nameless.1de.655a.7d00,norr_food,vaxjo,tradeaux,olsztyn,0,320,630,790,used_packag,daf_xg_4x2_450,trailer.scs_dry,trailer_def.scs.box.single_3.dryvan,33,1,0
69786,_nameless.1de.655a.7dd0,euroacres,liverpool,agronord,esbjerg,2,352,1140,1314,kr_ecb880cv,daf_xf_4x2_370,trailer.scs_lowbed41,trailer_def.scs.lowbed.single_41_ln.long,1,1,0
69786,_nameless.1de.655a.7ea0,euroacres,liverpool,gallia_ferry,bilbao,0,472,1076,1172,cott_cheese,daf_xf_euro6_4x2_b,trailer.scs_ref_s,trailer_def.scs.box.single_3.reefer,33,1,0
69786,_nameless.1de.655a.7f70,scs_paper,istanbul,betunia,pristina,0,806,0,0,empty_spool,iveco_sway_4x2_580,trailer.scs_lowbed_3,trailer_def.scs.lowbed.single_3.short,3,1,0
69786,_nameless.1de.655a.8040,scs_paper,istanbul,rock_eater,pirdop,0,627,0,0,large_cont,mercedes_actros_2014_6x4_b,trailer.kasbhr_sla,trailer_def.kassbohrer.sla.single_3_sh.lowbed,27,1,0
69786,_nameless.1de.4764.5fe0,scs_paper,istanbul,fallow,vlore,1,1089,0,0,empty_palet,volvo_fh2012_4x2_420,trailer.kasbhr_shg45,trailer_def.kassbohrer.scs.single_3_13.curtain,34,1,0
69786,_nameless.1de.4764.7d20,scs_paper,istanbul,brawen,bucuresti,1,588,0,0,used_packag,daf_xg_4x2_450,trailer.kasbhr_scs,trailer_def.kassbohrer.scs.single_3_13.curtain,34,1,0
69786,_nameless.1de.4764.7770,itcc,maribor,shuttle,bihac,0,290,0,0,emptytank,daf_4x2_a,trailer.profilinehd,trailer_def.krone.profilinerhd.single_3.flatbed,1,1,0
69786,_nameless.1de.4764.8130,itcc,maribor,sanbuilders,krakow,1,680,0,0,elect_wiring,scania_s2016_6x4_high_730,trailer.profiliner17,trailer_def.krone.profiliner.single_3.curtain,33,1,0
69786,_nameless.1de.4764.6b40,itcc,maribor,dfh,berlin,1,899,0,0,metal_beams,iveco_4x2_b,trailer.scs_flat_b,trailer_def.scs.flatbed.single_3.flatbed_w,2,1,0
69786,_nameless.1de.4764.83a0,itcc,maribor,tradeaux,hannover,1,977,0,0,iron_pipes,daf_xf_euro6_4x2_b,trailer.scs_log,trailer_def.scs.log.single_3.steel,28,1,0
69786,_nameless.1de.4764.71c0,norrsken,stockholm,nch,tallinn,1,224,570,1270,helicopter,man_tgx_2020_6x2,trailer.kasbhr_sla,trailer_def.kassbohrer.sla.single_3_sh.lowbed,1,1,0
69786,_nameless.1de.4764.7f90,norrsken,stockholm,blt,kunda,2,276,570,1270,truck_rims,mercedes_4x2_a,trailer.scs_dry_ms,trailer_def.scs.box.single_3.dryvan_m,33,1,0
69786,_nameless.1de.4764.8610,norrsken,stockholm,nordic_ports,tornio,1,818,0,0,comp_process,"""double/mercedes_4x2_a""",trailer.scs_curt_b2,trailer_def.scs.box.bdouble_3_3.curtain,52,1,0
69786,_nameless.1de.4764.68d0,norrsken,stockholm,polarislines,ventspils,0,34,510,1110,chocolate,iveco_sway_4x2_500,trailer.scs_dry_m,trailer_def.scs.box.single_3.dryvan_m,30,1,0
69786,_nameless.1de.4764.86e0,norrsken,stockholm,sal_fi,kouvola,2,425,540,1170,onion,man_6x4_b,trailer.scs_dry_s,trailer_def.scs.box.single_3.dryvan,33,1,0
69786,_nameless.1de.4764.7430,log_atlan,a_coruna,log_atlan,almeria,2,1143,0,0,digger500,scania_s2016_6x2_high_460,trailer.scs_lowlow2e,trailer_def.scs.lowloader.single_2_ln.long,1,1,0
69786,_nameless.1de.4764.7840,log_atlan,a_coruna,tradeaux,brest,0,1584,0,0,cement,mercedes_4x2,trailer.ffb_kip60,trailer_def.feldbinder.kip.single_3_60.silo_60_3p,19,1,0
69786,_nameless.1de.4764.69a0,log_atlan,a_coruna,costruzi_win,cagliari,0,1386,720,827,mob_screener,"""heavy/scania_s2016_8x4_high_770""",trailer.scs_lowlow4e,trailer_def.scs.lowloader.single_4_ln.long,1,1,0
69786,_nameless.1de.4764.70f0,tree_et,bystrica,lkwlog,lodz,2,367,0,0,vol_ew240emh,"""heavy/daf_xd""",trailer.scs_lowlow4e,trailer_def.scs.lowloader.single_4_ln.long,1,1,0
69786,_nameless.1de.4764.8880,tree_et,bystrica,radus_ru,pleven,1,1008,0,0,empty_spool,mercedes_actros_2014_4x2_c,trailer.profilinehd,trailer_def.krone.profilinerhd.single_3.flatbed,4,1,0
69786,_nameless.1de.4764.8200,tree_et,bystrica,transinet,ostrava,2,228,0,0,tractors,mercedes_actros_2014_6x2_a,trailer.scs_lowlowd2,trailer_def.scs.lowloader.single_2_sh.short,1,1,0
69786,_nameless.1de.4764.7500,tree_et,bystrica,fallow,targu_mures,2,815,0,0,exc_craw,"""heavy/volvo_fh16_6x4_750""",trailer.kasbhr_slle,trailer_def.kassbohrer.sll.single_3_ln.low,1,1,0
69786,_nameless.1de.4764.6250,casa_olivera,badajoz,app,zaragoza,0,569,0,0,tomatoes,renault_t_4x2,trailer.scs_ref_s,trailer_def.scs.box.single_3.reefer,33,1,0
69786,_nameless.1de.4764.7910,casa_olivera,badajoz,app,malaga,0,553,0,0,onion,"""double/scania_r_4x2_top_500""",trailer.profiline17d,trailer_def.krone.profiliner.double_3_2.curtain,52,1,0
69786,_nameless.1de.4764.8470,casa_olivera,badajoz,cesta_sl,salamanca,0,303,0,0,cont_trees,mercedes_4x2_b,trailer.scs_curt_s,trailer_def.scs.box.single_3.curtain,33,1,0
69786,_nameless.1de.4764.8540,casa_olivera,badajoz,tras_med,cagliari,0,1125,720,827,olives,volvo_fh2021_4x2_420,trailer.scs_dry_m,trailer_def.scs.box.single_3.dryvan_m,33,1,0
69786,_nameless.1de.4764.7360,casa_olivera,badajoz,trans_cab,murcia,0,604,0,0,pears,man_4x2_a,trailer.scs_ref,trailer_def.scs.box.single_3.reefer,33,1,0
69786,_nameless.1de.4764.8a20,tree_et,southampton,te_logistica,sassari,0,1463,755,1127,jcb_exc245xr,"""heavy/volvo_fh16_6x4_750""",trailer.scs_lowbed_4,trailer_def.scs.lowbed.single_4_sh.short,1,1,0
69786,_nameless.1de.4764.5bd0,tree_et,southampton,lkwlog,felixstowe,0,324,0,0,empty_spool,renault_premium_6x4_a,trailer.scs_lowbed_4,trailer_def.scs.lowbed.single_4_sh.short,3,1,0
69786,_nameless.1de.4764.6a70,tree_et,southampton,transinet,cambridge,1,277,0,0,wood_bark,man_tgx_euro6_4x2_xxl,trailer.scs_dumper,trailer_def.scs.dumper.single_3.steel,27,1,0
69786,_nameless.1de.4764.6e80,gnt,kalmar,transinet,ostrava,2,1376,105,404,med_equip,scania_r_4x2_top_480,trailer.profiliner17,trailer_def.krone.profiliner.single_3.curtain,33,1,0
69786,_nameless.1de.4764.7ab0,gnt,kalmar,konstnr,stockholm,1,355,0,0,iron_pipes,mercedes_actros_2014_4x2_b,trailer.scs_log,trailer_def.scs.log.single_3.steel,28,1,0
69786,_nameless.1de.4764.75d0,tradeaux,lille,globeur,lehavre,0,315,0,0,transformat,"""heavy/daf_6x4""",trailer.scs_lowlow4e,trailer_def.scs.lowloader.single_4_ln.long,1,1,0
69786,_nameless.1de.4764.82d0,tradeaux,lille,gnt,bastia,0,1153,840,1193,cheese,scania_s2016_4x2_norm_370,trailer.coolliner17,trailer_def.krone.coolliner.single_3.reefer,33,1,0
69786,_nameless.1de.4764.6f50,eurogoodies,rijeka,eolo_lines,napoli,0,1224,0,0,caviar,iveco_sway_4x2_460,trailer.scs_ref_s,trailer_def.scs.box.single_3.reefer,33,1,0
69786,_nameless.1de.4764.8bc0,eurogoodies,rijeka,kaarfor,poznan,0,1017,0,0,fish_chips,volvo_fh2021_4x2_420,trailer.scs_ref_a,trailer_def.scs.box.single_3.reefer,33,1,0
69786,_nameless.1de.4764.6660,rock_eater,lamia,lefko,kalamata,0,323,0,0,excav_soil,daf_xf_euro6_4x2_b,trailer.scs_dumper,trailer_def.scs.dumper.single_3.steel,21,1,0
69786,_nameless.1de.4764.6c10,rock_eater,lamia,icaria,argostoli,2,344,240,510,jcb_wload457,renault_premium_6x4_a,trailer.kasbhr_sla,trailer_def.kassbohrer.sla.single_3_sh.lowbed,1,1,0
69786,_nameless.1de.4764.6320,rock_eater,lamia,betunia,novi_sad,1,1019,0,0,empty_spool,volvo_fh16_4x2_540,trailer.scs_flat_b,trailer_def.scs.flatbed.single_3.flatbed_w,4,1,0
69786,_nameless.1de.4764.60b0,kaarfor,amsterdam,polarislines,goteborg,0,876,195,677,used_plast,scania_streamline_4x2_norm_380,trailer.scs_dry,trailer_def.scs.box.single_3.dryvan,33,1,0
69786,_nameless.1de.4764.5890,kaarfor,amsterdam,lkwlog,felixstowe,1,216,480,960,used_plast_c,iveco_4x2_a,trailer.scs_gosck20,trailer_def.scs.gooseneck.singl_3e_20.container,15,1,0
69786,_nameless.1de.4764.6ce0,kaarfor,amsterdam,rt_log,rostock,0,659,0,0,empty_palet,"""double/daf_xd""",trailer.scs_dry_b2,trailer_def.scs.box.bdouble_3_3.dryvan,23,1,0
69786,_nameless.1de.4764.8060,quarry,graz,lisette_log,rennes,2,1524,0,0,digger500,man_tgx_2020_6x2,trailer.scs_lowbed_4,trailer_def.scs.lowbed.single_4_sh.short,1,1,0
69786,_nameless.1de.4764.5ca0,quarry,graz,mvm_carriere,montpellier,2,1353,0,0,tracks,renault_t_4x2h,trailer.scs_lowbed_4,trailer_def.scs.lowbed.single_4_sh.short,1,1,0
69786,_nameless.1de.4764.76a0,log_atlan,lisboa,app,ciudad_real,1,542,0,0,mozzarela,scania_r_4x2_top_480,trailer.coolliner17,trailer_def.krone.coolliner.single_3.reefer,33,1,0
69786,_nameless.1de.4764.7b80,log_atlan,lisboa,log_atlan,porto,0,329,0,0,graph_grease,renault_premium_4x2_a,trailer.scs_curt_s,trailer_def.scs.box.single_3.curtain,33,1,0
69786,_nameless.1de.4764.7ec0,log_atlan,lisboa,trans_cab,algeciras,0,598,0,0,elect_wiring,mercedes_actros_2014_6x2_a,trailer.scs_dry,trailer_def.scs.box.single_3.dryvan,33,1,0
69786,_nameless.1de.4764.7c50,kaarfor,kassel,transinet,ostrava,0,772,0,0,used_plast_c,scania_r2016_4x2_norm_370,trailer.kasbhr_shg40,trailer_def.kassbohrer.shg.singl_3e_40.container,30,1,0
69786,_nameless.1de.4764.5a30,kaarfor,kassel,dfh,dresden,0,355,0,0,used_packag,mercedes_6x2_b,trailer.kasbhr_shg45,trailer_def.kassbohrer.scs.single_3_13.curtain,34,1,0
69786,_nameless.1de.4764.5b00,kaarfor,kassel,vesna,beograd,0,1382,0,0,empty_palet,volvo_fh16_4x2_420,trailer.kasbhr_sbt,trailer_def.kassbohrer.sbt.single_3_13.dryvan,33,1,0
69786,_nameless.1de.4764.5d70,stokes,amsterdam,fle,montpellier,0,1172,0,0,cut_flowers,scania_r_6x2_high_500,trailer.coolliner17,trailer_def.krone.coolliner.single_3.reefer,33,1,0
69786,_nameless.1de.4764.5e40,stokes,amsterdam,drekkar,linkoping,1,1310,0,0,used_plast,man_4x2_a,trailer.profiliner17,trailer_def.krone.profiliner.single_3.curtain,33,1,0
69786,_nameless.1de.4764.63f0,stokes,amsterdam,lkwlog,graz,0,1066,0,0,floorpanels,daf_xd_2,trailer.panel_trans.floor,trailer_def.floorpanels.panel_trans.floor,82,1,0
69786,_nameless.1de.4764.6590,stokes,amsterdam,norrsken,aalborg,2,786,0,0,copp_rf_gutt,daf_xf_euro6_4x2_a,trailer.kasbhr_sbt,trailer_def.kassbohrer.sbt.single_3_13.dryvan,34,1,0
69786,_nameless.1de.4764.6730,fle,frankfurt,ika_bohag,milano,0,703,0,0,toys,man_4x2_c,trailer.scs_curt,trailer_def.scs.box.single_3.curtain,33,1,0
69786,_nameless.1de.4764.6800,fle,frankfurt,stokes,liege,0,245,0,0,med_vaccine,volvo_fh2012_4x2_420,trailer.scs_ref,trailer_def.scs.box.single_3.reefer,33,1,0
69786,_nameless.1de.4764.7020,fle,frankfurt,stokes,katowice,0,856,0,0,frsh_herbs,iveco_sway_4x2_500,trailer.scs_ins_s,trailer_def.scs.box.single_3.insulated,33,1,0
69786,_nameless.1de.4764.a0e0,fle,frankfurt,tradeaux,kassel,0,248,0,0,oranges,daf_4x2_a,trailer.scs_ins,trailer_def.scs.box.single_3.insulated,33,1,0
69786,_nameless.1de.4764.bd50,kaarfor,nantes,transinet,southampton,1,839,35,300,used_packag,iveco_sway_4x2_460,trailer.kasbhr_scs,trailer_def.kassbohrer.scs.single_3_13.curtain,34,1,0
69786,_nameless.1de.4764.93e0,kaarfor,nantes,stokes,plymouth,0,280,420,1000,used_plast,daf_xf_4x2_370,trailer.scs_curt_a,trailer_def.scs.box.single_3.curtain,33,1,0
69786,_nameless.1de.4764.a350,kaarfor,nantes,rt_log,geneve,0,926,0,0,used_plast_c,man_6x4_b,trailer.krone.boxliner20,trailer_def.krone.boxliner.single_3.container,15,1,0
69786,_nameless.1de.4764.bbb0,ns_oil,ornskoldsvik,nch,kouvola,2,496,300,680,lpg_t,renault_t_4x2,trailer.scs_gastank,trailer_def.scs.gastank.single_3.gastank,40,1,0
69786,_nameless.1de.4764.aeb0,ns_oil,ornskoldsvik,nch_ru,petersburg,0,915,300,680,propane,volvo_fh16_4x2_540,trailer.scs_gastank,trailer_def.scs.gastank.single_3.gastank,40,1,0
69786,_nameless.1de.4764.a010,ns_oil,ornskoldsvik,ms_stein,hamar,1,579,0,0,diesel,daf_xg_4x2_450,trailer.scs_fueltank,trailer_def.scs.fueltank.single_3.fueltank,30,1,0
69786,_nameless.1de.4764.af80,ns_oil,ornskoldsvik,nch,tallinn,0,561,450,1110,fueltanker,daf_xf_euro6_6x4_c,trailer.scs_gosck40,trailer_def.scs.gooseneck.singl_3e_40.container,80,1,0
69786,_nameless.1de.4764.b7a0,kathode,narvik,renar,skelleftea,1,575,0,0,used_plast,volvo_fh16_4x2_420,trailer.profiliner17,trailer_def.krone.profiliner.single_3.curtain,33,1,0
69786,_nameless.1de.4764.b050,kathode,narvik,renar,kotka,0,1212,0,0,truck_batt_c,daf_xgp25_4x2_530,trailer.scs_gosck40,trailer_def.scs.gooseneck.singl_3e_40.container,30,1,0
69786,_nameless.1de.4764.9b30,kathode,narvik,sanbuild_hms,jyvaskyla,0,917,0,0,ter_forklift,volvo_fh2021_4x2_420,trailer.scs_flat_b,trailer_def.scs.flatbed.single_3.flatbed_w,2,1,0
69786,_nameless.1de.4764.ade0,trameri,carlisle,posped,strasbourg,1,1262,35,300,sandwch_pnls,daf_xd_2,trailer.scs_curt_a,trailer_def.scs.box.single_3.curtain,33,1,0
69786,_nameless.1de.4764.b120,voitureux,lehavre,bhv,paris,0,262,0,0,car_gr,iveco_4x2_c,trailer.car_trans,trailer_def.car_gr.car_trans,100,1,0
69786,_nameless.1de.4764.bef0,voitureux,lehavre,wgcc,glasgow,2,1098,35,300,contamin,daf_xf_euro6_6x4_c,trailer.scs_gosck220,trailer_def.scs.gooseneck.singl_3e_220.container,80,1,0
69786,_nameless.1de.4764.a900,voitureux,lehavre,rt_log,zaragoza,0,1251,0,0,cars_fr,man_tgx_2020,trailer.car_trans,trailer_def.cars_fr.car_trans,100,1,0
69786,_nameless.1de.4764.ba10,voitureux,lehavre,wilnet_trans,lemans,1,303,0,0,caravans,volvo_fh2021_6x2_540,trailer.truck_trans,trailer_def.caravans.truck_trans,100,1,0
69786,_nameless.1de.4764.a280,voitureux,lehavre,transinet,mannheim,1,700,0,0,vans_vt,man_tgx_2020_4x2,trailer.truck_trans,trailer_def.vans_vt.truck_trans,100,1,0
69786,_nameless.1de.4764.97f0,cont_port,kotka,ai,hamburg,2,1581,540,1170,fluorine,volvo_fh16_4x2_540,trailer.scs_gosck220,trailer_def.scs.gooseneck.singl_3e_220.container,80,1,0
69786,_nameless.1de.4764.90a0,rock_eater,kragujevac,pk_medved_ru,kaliningrad,0,1477,0,0,forklifts,scania_r2016_4x2_norm_370,trailer.kasbhr_sla,trailer_def.kassbohrer.sla.single_3_sh.lowbed,3,1,0
69786,_nameless.1de.4764.ac40,rock_eater,kragujevac,euroacres,erfurt,2,1391,0,0,digger1000,scania_streamline_6x4_top_480,trailer.kasbhr_sla,trailer_def.kassbohrer.sla.single_3_sh.lowbed,1,1,0
69786,_nameless.1de.4764.b600,rock_eater,kragujevac,ttk_bg,varna,1,810,0,0,volvo_bucket,mercedes_6x4_a,trailer.kasbhr_sla,trailer_def.kassbohrer.sla.single_3_sh.lowbed,1,1,0
69786,_nameless.1de.4764.9310,rock_eater,kragujevac,sanbuilders,gdansk,0,1411,0,0,volvo_a25g,"""heavy/scania_s2016_8x4_high_770""",trailer.scs_lowlow4e,trailer_def.scs.lowloader.single_4_ln.long,1,1,0
69786,_nameless.1de.4764.b460,nord_sten,jonkoping,gnt,ventspils,2,372,510,1110,jcb_exc245xr,"""heavy/volvo_fh2021_6x4_540""",trailer.scs_lowbed_3,trailer_def.scs.lowbed.single_3.short,1,1,0
69786,_nameless.1de.4764.a420,nord_sten,jonkoping,norrsken,stockholm,0,361,0,0,mob_screener,"""heavy/daf_xd""",trailer.kasbhr_slle,trailer_def.kassbohrer.sll.single_3_ln.low,1,1,0
69786,_nameless.1de.4764.bc80,nord_sten,jonkoping,nch,vilnius,0,768,510,1110,stone_dust,renault_premium_4x2_c,trailer.scs_dumper,trailer_def.scs.dumper.single_3.steel,13,1,0
69786,_nameless.1de.4764.b390,nord_sten,jonkoping,renar,steinkjer,0,1031,0,0,driller,man_tgx_euro6_6x4_xlx,trailer.scs_lowbed41,trailer_def.scs.lowbed.single_41_ln.long,1,1,0
69786,_nameless.1de.4764.bfc0,vesna_mill,novi_sad,artemia,mitilini,1,901,730,1440,pnut_butter,man_tgx_2020_6x2,trailer.coolliner17,trailer_def.krone.coolliner.single_3.reefer,33,1,0
69786,_nameless.1de.4764.9170,vesna_mill,novi_sad,fallow,cluj_napoca,2,585,0,0,olive_oil,renault_t_6x2,trailer.kasbhr_scs,trailer_def.kassbohrer.scs.single_3_13.curtain,34,1,0
69786,_nameless.1de.4764.8c90,vesna_mill,novi_sad,dunavia,osijek,1,317,0,0,empty_palet,mercedes_4x2_c,trailer.scs_curt_s,trailer_def.scs.box.single_3.curtain,33,1,0
69786,_nameless.1de.4764.a4f0,sanbuild_bas,stuttgart,lkwlog,koln,2,397,0,0,hipresstank,iveco_4x2_b,trailer.profilinehd,trailer_def.krone.profilinerhd.single_3.flatbed,8,1,0
69786,_nameless.1de.4764.be20,wilnet_trans,toulouse,rt_log,salzburg,2,1495,0,0,jcb_dmphtd5e,scania_r_4x2_top_480,trailer.profilinehd,trailer_def.krone.profilinerhd.single_3.flatbed,7,1,0
69786,_nameless.1de.4764.8f00,wilnet_trans,toulouse,tree_et,soria,1,726,0,0,jcb_bhl4cx,scania_r_6x2_high_500,trailer.kasbhr_slle,trailer_def.kassbohrer.sll.single_3_ln.low,1,1,0
69786,_nameless.1de.4764.9a60,wilnet_trans,toulouse,kaarfor,limoges,0,266,0,0,almond,scania_streamline_6x4_top_480,trailer.kasbhr_scs,trailer_def.kassbohrer.scs.single_3_13.curtain,34,1,0
69786,_nameless.1de.4764.b6d0,lintukainen,pori,sal_fi,helsinki,2,257,0,0,jcb_dmphtd5e,daf_xf_euro6_4x2_c,trailer.profilinehd,trailer_def.krone.profilinerhd.single_3.flatbed,7,1,0
69786,_nameless.1de.4764.bae0,lintukainen,pori,norrsken,falun,1,366,540,1170,logs,scania_r_4x2_top_480,trailer.scs_log,trailer_def.scs.log.single_3.steel,32,1,0
69786,_nameless.1de.4764.98c0,shuttle,malaga,wilnet_trans,toulouse,2,1358,0,0,ter_forklift,iveco_h_4x2_a,trailer.scs_flat_b,trailer_def.scs.flatbed.single_3.flatbed_w,2,1,0
69786,_nameless.1de.4764.a830,shuttle,malaga,rt_log,sevilla,2,249,0,0,bottle_water,volvo_fh2012_4x2_420,trailer.scs_dry_s,trailer_def.scs.box.single_3.dryvan,33,1,0
69786,_nameless.1de.4764.9990,shuttle,malaga,eurogoodies,cardiff,1,1238,1076,1172,iced_coffee,scania_streamline_6x2_norm_440,trailer.profiliner17,trailer_def.krone.profiliner.single_3.curtain,33,1,0
69786,_nameless.1de.4764.9c00,gnt,klaipeda,rt_log,travemunde,0,1118,0,0,czl_muv75,"""heavy/volvo_fh2012_8x4_700""",trailer.scs_lowbed_3,trailer_def.scs.lowbed.single_3.short,1,1,0
69786,_nameless.1de.4764.9da0,gnt,klaipeda,polarislines,esbjerg,2,1480,0,0,clothes,daf_xgp25_4x2_530,trailer.scs_dry_s,trailer_def.scs.box.single_3.dryvan,33,1,0
69786,_nameless.1de.4764.9e70,gnt,klaipeda,drekkar,uppsala,2,294,510,1110,jcb_bhl4cx,scania_s2016_4x2_norm_370,trailer.kasbhr_slle,trailer_def.kassbohrer.sll.single_3_ln.low,1,1,0
69786,_nameless.1de.4764.9f40,gnt,klaipeda,onnelik,narva,0,758,0,0,square_baler,daf_xf_euro6_4x2_b,trailer.scs_lowbed41,trailer_def.scs.lowbed.single_41_ln.long,1,1,0
69786,_nameless.1de.4764.a9d0,ns_oil,frankfurt,tree_et,salzburg,0,593,0,0,oil,man_tgx_euro6_4x2_xl,trailer.willig.fuel_cistern,trailer_def.scs.fueltank.single_3.fueltank,28,1,0
69786,_nameless.1de.4764.aaa0,ns_oil,frankfurt,tree_et,felixstowe,0,884,35,300,lpg,man_4x2_c,trailer.kasbhr_shg40,trailer_def.kassbohrer.shg.singl_3e_40.container,80,1,0
69786,_nameless.1de.4764.e860,ns_oil,frankfurt,lkwlog,koln,2,229,0,0,petrol,renault_etech_t,trailer.scs_fueltank,trailer_def.scs.fueltank.single_3.fueltank,30,1,0
69786,_nameless.1de.4764.ea00,ns_oil,frankfurt,imp_otel,craiova,2,1569,0,0,motor_oil_c,renault_premium_4x2_c,trailer.kasbhr_shg20,trailer_def.kassbohrer.shg.singl_3e_20.container,15,1,0
69786,_nameless.1de.4764.ce60,marmo,olbia,tradeaux,ajaccio,1,271,210,355,volvo_a25g,"""heavy/mercedes_actros_8x4""",trailer.scs_lowbed_4,trailer_def.scs.lowbed.single_4_sh.short,1,1,0
69786,_nameless.1de.4764.c710,cesta_sl,granada,posped,swansea,1,1112,1076,1172,used_packag,man_tgx_2020_6x2,trailer.kasbhr_scs,trailer_def.kassbohrer.scs.single_3_13.curtain,34,1,0
69786,_nameless.1de.4764.e380,cesta_sl,granada,trans_cab,valladolid,2,649,0,0,used_plast_c,volvo_fh2021_6x2_540,trailer.scs_gosck20,trailer_def.scs.gooseneck.singl_3e_20.container,15,1,0
69786,_nameless.1de.4764.c7e0,cesta_sl,granada,gallia_ferry,bilbao,0,802,0,0,empty_palet,scania_r_4x2_top_480,trailer.scs_curt,trailer_def.scs.box.single_3.curtain,33,1,0
69786,_nameless.1de.4764.d5b0,cesta_sl,granada,app,zaragoza,1,618,0,0,used_plast,mercedes_6x4_a,trailer.scs_curt_a,trailer_def.scs.box.single_3.curtain,33,1,0
69786,_nameless.1de.4764.e930,sal_fi,lappeenranta,norr_food,vasteraas,1,575,540,1170,smokd_sprats,volvo_fh2024_6x2_500,trailer.scs_ref,trailer_def.scs.box.single_3.reefer,33,1,0
69786,_nameless.1de.4764.d410,sal_fi,lappeenranta,lvr,daugavpils,1,987,0,0,re_bars,scania_s2016_6x2_high_460,trailer.profilinehd,trailer_def.krone.profilinerhd.single_3.flatbed,2,1,0
69786,_nameless.1de.4764.d8f0,sal_fi,lappeenranta,stokes,poznan,2,1483,150,430,alu_profile,daf_xf_euro6_4x2_b,trailer.scs_flat_b,trailer_def.scs.flatbed.single_3.flatbed_w,2,1,0
69786,_nameless.1de.4764.d000,nbfc,calais,sanbuilders,nurnberg,0,763,0,0,propane,scania_streamline_4x2_norm_380,trailer.scs_gastank,trailer_def.scs.gastank.single_3.gastank,40,1,0
69786,_nameless.1de.4764.d1a0,nbfc,calais,spinelli,valladolid,0,1440,0,0,carbn_pwdr_c,renault_premium_6x2_a,trailer.krone.boxliner220,trailer_def.krone.boxliner.single_3_220.container,30,1,0
69786,_nameless.1de.4764.d680,eliarchos,kalamata,villco_mkt,heraklion,1,276,540,760,apples_c,volvo_fh2021_6x2_540,trailer.krone.boxliner220,trailer_def.krone.boxliner.single_3_220.container,30,1,0
69786,_nameless.1de.4764.c090,eliarchos,kalamata,fallow,patras,0,275,0,0,onion,scania_s2016_6x2_high_460,trailer.scs_dry_m,trailer_def.scs.box.single_3.dryvan_m,33,1,0
69786,_nameless.1de.4764.eba0,eliarchos,kalamata,villco,sarajevo,0,1477,0,0,rye,scania_s2016_6x4_high_730,trailer.ffb_kip60,trailer_def.feldbinder.kip.single_3_60.silo_60_3p,33,1,0
69786,_nameless.1de.4764.e5f0,rosmark_ru,luga,polarislines,gedser,1,1326,570,1270,drymilk,scania_r_6x4_top_620,trailer.dryliner17,trailer_def.krone.dryliner.single_3.dryvan,33,1,0
69786,_nameless.1de.4764.c4a0,rosmark_ru,luga,norrsken,malmo,1,1111,570,1270,cheese,man_4x2_a,trailer.coolliner17,trailer_def.krone.coolliner.single_3.reefer,33,1,0
69786,_nameless.1de.4764.c640,rosmark_ru,luga,polarislines,esbjerg,1,1474,570,1270,emp_wine_bot,scania_r2016_6x2_high_460,trailer.profiliner17,trailer_def.krone.profiliner.single_3.curtain,33,1,0
69786,_nameless.1de.4764.d750,rosmark_ru,luga,nch,riga,0,374,0,0,canned_beans,mercedes_4x2_b,trailer.scs_dry,trailer_def.scs.box.single_3.dryvan,33,1,0
69786,_nameless.1de.4764.e790,nord_sten,vaxjo,renar,tampere,0,758,540,1170,mob_stacker,"""heavy/iveco_6x4""",trailer.scs_lowbed_4,trailer_def.scs.lowbed.single_4_sh.short,1,1,0
69786,_nameless.1de.4764.c8b0,nord_sten,vaxjo,dfh,hamburg,0,751,0,0,stones,iveco_4x2_b,trailer.scs_dumper,trailer_def.scs.dumper.single_3.steel,11,1,0
69786,_nameless.1de.4764.d0d0,nord_sten,vaxjo,posped,lublin,0,618,630,790,vol_ew240emh,"""heavy/man_tgx_2020_8x4""",trailer.kasbhr_slle,trailer_def.kassbohrer.sll.single_3_ln.low,1,1,0
69786,_nameless.1de.4764.ec70,kaarfor,cambridge,lkwlog,venezia,0,1533,35,300,used_plast_c,scania_s2016_6x4_high_730,trailer.krone.boxliner220,trailer_def.krone.boxliner.single_3_220.container,30,1,0
69786,_nameless.1de.4764.ee10,blt,siauliai,drekkar,bergen,1,1372,510,1110,pork_meat,man_4x2_c,trailer.scs_ref,trailer_def.scs.box.single_3.reefer,33,1,0
69786,_nameless.1de.4764.e110,blt,siauliai,norrsken,stockholm,1,318,510,1110,sandwch_pnls,man_4x2_c,trailer.scs_curt_a,trailer_def.scs.box.single_3.curtain,33,1,0
69786,_nameless.1de.4764.e450,blt,siauliai,stokes,tuzla,1,1540,0,0,nylon_cord,scania_r_6x2_high_500,trailer.scs_curt_a,trailer_def.scs.box.single_3.curtain,32,1,0
69786,_nameless.1de.4764.eee0,blt,siauliai,renar,kotka,2,698,150,430,vans_id,renault_magnum_6x4_a,trailer.van_trans,trailer_def.vans_id.van_trans,100,1,0
69786,_nameless.1de.4764.d270,lavish_food,huelva,lavish_food,a_coruna,0,1076,0,0,chicken_meat,scania_r_4x2_norm_360,trailer.scs_ref_s,trailer_def.scs.box.single_3.reefer,33,1,0
69786,_nameless.1de.4764.c230,lavish_food,huelva,log_atlan,porto,0,641,0,0,liver_paste,volvo_fh16_4x2_540,trailer.scs_ins_s,trailer_def.scs.box.single_3.insulated,33,1,0
69786,_nameless.1de.4764.da90,sygomidi,chania,icaria,mitilini,0,11,1215,2134,canned_pork,man_tgx_2020_6x2,trailer.scs_ref,trailer_def.scs.box.single_3.reefer,33,1,0
69786,_nameless.1de.4764.e040,sygomidi,chania,balkan_loco,ruse,0,1083,540,826,vinegar,scania_streamline_4x2_norm_380,trailer.scs_dry_s,trailer_def.scs.box.single_3.dryvan,33,1,0
69786,_nameless.1de.4764.c980,sygomidi,chania,artemia,rhodes,1,28,1350,2715,pnut_butter,mercedes_actros_2014_4x2_a,trailer.dryliner17,trailer_def.krone.dryliner.single_3.dryvan,33,1,0
69786,_nameless.1de.4764.ca50,sygomidi,chania,te_logistica,parma,0,1265,1110,1571,coconut_oil,man_tgx_euro6_6x4_xlx,trailer.kasbhr_sbt,trailer_def.kassbohrer.sbt.single_3_13.dryvan,34,1,0
69786,_nameless.1de.4764.e520,lkwlog,koln,tradeaux,kassel,0,299,0,0,icecream,man_tgx_euro6_6x4_xlx,trailer.scs_ref,trailer_def.scs.box.single_3.reefer,33,1,0
69786,_nameless.1de.4764.d4e0,lkwlog,koln,te_logistica,parma,0,990,0,0,helicopter,renault_premium_6x4_a,trailer.scs_lowlow2e,trailer_def.scs.lowloader.single_2_ln.long,1,1,0
69786,_nameless.1de.4764.d820,lkwlog,koln,sanbuilders,bern,0,616,0,0,hipresstank,scania_r2016_6x4_high_660,trailer.scs_flat_b,trailer_def.scs.flatbed.single_3.flatbed_w,8,1,0
69786,_nameless.1de.4764.ddd0,ika_bohag,montpellier,wilnet_trans,porto_vecchi,2,205,840,1193,empty_palet,renault_t_6x2,trailer.scs_dry,trailer_def.scs.box.single_3.dryvan,33,1,0
69786,_nameless.1de.4764.c300,ika_bohag,montpellier,tradeaux,ajaccio,0,356,840,1193,used_packag,mercedes_actros_2014_4x2_b,trailer.profiliner17,trailer_def.krone.profiliner.single_3.curtain,33,1,0
69786,_nameless.1de.4764.cbf0,ika_bohag,montpellier,lisette_log,ajaccio,1,360,840,1193,pot_flowers,scania_r_4x2_norm_360,trailer.scs_ref,trailer_def.scs.box.single_3.reefer,33,1,0
69786,_nameless.1de.4764.d9c0,fjoste,borlange,blt,utena,0,663,510,1110,re_bars,scania_streamline_4x2_top_560,trailer.scs_flat_b,trailer_def.scs.flatbed.single_3.flatbed_w,2,1,0
69786,_nameless.1de.4764.dd00,cont_port,gavle,ika_bohag,tampere,0,402,540,1170,clothes_c,scania_r_4x2_norm_360,trailer.kasbhr_shg40,trailer_def.kassbohrer.shg.singl_3e_40.container,30,1,0
69786,_nameless.1de.4764.c570,cont_port,gavle,cont_port,tallinn,0,341,570,1270,lumber_p,renault_premium_6x2_a,trailer.profilinehd,trailer_def.krone.profilinerhd.single_3.flatbed,6,1,0
69786,_nameless.1de.4764.1380,cont_port,gavle,gnt,klaipeda,1,397,510,1110,vinegar_c,volvo_fh16_6x4_700,trailer.scs_gosck40,trailer_def.scs.gooseneck.singl_3e_40.container,30,1,0
69786,_nameless.1de.4764.0dd0,tree_et,aberdeen,posped,carlisle,0,395,0,0,empty_spool,iveco_4x2_b,trailer.scs_lowbed41,trailer_def.scs.lowbed.single_41_ln.long,4,1,0
69786,_nameless.1de.4764.0680,tree_et,aberdeen,posped,birmingham,2,717,0,0,forwarder,"""heavy/scania_r_6x4_top_730""",trailer.kasbhr_slle,trailer_def.kassbohrer.sll.single_3_ln.low,1,1,0
69786,_nameless.1de.4764.0a90,tree_et,aberdeen,transinet,rotterdam,0,648,660,995,wood_chipper,"""heavy/man_tgx_euro6_8x4_xlx""",trailer.kasbhr_slle,trailer_def.kassbohrer.sll.single_3_ln.low,1,1,0
69786,_nameless.1de.4764.0000,tree_et,aberdeen,wgcc,glasgow,1,236,0,0,forklifts,renault_magnum_6x2_a,trailer.scs_lowbed41,trailer_def.scs.lowbed.single_41_ln.long,4,1,0
69786,_nameless.1de.4764.0b60,ika_bohag,catania,exomar,olbia,0,459,720,778,used_packag,daf_xgp25_4x2_530,trailer.scs_curt,trailer_def.scs.box.single_3.curtain,33,1,0
69786,_nameless.1de.4764.09c0,ika_bohag,catania,stokes,tirana,0,561,560,767,pot_flowers,mercedes_4x2,trailer.scs_ref,trailer_def.scs.box.single_3.reefer,33,1,0
69786,_nameless.1de.4764.1110,ika_bohag,catania,trans_cab,algeciras,0,993,1557,1788,empty_palet,man_4x2_c,trailer.kasbhr_sbt,trailer_def.kassbohrer.sbt.single_3_13.dryvan,34,1,0
69786,_nameless.1de.4763.f160,euroacres,gdansk,fallow,cluj_napoca,0,1229,0,0,frsh_herbs,volvo_fh16_6x4_700,trailer.scs_ins,trailer_def.scs.box.single_3.insulated,33,1,0
69786,_nameless.1de.4764.0750,euroacres,gdansk,transinet,frankfurt,2,980,0,0,barley,renault_magnum_6x4_a,trailer.scs_silo,trailer_def.scs.silo.single_3_10.silo,30,1,0
69786,_nameless.1de.4764.0410,pp_chimica,roma,pp_chimica,olbia,1,397,840,879,phosphor,man_tgx_2020,trailer.scs_gosck220,trailer_def.scs.gooseneck.singl_3e_220.container,80,1,0
69786,_nameless.1de.4764.1040,pp_chimica,roma,pp_chimica,olbia,1,397,840,879,magnesium,scania_r_6x4_top_620,trailer.kasbhr_shg40,trailer_def.kassbohrer.shg.singl_3e_40.container,80,1,0
69786,_nameless.1de.4763.f980,fcp,dusseldorf,tradeaux,lyon,0,863,0,0,cable_reel,"""heavy/daf_xd""",trailer.scs_lowlow4e,trailer_def.scs.lowloader.single_4_ln.long,1,1,0
69786,_nameless.1de.4764.1450,timberturtle,brasov,brawen,skopje,1,872,0,0,logs,daf_xf_euro6_6x4_c,trailer.scs_log,trailer_def.scs.log.single_3.steel,32,1,0
69786,_nameless.1de.4764.1a00,ts_atlas,tarragona,eppa,porto,0,1038,0,0,clothes_c,renault_premium_4x2_c,trailer.krone.boxliner20,trailer_def.krone.boxliner.single_3.container,15,1,0
69786,_nameless.1de.4763.f710,ts_atlas,tarragona,gnt,bastia,2,263,930,1182,used_plast_c,scania_streamline_4x2_top_560,trailer.scs_gosck20,trailer_def.scs.gooseneck.singl_3e_20.container,15,1,0
69786,_nameless.1de.4763.fcc0,ts_atlas,tarragona,eurogoodies,plymouth,1,524,1076,1172,carrots_c,mercedes_4x2_c,trailer.scs_gosck220,trailer_def.scs.gooseneck.singl_3e_220.container,30,1,0
69786,_nameless.1de.4764.0270,ts_atlas,tarragona,sellplan,geneve,2,908,0,0,rice_c,mercedes_actros_2014_6x2_a,trailer.krone.boxliner40,trailer_def.krone.boxliner.single_3_40.container,30,1,0
69786,_nameless.1de.4764.0820,ts_atlas,tarragona,tras_med,cagliari,1,370,720,827,beverages_c,daf_xd_1,trailer.kasbhr_shg40,trailer_def.kassbohrer.shg.singl_3e_40.container,30,1,0
69786,_nameless.1de.4764.1ba0,ts_atlas,tarragona,dans_jardin,bastia,0,212,930,1182,potassium,volvo_fh2012_4x2_750,trailer.scs_gosck40,trailer_def.scs.gooseneck.singl_3e_40.container,80,1,0
69786,_nameless.1de.4763.f4a0,renar,mikkeli,blt,utena,1,853,150,430,oil_filters,daf_xg_4x2_450,trailer.kasbhr_sbt,trailer_def.kassbohrer.sbt.single_3_13.dryvan,34,1,0
69786,_nameless.1de.4763.fd90,renar,mikkeli,gnt,helsingborg,1,982,540,1170,canned_pork,"""double/renault_premium_4x2_a""",trailer.scs_ref_b2,trailer_def.scs.box.bdouble_3_3.reefer,52,1,0
69786,_nameless.1de.4764.11e0,renar,mikkeli,polarislines,vaasa,2,352,0,0,coconut_oil,mercedes_4x2_a,trailer.scs_curt_a,trailer_def.scs.box.single_3.curtain,33,1,0
69786,_nameless.1de.4764.1520,renar,mikkeli,norse_rail,ostersund,2,655,300,680,post_packag,renault_premium_6x2_a,trailer.scs_dry_ms,trailer_def.scs.box.single_3.dryvan_m,33,1,0
69786,_nameless.1de.4764.00d0,subse,skopje,tras_med,bari,1,394,540,420,gnocchi,daf_xd25,trailer.scs_ins_s,trailer_def.scs.box.single_3.insulated,33,1,0
69786,_nameless.1de.4764.0340,subse,skopje,lognstick,tekirdag,0,695,0,0,conc_juice_t,man_4x2_a,trailer.ffb_tsalm32,trailer_def.feldbinder.tsalm.single_3_32.32_3_2,18,1,0
69786,_nameless.1de.4764.08f0,polarislines,gedser,lkwlog,duisburg,0,579,105,404,backfl_prev,renault_t_4x2,trailer.scs_dry,trailer_def.scs.box.single_3.dryvan,30,1,0
69786,_nameless.1de.4764.0c30,polarislines,gedser,euroacres,wroclaw,1,653,105,404,desinfection,scania_s2016_6x2_high_460,trailer.dryliner17,trailer_def.krone.dryliner.single_3.dryvan,33,1,0
69786,_nameless.1de.4764.1fb0,polarislines,gedser,polarislines,kristiansand,0,528,195,1052,nylon_cord,daf_xd,trailer.scs_dry_a,trailer_def.scs.box.single_3.dryvan,33,1,0
69786,_nameless.1de.4764.0d00,cargotras,livorno,kaarfor,strasbourg,0,782,0,0,pot_flowers,renault_t_6x2,trailer.scs_ins_a,trailer_def.scs.box.single_3.insulated,33,1,0
69786,_nameless.1de.4764.15f0,cargotras,livorno,posped,verona,0,321,0,0,dozer,"""heavy/man_6x4""",trailer.kasbhr_slle,trailer_def.kassbohrer.sll.single_3_ln.low,1,1,0
69786,_nameless.1de.4763.f8b0,cargotras,livorno,vesna,bihac,0,966,0,0,gnocchi,daf_xf_euro6_4x2_c,trailer.scs_ins_a,trailer_def.scs.box.single_3.insulated,33,1,0
69786,_nameless.1de.4763.f230,cargotras,livorno,te_logistica,parma,0,270,0,0,concen_juice,iveco_4x2_c,trailer.scs_curt_s,trailer_def.scs.box.single_3.curtain,33,1,0
69786,_nameless.1de.4764.04e0,cargotras,livorno,aci,cagliari,1,591,840,879,air_mails,scania_streamline_6x4_top_480,trailer.scs_dry_s,trailer_def.scs.box.single_3.dryvan,33,1,0
69786,_nameless.1de.4764.0ea0,cargotras,livorno,dans_jardin,bordeaux,0,1317,0,0,kr_bigp1290,scania_s2016_4x2_high_590,trailer.kasbhr_slle,trailer_def.kassbohrer.sll.single_3_ln.low,1,1,0
69786,_nameless.1de.4764.16c0,euroacres,osnabruck,stokes,amsterdam,1,228,0,0,kr_ecb880cv,man_tgx_2020_4x2,trailer.scs_lowbed41,trailer_def.scs.lowbed.single_41_ln.long,1,1,0
69786,_nameless.1de.4764.1790,euroacres,osnabruck,suprema_ru,kaliningrad,0,1035,0,0,nuts,volvo_fh2012_4x2_420,trailer.dryliner17,trailer_def.krone.dryliner.single_3.dryvan,33,1,0
69786,_nameless.1de.4764.1ad0,vitas_pwr,taranto,stokes,wien,0,1355,0,0,windml_tube,daf_xd,trailer.scs_lowlow4e,trailer_def.scs.lowloader.single_4_ln.long,1,1,0
69786,_nameless.1de.4764.1860,vitas_pwr,taranto,stokes,pristina,0,370,540,420,empty_spool,daf_xd_1,trailer.scs_lowbed_4,trailer_def.scs.lowbed.single_4_sh.short,3,1,0
69786,_nameless.1de.4764.2220,vitas_pwr,taranto,huilant,ajaccio,2,544,1050,1234,empty_palet,mercedes_actros_2014_4x2_b,trailer.scs_curt_a,trailer_def.scs.box.single_3.curtain,33,1,0
69786,_nameless.1de.4763.f7e0,trans_cab,madrid,trans_cab,barcelona,0,594,0,0,grass_rolls,renault_premium_4x2_a,trailer.scs_dry_a,trailer_def.scs.box.single_3.dryvan,33,1,0
69786,_nameless.1de.4764.2150,trans_cab,madrid,te_logistica,sassari,2,645,720,827,square_baler,volvo_fh2012_6x2_500,trailer.kasbhr_sla,trailer_def.kassbohrer.sla.single_3_sh.lowbed,1,1,0
69786,_nameless.1de.4764.2080,trans_cab,madrid,rt_log,sevilla,2,442,0,0,hchemicals,mercedes_actros_2014_6x2_a,trailer.ffb_tsaadr22,trailer_def.feldbinder.tsaadr.single_3_22a.22_3_1,73,1,0
69786,_nameless.1de.4764.1c70,engeron,granada,cnp,a_coruna,1,1026,0,0,empty_palet,scania_streamline_6x4_top_480,trailer.profiliner17,trailer_def.krone.profiliner.single_3.curtain,33,1,0
69786,_nameless.1de.4764.1d40,engeron,granada,batisse_road,bordeaux,0,1177,0,0,mobile_crane,"""heavy/man_tgx_2020_8x4""",trailer.scs_lowbed41,trailer_def.scs.lowbed.single_41_ln.long,1,1,0
69786,_nameless.1de.4764.1e10,engeron,granada,vitas_pwr_co,sines,0,867,0,0,ter_forklift,scania_r2016_6x4_high_660,trailer.scs_flat_b,trailer_def.scs.flatbed.single_3.flatbed_w,2,1,0
69786,_nameless.1de.4763.fb20,sanbuilders,newcastle,transinet,rotterdam,1,263,660,995,mob_crusher,"""heavy/volvo_fh2021_6x4_540""",trailer.scs_lowlowd4,trailer_def.scs.lowloader.single_4_sh.short,1,1,0
69786,_nameless.1de.4764.1ee0,sanbuilders,newcastle,sanbuilders,birmingham,0,368,0,0,jcb_th540180,scania_r_4x2_top_480,trailer.kasbhr_sla,trailer_def.kassbohrer.sla.single_3_sh.lowbed,1,1,0
69786,_nameless.1de.4764.22f0,sanbuilders,newcastle,nord_sten,vaxjo,0,801,1140,1314,volvo_bucket,renault_premium_6x2_a,trailer.scs_lowlowd4,trailer_def.scs.lowloader.single_4_sh.short,1,1,0
69786,_nameless.1de.4764.23c0,kaarfor,nice,cargotras,pescara,2,903,0,0,used_packag,man_tgx_euro6_6x4_xlx,trailer.profiliner17,trailer_def.krone.profiliner.single_3.curtain,33,1,0
69786,_nameless.1de.4763.f090,kaarfor,nice,posped,bratislava,0,1248,0,0,empty_palet,mercedes_6x2_b,trailer.scs_dry_a,trailer_def.scs.box.single_3.dryvan,33,1,0
69786,_nameless.1de.4763.f300,kaarfor,nice,eolo_lines,porto_vecchi,0,250,840,1193,used_plast,daf_xd_1,trailer.scs_curt_s,trailer_def.scs.box.single_3.curtain,33,1,0
69786,_nameless.1de.4763.f3d0,eumefa,larissa,betunia,tuzla,2,987,0,0,elect_wiring,volvo_fh2012_4x2_750,trailer.scs_dry_s,trailer_def.scs.box.single_3.dryvan,33,1,0
69786,_nameless.1de.4763.fe60,eumefa,larissa,icaria,heraklion,2,302,540,760,empty_palet,daf_6x2_a,trailer.kasbhr_shg45,trailer_def.kassbohrer.scs.single_3_13.curtain,34,1,0
69786,_nameless.1de.4763.f570,eumefa,larissa,transinet,ostrava,0,1576,0,0,battery,daf_xf_euro6_6x2_a,trailer.kasbhr_shg20,trailer_def.kassbohrer.shg.singl_3e_20.container,15,1,0
69786,_nameless.1de.4763.ff30,ai,bremen,posped,linz,0,916,0,0,press_sl_val,volvo_fh2012_4x2_750,trailer.profiliner17,trailer_def.krone.profiliner.single_3.curtain,33,1,0
69786,_nameless.1de.4764.5210,ai,bremen,lkwlog,duisburg,0,252,0,0,fuel_tanks,iveco_h_4x2_a,trailer.profiliner17,trailer_def.krone.profiliner.single_3.curtain,33,1,0
69786,_nameless.1de.4764.4370,ai,bremen,bcp,munchen,0,767,0,0,perfor_frks,"""double/daf_xgp_4x2_530""",trailer.profiline17d,trailer_def.krone.profiliner.double_3_2.curtain,36,1,0
69786,_nameless.1de.4764.4440,eurogoodies,prague,lkwlog,venezia,0,864,0,0,smokd_eel,daf_xf_euro6_4x2_a,trailer.scs_ref,trailer_def.scs.box.single_3.reefer,33,1,0
69786,_nameless.1de.4764.35a0,eurogoodies,prague,sellplan,erfurt,0,338,0,0,atl_cod_flt,man_tgx_euro6_4x2_xxl,trailer.scs_ref_a,trailer_def.scs.box.single_3.reefer,33,1,0
69786,_nameless.1de.4764.2630,cont_port,bremen,cont_port,hamburg,0,190,0,0,arsenic,daf_xf_euro6_4x2_b,trailer.scs_gosck20,trailer_def.scs.gooseneck.singl_3e_20.container,40,1,0
69786,_nameless.1de.4764.5550,cont_port,bremen,cont_port_fr,lehavre,2,886,0,0,fluorine,volvo_fh2024_4x2_420,trailer.krone.boxliner20,trailer_def.krone.boxliner.single_3.container,40,1,0
69786,_nameless.1de.4764.2be0,cont_port,bremen,trameri,brno,2,946,0,0,sulfuric,iveco_6x2_a,trailer.krone.boxliner40,trailer_def.krone.boxliner.single_3_40.container,80,1,0
69786,_nameless.1de.4764.3b50,cont_port,bremen,quarry,hannover,2,287,0,0,lumber_p,daf_xf_euro6_4x2_b,trailer.profilinehd,trailer_def.krone.profilinerhd.single_3.flatbed,6,1,0
69786,_nameless.1de.4764.5620,agronord,karlstad,euroacres,bialystok,1,862,510,1110,forage_harv,daf_xf_4x2_370,trailer.kasbhr_slle,trailer_def.kassbohrer.sll.single_3_ln.low,1,1,0
69786,_nameless.1de.4764.3190,agronord,karlstad,polar_fish,kuusamo,0,1166,0,0,carrots_c,volvo_fh16_6x4_700,trailer.scs_gosck40,trailer_def.scs.gooseneck.singl_3e_40.container,30,1,0
69786,_nameless.1de.4764.46b0,agronord,karlstad,rt_log,rostock,0,797,105,404,tractor_c,"""heavy/volvo_fh2012_8x4_700""",trailer.kasbhr_slle,trailer_def.kassbohrer.sll.single_3_ln.low,1,1,0
69786,_nameless.1de.4764.56f0,trameri,lyon,freyr,aalborg,1,1553,0,0,emptytank,daf_xf_euro6_6x2_a,trailer.scs_flat_b,trailer_def.scs.flatbed.single_3.flatbed_w,1,1,0
69786,_nameless.1de.4764.5480,trameri,lyon,tradeaux,clermont,2,230,0,0,rooflights,iveco_h_4x2_a,trailer.scs_curt_s,trailer_def.scs.box.single_3.curtain,33,1,0
69786,_nameless.1de.4764.4920,trameri,lyon,gomme_monde,bourges,1,374,0,0,hvac,renault_t_4x2,trailer.scs_lowbed41,trailer_def.scs.lowbed.single_41_ln.long,5,1,0
69786,_nameless.1de.4764.3cf0,trameri,lyon,tradeaux,clermont,2,230,0,0,plast_film_c,renault_magnum_4x2_a,trailer.krone.boxliner220,trailer_def.krone.boxliner.single_3_220.container,30,1,0
69786,_nameless.1de.4764.49f0,kaarfor,kiel,stokes,tuzla,1,1584,0,0,used_packag,scania_r_4x2_top_480,trailer.scs_dry,trailer_def.scs.box.single_3.dryvan,33,1,0
69786,_nameless.1de.4764.52e0,kaarfor,kiel,rt_log,rostock,0,294,0,0,used_plast_c,renault_t_4x2,trailer.kasbhr_shg40,trailer_def.kassbohrer.shg.singl_3e_40.container,30,1,0
69786,_nameless.1de.4764.4fa0,betunia,zadar,rt_log,graz,0,568,0,0,metal_pipes,iveco_sway_4x2_500,trailer.scs_flat_b,trailer_def.scs.flatbed.single_3.flatbed_w,2,1,0
69786,_nameless.1de.4764.3f60,betunia,zadar,transinet,munchen,1,840,0,0,gravel,iveco_sway_4x2_500,trailer.scs_dumper,trailer_def.scs.dumper.single_3.steel,13,1,0
69786,_nameless.1de.4764.4850,betunia,zadar,exomar,taranto,1,734,600,315,largetubes,daf_6x2_a,trailer.scs_log,trailer_def.scs.log.single_3.steel,6,1,0
69786,_nameless.1de.4764.4510,kathode,klagenfurt,renar,vaxjo,1,1523,105,404,emptytank,scania_streamline_4x2_norm_380,trailer.scs_flat_b,trailer_def.scs.flatbed.single_3.flatbed_w,1,1,0
69786,_nameless.1de.4764.34d0,kathode,klagenfurt,lkwlog,venezia,1,391,0,0,used_plast,scania_r2016_6x4_high_660,trailer.scs_dry_m,trailer_def.scs.box.single_3.dryvan_m,33,1,0
69786,_nameless.1de.4764.3810,kathode,klagenfurt,cargotras,livorno,2,693,0,0,electronics,scania_streamline_4x2_norm_380,trailer.scs_dry_a,trailer_def.scs.box.single_3.dryvan,33,1,0
69786,_nameless.1de.4764.3e90,kathode,klagenfurt,globeur,rennes,2,1590,0,0,truck_batt,scania_r_4x2_top_480,trailer.kasbhr_scs,trailer_def.kassbohrer.scs.single_3_13.curtain,34,1,0
69786,_nameless.1de.4764.38e0,kathode,klagenfurt,stokes,wien,0,239,0,0,used_plast_c,scania_r_4x2_norm_360,trailer.scs_gosck40,trailer_def.scs.gooseneck.singl_3e_40.container,30,1,0
69786,_nameless.1de.4764.3670,dunavia,beograd,rt_log,salzburg,0,881,0,0,air_mails,mercedes_4x2,trailer.dryliner17,trailer_def.krone.dryliner.single_3.dryvan,33,1,0
69786,_nameless.1de.4764.39b0,dunavia,beograd,kaarfor,hunedoara,0,332,0,0,oranges,daf_xd_1,trailer.scs_ins,trailer_def.scs.box.single_3.insulated,33,1,0
69786,_nameless.1de.4764.4ac0,dunavia,beograd,transinet,kassel,0,1330,0,0,car_f,mercedes_4x2_c,trailer.car_trans,trailer_def.car_f.car_trans,100,1,0
69786,_nameless.1de.4764.4b90,dunavia,beograd,balkan_loco,maribor,2,556,0,0,logs,scania_streamline_6x2_norm_440,trailer.scs_log,trailer_def.scs.log.single_3.steel,32,1,0
69786,_nameless.1de.4764.30c0,quarry,mannheim,trameri,krakow,1,922,0,0,empty_spool,scania_r_4x2_top_480,trailer.profilinehd,trailer_def.krone.profilinerhd.single_3.flatbed,4,1,0
69786,_nameless.1de.4764.3dc0,quarry,mannheim,quarry,reims,1,380,0,0,emptytank,renault_magnum_4x2_a,trailer.scs_flat_b,trailer_def.scs.flatbed.single_3.flatbed_w,1,1,0
69786,_nameless.1de.4764.2e50,quarry,mannheim,cnp,duisburg,0,352,0,0,watertank,scania_r_4x2_top_480,trailer.scs_lowbed_3,trailer_def.scs.lowbed.single_3.short,1,1,0
69786,_nameless.1de.4764.3a80,quarry,mannheim,quarry,wroclaw,2,631,0,0,jcb_pw125qe,mercedes_4x2_c,trailer.profilinehd,trailer_def.krone.profilinerhd.single_3.flatbed,24,1,0
69786,_nameless.1de.4764.5070,dans_jardin,lemans,trans_cab,santander,1,821,0,0,lavender,iveco_sway_4x2_500,trailer.scs_dry_a,trailer_def.scs.box.single_3.dryvan,33,1,0
69786,_nameless.1de.4764.3740,dans_jardin,lemans,wilnet_trans,nantes,2,237,0,0,ffb_kip60,volvo_fh2024_4x2_420,trailer.ffb_kip60,trailer_def.ffb_kip60.ffb_kip60,100,1,0
69786,_nameless.1de.4764.57c0,dans_jardin,lemans,subse,clermont,0,434,0,0,apples_c,iveco_h_4x2_a,trailer.kasbhr_shg20,trailer_def.kassbohrer.shg.singl_3e_20.container,15,1,0
69786,_nameless.1de.4764.45e0,dans_jardin,lemans,globeur,bourges,1,245,0,0,tractor_c,"""heavy/daf_6x4""",trailer.kasbhr_slle,trailer_def.kassbohrer.sll.single_3_ln.low,1,1,0
69786,_nameless.1de.4764.2f20,skog_paper,sundsvall,sal_fi,helsinki,0,570,300,680,used_packag,daf_xgp_4x2_530,trailer.profiliner17,trailer_def.krone.profiliner.single_3.curtain,33,1,0
69786,_nameless.1de.4764.3330,skog_paper,sundsvall,lkwlog,kosice,0,1479,510,1110,emptytank,mercedes_4x2,trailer.profilinehd,trailer_def.krone.profilinerhd.single_3.flatbed,1,1,0
69786,_nameless.1de.4764.4100,skog_paper,sundsvall,nordic_ports,mo_i_rana,0,675,0,0,watertank,volvo_fh16_4x2_420,trailer.scs_lowlow4e,trailer_def.scs.lowloader.single_4_ln.long,2,1,0
69786,_nameless.1de.4764.41d0,skog_paper,sundsvall,gnt,daugavpils,2,795,510,1110,paper,iveco_6x2_a,trailer.scs_dry_ms,trailer_def.scs.box.single_3.dryvan_m,33,1,0
69786,_nameless.1de.4764.4d30,marina,riga,tradeaux,pecs,0,1528,0,0,yacht,scania_streamline_4x2_norm_380,trailer.scs_lowbed41,trailer_def.scs.lowbed.single_41_ln.long,1,1,0
69786,_nameless.1de.4764.4e00,kivi,tartu,drekkar,uppsala,0,267,570,1270,mob_stacker,"""heavy/daf_6x4""",trailer.scs_lowlowd4,trailer_def.scs.lowloader.single_4_sh.short,1,1,0
69786,_nameless.1de.4764.4ed0,chimi,montpellier,gnt,bastia,0,329,840,1193,large_cont,mercedes_actros_2014_6x4_b,trailer.profilinehd,trailer_def.krone.profilinerhd.single_3.flatbed,33,1,0
69786,_nameless.1de.4764.42a0,chimi,montpellier,cont_port_it,bari,0,1435,0,0,acetylene,man_tgx_euro6_4x2_xxl,trailer.scs_gosck20,trailer_def.scs.gooseneck.singl_3e_20.container,40,1,0
69786,_nameless.1de.4764.3400,ika_bohag,sofia,brawen,thessaloniki,0,350,0,0,used_packag,man_tgx_2020,trailer.scs_curt_a,trailer_def.scs.box.single_3.curtain,33,1,0
69786,_nameless.1de.4764.5140,ika_bohag,sofia,villco_mkt,osijek,0,608,0,0,pot_flowers,daf_xg_4x2_450,trailer.coolliner17,trailer_def.krone.coolliner.single_3.reefer,33,1,0
69786,_nameless.1de.4764.2700,ika_bohag,sofia,ns_oil,istanbul,1,531,0,0,empty_palet,renault_premium_6x2_a,trailer.scs_dry,trailer_def.scs.box.single_3.dryvan,33,1,0
69786,_nameless.1de.4764.27d0,gomme_monde,clermont,wgcc,strasbourg,1,665,0,0,ter_forklift,iveco_h_4x2_a,trailer.profilinehd,trailer_def.krone.profilinerhd.single_3.flatbed,2,1,0
69786,_nameless.1de.4764.28a0,gomme_monde,clermont,kaarfor,kiel,0,1440,0,0,tyres,volvo_fh2012_4x2_750,trailer.kasbhr_sbt,trailer_def.kassbohrer.sbt.single_3_13.dryvan,34,1,0
69786,_nameless.1de.4764.2970,gomme_monde,clermont,bhv,limoges,0,275,0,0,moto_tires,renault_magnum_6x2_a,trailer.scs_dry_m,trailer_def.scs.box.single_3.dryvan_m,33,1,0
69786,_nameless.1de.4764.2a40,cargotras,olbia,rt_log,geneve,1,894,720,827,jcb_bhl4cx,daf_xd_2,trailer.kasbhr_sll,trailer_def.kassbohrer.sll.single_3_sh.low,1,1,0
69786,_nameless.1de.4764.2cb0,cargotras,olbia,rt_log,sevilla,2,1105,720,827,canned_tuna,mercedes_6x4_a,trailer.coolliner17,trailer_def.krone.coolliner.single_3.reefer,33,1,0
69786,_nameless.1de.4764.2ff0,cargotras,olbia,rt_log,barcelona,2,135,720,827,crawler,"""heavy/iveco_6x4""",trailer.scs_lowlowd2,trailer_def.scs.lowloader.single_2_sh.short,1,1,0
69786,_nameless.1de.418c.a790,cargotras,olbia,app,faro,0,1378,720,827,hvac,iveco_h_4x2_a,trailer.kasbhr_sla,trailer_def.kassbohrer.sla.single_3_sh.lowbed,3,1,0
69786,_nameless.1de.418c.a930,cargotras,olbia,eolo_lines,lile_rousse,0,224,210,355,atl_cod_flt,renault_t_4x2,trailer.scs_ref,trailer_def.scs.box.single_3.reefer,33,1,0
69786,_nameless.1de.418c.9a90,baltomorsk,ventspils,posped,lublin,1,776,0,0,empty_spool,daf_xg_4x2_450,trailer.scs_lowbed_3,trailer_def.scs.lowbed.single_3.short,3,1,0
69786,_nameless.1de.418c.9680,baltomorsk,ventspils,drekkar,uppsala,1,116,510,1110,volvo_bucket,man_6x4_b,trailer.scs_lowbed_3,trailer_def.scs.lowbed.single_3.short,1,1,0
69786,_nameless.1de.418c.a5f0,baltomorsk,ventspils,gnt,jonkoping,1,310,510,1110,logs,daf_xf_euro6_4x2_b,trailer.scs_log,trailer_def.scs.log.single_3.steel,32,1,0
69786,_nameless.1de.418c.95b0,comoto,madrid,bhv,faro,0,761,0,0,car_f,man_6x4_b,trailer.car_trans,trailer_def.car_f.car_trans,100,1,0
69786,_nameless.1de.418c.9c30,comoto,madrid,rt_log,zurich,2,1563,0,0,car_gr,scania_r2016_6x2_high_460,trailer.car_trans,trailer_def.car_gr.car_trans,100,1,0
69786,_nameless.1de.418c.90d0,comoto,madrid,trans_cab,valladolid,0,276,0,0,mondeos,volvo_fh2021_4x2_750,trailer.car_trans,trailer_def.mondeos.car_trans,100,1,0
69786,_nameless.1de.418c.9340,comoto,madrid,lisette_log,lemans,2,1223,0,0,vans_vt,scania_r2016_4x2_norm_370,trailer.truck_trans,trailer_def.vans_vt.truck_trans,100,1,0
69786,_nameless.1de.418c.94e0,quarry,strasbourg,transinet,torino,1,584,0,0,jcb_mexc19ce,daf_xf_euro6_4x2_a,trailer.profilinehd,trailer_def.krone.profilinerhd.single_3.flatbed,3,1,0
69786,_nameless.1de.418c.b560,quarry,strasbourg,steinbr_str,magdeburg,2,826,0,0,gravel,volvo_fh16_6x4_700,trailer.scs_dumper,trailer_def.scs.dumper.single_3.steel,13,1,0
69786,_nameless.1de.418c.bf20,quarry,strasbourg,sanbuild_hms,mannheim,2,336,0,0,jcb_bhl4cx,renault_magnum_4x2_a,trailer.kasbhr_slle,trailer_def.kassbohrer.sll.single_3_ln.low,1,1,0
69786,_nameless.1de.418c.9f70,ika_bohag,bordeaux,posped,strasbourg,1,1085,0,0,used_packag,man_4x2_c,trailer.scs_dry,trailer_def.scs.box.single_3.dryvan,33,1,0
69786,_nameless.1de.418c.91a0,ika_bohag,bordeaux,wilnet_trans,lemans,0,592,0,0,pot_flowers,man_tgx_euro6_6x4_xlx,trailer.scs_ref_a,trailer_def.scs.box.single_3.reefer,33,1,0
69786,_nameless.1de.418c.9d00,ika_bohag,bordeaux,wilnet_trans,limoges,1,318,0,0,empty_palet,volvo_fh2024_4x2_420,trailer.scs_dry_ms,trailer_def.scs.box.single_3.dryvan_m,33,1,0
69786,_nameless.1de.418c.a6c0,renar,parnu,sal_fi,kouvola,1,380,150,430,jcb_bhl4cx,iveco_h_4x2_a,trailer.scs_lowlow2e,trailer_def.scs.lowloader.single_2_ln.long,1,1,0
69786,_nameless.1de.418c.b3c0,renar,parnu,drekkar,uppsala,1,226,570,1270,vent_tube,daf_xgp25_4x2_530,trailer.scs_flat_b,trailer_def.scs.flatbed.single_3.flatbed_w,2,1,0
69786,_nameless.1de.418c.bff0,vitas_pwr_co,burgos,trameri,plymouth,0,303,1076,1172,empty_spool,volvo_fh2021_4x2_420,trailer.profilinehd,trailer_def.krone.profilinerhd.single_3.flatbed,4,1,0
69786,_nameless.1de.418c.ba40,tdc_auto,port_sagunt,bhv,albacete,0,244,0,0,volvo_cars,scania_r_4x2_norm_360,trailer.car_trans,trailer_def.volvo_cars.car_trans,100,1,0
69786,_nameless.1de.418c.a1e0,tdc_auto,port_sagunt,bhv,bastia,2,491,930,1182,car_balt1,daf_xd25,trailer.car_trans,trailer_def.car_balt1.car_trans,100,1,0
69786,_nameless.1de.418c.b700,tdc_auto,port_sagunt,rt_log,a_coruna,0,974,0,0,car_gr,volvo_fh2012_4x2_420,trailer.car_trans,trailer_def.car_gr.car_trans,100,1,0
69786,_nameless.1de.418c.9ea0,tdc_auto,port_sagunt,bhv,montpellier,2,697,0,0,car_it,volvo_fh2012_4x2_750,trailer.car_trans,trailer_def.car_it.car_trans,100,1,0
69786,_nameless.1de.418c.aad0,transinet,frankfurt,tradeaux,hannover,2,301,0,0,tractor,daf_6x2_a,trailer.scs_lowlow2e,trailer_def.scs.lowloader.single_2_ln.long,1,1,0
69786,_nameless.1de.418c.9000,transinet,frankfurt,gnt,bastia,1,1126,840,1193,train_part2,volvo_fh2021_4x2_420,trailer.scs_flat_b,trailer_def.scs.flatbed.single_3.flatbed_w,3,1,0
69786,_nameless.1de.418c.aee0,transinet,frankfurt,tradeaux,paris,1,600,0,0,skidder,"""heavy/daf_xgp_4x2_530""",trailer.kasbhr_slle,trailer_def.kassbohrer.sll.single_3_ln.low,1,1,0
69786,_nameless.1de.418c.a2b0,ika_bohag,helsinki,norr_food,falun,1,479,540,1170,pot_flowers,daf_4x2_b,trailer.scs_ref,trailer_def.scs.box.single_3.reefer,33,1,0
69786,_nameless.1de.418c.ad40,ika_bohag,helsinki,lkwlog,kosice,1,1392,150,430,used_packag,scania_s2016_6x4_high_730,trailer.scs_curt_s,trailer_def.scs.box.single_3.curtain,33,1,0
69786,_nameless.1de.418c.a860,ika_bohag,helsinki,norrsken,orebro,1,454,540,1170,empty_palet,daf_xf_euro6_4x2_c,trailer.scs_dry_a,trailer_def.scs.box.single_3.dryvan,33,1,0
69786,_nameless.1de.418c.b490,ika_bohag,aarhus,cesare_smar,milano,0,1480,0,0,pot_flowers,iveco_sway_4x2_580,trailer.scs_ins,trailer_def.scs.box.single_3.insulated,33,1,0
69786,_nameless.1de.418c.9750,ika_bohag,aarhus,stokes,erfurt,0,685,0,0,empty_palet,renault_t_6x2,trailer.profiliner17,trailer_def.krone.profiliner.single_3.curtain,33,1,0
69786,_nameless.1de.418c.c0c0,ika_bohag,aarhus,renar,steinkjer,0,1188,195,677,used_packag,mercedes_4x2_b,trailer.profiliner17,trailer_def.krone.profiliner.single_3.curtain,33,1,0
69786,_nameless.1de.418c.bd80,fcp,olsztyn,polarislines,kiel,1,825,0,0,empty_palet,daf_xd,trailer.profiliner17,trailer_def.krone.profiliner.single_3.curtain,33,1,0
69786,_nameless.1de.418c.8e60,lintukainen,kouvola,byggpro,skelleftea,0,797,0,0,lumber,iveco_sway_4x2_580,trailer.scs_flat_b,trailer_def.scs.flatbed.single_3.flatbed_w,3,1,0
69786,_nameless.1de.418c.9820,lintukainen,kouvola,agrominta,utena,1,840,150,430,tractor,mercedes_4x2_b,trailer.kasbhr_slle,trailer_def.kassbohrer.sll.single_3_ln.low,1,1,0
69786,_nameless.1de.418c.a040,steinbr_str,graz,rt_log,travemunde,0,1114,0,0,jcb_dmp6t2,"""heavy/volvo_fh2024_6x4_600""",trailer.scs_lowbed_4,trailer_def.scs.lowbed.single_4_sh.short,1,1,0
69786,_nameless.1de.418c.98f0,steinbr_str,graz,euroacres,pecs,1,314,0,0,volvo_bucket,iveco_4x2_b,trailer.scs_lowlowd2,trailer_def.scs.lowloader.single_2_sh.short,1,1,0
69786,_nameless.1de.418c.99c0,rosmark,liepaja,bhv,kajaani,0,1060,150,430,brake_pads,daf_xf_euro6_6x4_c,trailer.dryliner17,trailer_def.krone.dryliner.single_3.dryvan,33,1,0
69786,_nameless.1de.418c.a520,rosmark,liepaja,norrsken,orebro,2,307,510,1110,nonalco_beer,daf_xf_euro6_6x4_c,trailer.profiliner17,trailer_def.krone.profiliner.single_3.curtain,33,1,0
69786,_nameless.1de.418c.a450,rosmark,liepaja,renar,tampere,2,778,150,430,apples_c,iveco_4x2_c,trailer.krone.boxliner20,trailer_def.krone.boxliner.single_3.container,15,1,0
69786,_nameless.1de.418c.aa00,rosmark,liepaja,blt,utena,0,383,0,0,transmis,scania_streamline_4x2_top_560,trailer.scs_curt,trailer_def.scs.box.single_3.curtain,33,1,0
69786,_nameless.1de.418c.ac70,rosmark,liepaja,gnt,vilnius,1,354,0,0,frozen_hake,iveco_sway_4x2_460,trailer.scs_ref_s,trailer_def.scs.box.single_3.reefer,33,1,0
69786,_nameless.1de.418c.ae10,cgla,calarasi,subse,larissa,0,932,0,0,large_cont,scania_s2016_6x4_high_730,trailer.scs_lowbed_3,trailer_def.scs.lowbed.single_3.short,27,1,0
69786,_nameless.1de.418c.afb0,cgla,calarasi,tradeaux,klagenfurt,2,1361,0,0,tableware,renault_t_6x2,trailer.dryliner17,trailer_def.krone.dryliner.single_3.dryvan,33,1,0
69786,_nameless.1de.418c.b150,cgla,calarasi,brawen,ljubljana,2,1227,0,0,emp_wine_bot,volvo_fh16_4x2_540,trailer.scs_curt_a,trailer_def.scs.box.single_3.curtain,33,1,0
69786,_nameless.1de.418c.b220,cnp,huelva,log_atlan,albacete,0,655,0,0,fueltanker,scania_s2016_4x2_high_590,trailer.kasbhr_shg40,trailer_def.kassbohrer.shg.singl_3e_40.container,80,1,0
69786,_nameless.1de.418c.b7d0,cnp,huelva,cnp,algeciras,2,298,0,0,kerosene,renault_etech_t,trailer.scs_fueltank,trailer_def.scs.fueltank.single_3.fueltank,30,1,0
69786,_nameless.1de.418c.b8a0,cnp,huelva,cargotras,olbia,0,1270,720,827,boric_acid,scania_streamline_6x2_norm_440,trailer.profiliner17,trailer_def.krone.profiliner.single_3.curtain,33,1,0
69786,_nameless.1de.418c.bbe0,cnp,huelva,huerta,albacete,0,640,0,0,diesel,man_tgx_euro6_4x2_xxl,trailer.scs_fueltank,trailer_def.scs.fueltank.single_3.fueltank,30,1,0
69786,_nameless.1de.418c.bcb0,blt,utena,villco_mkt,osijek,1,1441,0,0,nuts,mercedes_6x4_a,trailer.scs_dry_s,trailer_def.scs.box.single_3.dryvan,33,1,0
69786,_nameless.1de.418c.ea30,blt,utena,gnt,valmiera,0,360,0,0,floorpanels,daf_xd_2,trailer.panel_trans.floor,trailer_def.floorpanels.panel_trans.floor,82,1,0
69786,_nameless.1de.418c.d5e0,trameri,liverpool,sanbuilders,london,0,351,0,0,hipresstank,mercedes_actros_2014_6x4_b,trailer.scs_flat_b,trailer_def.scs.flatbed.single_3.flatbed_w,8,1,0
69786,_nameless.1de.418c.f320,trameri,liverpool,cont_port,aarhus,2,393,1140,1314,used_plast_c,iveco_4x2_b,trailer.krone.boxliner40,trailer_def.krone.boxliner.single_3_40.container,30,1,0
69786,_nameless.1de.418c.dfa0,trameri,liverpool,tradeaux,brest,0,563,420,910,used_packag,scania_r2016_6x4_high_660,trailer.scs_dry,trailer_def.scs.box.single_3.dryvan,33,1,0
69786,_nameless.1de.418c.de00,sellplan,newcastle,polarislines,naantali,2,1278,1680,2484,empty_palet,volvo_fh2012_6x2_500,trailer.scs_curt_s,trailer_def.scs.box.single_3.curtain,33,1,0
69786,_nameless.1de.418c.d030,sellplan,newcastle,polarislines,esbjerg,0,231,1140,1314,used_packag,daf_xgp25_4x2_530,trailer.dryliner17,trailer_def.krone.dryliner.single_3.dryvan,33,1,0
69786,_nameless.1de.418c.d6b0,sellplan,newcastle,renor,kobenhavn,1,521,1140,1314,used_plast_c,daf_xd,trailer.krone.boxliner220,trailer_def.krone.boxliner.single_3_220.container,30,1,0
69786,_nameless.1de.418c.e7c0,eurogoodies,lille,kaarfor,duisburg,0,295,0,0,milk,scania_streamline_4x2_norm_380,trailer.kasbhr_scs,trailer_def.kassbohrer.scs.single_3_13.curtain,34,1,0
69786,_nameless.1de.418c.d370,eurogoodies,lille,lkwlog,luxembourg,0,264,0,0,canned_tuna,man_tgx_euro6_4x2_xxl,trailer.scs_ref_s,trailer_def.scs.box.single_3.reefer,33,1,0
69786,_nameless.1de.418c.efe0,sanbuild_hms,rovaniemi,freyr,lillehammer,0,1120,0,0,kr_gx520,mercedes_actros_2014_4x2_c,trailer.scs_lowlow4e,trailer_def.scs.lowloader.single_4_ln.long,1,1,0
69786,_nameless.1de.418c.f3f0,polar_fish,alta,sal_fi,kuopio,1,1165,0,0,food_oil_t,man_tgx_euro6_4x2_xxl,trailer.ffb_tsalm32,trailer_def.feldbinder.tsalm.single_3_32.32_3_2,30,1,0
69786,_nameless.1de.418c.d850,polar_fish,alta,polarislines,tallinn,0,1481,150,430,used_packag,mercedes_4x2_a,trailer.scs_dry,trailer_def.scs.box.single_3.dryvan,33,1,0
69786,_nameless.1de.418c.d920,polarislines,kiel,dfh,bremen,0,198,0,0,canned_beef,scania_s2016_4x2_norm_370,trailer.scs_ref_s,trailer_def.scs.box.single_3.reefer,32,1,0
69786,_nameless.1de.418c.f4c0,polarislines,kiel,posped,strasbourg,1,777,0,0,transmis,mercedes_actros_2014_4x2_c,trailer.scs_dry_ms,trailer_def.scs.box.single_3.dryvan_m,33,1,0
69786,_nameless.1de.418c.e070,polarislines,kiel,rt_log,rostock,1,299,0,0,precast_strs,renault_premium_4x2_c,trailer.scs_dry_a,trailer_def.scs.box.single_3.dryvan,33,1,0
69786,_nameless.1de.418c.ef10,polarislines,kiel,eurogoodies,berlin,0,399,0,0,basil,scania_r_6x2_high_500,trailer.kasbhr_shg45,trailer_def.kassbohrer.scs.single_3_13.curtain,34,1,0
69786,_nameless.1de.418c.d100,ika_bohag,frankfurt,lisette_log,paris,0,695,0,0,pot_flowers,man_tgx_euro6_6x4_xlx,trailer.scs_ref_s,trailer_def.scs.box.single_3.reefer,33,1,0
69786,_nameless.1de.418c.ce90,ika_bohag,frankfurt,posped,bratislava,1,783,0,0,used_packag,daf_xd_2,trailer.scs_dry,trailer_def.scs.box.single_3.dryvan,33,1,0
69786,_nameless.1de.418c.f590,ika_bohag,frankfurt,tradeaux,kassel,1,184,0,0,empty_palet,mercedes_4x2_a,trailer.scs_curt_a,trailer_def.scs.box.single_3.curtain,33,1,0
69786,_nameless.1de.418c.e2e0,sanbuilders,gdansk,norrsken,karlstad,0,579,630,790,large_cont,scania_r2016_6x2_high_460,trailer.scs_flat_b,trailer_def.scs.flatbed.single_3.flatbed_w,33,1,0
69786,_nameless.1de.418c.c400,sanbuilders,gdansk,rosmark,rezekne,1,825,0,0,watertank,mercedes_4x2_b,trailer.kasbhr_sll,trailer_def.kassbohrer.sll.single_3_sh.low,1,1,0
69786,_nameless.1de.418c.e890,itcc,szczecin,tradeaux,felixstowe,0,1373,35,300,vol_ew240emh,"""heavy/volvo_fh16_6x4_750""",trailer.scs_lowbed41,trailer_def.scs.lowbed.single_41_ln.long,1,1,0
69786,_nameless.1de.418c.e620,itcc,szczecin,sanbuild_hms,salzburg,2,866,0,0,elect_wiring,daf_xg_4x2_450,trailer.scs_dry_ms,trailer_def.scs.box.single_3.dryvan_m,33,1,0
69786,_nameless.1de.418c.e210,itcc,szczecin,bcp,munchen,2,666,0,0,alu_ingot,daf_xd_2,trailer.profilinehd,trailer_def.krone.profilinerhd.single_3.flatbed,28,1,0
69786,_nameless.1de.418c.cc20,bhv,edirne,lognstick,tekirdag,0,185,0,0,vans_id,daf_xf_euro6_6x4_c,trailer.van_trans,trailer_def.vans_id.van_trans,100,1,0
69786,_nameless.1de.418c.e3b0,bhv,edirne,balkan_loco,pleven,0,366,0,0,cars_fr,volvo_fh2024_4x2_780,trailer.car_trans,trailer_def.cars_fr.car_trans,100,1,0
69786,_nameless.1de.418c.e480,fcp,torino,eolo_lines,napoli,1,879,0,0,used_plast,mercedes_actros_2014_4x2_b,trailer.scs_curt_s,trailer_def.scs.box.single_3.curtain,33,1,0
69786,_nameless.1de.418c.e6f0,fcp,torino,tras_med,genova,1,173,0,0,used_packag,daf_xf_electric,trailer.scs_dry,trailer_def.scs.box.single_3.dryvan,33,1,0
69786,_nameless.1de.418c.d9f0,betunia,novi_sad,gnt,klaipeda,0,1407,0,0,sandwch_pnls,daf_xf_euro6_4x2_a,trailer.kasbhr_scs,trailer_def.kassbohrer.scs.single_3_13.curtain,34,1,0
69786,_nameless.1de.418c.f180,betunia,novi_sad,trameri,warszawa,1,904,0,0,empty_spool,daf_xf_euro6_4x2_c,trailer.scs_flat_b,trailer_def.scs.flatbed.single_3.flatbed_w,4,1,0
69786,_nameless.1de.418c.dac0,betunia,novi_sad,fallow,vlore,1,880,0,0,iron_pipes,daf_xf_euro6_6x4_c,trailer.scs_log,trailer_def.scs.log.single_3.steel,28,1,0
69786,_nameless.1de.418c.c330,villco_mkt,osijek,dfh,bremen,1,1413,0,0,used_plast_c,mercedes_6x2_b,trailer.scs_gosck20,trailer_def.scs.gooseneck.singl_3e_20.container,15,1,0
69786,_nameless.1de.418c.db90,villco_mkt,osijek,posped,szeged,1,204,0,0,used_packag,daf_xf_euro6_4x2_a,trailer.drylineret,trailer_def.krone.edryliner.single_3.dryvan,33,1,0
69786,_nameless.1de.418c.dc60,kaarfor,bastia,lkwlog,luxembourg,1,930,840,1193,used_packag,scania_r2016_6x2_high_460,trailer.kasbhr_sbt,trailer_def.kassbohrer.sbt.single_3_13.dryvan,34,1,0
69786,_nameless.1de.418c.c260,kaarfor,bastia,eolo_lines,cagliari,1,384,210,355,empty_palet,daf_4x2_a,trailer.scs_curt_a,trailer_def.scs.box.single_3.curtain,33,1,0
69786,_nameless.1de.418c.e960,kaarfor,bastia,globeur,montpellier,0,389,840,1193,used_plast_c,renault_premium_4x2_c,trailer.kasbhr_shg40,trailer_def.kassbohrer.shg.singl_3e_40.container,30,1,0
69786,_nameless.1de.418c.dd30,rock_eater,istanbul,ttk_bg,plovdiv,1,385,0,0,jcb_mexc19ce,volvo_fh2021_6x2_540,trailer.scs_flat_b,trailer_def.scs.flatbed.single_3.flatbed_w,3,1,0
69786,_nameless.1de.418c.ccf0,rock_eater,istanbul,fallow,cluj_napoca,1,1085,0,0,jcb_bhl4cx,man_tgx_euro6_6x4_xlx,trailer.scs_lowbed_3,trailer_def.scs.lowbed.single_3.short,1,1,0
69786,_nameless.1de.418c.eb00,rock_eater,istanbul,brawen,bucuresti,0,576,0,0,roller,daf_xf_euro6_4x2_c,trailer.scs_lowbed_3,trailer_def.scs.lowbed.single_3.short,1,1,0
69786,_nameless.1de.418c.ed70,bjork,goteborg,tradeaux,olsztyn,1,616,630,790,tractor,mercedes_4x2_a,trailer.scs_lowbed_3,trailer_def.scs.lowbed.single_3.short,1,1,0
69786,_nameless.1de.418c.ee40,bjork,goteborg,gnt,kalmar,1,386,0,0,excavator,mercedes_actros_2014_4x2_b,trailer.scs_lowlowd4,trailer_def.scs.lowloader.single_4_sh.short,1,1,0
69786,_nameless.1de.418c.f0b0,bjork,goteborg,trameri,warszawa,1,1258,105,404,empty_spool,scania_r2016_6x2_high_460,trailer.scs_lowbed41,trailer_def.scs.lowbed.single_41_ln.long,4,1,0
69786,_nameless.1de.418c.c4d0,bjork,goteborg,lkwlog,lodz,0,1193,105,404,logs,iveco_sway_4x2_460,trailer.scs_log,trailer_def.scs.log.single_3.steel,32,1,0
69786,_nameless.1de.418c.cb50,polarislines,stavanger,gnt,panevezys,0,1280,510,1110,watermelons,scania_r_6x4_top_620,trailer.scs_ins_s,trailer_def.scs.box.single_3.insulated,33,1,0
69786,_nameless.1de.418c.c9b0,polarislines,stavanger,polarislines,hirtshals,1,176,195,1052,motor_oil,"""double/iveco_sway_4x2_580""",trailer.profiline17d,trailer_def.krone.profiliner.double_3_2.curtain,52,1,0
69786,_nameless.1de.418c.c5a0,polarislines,stavanger,polarislines,hirtshals,2,176,195,1052,tableware,man_tgx_euro6_4x2_xl,trailer.drylineret,trailer_def.krone.edryliner.single_3.dryvan,33,1,0
69786,_nameless.1de.418c.c670,euroacres,magdeburg,tesore_gust,parma,0,1058,0,0,chicken_meat,daf_4x2_b,trailer.scs_ref_a,trailer_def.scs.box.single_3.reefer,33,1,0
69786,_nameless.1de.418c.ca80,euroacres,magdeburg,rt_log,travemunde,0,306,0,0,live_cattle,daf_xd,trailer.scs_livestk,trailer_def.scs.livestock.single_3s.str_stl,42,1,0
69786,_nameless.1de.418c.cf60,euroacres,magdeburg,onnelik,parnu,1,1408,0,0,volvo_bucket,volvo_fh2012_4x2_750,trailer.scs_lowbed41,trailer_def.scs.lowbed.single_41_ln.long,1,1,0
69786,_nameless.1de.418d.06a0,nord_sten,kalmar,nch,turku,1,429,540,1170,excav_soil,renault_magnum_6x2_a,trailer.scs_dumper,trailer_def.scs.dumper.single_3.steel,21,1,0
69786,_nameless.1de.418d.24b0,lkwlog,frankfurt,dfh,dresden,2,378,0,0,jcb_dmp6t2,"""heavy/renault_t_6x4""",trailer.kasbhr_sll,trailer_def.kassbohrer.sll.single_3_sh.low,1,1,0
69786,_nameless.1de.418c.fa70,lkwlog,frankfurt,blt,kaunas,1,1335,0,0,emp_wine_bot,mercedes_6x2_b,trailer.scs_curt_s,trailer_def.scs.box.single_3.curtain,33,1,0
69786,_nameless.1de.418c.fb40,lkwlog,frankfurt,fallow,targu_mures,1,1562,0,0,wood_chipper,"""heavy/volvo_fh16_6x4_750""",trailer.scs_lowlow2e,trailer_def.scs.lowloader.single_2_ln.long,1,1,0
69786,_nameless.1de.418c.f660,lkwlog,frankfurt,tradeaux,ajaccio,0,1122,840,1193,volvo_a25g,"""heavy/man_6x4""",trailer.scs_lowlow4e,trailer_def.scs.lowloader.single_4_ln.long,1,1,0
69786,_nameless.1de.418d.2240,lkwlog,frankfurt,te_logistica,firenze,2,975,0,0,asph_miller,"""heavy/man_6x4""",trailer.scs_lowbed41,trailer_def.scs.lowbed.single_41_ln.long,1,1,0
69786,_nameless.1de.418d.1540,brawen,ljubljana,eurogoodies,klagenfurt,2,223,0,0,salt_spice_c,mercedes_actros_2014_4x2_a,trailer.scs_gosck20,trailer_def.scs.gooseneck.singl_3e_20.container,15,1,0
69786,_nameless.1de.418c.fdb0,brawen,ljubljana,stokes,calais,0,1333,0,0,med_vaccine,mercedes_actros_2014_4x2_a,trailer.coolliner17,trailer_def.krone.coolliner.single_3.reefer,33,1,0
69786,_nameless.1de.418d.0df0,brawen,ljubljana,rt_log,salzburg,1,320,0,0,jcb_mexc19ce,iveco_4x2_c,trailer.scs_flat_b,trailer_def.scs.flatbed.single_3.flatbed_w,3,1,0
69786,_nameless.1de.418d.1fd0,norr_food,stockholm,nch,turku,0,168,540,1170,used_plast,daf_xd_2,trailer.kasbhr_shg45,trailer_def.kassbohrer.scs.single_3_13.curtain,34,1,0
69786,_nameless.1de.418d.2720,norr_food,stockholm,ns_oil,vaasa,0,527,300,680,empty_palet,"""double/scania_r_4x2_top_500""",trailer.scs_curt_2,trailer_def.scs.box.double_3_2.curtain,52,1,0
69786,_nameless.1de.418d.0430,norr_food,stockholm,renor,kristiansund,0,956,40,46,used_packag,"""double/daf_xf_euro6_4x2_a""",trailer.scs_dry_b2,trailer_def.scs.box.bdouble_3_3.dryvan,52,1,0
69786,_nameless.1de.418d.0c50,bhv,madrid,tras_med,cagliari,2,853,720,827,vans_vt,volvo_fh16_4x2_540,trailer.truck_trans,trailer_def.vans_vt.truck_trans,100,1,0
69786,_nameless.1de.418d.09e0,bhv,madrid,bhv,lemans,0,1284,0,0,pickup_gr,scania_streamline_6x2_norm_440,trailer.truck_trans,trailer_def.pickup_gr.truck_trans,100,1,0
69786,_nameless.1de.418d.2990,tdc_auto,vigo,bhv,albacete,2,836,0,0,car_d,renault_premium_4x2_c,trailer.car_trans,trailer_def.car_d.car_trans,100,1,0
69786,_nameless.1de.418d.05d0,tdc_auto,vigo,bhv,toulouse,0,1107,0,0,car_balt1,iveco_4x2_b,trailer.car_trans,trailer_def.car_balt1.car_trans,100,1,0
69786,_nameless.1de.418d.0020,tdc_auto,vigo,exomar,cordoba,2,993,0,0,volvo_cars,volvo_fh2024_4x2_780,trailer.car_trans,trailer_def.volvo_cars.car_trans,100,1,0
69786,_nameless.1de.418d.1200,eurogoodies,dortmund,gnt,kristiansand,0,791,195,1052,beverages_t,scania_streamline_4x2_norm_380,trailer.ffb_tsalm32,trailer_def.feldbinder.tsalm.single_3_32.32_3_2,23,1,0
69786,_nameless.1de.418d.23e0,eurogoodies,dortmund,log_atlan,bilbao,2,1549,0,0,nonalco_beer,scania_streamline_4x2_norm_380,trailer.kasbhr_sbt,trailer_def.kassbohrer.sbt.single_3_13.dryvan,33,1,0
69786,_nameless.1de.418d.1130,app,ciudad_real,log_atlan,sevilla,0,303,0,0,garlic,mercedes_6x2_b,trailer.scs_dry,trailer_def.scs.box.single_3.dryvan,33,1,0
69786,_nameless.1de.418d.17b0,app,ciudad_real,rt_log,madrid,1,183,0,0,canned_beans,"""double/volvo_fh2024_4x2_780""",trailer.scs_curt_b2,trailer_def.scs.box.bdouble_3_3.curtain,52,1,0
69786,_nameless.1de.418d.1e30,app,ciudad_real,cesta_sl,sevilla,2,297,0,0,carrots_c,volvo_fh16_4x2_540,trailer.kasbhr_shg40,trailer_def.kassbohrer.shg.singl_3e_40.container,30,1,0
69786,_nameless.1de.418d.1610,dunavia,osijek,syllurgy,beograd,2,395,0,0,largetubes,scania_r2016_4x2_norm_370,trailer.scs_log,trailer_def.scs.log.single_3.steel,6,1,0
69786,_nameless.1de.418d.0ec0,villco_mkt,bijelo_polje,tradeaux,budapest,0,615,0,0,empty_palet,mercedes_4x2_c,trailer.scs_dry_m,trailer_def.scs.box.single_3.dryvan_m,32,1,0
69786,_nameless.1de.418d.1880,vitas_pwr_co,beograd,syllurgy,beograd,0,300,0,0,mobile_crane,"""heavy/scania_r_6x4_top_730""",trailer.scs_lowbed_4,trailer_def.scs.lowbed.single_4_sh.short,1,1,0
69786,_nameless.1de.418d.2580,costruzi_bas,firenze,marmo,firenze,2,153,0,0,jcb_dmp6t2,"""heavy/scania_r2016_8x4_high_730""",trailer.scs_lowlowd4,trailer_def.scs.lowloader.single_4_sh.short,1,1,0
69786,_nameless.1de.418d.1060,sal_fi,pori,wgcc,sundsvall,1,372,300,680,hchemicals,scania_s2016_6x4_high_730,trailer.scs_chemt,trailer_def.scs.chemtank.single_3.paint,99,1,1
69786,_nameless.1de.418d.16e0,sal_fi,pori,norrsken,falun,1,374,540,1170,sq_tub,daf_xf_4x2_370,trailer.scs_flat_b,trailer_def.scs.flatbed.single_3.flatbed_w,2,1,1
69786,_nameless.1de.418d.0f90,sal_fi,pori,renar,karesuando,0,937,0,0,transmis,daf_xgp_4x2_530,trailer.scs_dry_s,trailer_def.scs.box.single_3.dryvan,33,1,1
69786,_nameless.1de.418d.0770,sal_fi,pori,nordic_ports,bodo,0,793,300,680,vent_tube,daf_xf_euro6_6x4_c,trailer.scs_flat_b,trailer_def.scs.flatbed.single_3.flatbed_w,2,1,1
69786,_nameless.1de.418d.1950,sal_fi,pori,nordic_ports,sundsvall,2,383,300,680,digger500,scania_s2016_4x2_high_590,trailer.scs_lowbed41,trailer_def.scs.lowbed.single_41_ln.long,1,1,1
69786,_nameless.1de.418c.f800,sellplan,london,tradeaux,ajaccio,0,1294,875,1493,used_plast,daf_xgp25_4x2_530,trailer.profiliner17,trailer_def.krone.profiliner.single_3.curtain,33,1,0
69786,_nameless.1de.418d.1a20,sellplan,london,tradeaux,grimsby,0,308,0,0,used_packag,volvo_fh2024_4x2_420,trailer.scs_curt_s,trailer_def.scs.box.single_3.curtain,33,1,0
69786,_nameless.1de.418d.0360,sellplan,london,posped,lodz,0,1492,35,300,empty_palet,scania_streamline_4x2_norm_380,trailer.profiliner17,trailer_def.krone.profiliner.single_3.curtain,33,1,0
69786,_nameless.1de.418d.12d0,sanbuilders,berlin,transinet,cambridge,0,1278,35,300,ter_forklift,man_tgx_euro6_4x2_xxl,trailer.scs_flat_b,trailer_def.scs.flatbed.single_3.flatbed_w,2,1,0
69786,_nameless.1de.418d.1bc0,sanbuilders,berlin,quarry,innsbruck,1,726,0,0,jcb_mexc19ce,scania_r_4x2_top_480,trailer.profilinehd,trailer_def.krone.profilinerhd.single_3.flatbed,3,1,0
69786,_nameless.1de.418d.1470,ateria,tallinn,drekkar,linkoping,1,348,570,1270,pet_food,mercedes_4x2_b,trailer.scs_curt_a,trailer_def.scs.box.single_3.curtain,33,1,0
69786,_nameless.1de.418d.1d60,ateria,tallinn,sal_fi,joensuu,0,636,150,430,olive_oil_t,mercedes_actros_2014_4x2_a,trailer.ffb_tsalm32,trailer_def.feldbinder.tsalm.single_3_32.32_3_2,25,1,0
69786,_nameless.1de.418d.1f00,sanbuild_cem,dortmund,euroacres,cambridge,2,717,35,300,watertank,man_6x4_b,trailer.kasbhr_slle,trailer_def.kassbohrer.sll.single_3_ln.low,2,1,0
69786,_nameless.1de.418d.20a0,sanbuild_cem,dortmund,polarislines,oslo,2,1462,0,0,empty_spool,renault_premium_4x2_c,trailer.scs_flat_b,trailer_def.scs.flatbed.single_3.flatbed_w,4,1,0
69786,_nameless.1de.418d.2650,cont_port_it,trieste,trameri,klagenfurt,1,391,0,0,sulfuric,iveco_sway_4x2_580,trailer.krone.boxliner20,trailer_def.krone.boxliner.single_3.container,40,1,0
69786,_nameless.1de.418d.28c0,cont_port_it,trieste,kaarfor,verona,0,389,0,0,pet_food_c,daf_xf_euro6_4x2_c,trailer.kasbhr_shg20,trailer_def.kassbohrer.shg.singl_3e_20.container,15,1,0
69786,_nameless.1de.418d.0840,nord_crown,odense,sellplan,sheffield,0,329,1140,1314,canned_beef,scania_r_4x2_top_480,trailer.coollineret,trailer_def.krone.ecoolliner.single_3.reefer,24,1,0
69786,_nameless.1de.418c.fe80,nord_crown,odense,gnt,valmiera,1,1135,510,1110,pesto,volvo_fh2021_4x2_750,trailer.scs_dry_ms,trailer_def.scs.box.single_3.dryvan_m,33,1,0
69786,_nameless.1de.418c.f8d0,nord_crown,odense,lkwlog,kiel,0,314,0,0,carb_water,scania_streamline_6x4_top_480,trailer.scs_dry,trailer_def.scs.box.single_3.dryvan,30,1,0
69786,_nameless.1de.418c.f9a0,domdepo,villarreal,c_navale,messina,0,391,1557,1788,metal_pipes,volvo_fh2021_4x2_750,trailer.profilinehd,trailer_def.krone.profilinerhd.single_3.flatbed,2,1,0
69786,_nameless.1de.418c.ff50,domdepo,villarreal,lisette_log,ajaccio,1,326,930,1182,scaffoldings,mercedes_4x2,trailer.drylineret,trailer_def.krone.edryliner.single_3.dryvan,33,1,0
69786,_nameless.1de.418d.01c0,domdepo,villarreal,tradeaux,ajaccio,0,326,930,1182,sq_tub,daf_4x2_b,trailer.scs_flat_b,trailer_def.scs.flatbed.single_3.flatbed_w,2,1,0
69786,_nameless.1de.418d.0290,domdepo,villarreal,eolo_lines,lile_rousse,0,415,930,1182,refl_posts,scania_r_6x4_top_620,trailer.scs_dry,trailer_def.scs.box.single_3.dryvan,33,1,0
69786,_nameless.1de.418d.4e20,polar_fish,alesund,norse_rail,narvik,2,1165,95,127,frozen_hake,volvo_fh2021_4x2_420,trailer.coolliner17,trailer_def.krone.coolliner.single_3.reefer,33,1,0
69786,_nameless.1de.418d.2e70,mjolnir_min,arvidsjaur,norrsken,goteborg,1,982,0,0,volvo_a25g,"""heavy/man_tgx_2020_8x4""",trailer.scs_lowbed_4,trailer_def.scs.lowbed.single_4_sh.short,1,1,0
69786,_nameless.1de.418d.47a0,mjolnir_min,arvidsjaur,transinet,bialystok,0,1295,510,1110,gravel,man_tgx_euro6_4x2_xxl,trailer.scs_dumper,trailer_def.scs.dumper.single_3.steel,13,1,0
69786,_nameless.1de.418d.3350,mjolnir_min,arvidsjaur,mjolnir_min,ivalo,2,638,0,0,sand,scania_s2016_6x2_high_460,trailer.ffb_kip60,trailer_def.feldbinder.kip.single_3_60.silo_60_3p,19,1,0
69786,_nameless.1de.418d.3010,tradeaux,clermont,globeur,montpellier,1,302,0,0,roofing_felt,scania_r_6x4_top_620,trailer.scs_dry,trailer_def.scs.box.single_3.dryvan,33,1,0
69786,_nameless.1de.418d.4a10,tradeaux,clermont,eolo_lines,lile_rousse,0,606,840,1193,empty_spool,man_6x4_b,trailer.scs_flat_b,trailer_def.scs.flatbed.single_3.flatbed_w,4,1,0
69786,_nameless.1de.418d.4c80,tradeaux,clermont,tradeaux,felixstowe,0,934,35,300,maple_syrup,mercedes_6x2_b,trailer.scs_curt,trailer_def.scs.box.single_3.curtain,33,1,0
69786,_nameless.1de.418d.4ef0,tradeaux,clermont,nos_pat,bourges,1,247,0,0,kr_vpv190xc,scania_r2016_4x2_norm_370,trailer.scs_lowbed_3,trailer_def.scs.lowbed.single_3.short,1,1,0
69786,_nameless.1de.418d.5710,exomar,cordoba,app,coimbra,0,785,0,0,logs,scania_s2016_4x2_norm_370,trailer.scs_log,trailer_def.scs.log.single_3.steel,32,1,0
69786,_nameless.1de.418d.5090,exomar,cordoba,trans_cab,algeciras,0,297,0,0,nonalco_beer,"""double/renault_t_4x2h""",trailer.scs_dry_2,trailer_def.scs.box.double_3_2.dryvan,52,1,0
69786,_nameless.1de.418d.3aa0,nofeba,ornskoldsvik,gnt,svolvaer,0,765,150,132,bricks,volvo_fh2012_4x2_420,trailer.profilinebm,trailer_def.krone.profilinerbm.single_3.brick,32,1,0
69786,_nameless.1de.418d.4120,nofeba,ornskoldsvik,konstnr,oslo,1,701,0,0,concr_beams,"""heavy/scania_streamline_8x4_top_730""",trailer.scs_lowlow4e,trailer_def.scs.lowloader.single_4_ln.long,1,1,0
69786,_nameless.1de.418d.2f40,nofeba,ornskoldsvik,domdepo,utena,2,888,510,1110,empty_spool,iveco_4x2_b,trailer.scs_lowbed_4,trailer_def.scs.lowbed.single_4_sh.short,3,1,0
69786,_nameless.1de.418d.39d0,skog_paper,gavle,kivi,turku,0,308,540,1170,emptytank,renault_magnum_6x2_a,trailer.profilinehd,trailer_def.krone.profilinerhd.single_3.flatbed,1,1,0
69786,_nameless.1de.418d.3760,skog_paper,gavle,nch_ru,petersburg,1,627,570,1270,empty_spool,man_4x2_a,trailer.scs_lowbed_3,trailer_def.scs.lowbed.single_3.short,3,1,0
69786,_nameless.1de.418d.4ae0,skog_paper,gavle,sal_fi,joensuu,2,861,300,680,used_packag,daf_xf_euro6_6x2_a,trailer.scs_curt_a,trailer_def.scs.box.single_3.curtain,33,1,0
69786,_nameless.1de.418d.5640,skog_paper,gavle,polarislines,paldiski,0,230,570,1270,large_cont,renault_magnum_4x2_a,trailer.kasbhr_sla,trailer_def.kassbohrer.sla.single_3_sh.lowbed,27,1,0
69786,_nameless.1de.418d.3420,adrica,split,exomar,roma,0,323,600,315,kr_vpv190xc,volvo_fh2024_4x2_780,trailer.scs_lowlow4e,trailer_def.scs.lowloader.single_4_ln.long,1,1,0
69786,_nameless.1de.418d.3900,adrica,split,posped,warszawa,1,1385,0,0,czl_muv75,"""heavy/daf_6x4""",trailer.kasbhr_sla,trailer_def.kassbohrer.sla.single_3_sh.lowbed,1,1,0
69786,_nameless.1de.418d.4530,adrica,split,stokes,wien,0,765,0,0,motorcycles,renault_premium_4x2_a,trailer.scs_dry_m,trailer_def.scs.box.single_3.dryvan_m,33,1,0
69786,_nameless.1de.418d.31b0,kaarfor,pitesti,cnp_str,zagreb,0,870,0,0,empty_palet,volvo_fh2024_4x2_420,trailer.kasbhr_shg45,trailer_def.kassbohrer.scs.single_3_13.curtain,34,1,0
69786,_nameless.1de.418d.2a60,kaarfor,pitesti,lognstick,hunedoara,2,326,0,0,used_packag,scania_r_6x2_high_500,trailer.scs_curt,trailer_def.scs.box.single_3.curtain,33,1,0
69786,_nameless.1de.418d.3280,kaarfor,pitesti,lognstick,hunedoara,0,326,0,0,used_plast,daf_xf_euro6_6x2_a,trailer.kasbhr_scs,trailer_def.kassbohrer.scs.single_3_13.curtain,34,1,0
69786,_nameless.1de.418d.5570,fle,stuttgart,rt_log,barcelona,1,1245,0,0,post_packag,volvo_fh16_4x2_540,trailer.scs_dry_m,trailer_def.scs.box.single_3.dryvan_m,33,1,0
69786,_nameless.1de.418d.57e0,fle,stuttgart,tras_med,genova,0,721,0,0,med_equip,renault_magnum_6x2_a,trailer.scs_ref_s,trailer_def.scs.box.single_3.reefer,33,1,0
69786,_nameless.1de.418d.4fc0,fle,stuttgart,fle,dusseldorf,2,452,0,0,caviar,scania_r_6x2_high_500,trailer.coolliner17,trailer_def.krone.coolliner.single_3.reefer,33,1,0
69786,_nameless.1de.418d.5300,fle,stuttgart,stokes,poznan,0,845,0,0,olive_tree,daf_xgp25_4x2_530,trailer.scs_brick_r,trailer_def.scs.flatbed.single_3.brick,1,1,0
69786,_nameless.1de.418d.3b70,baltomorsk,kaunas,gnt,jonkoping,0,609,510,1110,jcb_ft4220,daf_xf_euro6_4x2_c,trailer.kasbhr_sll,trailer_def.kassbohrer.sll.single_3_sh.low,1,1,0
69786,_nameless.1de.418d.58b0,baltomorsk,kaunas,gnt,valmiera,0,368,0,0,jcb_th540180,volvo_fh2021_6x2_540,trailer.scs_lowlowd2,trailer_def.scs.lowloader.single_2_sh.short,1,1,0
69786,_nameless.1de.418d.3c40,fle,kristiansund,gnt,alesund,0,124,40,46,apples_c,mercedes_4x2_a,trailer.krone.boxliner40,trailer_def.krone.boxliner.single_3_40.container,30,1,0
69786,_nameless.1de.418d.3eb0,fle,kristiansund,aerobalt,tallinn,2,1040,610,1316,air_mails,volvo_fh2021_4x2_750,trailer.scs_dry_s,trailer_def.scs.box.single_3.dryvan,33,1,0
69786,_nameless.1de.418d.46d0,fle,kristiansund,renar,steinkjer,1,353,25,36,post_packag,"""double/volvo_fh2024_4x2_780""",trailer.scs_dry_b2,trailer_def.scs.box.bdouble_3_3.dryvan,52,1,0
69786,_nameless.1de.418d.35c0,lkwlog,graz,brawen,novi_sad,1,565,0,0,oranges,renault_premium_6x2_a,trailer.coolliner17,trailer_def.krone.coolliner.single_3.reefer,33,1,0
69786,_nameless.1de.418d.2b30,lkwlog,graz,balkan_loco,ljubljana,0,212,0,0,jcb_g100rs,iveco_4x2_a,trailer.profilinehd,trailer_def.krone.profilinerhd.single_3.flatbed,4,1,0
69786,_nameless.1de.418d.2cd0,lkwlog,graz,tree_et,salzburg,0,391,0,0,digger500,renault_t_6x2,trailer.scs_lowbed_3,trailer_def.scs.lowbed.single_3.short,1,1,0
69786,_nameless.1de.418d.2c00,sporklift,plovdiv,cnp,constanta,0,494,0,0,large_cont,iveco_4x2_c,trailer.kasbhr_sla,trailer_def.kassbohrer.sla.single_3_sh.lowbed,27,1,0
69786,_nameless.1de.418d.4bb0,sporklift,plovdiv,exomar,roma,0,1094,570,745,used_plast_c,scania_streamline_4x2_top_560,trailer.scs_gosck20,trailer_def.scs.gooseneck.singl_3e_20.container,15,1,0
69786,_nameless.1de.418d.3690,sporklift,plovdiv,posped,lublin,1,1407,0,0,used_packag,volvo_fh2021_4x2_750,trailer.scs_dry_a,trailer_def.scs.box.single_3.dryvan,33,1,0
69786,_nameless.1de.418d.3f80,sporklift,plovdiv,tm_istanbul,istanbul,0,397,0,0,used_battery,renault_premium_6x2_a,trailer.scs_curt,trailer_def.scs.box.single_3.curtain,33,1,0
69786,_nameless.1de.418d.4050,eumefa,tirana,exomar,ancona,1,457,540,420,electronics,renault_magnum_4x2_a,trailer.scs_curt,trailer_def.scs.box.single_3.curtain,33,1,0
69786,_nameless.1de.418d.41f0,eumefa,tirana,adrica,rijeka,1,973,0,0,used_plast_c,man_4x2_a,trailer.scs_gosck20,trailer_def.scs.gooseneck.singl_3e_20.container,15,1,0
69786,_nameless.1de.418d.42c0,eumefa,tirana,ai,sarajevo,0,482,0,0,forklifts,man_tgx_2020_4x2,trailer.scs_lowbed_3,trailer_def.scs.lowbed.single_3.short,4,1,0
69786,_nameless.1de.418d.4600,eumefa,tirana,balkan_loco,skopje,0,358,0,0,scrap_metals,iveco_4x2_c,trailer.scs_dumper,trailer_def.scs.dumper.single_3.steel,8,1,0
69786,_nameless.1de.418d.4d50,lognstick,hunedoara,renat,resita,0,252,0,0,sawpanels,man_tgx_euro6_6x4_xlx,trailer.scs_dry_ms,trailer_def.scs.box.single_3.dryvan_m,33,1,0
69786,_nameless.1de.418d.5160,lognstick,hunedoara,balkan_loco,ljubljana,2,872,0,0,grass_rolls,daf_xf_euro6_4x2_b,trailer.kasbhr_sbt,trailer_def.kassbohrer.sbt.single_3_13.dryvan,34,1,0
69786,_nameless.1de.418d.5230,lognstick,hunedoara,kaarfor,pitesti,1,326,0,0,mozzarela,volvo_fh2021_6x2_540,trailer.scs_ins,trailer_def.scs.box.single_3.insulated,33,1,0
69786,_nameless.1de.418c.7940,lognstick,hunedoara,fallow,timisoara,2,221,0,0,pesto,daf_xf_euro6_4x2_c,trailer.profiliner17,trailer_def.krone.profiliner.single_3.curtain,33,1,0
69786,_nameless.1de.418c.7d50,agronord,kristiansand,sellplan,rostock,2,642,300,1456,apples,"""double/iveco_sway_4x2_580""",trailer.scs_dry_b2,trailer_def.scs.box.bdouble_3_3.dryvan,25,1,0
69786,_nameless.1de.418c.8cc0,agronord,kristiansand,drekkar,aarhus,1,271,195,1052,tractor_c,"""heavy/daf_6x4""",trailer.scs_lowlow4e,trailer_def.scs.lowloader.single_4_ln.long,1,1,0
69786,_nameless.1de.418c.8980,agronord,kristiansand,renar,arvidsjaur,0,1332,0,0,kr_vpv190xc,volvo_fh2024_4x2_420,trailer.kasbhr_sll,trailer_def.kassbohrer.sll.single_3_sh.low,1,1,0
69786,_nameless.1de.418c.88b0,cont_port,helsinki,bltmetal,pori,0,306,0,0,acetylene,renault_t_6x2,trailer.krone.boxliner40,trailer_def.krone.boxliner.single_3_40.container,80,1,0
69786,_nameless.1de.418c.84a0,cont_port,helsinki,blt,siauliai,1,605,150,430,exhausts_c,scania_s2016_4x2_high_590,trailer.scs_gosck220,trailer_def.scs.gooseneck.singl_3e_220.container,30,1,0
69786,_nameless.1de.418c.6760,cont_port,helsinki,eviksi,riga,1,534,150,430,potassium,iveco_6x2_a,trailer.scs_gosck20,trailer_def.scs.gooseneck.singl_3e_20.container,40,1,0
69786,_nameless.1de.418c.65c0,syllurgy,kragujevac,vitas_pwr_co,beograd,1,337,0,0,elect_wiring,scania_streamline_4x2_top_560,trailer.kasbhr_scs,trailer_def.kassbohrer.scs.single_3_13.curtain,34,1,0
69786,_nameless.1de.418c.6830,syllurgy,kragujevac,aluxion_str,niksic,0,362,0,0,crawler,"""heavy/volvo_fh16_6x4_750""",trailer.scs_lowlowd2,trailer_def.scs.lowloader.single_2_sh.short,1,1,0
69786,_nameless.1de.418c.7600,rt_log,salzburg,te_logistica,napoli,1,1213,0,0,limonades,scania_r2016_6x4_high_660,trailer.kasbhr_sbt,trailer_def.kassbohrer.sbt.single_3_13.dryvan,34,1,0
69786,_nameless.1de.418c.6aa0,rt_log,salzburg,rt_log,innsbruck,2,241,0,0,clothes_c,scania_r_6x2_high_500,trailer.kasbhr_shg20,trailer_def.kassbohrer.shg.singl_3e_20.container,15,1,0
69786,_nameless.1de.418c.5da0,ladoga_ru,petersburg,byggpro,vaasa,1,752,0,0,cable_reel,"""heavy/mercedes_actros_8x4""",trailer.kasbhr_slle,trailer_def.kassbohrer.sll.single_3_ln.low,1,1,0
69786,_nameless.1de.418c.8bf0,ladoga_ru,petersburg,bhv,orebro,0,713,570,1270,pickup_gr,daf_xd_2,trailer.truck_trans,trailer_def.pickup_gr.truck_trans,100,1,0
69786,_nameless.1de.418c.6de0,ladoga_ru,petersburg,nch,tallinn,2,362,0,0,car_balt1,iveco_4x2_b,trailer.car_trans,trailer_def.car_balt1.car_trans,100,1,0
69786,_nameless.1de.418c.7c80,ladoga_ru,petersburg,nch,kouvola,1,343,0,0,cars_fr,man_6x4_b,trailer.car_trans,trailer_def.cars_fr.car_trans,100,1,0
69786,_nameless.1de.418c.7050,ladoga_ru,petersburg,ateria,joensuu,0,612,0,0,empty_palet,scania_r_6x4_top_620,trailer.kasbhr_shg45,trailer_def.kassbohrer.scs.single_3_13.curtain,34,1,0
69786,_nameless.1de.418c.8570,ladoga_ru,petersburg,viljo_paper,lappeenranta,0,424,0,0,forklifts,renault_magnum_6x4_a,trailer.scs_lowbed41,trailer_def.scs.lowbed.single_41_ln.long,4,1,0
69786,_nameless.1de.418c.72c0,norrsken,aalborg,renar,kobenhavn,2,351,0,0,sq_tub,man_tgx_2020_4x2,trailer.scs_flat_b,trailer_def.scs.flatbed.single_3.flatbed_w,2,1,0
69786,_nameless.1de.418c.87e0,norrsken,aalborg,sellplan,klagenfurt,0,1450,0,0,salt_spices,man_6x4_b,trailer.scs_curt_s,trailer_def.scs.box.single_3.curtain,33,1,0
69786,_nameless.1de.418c.7e20,norrsken,aalborg,norrsken,goteborg,0,190,195,677,chimney_syst,scania_s2016_6x2_high_460,trailer.scs_curt_s,trailer_def.scs.box.single_3.curtain,33,1,0
69786,_nameless.1de.418c.7ef0,norrsken,aalborg,eurogoodies,grimsby,0,360,1140,1314,pnut_butter,scania_streamline_6x4_top_480,trailer.kasbhr_sbt,trailer_def.kassbohrer.sbt.single_3_13.dryvan,34,1,0
69786,_nameless.1de.418c.8230,nutri_molle,hamar,suprema,kaunas,0,851,510,1110,food_oil_t,renault_premium_4x2_a,trailer.scs_fodt,trailer_def.scs.foodtank.single_3.paint,25,1,0
69786,_nameless.1de.418c.6eb0,nutri_molle,hamar,norrsken,falun,1,265,0,0,pnut_butter,scania_s2016_4x2_high_590,trailer.scs_ins,trailer_def.scs.box.single_3.insulated,33,1,0
69786,_nameless.1de.418c.5e70,nutri_molle,hamar,norr_food,oslo,1,158,0,0,vinegar,daf_xd25,trailer.scs_curt,trailer_def.scs.box.single_3.curtain,33,1,0
69786,_nameless.1de.418c.61b0,nutri_molle,hamar,norse_rail,gavle,1,334,0,0,empty_barr,scania_s2016_6x4_high_730,trailer.drylineret,trailer_def.krone.edryliner.single_3.dryvan,33,1,0
69786,_nameless.1de.418c.7120,norr_food,gavle,polarislines,stavanger,0,984,0,0,used_packag,mercedes_actros_2014_4x2_c,trailer.scs_dry_a,trailer_def.scs.box.single_3.dryvan,33,1,0
69786,_nameless.1de.418c.8300,norr_food,gavle,sal_fi,kajaani,1,876,0,0,used_plast_c,scania_streamline_6x2_norm_440,trailer.kasbhr_shg20,trailer_def.kassbohrer.shg.singl_3e_20.container,15,1,0
69786,_nameless.1de.418c.8a50,norr_food,gavle,nosko,klaipeda,2,388,510,1110,empty_palet,daf_xgp25_4x2_530,trailer.scs_curt_a,trailer_def.scs.box.single_3.curtain,33,1,0
69786,_nameless.1de.418c.7ae0,cnp,novi_sad,ns_oil,zurich,2,1339,0,0,motor_oil_c,iveco_4x2_b,trailer.kasbhr_shg40,trailer_def.kassbohrer.shg.singl_3e_40.container,30,1,0
69786,_nameless.1de.418c.71f0,cnp,novi_sad,timberturtle,kragujevac,2,328,0,0,kerosene,scania_r2016_4x2_norm_370,trailer.scs_fueltank,trailer_def.scs.fueltank.single_3.fueltank,30,1,0
69786,_nameless.1de.418c.7460,tree_et,graz,larus,novo_mesto,2,371,0,0,lumber_p,iveco_h_4x2_a,trailer.scs_flat_b,trailer_def.scs.flatbed.single_3.flatbed_w,6,1,0
69786,_nameless.1de.418c.5c00,tree_et,graz,zelenye_a,kaliningrad,0,1172,0,0,wooden_beams,scania_streamline_6x4_top_480,trailer.kasbhr_sbt,trailer_def.kassbohrer.sbt.single_3_13.dryvan,2,1,0
69786,_nameless.1de.418c.7fc0,tree_et,graz,rt_log,linz,2,174,0,0,lumber,scania_r2016_6x4_high_660,trailer.profilinehd,trailer_def.krone.profilinerhd.single_3.flatbed,3,1,0
69786,_nameless.1de.418c.7530,bhv,vaxjo,bhv,goteborg,1,220,0,0,cars_fr,daf_xf_4x2_370,trailer.car_trans,trailer_def.cars_fr.car_trans,100,1,0
69786,_nameless.1de.418c.8090,ns_oil,sines,acc,madrid,1,601,0,0,kerosene,renault_premium_6x2_a,trailer.scs_fueltank,trailer_def.scs.fueltank.single_3.fueltank,30,1,0
69786,_nameless.1de.418c.77a0,ns_oil,sines,acc,port_sagunt,0,955,0,0,ethane,scania_r_4x2_top_480,trailer.scs_gastank,trailer_def.scs.gastank.single_3.gastank,40,1,0
69786,_nameless.1de.418c.6010,ns_oil,sines,app,valencia,1,900,0,0,fueltanker,man_4x2_c,trailer.kasbhr_shg20,trailer_def.kassbohrer.shg.singl_3e_20.container,40,1,0
69786,_nameless.1de.418c.6280,ns_oil,sines,acc,coimbra,0,309,0,0,lpg,daf_xf_4x2_370,trailer.scs_gosck20,trailer_def.scs.gooseneck.singl_3e_20.container,40,1,0
69786,_nameless.1de.418c.7390,ns_oil,tallinn,ibp,helsinki,0,215,150,430,lpg_t,daf_xgp_4x2_530,trailer.scs_gastank,trailer_def.scs.gastank.single_3.gastank,40,1,0
69786,_nameless.1de.418c.7bb0,ns_oil,tallinn,primel,kajaani,1,551,150,430,petrol,renault_magnum_6x4_a,trailer.scs_fueltank,trailer_def.scs.fueltank.single_3.fueltank,30,1,0
69786,_nameless.1de.418c.6350,ns_oil,tallinn,cont_port,pori,0,346,150,430,motor_oil_c,man_tgx_euro6_4x2_xl,trailer.kasbhr_shg40,trailer_def.kassbohrer.shg.singl_3e_40.container,30,1,0
69786,_nameless.1de.418c.6420,ns_oil,tallinn,sal_fi,helsinki,1,117,150,430,fueltanker,daf_xf_euro6_4x2_c,trailer.scs_gosck220,trailer_def.scs.gooseneck.singl_3e_220.container,80,1,0
69786,_nameless.1de.418c.6c40,eurogoodies,podgorica,eolo_lines,lile_rousse,1,762,1590,1654,pears,scania_s2016_4x2_high_590,trailer.scs_dry_s,trailer_def.scs.box.single_3.dryvan,33,1,0
69786,_nameless.1de.418c.64f0,eurogoodies,podgorica,eurogoodies,split,0,385,0,0,oranges,mercedes_actros_2014_4x2_c,trailer.coolliner17,trailer_def.krone.coolliner.single_3.reefer,33,1,0
69786,_nameless.1de.418c.6690,shuttle,bihac,fcp,torino,2,1050,0,0,ter_forklift,volvo_fh2021_6x2_540,trailer.profilinehd,trailer_def.krone.profilinerhd.single_3.flatbed,2,1,0
69786,_nameless.1de.418c.7870,shuttle,bihac,adrica,split,2,338,0,0,used_plast_c,renault_magnum_4x2_a,trailer.kasbhr_shg40,trailer_def.kassbohrer.shg.singl_3e_40.container,30,1,0
69786,_nameless.1de.418c.6900,shuttle,bihac,stokes,tuzla,0,358,0,0,used_plast,volvo_fh2012_4x2_750,trailer.scs_dry_m,trailer_def.scs.box.single_3.dryvan_m,33,1,0
69786,_nameless.1de.418c.6f80,shuttle,bihac,cargotras,livorno,0,950,0,0,limonades,scania_r2016_4x2_high_500,trailer.scs_dry,trailer_def.scs.box.single_3.dryvan,30,1,0
69786,_nameless.1de.5a5c.c250,shuttle,bihac,lkwlog,dortmund,1,1290,0,0,beverages_c,daf_xf_euro6_4x2_b,trailer.krone.boxliner220,trailer_def.krone.boxliner.single_3_220.container,30,1,0
69786,_nameless.1de.5a5c.cdb0,euroacres,verona,tras_med,genova,2,378,0,0,kr_vpv190xc,daf_xf_euro6_4x2_a,trailer.scs_lowbed_4,trailer_def.scs.lowbed.single_4_sh.short,1,1,0
69786,_nameless.1de.5a5c.b960,euroacres,verona,transinet,torino,1,368,0,0,beans,scania_s2016_4x2_high_590,trailer.scs_dry_s,trailer_def.scs.box.single_3.dryvan,33,1,0
69786,_nameless.1de.5a5c.c730,norrsken,orebro,renar,kristiansund,1,834,40,46,pet_food,mercedes_actros_2014_4x2_b,trailer.scs_curt_a,trailer_def.scs.box.single_3.curtain,33,1,0
69786,_nameless.1de.5a5c.bbd0,norrsken,orebro,norr_food,kalmar,2,367,0,0,tableware,mercedes_4x2_c,trailer.scs_curt,trailer_def.scs.box.single_3.curtain,33,1,0
69786,_nameless.1de.5a5c.ce80,norrsken,orebro,vpc,goteborg,0,326,0,0,jcb_th540180,scania_r2016_6x4_high_660,trailer.scs_lowbed41,trailer_def.scs.lowbed.single_41_ln.long,1,1,0
69786,_nameless.1de.5a5c.dc50,norrsken,orebro,wgcc,kuopio,1,727,540,1170,mondeos,mercedes_4x2_b,trailer.car_trans,trailer_def.mondeos.car_trans,100,1,0
69786,_nameless.1de.5a5c.dab0,norrsken,orebro,renar,oslo,1,340,0,0,limonades,scania_s_2024e,trailer.scs_dry_a,trailer_def.scs.box.single_3.dryvan,33,1,0
69786,_nameless.1de.5a5c.ea20,norrsken,orebro,bcp,munchen,1,1486,105,404,seal_bearing,mercedes_4x2_b,trailer.scs_dry_s,trailer_def.scs.box.single_3.dryvan,31,1,0
69786,_nameless.1de.5a5c.bf10,eolo_lines,algeciras,eolo_lines,cagliari,0,1377,720,827,yogurt,renault_t_6x2,trailer.scs_ref,trailer_def.scs.box.single_3.reefer,33,1,0
69786,_nameless.1de.5a5c.e200,eolo_lines,algeciras,lavish_food,murcia,1,535,0,0,mozzarela,scania_streamline_4x2_top_560,trailer.scs_ins_a,trailer_def.scs.box.single_3.insulated,33,1,0
69786,_nameless.1de.5a5c.bfe0,eolo_lines,algeciras,trans_cab,algeciras,0,14,0,0,plums,iveco_sway_4x2_460,trailer.coolliner17,trailer_def.krone.coolliner.single_3.reefer,33,1,0
69786,_nameless.1de.5a5c.c3f0,eolo_lines,algeciras,batisse_base,calvi,2,1192,930,1182,plumb_suppl,daf_4x2_a,trailer.dryliner17,trailer_def.krone.dryliner.single_3.dryvan,33,1,0
69786,_nameless.1de.5a5c.bb00,subse,osijek,villco_mkt,mitilini,0,962,730,1440,pet_food,daf_xd_1,trailer.profiliner17,trailer_def.krone.profiliner.single_3.curtain,33,1,0
69786,_nameless.1de.5a5c.db80,subse,osijek,tradeaux,lyon,0,1519,0,0,liver_paste,volvo_fh16_4x2_540,trailer.scs_ref_a,trailer_def.scs.box.single_3.reefer,33,1,0
69786,_nameless.1de.5a5c.e7b0,ika_bohag,rijeka,adrica,zadar,0,316,0,0,empty_palet,scania_r2016_6x4_high_660,trailer.scs_curt_a,trailer_def.scs.box.single_3.curtain,33,1,0
69786,_nameless.1de.5a5c.e540,ika_bohag,rijeka,balkan_loco,maribor,0,230,0,0,used_packag,renault_t_4x2,trailer.scs_dry_a,trailer_def.scs.box.single_3.dryvan,33,1,0
69786,_nameless.1de.5a5c.e610,ika_bohag,rijeka,sellplan,torino,0,886,0,0,pot_flowers,man_4x2_a,trailer.scs_ref,trailer_def.scs.box.single_3.reefer,33,1,0
69786,_nameless.1de.5a5c.e060,crnodrvo,bijelo_polje,balkan_loco,edirne,0,874,0,0,forwarder,"""heavy/renault_6x4""",trailer.scs_lowlow4e,trailer_def.scs.lowloader.single_4_ln.long,1,1,0
69786,_nameless.1de.5a5c.cf50,crnodrvo,bijelo_polje,jastuk,tirana,0,288,0,0,wooden_beams,daf_xd,trailer.scs_log,trailer_def.scs.log.single_3.steel,2,1,0
69786,_nameless.1de.5a5c.e470,mvm_carriere,bordeaux,log_atlan,bilbao,1,338,0,0,vol_ew240emh,"""heavy/iveco_6x4""",trailer.scs_lowbed_3,trailer_def.scs.lowbed.single_3.short,1,1,0
69786,_nameless.1de.5a5c.c8d0,mvm_carriere,bordeaux,rt_log,a_coruna,2,926,0,0,jcb_mexc19ce,daf_4x2_b,trailer.profilinehd,trailer_def.krone.profilinerhd.single_3.flatbed,3,1,0
69786,_nameless.1de.5a5c.c4c0,mvm_carriere,bordeaux,tree_et,nurnberg,1,1484,0,0,volvo_bucket,man_tgx_2020,trailer.scs_lowbed_4,trailer_def.scs.lowbed.single_4_sh.short,1,1,0
69786,_nameless.1de.5a5c.c590,mvm_carriere,bordeaux,te_logistica,cagliari,1,884,720,827,jcb_pw125qe,scania_streamline_6x2_norm_440,trailer.scs_flat_b,trailer_def.scs.flatbed.single_3.flatbed_w,24,1,0
69786,_nameless.1de.5a5c.bca0,renat,siauliai,drekkar,uppsala,0,356,510,1110,furniture,iveco_h_4x2_a,trailer.dryliner17,trailer_def.krone.dryliner.single_3.dryvan,33,1,0
69786,_nameless.1de.5a5c.e6e0,renat,siauliai,bcp,pecs,0,1432,0,0,forklifts,iveco_sway_4x2_460,trailer.scs_lowbed41,trailer_def.scs.lowbed.single_41_ln.long,3,1,0
69786,_nameless.1de.5a5c.d770,renat,siauliai,blt_ru,pskov,2,369,0,0,empty_spool,mercedes_4x2_a,trailer.scs_flat_b,trailer_def.scs.flatbed.single_3.flatbed_w,4,1,0
69786,_nameless.1de.5a5c.c660,renat,siauliai,renar,oslo,1,782,510,1110,large_cont,daf_xd_2,trailer.kasbhr_sla,trailer_def.kassbohrer.sla.single_3_sh.lowbed,27,1,0
69786,_nameless.1de.5a5c.bd70,eurogoodies,leipzig,eurogoodies,prague,0,191,0,0,drymilk,mercedes_4x2,trailer.drylineret,trailer_def.krone.edryliner.single_3.dryvan,33,1,0
69786,_nameless.1de.5a5c.c800,eurogoodies,leipzig,norrsken,karlskrona,0,792,105,404,garlic,scania_r_6x2_high_500,trailer.scs_dry,trailer_def.scs.box.single_3.dryvan,33,1,0
69786,_nameless.1de.5a5c.d020,eurogoodies,leipzig,kaarfor,kassel,2,238,0,0,pesto,"""double/daf_xgp_4x2_530""",trailer.scs_dry_2,trailer_def.scs.box.double_3_2.dryvan,29,1,0
69786,_nameless.1de.5a5c.d840,boisserie,limoges,globeur,bayonne,0,420,0,0,corks,scania_r_4x2_norm_360,trailer.profiliner17,trailer_def.krone.profiliner.single_3.curtain,33,1,0
69786,_nameless.1de.5a5c.c9a0,boisserie,limoges,rt_log,barcelona,1,601,0,0,forwarder,"""heavy/man_tgx_2020_8x4""",trailer.scs_lowlow4e,trailer_def.scs.lowloader.single_4_ln.long,1,1,0
69786,_nameless.1de.5a5c.e880,boisserie,limoges,tradeaux,clermont,0,213,0,0,log_stacker,"""heavy/volvo_fh2012_8x4_700""",trailer.scs_lowlow4e,trailer_def.scs.lowloader.single_4_ln.long,1,1,0
69786,_nameless.1de.5a5c.c180,boisserie,limoges,sanbuilders,salzburg,0,1321,0,0,wooden_beams,iveco_sway_4x2_580,trailer.scs_log,trailer_def.scs.log.single_3.steel,2,1,0
69786,_nameless.1de.5a5c.cc10,pp_chimica,terni,euroacres,verona,0,478,0,0,petrol,scania_r2016_6x2_high_460,trailer.willig.fuel_cistern,trailer_def.scs.fueltank.single_3.fueltank,30,1,0
69786,_nameless.1de.5a5c.cce0,pp_chimica,terni,marmo,firenze,0,245,0,0,dynamite,daf_4x2_a,trailer.kasbhr_scs,trailer_def.kassbohrer.scs.single_3_13.curtain,34,1,0
69786,_nameless.1de.5a5c.e2d0,fintyre,tampere,blt,kunda,0,362,150,430,used_packag,renault_t_4x2h,trailer.kasbhr_scs,trailer_def.kassbohrer.scs.single_3_13.curtain,34,1,0
69786,_nameless.1de.5a5c.d0f0,fintyre,tampere,polarislines,vaasa,1,287,0,0,empty_palet,daf_xf_euro6_4x2_a,trailer.scs_dry_ms,trailer_def.scs.box.single_3.dryvan_m,33,1,0
69786,_nameless.1de.5a5c.d1c0,fintyre,tampere,agronord,kristiansand,2,1195,540,1170,ter_forklift,iveco_h_4x2_a,trailer.scs_flat_b,trailer_def.scs.flatbed.single_3.flatbed_w,2,1,0
69786,_nameless.1de.5a5c.d360,rt_log,barcelona,mvm_carriere,porto_vecchi,2,157,930,1182,jcb_th540180,scania_s2016_4x2_norm_370,trailer.kasbhr_sla,trailer_def.kassbohrer.sla.single_3_sh.lowbed,1,1,0
69786,_nameless.1de.5a5c.e3a0,rt_log,barcelona,bhv,bastia,2,143,930,1182,car_balt1,volvo_fh2021_6x2_540,trailer.car_trans,trailer_def.car_balt1.car_trans,100,1,0
69786,_nameless.1de.5a5c.d430,rt_log,barcelona,te_logistica,cagliari,1,244,720,827,post_packag,renault_magnum_6x2_a,trailer.profiliner17,trailer_def.krone.profiliner.single_3.curtain,33,1,0
69786,_nameless.1de.5a5c.d500,cesta_sl,malaga,cnp,catania,0,886,1557,1788,empty_palet,renault_t_4x2h,trailer.profiliner17,trailer_def.krone.profiliner.single_3.curtain,33,1,0
69786,_nameless.1de.5a5c.dd20,cesta_sl,malaga,rt_log,zaragoza,0,813,0,0,used_plast_c,volvo_fh2012_4x2_420,trailer.krone.boxliner40,trailer_def.krone.boxliner.single_3_40.container,30,1,0
69786,_nameless.1de.5a5c.e950,cesta_sl,malaga,log_atlan,sevilla,1,271,0,0,used_packag,scania_r_4x2_norm_360,trailer.scs_dry_m,trailer_def.scs.box.single_3.dryvan_m,33,1,0
69786,_nameless.1de.5a5c.df90,lkwlog,duisburg,quarry,strasbourg,1,561,0,0,watertank,daf_xf_euro6_4x2_a,trailer.scs_lowbed_3,trailer_def.scs.lowbed.single_3.short,1,1,0
69786,_nameless.1de.5a5c.ba30,lkwlog,duisburg,dfh,bremen,0,278,0,0,petrol,renault_magnum_6x2_a,trailer.willig.fuel_cistern,trailer_def.scs.fueltank.single_3.fueltank,30,1,0
69786,_nameless.1de.5a5c.e130,byggpro,andenes,renar,vasteraas,0,1600,0,0,rooflights,iveco_h_4x2_a,trailer.kasbhr_scs,trailer_def.kassbohrer.scs.single_3_13.curtain,34,1,0
69786,_nameless.1de.5a5c.ebc0,byggpro,andenes,nordic_ports,bodo,0,533,150,132,wshavings,scania_r2016_6x2_high_460,trailer.ffb_kip60,trailer_def.feldbinder.kip.single_3_60.silo_60_3p,60,1,0
69786,_nameless.1de.5a5d.1120,byggpro,andenes,norrsken,alta,0,941,0,0,largetubes,scania_r_6x2_high_500,trailer.scs_log,trailer_def.scs.log.single_3.steel,6,1,0
69786,_nameless.1de.5a5c.f8c0,kaarfor,reims,lkwlog,luxembourg,1,229,0,0,used_packag,mercedes_actros_2014_6x2_a,trailer.scs_dry_a,trailer_def.scs.box.single_3.dryvan,33,1,0
69786,_nameless.1de.5a5c.ec90,kaarfor,reims,lkwlog,koln,0,396,0,0,used_plast_c,man_tgx_euro6_4x2_xxl,trailer.scs_gosck220,trailer_def.scs.gooseneck.singl_3e_220.container,30,1,0
69786,_nameless.1de.5a5d.11f0,kaarfor,reims,tradeaux,nice,1,986,0,0,used_plast,iveco_sway_4x2_500,trailer.kasbhr_shg45,trailer_def.kassbohrer.scs.single_3_13.curtain,34,1,0
69786,_nameless.1de.5a5c.f580,radus_ru,pleven,cnp,pitesti,1,280,0,0,empty_barr,man_tgx_2020_4x2,trailer.scs_dry,trailer_def.scs.box.single_3.dryvan,33,1,0
69786,_nameless.1de.5a5d.0420,radus_ru,pleven,cnp,taranto,0,890,570,745,concr_cent,scania_r2016_4x2_high_500,trailer.profilinehd,trailer_def.krone.profilinerhd.single_3.flatbed,7,1,0
69786,_nameless.1de.5a5d.0830,slava,tuzla,icaria,athens,2,1314,0,0,car_f,daf_xgp25_4x2_530,trailer.car_trans,trailer_def.car_f.car_trans,100,1,0
69786,_nameless.1de.5a5c.ed60,slava,tuzla,slava,mostar,0,319,0,0,cars_fr,man_tgx_2020_4x2,trailer.car_trans,trailer_def.cars_fr.car_trans,100,1,0
69786,_nameless.1de.5a5d.16d0,mjolnir_min,lulea,renar,turku,1,787,0,0,watertank,scania_s2016_6x4_high_730,trailer.profilinehd,trailer_def.krone.profilinerhd.single_3.flatbed,2,1,0
69786,_nameless.1de.5a5d.1390,mjolnir_min,lulea,gnt,alesund,0,1221,65,82,dozer,"""heavy/volvo_fh16_6x4_750""",trailer.scs_lowlow4e,trailer_def.scs.lowloader.single_4_ln.long,1,1,0
69786,_nameless.1de.5a5c.ee30,fallow,podgorica,ttk_bg,plovdiv,0,748,0,0,apples_c,scania_s2016_6x4_high_730,trailer.kasbhr_shg20,trailer_def.kassbohrer.shg.singl_3e_20.container,15,1,0
69786,_nameless.1de.5a5d.00e0,fallow,podgorica,tras_med,catania,0,738,560,767,kr_ecb880cv,scania_s2016_4x2_high_590,trailer.scs_lowbed41,trailer_def.scs.lowbed.single_41_ln.long,1,1,0
69786,_nameless.1de.5a5c.fe70,fallow,podgorica,villco_mkt,larissa,1,621,0,0,drymilk,daf_xd25,trailer.scs_dry_ms,trailer_def.scs.box.single_3.dryvan_m,33,1,0
69786,_nameless.1de.5a5c.efd0,lefko,larissa,balkan_loco,ruse,1,838,0,0,apples,volvo_fh2012_4x2_750,trailer.profiliner17,trailer_def.krone.profiliner.single_3.curtain,33,1,0
69786,_nameless.1de.5a5c.f990,lefko,larissa,euroacres,wien,0,1527,0,0,young_seed,mercedes_6x2_b,trailer.kasbhr_sbt,trailer_def.kassbohrer.sbt.single_3_13.dryvan,34,1,0
69786,_nameless.1de.5a5d.1460,lefko,larissa,tesore_gust,milano,0,1279,570,745,onion,daf_xd25,trailer.scs_curt_a,trailer_def.scs.box.single_3.curtain,33,1,0
69786,_nameless.1de.5a5d.0760,lefko,larissa,baltrak,tekirdag,0,687,0,0,carrots_c,scania_r_6x4_top_620,trailer.krone.boxliner20,trailer_def.krone.boxliner.single_3.container,15,1,0
69786,_nameless.1de.5a5d.04f0,bhv,ajaccio,tradeaux,brest,0,1220,930,1182,vans_vt,volvo_fh2024_4x2_780,trailer.truck_trans,trailer_def.vans_vt.truck_trans,100,1,0
69786,_nameless.1de.5a5d.1530,bhv,ajaccio,stokes,dijon,0,615,840,1193,scooters,renault_t_4x2h,trailer.kasbhr_shg45,trailer_def.kassbohrer.scs.single_3_13.curtain,34,1,0
69786,_nameless.1de.5a5d.05c0,villco_mkt,ljubljana,icaria,kavala,0,1212,0,0,used_plast_c,renault_premium_4x2_a,trailer.scs_gosck20,trailer_def.scs.gooseneck.singl_3e_20.container,15,1,0
69786,_nameless.1de.5a5d.0eb0,villco_mkt,ljubljana,rt_log,salzburg,0,320,0,0,used_packag,renault_magnum_4x2_a,trailer.profiliner17,trailer_def.krone.profiliner.single_3.curtain,33,1,0
69786,_nameless.1de.5a5d.1600,villco_mkt,ljubljana,lkwlog,frankfurt,2,748,0,0,used_plast,volvo_fh2021_6x2_540,trailer.profiliner17,trailer_def.krone.profiliner.single_3.curtain,33,1,0
69786,_nameless.1de.5a5d.1870,itcc_scrap,banja_luka,rock_eater,athens,0,1404,0,0,volvo_bucket,renault_premium_6x2_a,trailer.scs_lowlowd4,trailer_def.scs.lowloader.single_4_sh.short,1,1,0
69786,_nameless.1de.5a5c.fa60,itcc_scrap,banja_luka,radus_ru,ruse,0,861,0,0,scrap_metals,man_4x2_a,trailer.scs_dumper,trailer_def.scs.dumper.single_3.steel,8,1,0
69786,_nameless.1de.5a5d.1050,cnp,pitesti,timberturtle,brasov,0,273,0,0,petrol,mercedes_4x2_c,trailer.scs_fueltank,trailer_def.scs.fueltank.single_3.fueltank,30,1,0
69786,_nameless.1de.5a5d.1ae0,cnp,pitesti,posped,lublin,1,1165,0,0,transformat,"""heavy/daf_xgp_4x2_530""",trailer.scs_lowlowd4,trailer_def.scs.lowloader.single_4_sh.short,1,1,0
69786,_nameless.1de.5a5d.1a10,cnp,pitesti,rock_eater,targu_mures,0,364,0,0,cable_reel,"""heavy/daf_xd""",trailer.kasbhr_sll,trailer_def.kassbohrer.sll.single_3_sh.low,1,1,0
69786,_nameless.1de.5a5c.f170,cnp,pitesti,cargotras,catanzaro,1,1150,540,420,carbn_pwdr_c,daf_xf_euro6_4x2_c,trailer.krone.boxliner220,trailer_def.krone.boxliner.single_3_220.container,30,1,0
69786,_nameless.1de.5a5c.f4b0,sanbuilders,debrecen,adrica,rijeka,2,744,0,0,ter_forklift,daf_xg_4x2_450,trailer.scs_flat_b,trailer_def.scs.flatbed.single_3.flatbed_w,2,1,0
69786,_nameless.1de.5a5c.f310,sanbuild_hms,jyvaskyla,renar,vaxjo,2,840,540,1170,empty_palet,man_6x4_b,trailer.scs_dry_ms,trailer_def.scs.box.single_3.dryvan_m,33,1,0
69786,_nameless.1de.5a5c.ff40,sanbuild_hms,jyvaskyla,lintukainen,kotka,1,287,0,0,excavator,scania_r_4x2_norm_360,trailer.scs_lowbed_3,trailer_def.scs.lowbed.single_3.short,1,1,0
69786,_nameless.1de.5a5d.0690,konstnr_hal,kiruna,nch,riga,0,1407,150,430,digger500,iveco_sway_4x2_500,trailer.scs_lowlowd2,trailer_def.scs.lowloader.single_2_sh.short,1,1,0
69786,_nameless.1de.5a5d.0350,konstnr_hal,kiruna,renor,karesuando,0,173,0,0,mob_screener,"""heavy/scania_r2016_8x4_high_730""",trailer.kasbhr_slle,trailer_def.kassbohrer.sll.single_3_ln.low,1,1,0
69786,_nameless.1de.5a5c.f3e0,konstnr_hal,kiruna,sanbuild_hms,rovaniemi,2,322,0,0,jcb_mexc19ce,daf_4x2_b,trailer.profilinehd,trailer_def.krone.profilinerhd.single_3.flatbed,3,1,0
69786,_nameless.1de.5a5c.fc00,sanbuilders,bern,quarry,mannheim,2,391,0,0,jcb_pw125qe,volvo_fh2024_4x2_780,trailer.profilinehd,trailer_def.krone.profilinerhd.single_3.flatbed,24,1,0
69786,_nameless.1de.5a5c.f720,sanbuilders,bern,te_logistica,cagliari,0,1178,720,827,empty_palet,volvo_fh2021_6x2_540,trailer.scs_dry,trailer_def.scs.box.single_3.dryvan,33,1,0
69786,_nameless.1de.5a5d.09d0,sanbuilders,bern,sanbuild_bas,stuttgart,0,324,0,0,jcb_mexc19ce,daf_xgp_4x2_530,trailer.profilinehd,trailer_def.krone.profilinerhd.single_3.flatbed,3,1,0
69786,_nameless.1de.5a5c.f7f0,wgcc,kuopio,ns_chem_ru,luga,0,786,0,0,lead,scania_s2016_6x4_high_730,trailer.kasbhr_shg40,trailer_def.kassbohrer.shg.singl_3e_40.container,80,1,0
69786,_nameless.1de.5a5d.0280,wgcc,kuopio,radus,kouvola,0,280,0,0,empty_spool,iveco_4x2_a,trailer.kasbhr_sla,trailer_def.kassbohrer.sla.single_3_sh.lowbed,3,1,0
69786,_nameless.1de.5a5d.0aa0,itcc,kosice,posped,katowice,1,425,0,0,train_part,iveco_sway_4x2_500,trailer.profilinehd,trailer_def.krone.profilinerhd.single_3.flatbed,4,1,0
69786,_nameless.1de.5a5d.0c40,itcc,kosice,posped,lublin,2,319,0,0,mtl_coil,daf_xf_euro6_6x4_c,trailer.scs_flat_b,trailer_def.scs.flatbed.single_3.flatbed_w,1,1,0
69786,_nameless.1de.5a5d.0d10,itcc,kosice,sanbuilders,krakow,1,323,0,0,floorpanels,scania_r_6x2_high_500,trailer.panel_trans.floor,trailer_def.floorpanels.panel_trans.floor,82,1,0
69786,_nameless.1de.5a5d.0de0,itcc,kosice,kathode,nurnberg,1,947,0,0,forklifts,scania_r2016_6x2_high_460,trailer.scs_lowbed_4,trailer_def.scs.lowbed.single_4_sh.short,3,1,0
69786,_nameless.1de.5a5d.0f80,huilant,larochelle,mvm_carriere,lemans,0,341,0,0,diesel,mercedes_6x4_a,trailer.scs_fueltank,trailer_def.scs.fueltank.single_3.fueltank,30,1,0
69786,_nameless.1de.5a5c.2a60,huilant,larochelle,app,badajoz,0,1312,0,0,fuel_oil,daf_xf_euro6_4x2_a,trailer.willig.fuel_cistern,trailer_def.scs.fueltank.single_3.fueltank,30,1,0
69786,_nameless.1de.5a5c.2990,subse,clermont,lkwlog,amsterdam,2,1052,0,0,canned_pork,man_4x2_c,trailer.scs_ref,trailer_def.scs.box.single_3.reefer,33,1,0
69786,_nameless.1de.5a5c.3900,subse,clermont,stokes,zurich,1,643,0,0,conc_juice_t,scania_r_4x2_top_480,trailer.ffb_tsalm32,trailer_def.feldbinder.tsalm.single_3_32.32_3_2,18,1,0
69786,_nameless.1de.5a5c.28c0,subse,clermont,nucleon,civaux,0,395,0,0,large_cont,volvo_fh16_4x2_540,trailer.scs_lowbed41,trailer_def.scs.lowbed.single_41_ln.long,36,1,0
69786,_nameless.1de.5a5c.2cd0,subse,clermont,tradeaux,lyon,0,261,0,0,gnocchi,scania_s_2024e,trailer.coolliner17,trailer_def.krone.coolliner.single_3.reefer,33,1,0
69786,_nameless.1de.5a5c.35c0,domdepo_ru,vyborg,renar,tampere,1,457,0,0,mat_handler,"""heavy/scania_streamline_8x4_top_730""",trailer.scs_lowlow4e,trailer_def.scs.lowloader.single_4_ln.long,1,1,0
69786,_nameless.1de.5a5c.4390,domdepo_ru,vyborg,gnt,panevezys,0,838,0,0,alu_profile,daf_xf_euro6_4x2_c,trailer.profilinehd,trailer_def.krone.profilinerhd.single_3.flatbed,2,1,0
69786,_nameless.1de.5a5c.24b0,domdepo_ru,vyborg,sal_fi,ivalo,1,1153,0,0,plastic_gra,mercedes_actros_2014_6x4_b,trailer.ffb_eut35,trailer_def.feldbinder.eut.single_3_35.silo_35_3p,19,1,0
69786,_nameless.1de.5a5c.30e0,domdepo_ru,vyborg,kivisydan,lappeenranta,0,294,0,0,stone_dust,volvo_fh2021_4x2_750,trailer.scs_silo,trailer_def.scs.silo.single_3_10.silo,13,1,0
69786,_nameless.1de.5a5c.4870,domdepo_ru,vyborg,lkwlog,lodz,0,1465,0,0,largetubes,mercedes_actros_2014_4x2_a,trailer.scs_log,trailer_def.scs.log.single_3.steel,6,1,0
69786,_nameless.1de.5a5c.3830,nord_sten,sundsvall,byggpro,lulea,0,373,0,0,excav_soil,daf_xgp25_4x2_530,trailer.scs_dumper,trailer_def.scs.dumper.single_3.steel,21,1,0
69786,_nameless.1de.5a5c.31b0,nord_sten,sundsvall,baltomorsk,klaipeda,1,585,510,1110,jcb_bhl4cx,renault_t_6x2,trailer.scs_lowbed41,trailer_def.scs.lowbed.single_41_ln.long,1,1,0
69786,_nameless.1de.5a5c.20a0,nord_sten,sundsvall,dfh,rostock,1,1158,105,404,jcb_mexc19ce,man_tgx_2020_6x2,trailer.profilinehd,trailer_def.krone.profilinerhd.single_3.flatbed,3,1,0
69786,_nameless.1de.5a5c.1f00,ika_bohag,murcia,eolo_lines,palermo,0,224,1557,1788,used_packag,mercedes_4x2_a,trailer.kasbhr_shg45,trailer_def.kassbohrer.scs.single_3_13.curtain,34,1,0
69786,_nameless.1de.5a5c.2b30,ika_bohag,murcia,cesta_sl,madrid,2,391,0,0,pot_flowers,daf_xf_euro6_6x4_c,trailer.coolliner17,trailer_def.krone.coolliner.single_3.reefer,33,1,0
69786,_nameless.1de.5a5c.4bb0,ika_bohag,murcia,app,valencia,1,256,0,0,empty_palet,daf_4x2_b,trailer.scs_curt_a,trailer_def.scs.box.single_3.curtain,33,1,0
69786,_nameless.1de.5a5c.3280,polar_fish,stavanger,tradeaux,lille,2,1260,195,1052,caviar,volvo_fh2024_4x2_420,trailer.scs_ins_a,trailer_def.scs.box.single_3.insulated,33,1,0
69786,_nameless.1de.5a5c.3de0,polar_fish,stavanger,eurogoodies,wroclaw,1,1364,195,1052,froz_octopi,scania_r_4x2_top_480,trailer.coolliner17,trailer_def.krone.coolliner.single_3.reefer,33,1,0
69786,_nameless.1de.5a5c.47a0,viljo_paper,tampere,polarislines,kapellskar,0,210,540,1170,empty_spool,scania_r_4x2_top_480,trailer.scs_lowbed_4,trailer_def.scs.lowbed.single_4_sh.short,3,1,0
69786,_nameless.1de.5a5c.3690,viljo_paper,tampere,renar,dombas,0,906,540,1170,empty_barr,scania_s2016_4x2_high_590,trailer.scs_curt_s,trailer_def.scs.box.single_3.curtain,33,1,0
69786,_nameless.1de.5a5c.2170,viljo_paper,tampere,ateria,vaasa,1,266,0,0,empty_palet,volvo_fh2021_4x2_750,trailer.scs_dry_m,trailer_def.scs.box.single_3.dryvan_m,33,1,0
69786,_nameless.1de.5a5c.2580,viljo_paper,tampere,blt,kunda,0,362,150,430,used_packag,daf_xf_euro6_4x2_a,trailer.kasbhr_shg45,trailer_def.kassbohrer.scs.single_3_13.curtain,34,1,0
69786,_nameless.1de.5a5c.4d50,app,valencia,cesta_sl,madrid,2,298,0,0,almond,daf_xd,trailer.scs_dry_m,trailer_def.scs.box.single_3.dryvan_m,33,1,0
69786,_nameless.1de.5a5c.3010,app,valencia,log_atlan,a_coruna,2,948,0,0,volvo_rims,volvo_fh2024_4x2_780,trailer.scs_flat_b,trailer_def.scs.flatbed.single_3.flatbed_w,5,1,0
69786,_nameless.1de.5a5c.3760,app,valencia,globeur,bayonne,0,584,0,0,beans,mercedes_6x2_b,trailer.kasbhr_sbt,trailer_def.kassbohrer.sbt.single_3_13.dryvan,34,1,0
69786,_nameless.1de.5a5c.4050,cnp,wien,tree_et,bystrica,1,341,0,0,ethane,volvo_fh2024_4x2_780,trailer.scs_gastank,trailer_def.scs.gastank.single_3.gastank,40,1,0
69786,_nameless.1de.5a5c.3350,cnp,wien,rock_eater,lamia,0,1510,0,0,fueltanker,renault_magnum_6x4_a,trailer.kasbhr_shg40,trailer_def.kassbohrer.shg.singl_3e_40.container,80,1,0
69786,_nameless.1de.5a5c.3b70,cnp,wien,drekkar,malmo,1,1025,105,404,volvo_a25g,"""heavy/scania_streamline_8x4_top_730""",trailer.scs_lowbed41,trailer_def.scs.lowbed.single_41_ln.long,1,1,0
69786,_nameless.1de.5a5c.3c40,norrsken,borlange,nordic_ports,ornskoldsvik,0,337,0,0,beverages_c,daf_xf_euro6_6x2_a,trailer.krone.boxliner20,trailer_def.krone.boxliner.single_3.container,15,1,0
69786,_nameless.1de.5a5c.4e20,norrsken,borlange,ukko,olkiluoto,0,356,540,1170,jcb_pw125qe,iveco_4x2_c,trailer.scs_flat_b,trailer_def.scs.flatbed.single_3.flatbed_w,24,1,0
69786,_nameless.1de.5a5c.39d0,norrsken,borlange,norr_food,andenes,1,1477,0,0,olive_oil_t,scania_r2016_6x4_high_660,trailer.ffb_tsalm32,trailer_def.feldbinder.tsalm.single_3_32.32_3_2,30,1,0
69786,_nameless.1de.5a5c.2240,norrsken,borlange,renar,oslo,0,346,0,0,nonalco_beer,iveco_h_4x2_a,trailer.profiliner17,trailer_def.krone.profiliner.single_3.curtain,33,1,0
69786,_nameless.1de.5a5c.4460,norrsken,borlange,eurogoodies,berlin,1,1099,105,404,honey,"""double/iveco_4x2_a""",trailer.scs_curt_2,trailer_def.scs.box.double_3_2.curtain,30,1,0
69786,_nameless.1de.5a5c.1d60,transinet,cambridge,euroacres,liverpool,0,333,0,0,kr_stc1370,renault_etech_t,trailer.scs_lowlow4e,trailer_def.scs.lowloader.single_4_ln.long,1,1,0
69786,_nameless.1de.5a5c.3aa0,transinet,cambridge,transinet,sheffield,2,262,0,0,plastic_gra,man_tgx_euro6_4x2_xxl,trailer.scs_silo,trailer_def.scs.silo.single_3_10.silo,17,1,0
69786,_nameless.1de.5a5c.2da0,transinet,cambridge,rt_log,innsbruck,2,1350,35,300,smokd_eel,daf_xf_euro6_4x2_c,trailer.scs_ref_s,trailer_def.scs.box.single_3.reefer,33,1,0
69786,_nameless.1de.5a5c.3d10,transinet,cambridge,posped,birmingham,0,196,0,0,planter,man_tgx_2020,trailer.scs_lowlow2e,trailer_def.scs.lowloader.single_2_ln.long,1,1,0
69786,_nameless.1de.5a5c.3eb0,aci,milano,lisette_log,nice,0,345,0,0,fresh_fish,renault_magnum_6x4_a,trailer.scs_ref_a,trailer_def.scs.box.single_3.reefer,33,1,0
69786,_nameless.1de.5a5c.2c00,aci,milano,fle,nis,1,1400,0,0,cut_flowers,renault_magnum_4x2_a,trailer.scs_ref_a,trailer_def.scs.box.single_3.reefer,33,1,0
69786,_nameless.1de.5a5c.1fd0,aci,milano,exomar,bologna,2,266,0,0,med_equip,volvo_fh2012_4x2_420,trailer.scs_curt_s,trailer_def.scs.box.single_3.curtain,33,1,0
69786,_nameless.1de.5a5c.46d0,baltomors_ru,pskov,konstnr,stockholm,2,479,570,1270,digger500,renault_t_6x2,trailer.scs_lowlowd2,trailer_def.scs.lowloader.single_2_sh.short,1,1,0
69786,_nameless.1de.5a5c.4940,cnp_str,nis,acc,taranto,2,546,540,420,kerosene,daf_xgp_4x2_530,trailer.willig.fuel_cistern,trailer_def.scs.fueltank.single_3.fueltank,30,1,0
69786,_nameless.1de.5a5c.4600,cnp_str,nis,ns_oil,wien,0,861,0,0,motor_oil_c,man_tgx_2020_4x2,trailer.krone.boxliner40,trailer_def.krone.boxliner.single_3_40.container,30,1,0
69786,_nameless.1de.5a5c.4c80,cnp_str,nis,ai,ljubljana,0,773,0,0,propane,scania_r2016_4x2_norm_370,trailer.scs_gastank,trailer_def.scs.gastank.single_3.gastank,40,1,0
69786,_nameless.1de.5a5c.4a10,domdepo,frankfurt,rt_log,barcelona,0,1286,0,0,marb_blck2,scania_streamline_6x4_top_480,trailer.scs_flat_b,trailer_def.scs.flatbed.single_3.flatbed_w,2,1,0
69786,_nameless.1de.5a5c.3420,domdepo,frankfurt,cont_port,duisburg,2,299,0,0,lumber_p,man_tgx_2020_6x2,trailer.scs_flat_b,trailer_def.scs.flatbed.single_3.flatbed_w,6,1,0
69786,_nameless.1de.5a5c.34f0,domdepo,frankfurt,lkwlog,duisburg,0,294,0,0,plastic_gra,scania_s2016_4x2_norm_370,trailer.scs_silo,trailer_def.scs.silo.single_3_10.silo,17,1,0
69786,_nameless.1de.5a5c.4ae0,domdepo,frankfurt,drekkar,bergen,1,1481,195,1052,largetubes,mercedes_actros_2014_4x2_a,trailer.scs_log,trailer_def.scs.log.single_3.steel,6,1,0
69786,_nameless.1de.5a5c.2310,nord_crown,aalborg,norrsken,goteborg,0,195,195,677,olive_oil_t,scania_r2016_4x2_norm_370,trailer.scs_fodt,trailer_def.scs.foodtank.single_3.paint,28,1,0
69786,_nameless.1de.5a5c.4ef0,nord_crown,aalborg,nord_crown,stavanger,2,270,195,1052,olive_oil,iveco_6x2_a,trailer.scs_curt,trailer_def.scs.box.single_3.curtain,33,1,0
69786,_nameless.1de.5a5c.4fc0,nord_crown,aalborg,lkwlog,manchester,2,445,1140,1314,pet_food,mercedes_4x2_c,trailer.kasbhr_shg45,trailer_def.kassbohrer.scs.single_3_13.curtain,34,1,0
69786,_nameless.1de.5a5c.23e0,nord_crown,aalborg,sellplan,nurnberg,0,980,0,0,sausages,"""double/mercedes_4x2_a""",trailer.scs_ins_b2,trailer_def.scs.box.bdouble_3_3.insulated,29,1,0
69786,_nameless.1de.5a5c.2650,sanbuild_hms,beograd,rock_eater,kavala,0,613,0,0,roller,mercedes_4x2,trailer.scs_lowbed_3,trailer_def.scs.lowbed.single_3.short,1,1,0
69786,_nameless.1de.5a5c.2720,sanbuild_hms,beograd,rock_eater,lamia,0,876,0,0,jcb_exc245xr,"""heavy/scania_streamline_8x4_top_730""",trailer.scs_lowbed_3,trailer_def.scs.lowbed.single_3.short,1,1,0
69786,_nameless.1de.5a5c.27f0,sanbuild_hms,beograd,fle,timisoara,0,287,0,0,empty_spool,daf_xf_4x2_370,trailer.profilinehd,trailer_def.krone.profilinerhd.single_3.flatbed,4,1,0
69786,_nameless.1de.5a5c.6f70,itcc_scrap,zenica,bosfir,bihac,0,243,0,0,large_cont,daf_xf_euro6_6x2_a,trailer.scs_lowbed41,trailer_def.scs.lowbed.single_41_ln.long,36,1,0
69786,_nameless.1de.5a5c.72b0,itcc_scrap,zenica,rock_eater,istanbul,2,1083,0,0,jcb_wload457,volvo_fh2021_6x2_540,trailer.scs_lowbed_3,trailer_def.scs.lowbed.single_3.short,1,1,0
69786,_nameless.1de.5a5c.6680,itcc_scrap,zenica,balkan_loco,ruse,0,767,0,0,scrap_metals,iveco_sway_4x2_500,trailer.scs_dumper,trailer_def.scs.dumper.single_3.steel,8,1,0
69786,_nameless.1de.5a5c.6d00,trameri,klagenfurt,posped,lublin,1,899,0,0,empty_spool,iveco_sway_4x2_580,trailer.scs_lowbed_4,trailer_def.scs.lowbed.single_4_sh.short,3,1,0
69786,_nameless.1de.5a5c.5cc0,trameri,klagenfurt,posped,bystrica,0,521,0,0,empty_barr,man_4x2_c,trailer.kasbhr_scs,trailer_def.kassbohrer.scs.single_3_13.curtain,34,1,0
69786,_nameless.1de.5a5c.7040,trameri,klagenfurt,tradeaux,olsztyn,1,1021,0,0,plast_film,man_tgx_euro6_4x2_xl,trailer.profiliner17,trailer_def.krone.profiliner.single_3.curtain,33,1,0
69786,_nameless.1de.5a5c.7d40,trameri,klagenfurt,fallow,zagreb,0,283,0,0,sandwch_pnls,scania_s2016_6x2_high_460,trailer.kasbhr_shg45,trailer_def.kassbohrer.scs.single_3_13.curtain,34,1,0
69786,_nameless.1de.5a5c.6c30,renar,kotka,ateria,tallinn,0,342,150,430,paper,mercedes_4x2_a,trailer.kasbhr_shg45,trailer_def.kassbohrer.scs.single_3_13.curtain,34,1,0
69786,_nameless.1de.5a5c.68f0,renar,kotka,gnt,jonkoping,2,764,540,1170,conc_juice_t,renault_premium_6x4_a,trailer.ffb_tsalm32,trailer_def.feldbinder.tsalm.single_3_32.32_3_2,21,1,0
69786,_nameless.1de.5a5c.83c0,renar,kotka,vainamoi_bas,jyvaskyla,2,311,0,0,largetubes,man_tgx_euro6_4x2_xxl,trailer.scs_log,trailer_def.scs.log.single_3.steel,6,1,0
69786,_nameless.1de.5a5c.7110,posped,bratislava,drekkar,odense,1,1044,105,404,largetubes,mercedes_6x4_a,trailer.scs_flat_b,trailer_def.scs.flatbed.single_3.flatbed_w,6,1,0
69786,_nameless.1de.5a5c.61a0,posped,bratislava,stokes,wien,2,128,0,0,med_equip,volvo_fh2024_4x2_420,trailer.scs_curt,trailer_def.scs.box.single_3.curtain,33,1,0
69786,_nameless.1de.5a5c.5160,posped,bratislava,balkan_loco,maribor,0,355,0,0,apples_c,daf_xgp25_4x2_530,trailer.krone.boxliner20,trailer_def.krone.boxliner.single_3.container,15,1,0
69786,_nameless.1de.5a5c.7380,sanbuild_cem,split,marmo,firenze,0,272,600,315,mob_stacker,"""heavy/mercedes_6x4""",trailer.scs_lowlow4e,trailer_def.scs.lowloader.single_4_ln.long,1,1,0
69786,_nameless.1de.5a5c.76c0,sanbuild_cem,split,cargotras,pescara,1,253,600,315,silica,daf_xf_euro6_4x2_c,trailer.drylineret,trailer_def.krone.edryliner.single_3.dryvan,33,1,0
69786,_nameless.1de.5a5c.6000,gnt,svolvaer,renar,arvidsjaur,0,513,150,132,concr_beams2,scania_s2016_6x2_high_460,trailer.profilinehd,trailer_def.krone.profilinerhd.single_3.flatbed,2,1,0
69786,_nameless.1de.5a5c.7fb0,gnt,svolvaer,aerobalt,helsinki,2,1443,0,0,air_mails,renault_t_6x2,trailer.scs_dry_ms,trailer_def.scs.box.single_3.dryvan_m,33,1,0
69786,_nameless.1de.5a5c.64e0,gnt,svolvaer,renar,andenes,1,303,0,0,train_part2,renault_premium_4x2_a,trailer.scs_flat_b,trailer_def.scs.flatbed.single_3.flatbed_w,3,1,0
69786,_nameless.1de.5a5c.5f30,gnt,svolvaer,polarislines,nynashamn,0,1231,150,132,canned_beans,man_6x4_b,trailer.scs_dry,trailer_def.scs.box.single_3.dryvan,33,1,0
69786,_nameless.1de.5a5c.65b0,dans_jardin,bordeaux,wilnet_trans,toulouse,0,325,0,0,forage_harv,volvo_fh16_4x2_420,trailer.scs_lowlow2e,trailer_def.scs.lowloader.single_2_ln.long,1,1,0
69786,_nameless.1de.5a5c.7790,dans_jardin,bordeaux,lkwlog,dortmund,0,1292,0,0,beans,daf_xd_1,trailer.profiliner17,trailer_def.krone.profiliner.single_3.curtain,33,1,0
69786,_nameless.1de.5a5c.6dd0,dans_jardin,bordeaux,nucleon,golfech,1,309,0,0,volvo_bucket,man_tgx_euro6_6x4_xlx,trailer.scs_lowbed41,trailer_def.scs.lowbed.single_41_ln.long,1,1,0
69786,_nameless.1de.5a5c.57e0,bjork,linkoping,lintukainen,tallinn,0,382,570,1270,log_stacker,"""heavy/iveco_6x4""",trailer.scs_lowlow4e,trailer_def.scs.lowloader.single_4_ln.long,1,1,0
69786,_nameless.1de.5a5c.6820,bjork,linkoping,lintukainen,pori,2,374,540,1170,forwarder,"""heavy/daf_6x4""",trailer.kasbhr_slle,trailer_def.kassbohrer.sll.single_3_ln.low,1,1,0
69786,_nameless.1de.5a5c.7520,bjork,linkoping,renar,dombas,0,797,0,0,volvo_ec220e,scania_r_4x2_top_480,trailer.scs_lowbed_3,trailer_def.scs.lowbed.single_3.short,1,1,0
69786,_nameless.1de.5a5c.71e0,bjork,linkoping,gnt,klaipeda,2,347,510,1110,vol_ew240emh,"""heavy/scania_streamline_8x4_top_730""",trailer.kasbhr_sla,trailer_def.kassbohrer.sla.single_3_sh.lowbed,1,1,0
69786,_nameless.1de.5a5c.6410,bjork,linkoping,tree_et,olsztyn,0,560,630,790,tractors,mercedes_actros_2014_6x4_b,trailer.kasbhr_sll,trailer_def.kassbohrer.sll.single_3_sh.low,1,1,0
69786,_nameless.1de.5a5c.5a50,bjork,linkoping,euroacres,osnabruck,1,1166,0,0,logs,daf_6x2_a,trailer.scs_log,trailer_def.scs.log.single_3.steel,32,1,0
69786,_nameless.1de.5a5c.7e10,ateria,helsinki,sellplan,olsztyn,2,999,150,430,canned_pork,renault_premium_6x2_a,trailer.scs_ref_s,trailer_def.scs.box.single_3.reefer,31,1,0
69786,_nameless.1de.5a5c.7ad0,ateria,helsinki,nordic_ports,ornskoldsvik,2,510,300,680,coconut_oil,mercedes_actros_2014_4x2_a,trailer.kasbhr_shg45,trailer_def.kassbohrer.scs.single_3_13.curtain,34,1,0
69786,_nameless.1de.5a5c.69c0,nucleon,paluel,lkwlog,dover,1,292,35,300,jcb_mexc19ce,iveco_6x2_a,trailer.scs_flat_b,trailer_def.scs.flatbed.single_3.flatbed_w,3,1,0
69786,_nameless.1de.5a5c.75f0,nucleon,paluel,lisette_log,lemans,1,278,0,0,scaffoldings,scania_r_6x2_high_500,trailer.kasbhr_sbt,trailer_def.kassbohrer.sbt.single_3_13.dryvan,34,1,0
69786,_nameless.1de.5a5c.6270,nucleon,paluel,quarry,cardiff,0,634,35,300,volvo_bucket,mercedes_actros_2014_4x2_a,trailer.kasbhr_sll,trailer_def.kassbohrer.sll.single_3_sh.low,1,1,0
69786,_nameless.1de.5a5c.6a90,radus,tartu,sal_fi,kouvola,1,381,150,430,bricks,volvo_fh2012_4x2_420,trailer.scs_brick_r,trailer_def.scs.flatbed.single_3.brick,32,1,0
69786,_nameless.1de.5a5c.7930,polarislines,naantali,nch,tallinn,0,270,150,430,protec_cloth,renault_premium_6x2_a,trailer.profiliner17,trailer_def.krone.profiliner.single_3.curtain,33,1,0
69786,_nameless.1de.5a5c.7ba0,polarislines,naantali,polarislines,esbjerg,0,1051,540,1170,graph_grease,scania_s2016_6x2_high_460,trailer.scs_curt_a,trailer_def.scs.box.single_3.curtain,33,1,0
69786,_nameless.1de.5a5c.7c70,polarislines,naantali,konstnr_hs,linkoping,0,285,540,1170,sandwch_pnls,daf_xf_electric,trailer.profiliner17,trailer_def.krone.profiliner.single_3.curtain,33,1,0
69786,_nameless.1de.5a5c.7ee0,tradeaux,toulouse,iberatomica,almaraz,0,1021,0,0,jcb_g100rs,renault_t_6x2,trailer.profilinehd,trailer_def.krone.profilinerhd.single_3.flatbed,4,1,0
69786,_nameless.1de.5a5c.5d90,tradeaux,toulouse,wilnet_trans,lemans,2,733,0,0,olive_oil,man_tgx_euro6_4x2_xl,trailer.scs_curt,trailer_def.scs.box.single_3.curtain,33,1,0
69786,_nameless.1de.5a5c.8080,tradeaux,toulouse,lisette_log,ajaccio,0,388,930,1182,fuel_tanks,volvo_fh2012_6x2_500,trailer.dryliner17,trailer_def.krone.dryliner.single_3.dryvan,33,1,0
69786,_nameless.1de.5a5c.6340,tradeaux,toulouse,acc,coimbra,2,1234,0,0,cable_reel,"""heavy/daf_xgp_4x2_530""",trailer.scs_lowlow4e,trailer_def.scs.lowloader.single_4_ln.long,1,1,0
69786,_nameless.1de.5a5c.82f0,tradeaux,toulouse,lkwlog,osnabruck,0,1394,0,0,hvac,scania_r_4x2_norm_360,trailer.scs_lowbed41,trailer_def.scs.lowbed.single_41_ln.long,4,1,0
69786,_nameless.1de.5a5c.5090,rimaf,tekirdag,icaria,kavala,1,253,0,0,sheep_wool,daf_xd_1,trailer.scs_dry,trailer_def.scs.box.single_3.dryvan,33,1,0
69786,_nameless.1de.5a5c.53d0,rimaf,tekirdag,dobr_ferm_bg,karlovo,0,398,0,0,kr_bigm450,daf_4x2_b,trailer.scs_lowlow2e,trailer_def.scs.lowloader.single_2_ln.long,1,1,0
69786,_nameless.1de.5a5c.54a0,rimaf,tekirdag,lkwlog,brno,0,1432,0,0,horse_tr,volvo_fh2021_4x2_420,trailer.truck_trans,trailer_def.horse_tr.truck_trans,100,1,0
69786,_nameless.1de.5a5c.5710,stokes,cardiff,lisette_log,roscoff,0,271,420,910,harvest_bins,mercedes_actros_2014_4x2_c,trailer.scs_curt_a,trailer_def.scs.box.single_3.curtain,33,1,0
69786,_nameless.1de.5a5c.58b0,stokes,cardiff,acc,bilbao,0,337,1076,1172,large_cont,mercedes_actros_2014_4x2_a,trailer.kasbhr_sla,trailer_def.kassbohrer.sla.single_3_sh.lowbed,27,1,0
69786,_nameless.1de.5a5c.5980,stokes,cardiff,exomar,burgos,1,450,1076,1172,cott_harvest,"""heavy/scania_r_6x4_top_730""",trailer.kasbhr_slle,trailer_def.kassbohrer.sll.single_3_ln.low,1,1,0
69786,_nameless.1de.5a5c.a100,cantera,burgos,trans_cab,madrid,0,329,0,0,jcb_dmp6t2,"""heavy/daf_xgp_4x2_530""",trailer.scs_lowbed_4,trailer_def.scs.lowbed.single_4_sh.short,1,1,0
69786,_nameless.1de.5a5c.88a0,cantera,burgos,acc,madrid,0,329,0,0,gravel,iveco_sway_4x2_460,trailer.scs_dumper,trailer_def.scs.dumper.single_3.steel,16,1,0
69786,_nameless.1de.5a5c.9330,cantera,burgos,rt_log,madrid,0,319,0,0,excav_soil,mercedes_4x2_b,trailer.scs_dumper,trailer_def.scs.dumper.single_3.steel,21,1,0
69786,_nameless.1de.5a5c.ad30,low_field,edirne,icaria,mitilini,0,258,730,1440,basil,daf_xd_1,trailer.profiliner17,trailer_def.krone.profiliner.single_3.curtain,33,1,0
69786,_nameless.1de.5a5c.9b50,low_field,edirne,icaria,chios,1,255,690,1521,square_baler,mercedes_actros_2014_4x2_b,trailer.scs_lowbed_3,trailer_def.scs.lowbed.single_3.short,1,1,0
69786,_nameless.1de.5a5c.9810,kaarfor,swansea,transinet,mannheim,1,1078,35,300,used_plast_c,man_tgx_euro6_4x2_xxl,trailer.scs_gosck20,trailer_def.scs.gooseneck.singl_3e_20.container,15,1,0
69786,_nameless.1de.5a5c.8b10,sanbuild_cem,frankfurt,exomar,olbia,1,1430,720,827,cement,daf_4x2_a,trailer.ffb_kip60,trailer_def.feldbinder.kip.single_3_60.silo_60_3p,16,1,0
69786,_nameless.1de.5a5c.afa0,sanbuild_cem,frankfurt,lisette_log,rennes,0,941,0,0,jcb_dmp6t2,"""heavy/mercedes_6x4""",trailer.kasbhr_sll,trailer_def.kassbohrer.sll.single_3_sh.low,1,1,0
69786,_nameless.1de.5a5c.8970,shuttle,alesund,renar,dombas,0,220,0,0,beverages_t,volvo_fh2012_4x2_420,trailer.ffb_tsalm32,trailer_def.feldbinder.tsalm.single_3_32.32_3_2,27,1,0
69786,_nameless.1de.5a5c.99b0,shuttle,alesund,gnt,kristiansand,1,811,40,67,carb_water,"""double/scania_s2016_6x4_high_660""",trailer.scs_curt_b2,trailer_def.scs.box.bdouble_3_3.curtain,51,1,0
69786,_nameless.1de.5a5c.b070,shuttle,alesund,konstnr,oslo,0,571,0,0,ter_forklift,scania_r2016_4x2_high_500,trailer.scs_flat_b,trailer_def.scs.flatbed.single_3.flatbed_w,2,1,0
69786,_nameless.1de.5a5c.9c20,shuttle,alesund,renor,karlstad,0,803,0,0,forklifts,volvo_fh16_4x2_420,trailer.scs_lowbed41,trailer_def.scs.lowbed.single_41_ln.long,5,1,0
69786,_nameless.1de.5a5c.9a80,shuttle,alesund,renar,andenes,1,1376,215,214,beverages_c,scania_streamline_6x2_norm_440,trailer.scs_gosck220,trailer_def.scs.gooseneck.singl_3e_220.container,30,1,0
69786,_nameless.1de.5a5c.b7c0,shuttle,alesund,renor,mo_i_rana,0,719,65,82,used_plast_c,scania_r_6x4_top_620,trailer.scs_gosck20,trailer_def.scs.gooseneck.singl_3e_20.container,15,1,0
69786,_nameless.1de.5a5c.a780,cnp,thessaloniki,stokes,wien,0,1249,0,0,fuel_oil,volvo_fh2021_4x2_750,trailer.willig.fuel_cistern,trailer_def.scs.fueltank.single_3.fueltank,30,1,0
69786,_nameless.1de.5a5c.a030,cnp,thessaloniki,icaria,kalamata,0,738,0,0,cable_reel,"""heavy/daf_6x4""",trailer.scs_lowlow4e,trailer_def.scs.lowloader.single_4_ln.long,1,1,0
69786,_nameless.1de.5a5c.aac0,cnp,thessaloniki,sporklift,plovdiv,0,365,0,0,motor_oil_c,daf_xgp_4x2_530,trailer.scs_gosck220,trailer_def.scs.gooseneck.singl_3e_220.container,30,1,0
69786,_nameless.1de.5a5c.8560,lintukainen,rovaniemi,konstnr_hal,kiruna,1,228,0,0,jcb_pw125qe,daf_xf_euro6_6x2_a,trailer.profilinehd,trailer_def.krone.profilinerhd.single_3.flatbed,24,1,0
69786,_nameless.1de.5a5c.8ff0,lintukainen,rovaniemi,lintukai_hrv,kuusamo,2,299,0,0,log_stacker,"""heavy/daf_6x4""",trailer.scs_lowlow4e,trailer_def.scs.lowloader.single_4_ln.long,1,1,0
69786,_nameless.1de.5a5c.95a0,lintukainen,rovaniemi,nord_sten,sundsvall,0,564,0,0,volvo_ec220e,daf_4x2_b,trailer.scs_lowbed_3,trailer_def.scs.lowbed.single_3.short,1,1,0
69786,_nameless.1de.5a5c.8630,lintukainen,rovaniemi,gnt,panevezys,0,1263,150,430,vol_ew240emh,"""heavy/renault_t_6x4""",trailer.scs_lowbed41,trailer_def.scs.lowbed.single_41_ln.long,1,1,0
69786,_nameless.1de.5a5c.a920,lintukainen,rovaniemi,renar,skelleftea,2,294,0,0,logs,daf_6x2_a,trailer.scs_log,trailer_def.scs.log.single_3.steel,32,1,0
69786,_nameless.1de.5a5c.a1d0,lkwlog,magdeburg,dfh,dresden,0,273,0,0,logs,man_tgx_2020,trailer.scs_log,trailer_def.scs.log.single_3.steel,32,1,0
69786,_nameless.1de.5a5c.a5e0,lkwlog,magdeburg,tree_et,bialystok,1,744,0,0,volvo_bucket,iveco_6x2_a,trailer.scs_lowbed41,trailer_def.scs.lowbed.single_41_ln.long,1,1,0
69786,_nameless.1de.5a5c.b140,lkwlog,magdeburg,dfh,rostock,2,321,0,0,wallpanels,volvo_fh2021_6x2_540,trailer.panel_trans.wall,trailer_def.wallpanels.panel_trans.wall,85,1,0
69786,_nameless.1de.5a5c.87d0,lkwlog,magdeburg,itcc,dortmund,0,356,0,0,graph_grease,volvo_fh2024_4x2_420,trailer.scs_dry_s,trailer_def.scs.box.single_3.dryvan,33,1,0
69786,_nameless.1de.5a5c.9cf0,lintukainen,lappeenranta,renar,arvidsjaur,0,867,0,0,exc_craw,"""heavy/volvo_fh16_6x4_750""",trailer.kasbhr_slle,trailer_def.kassbohrer.sll.single_3_ln.low,1,1,0
69786,_nameless.1de.5a5c.b3b0,lintukainen,lappeenranta,drekkar,linkoping,1,691,540,1170,mulcher,"""heavy/daf_xd""",trailer.scs_lowlow2e,trailer_def.scs.lowloader.single_2_ln.long,1,1,0
69786,_nameless.1de.5a5c.a850,lintukainen,lappeenranta,nordic_ports,trondheim,2,1109,300,680,logs,man_tgx_euro6_6x4_xlx,trailer.scs_log,trailer_def.scs.log.single_3.steel,32,1,0
69786,_nameless.1de.5a5c.90c0,shuttle,beograd,lognstick,hunedoara,1,362,0,0,nonalco_beer,renault_t_4x2h,trailer.scs_curt_a,trailer_def.scs.box.single_3.curtain,33,1,0
69786,_nameless.1de.5a5c.9dc0,shuttle,beograd,villco,pristina,0,381,0,0,beverages_t,man_tgx_euro6_6x4_xlx,trailer.ffb_tsalm32,trailer_def.feldbinder.tsalm.single_3_32.32_3_2,23,1,0
69786,_nameless.1de.5a5c.a510,shuttle,beograd,villco,nis,0,312,0,0,bottle_water,man_tgx_euro6_4x2_xl,trailer.kasbhr_shg45,trailer_def.kassbohrer.scs.single_3_13.curtain,32,1,0
69786,_nameless.1de.5a5c.8be0,shuttle,beograd,jastuk,banja_luka,1,325,0,0,ter_forklift,renault_t_4x2,trailer.scs_flat_b,trailer_def.scs.flatbed.single_3.flatbed_w,2,1,0
69786,_nameless.1de.5a5c.a2a0,ika_bohag,orebro,gnt,ventspils,1,250,510,1110,empty_palet,renault_t_4x2,trailer.scs_dry_s,trailer_def.scs.box.single_3.dryvan,33,1,0
69786,_nameless.1de.5a5c.a440,ika_bohag,orebro,polarislines,goteborg,2,329,0,0,pot_flowers,man_tgx_2020,trailer.coolliner17,trailer_def.krone.coolliner.single_3.reefer,33,1,0
69786,_nameless.1de.5a5c.8cb0,ika_bohag,orebro,gnt,bergen,1,891,0,0,used_packag,volvo_fh2024_4x2_420,trailer.scs_dry_ms,trailer_def.scs.box.single_3.dryvan_m,33,1,0
69786,_nameless.1de.5a5c.a370,eurogoodies,szczecin,tradeaux,grimsby,2,1543,35,300,onion,mercedes_4x2,trailer.scs_dry_s,trailer_def.scs.box.single_3.dryvan,33,1,0
69786,_nameless.1de.5a5c.9190,eurogoodies,szczecin,rt_log,hamburg,0,379,0,0,rye,mercedes_4x2,trailer.scs_silo,trailer_def.scs.silo.single_3_10.silo,30,1,0
69786,_nameless.1de.5a5c.a9f0,kaarfor,budapest,gnt,ventspils,0,1388,0,0,used_packag,mercedes_6x2_b,trailer.scs_dry,trailer_def.scs.box.single_3.dryvan,33,1,0
69786,_nameless.1de.5a5c.ac60,kaarfor,budapest,ns_oil_ru,kaliningrad,0,974,0,0,empty_palet,mercedes_4x2_b,trailer.scs_curt_s,trailer_def.scs.box.single_3.curtain,33,1,0
69786,_nameless.1de.5a5c.ae00,kaarfor,budapest,tradeaux,prague,0,551,0,0,used_plast,scania_r_4x2_top_480,trailer.scs_dry_ms,trailer_def.scs.box.single_3.dryvan_m,33,1,0
69786,_nameless.1de.5a5c.b2e0,nch,turku,ai,kassel,0,1543,540,1170,sulfuric,mercedes_4x2_a,trailer.kasbhr_shg20,trailer_def.kassbohrer.shg.singl_3e_20.container,40,1,0
69786,_nameless.1de.5a5c.aed0,nch,turku,drekkar,uppsala,1,166,540,1170,jcb_ft4220,man_tgx_euro6_4x2_xxl,trailer.scs_lowlow2e,trailer_def.scs.lowloader.single_2_ln.long,1,1,0
69786,_nameless.1de.5a5c.b480,nch,turku,renar,lulea,0,787,0,0,sheep_wool,"""double/man_4x2_a""",trailer.scs_dry_2,trailer_def.scs.box.double_3_2.dryvan,52,1,0
69786,_nameless.1de.5a5c.9400,nch,turku,transinet,szczecin,0,1466,150,430,mob_screener,"""heavy/scania_r_6x4_top_730""",trailer.scs_lowbed41,trailer_def.scs.lowbed.single_41_ln.long,1,1,0
69786,_nameless.1de.5a5c.8d80,kaarfor,iasi,posped,lublin,0,1149,0,0,used_plast_c,volvo_fh2012_4x2_420,trailer.scs_gosck220,trailer_def.scs.gooseneck.singl_3e_220.container,30,1,0
69786,_nameless.1de.5a5c.8e50,kaarfor,iasi,lognstick,tekirdag,0,976,0,0,used_plast,scania_r2016_6x4_high_660,trailer.scs_dry_m,trailer_def.scs.box.single_3.dryvan_m,33,1,0
69786,_nameless.1de.5a5c.8f20,kaarfor,iasi,tradeaux,pecs,0,930,0,0,empty_palet,daf_xd,trailer.scs_dry_m,trailer_def.scs.box.single_3.dryvan_m,32,1,0
69786,_nameless.1de.5a5c.94d0,kaarfor,iasi,stokes,maribor,1,1196,0,0,used_packag,iveco_4x2_c,trailer.kasbhr_shg45,trailer_def.kassbohrer.scs.single_3_13.curtain,34,1,0
69786,_nameless.1de.5a5c.9740,batisse_hs,lyon,batisse_base,clermont,0,223,0,0,jcb_mexc19ce,renault_premium_6x2_a,trailer.profilinehd,trailer_def.krone.profilinerhd.single_3.flatbed,3,1,0
69786,_nameless.1de.45df.8c00,trameri,amsterdam,transinet,mannheim,0,453,0,0,empty_spool,renault_magnum_4x2_a,trailer.scs_flat_b,trailer_def.scs.flatbed.single_3.flatbed_w,4,1,0
69786,_nameless.1de.45df.9830,trameri,amsterdam,stokes,dijon,1,749,0,0,overweight,scania_streamline_6x2_norm_440,trailer.scs_lowbed41,trailer_def.scs.lowbed.single_41_ln.long,1,1,0
69786,_nameless.1de.45df.8f40,norr_food,odense,lkwlog,dortmund,0,614,0,0,used_packag,iveco_sway_4x2_580,trailer.scs_dry,trailer_def.scs.box.single_3.dryvan,33,1,0
69786,_nameless.1de.45df.9760,norr_food,odense,transinet,kassel,0,595,0,0,empty_palet,daf_4x2_a,trailer.scs_dry_s,trailer_def.scs.box.single_3.dryvan,33,1,0
69786,_nameless.1de.45df.8580,kivi,kotka,sal_fi,joensuu,1,375,0,0,jcb_mexc19ce,scania_r2016_4x2_high_500,trailer.scs_flat_b,trailer_def.scs.flatbed.single_3.flatbed_w,3,1,0
69786,_nameless.1de.45df.a1f0,kivi,kotka,konstnr_hs,malmo,1,1030,540,1170,stones,scania_s2016_4x2_norm_370,trailer.scs_dumper,trailer_def.scs.dumper.single_3.steel,13,1,0
69786,_nameless.1de.45df.b710,cont_port,tallinn,wgcc,gdansk,2,954,0,0,neon,daf_4x2_a,trailer.krone.boxliner40,trailer_def.krone.boxliner.single_3_40.container,80,1,0
69786,_nameless.1de.45df.a050,cont_port,tallinn,gnt,kalmar,0,591,570,1270,chem_sorb_c,daf_xd_1,trailer.krone.boxliner40,trailer_def.krone.boxliner.single_3_40.container,30,1,0
69786,_nameless.1de.45df.8650,cont_port,tallinn,nch,turku,0,289,150,430,beverages_c,volvo_fh2024_4x2_780,trailer.scs_gosck20,trailer_def.scs.gooseneck.singl_3e_20.container,15,1,0
69786,_nameless.1de.45df.a6d0,timberturtle,hunedoara,tradeaux,pecs,0,580,0,0,lumber,man_tgx_2020,trailer.profilinehd,trailer_def.krone.profilinerhd.single_3.flatbed,3,1,0
69786,_nameless.1de.45df.9f80,timberturtle,hunedoara,lkwlog,kosice,1,628,0,0,jcb_bhl4cx,volvo_fh16_4x2_420,trailer.scs_lowbed_4,trailer_def.scs.lowbed.single_4_sh.short,1,1,0
69786,_nameless.1de.45df.a7a0,timberturtle,hunedoara,domdepo,timisoara,1,286,0,0,logs,scania_s2016_4x2_norm_370,trailer.scs_log,trailer_def.scs.log.single_3.steel,32,1,0
69786,_nameless.1de.45df.99d0,renar,vaxjo,polarislines,trelleborg,1,251,0,0,carrots,iveco_4x2_b,trailer.scs_dry_a,trailer_def.scs.box.single_3.dryvan,33,1,0
69786,_nameless.1de.45df.b090,renar,vaxjo,renar,tallinn,0,532,570,1270,empty_barr,renault_magnum_6x2_a,trailer.scs_curt_a,trailer_def.scs.box.single_3.curtain,33,1,0
69786,_nameless.1de.45df.8a60,renar,vaxjo,posped,lublin,2,554,630,790,vans_id,man_6x4_b,trailer.van_trans,trailer_def.vans_id.van_trans,100,1,0
69786,_nameless.1de.45df.b300,fui,firenze,eurogoodies,innsbruck,1,565,0,0,plums,man_4x2_c,trailer.coolliner17,trailer_def.krone.coolliner.single_3.reefer,33,1,0
69786,_nameless.1de.45df.a870,fui,firenze,subse,bitola,0,989,570,745,beans,man_tgx_euro6_4x2_xl,trailer.scs_dry_a,trailer_def.scs.box.single_3.dryvan,33,1,0
69786,_nameless.1de.45df.ae20,eolo_lines,porto_vecchi,eolo_lines,marseille,1,3,840,1193,large_cont,volvo_fh2012_4x2_750,trailer.scs_lowbed_3,trailer_def.scs.lowbed.single_3.short,27,1,0
69786,_nameless.1de.45df.9900,eolo_lines,porto_vecchi,cargotras,livorno,0,624,840,1193,canned_beef,daf_xf_euro6_6x4_c,trailer.scs_ins_s,trailer_def.scs.box.single_3.insulated,33,1,0
69786,_nameless.1de.45df.9eb0,lisette_log,nice,gnt,bastia,1,395,840,1193,glass_packed,daf_xg_4x2_450,trailer.gls_trailer,trailer_def.glass_packed.gls_trailer,100,1,0
69786,_nameless.1de.45df.a530,lisette_log,nice,transinet,torino,0,253,0,0,coconut_oil,scania_s2016_4x2_norm_370,trailer.drylineret,trailer_def.krone.edryliner.single_3.dryvan,33,1,0
69786,_nameless.1de.45df.aef0,lisette_log,nice,exomar,olbia,0,824,720,827,goat_cheese,scania_streamline_6x4_top_480,trailer.scs_ins,trailer_def.scs.box.single_3.insulated,33,1,0
69786,_nameless.1de.45df.afc0,lisette_log,nice,gnt,bastia,1,395,840,1193,silica,iveco_sway_4x2_580,trailer.scs_dry_s,trailer_def.scs.box.single_3.dryvan,33,1,0
69786,_nameless.1de.45df.a940,fcp,manchester,renor,kobenhavn,2,480,1140,1314,scrap_metals,renault_t_4x2h,trailer.scs_dumper,trailer_def.scs.dumper.single_3.steel,8,1,0
69786,_nameless.1de.45df.8b30,fcp,manchester,posped,rotterdam,0,223,660,995,used_packag,mercedes_6x4_a,trailer.dryliner17,trailer_def.krone.dryliner.single_3.dryvan,33,1,0
69786,_nameless.1de.45df.b160,sanbuild_cem,tirana,acc,terni,0,591,540,420,coal,mercedes_actros_2014_4x2_b,trailer.scs_dumper,trailer_def.scs.dumper.single_3.steel,15,1,0
69786,_nameless.1de.45df.aa10,sanbuild_cem,tirana,cnp_well,fier,2,160,0,0,empty_spool,scania_streamline_6x4_top_480,trailer.scs_lowbed41,trailer_def.scs.lowbed.single_41_ln.long,4,1,0
69786,_nameless.1de.45df.b4a0,brawen,thessaloniki,tras_med,cagliari,0,591,1410,1624,backfl_prev,man_tgx_2020_4x2,trailer.scs_dry_s,trailer_def.scs.box.single_3.dryvan,33,1,0
69786,_nameless.1de.45df.91b0,brawen,thessaloniki,brawen,ljubljana,2,1185,0,0,pet_food,iveco_4x2_b,trailer.scs_dry,trailer_def.scs.box.single_3.dryvan,33,1,0
69786,_nameless.1de.45df.9b70,brawen,thessaloniki,icaria,chios,2,204,690,1521,used_plast_c,man_tgx_euro6_4x2_xxl,trailer.kasbhr_shg40,trailer_def.kassbohrer.shg.singl_3e_40.container,30,1,0
69786,_nameless.1de.45df.b230,shuttle,vlore,te_logistica,cagliari,2,357,1380,1299,beverages_t,scania_r2016_6x4_high_660,trailer.ffb_tsalm32,trailer_def.feldbinder.tsalm.single_3_32.32_3_2,23,1,0
69786,_nameless.1de.45df.9c40,shuttle,vlore,rt_log,salzburg,1,1506,0,0,used_packag,scania_r_4x2_norm_360,trailer.kasbhr_scs,trailer_def.kassbohrer.scs.single_3_13.curtain,34,1,0
69786,_nameless.1de.45df.9010,shuttle,vlore,adrica,split,1,696,0,0,bottle_water,mercedes_4x2,trailer.kasbhr_shg45,trailer_def.kassbohrer.scs.single_3_13.curtain,32,1,0
69786,_nameless.1de.45df.9d10,shuttle,vlore,lkwlog,brno,0,1453,0,0,nonalco_beer,mercedes_actros_2014_6x2_a,trailer.kasbhr_scs,trailer_def.kassbohrer.scs.single_3_13.curtain,34,1,0
69786,_nameless.1de.45df.b3d0,shuttle,vlore,lognstick,bucuresti,0,1044,0,0,carb_water,daf_xf_euro6_4x2_a,trailer.scs_curt,trailer_def.scs.box.single_3.curtain,32,1,0
69786,_nameless.1de.45df.b570,shuttle,vlore,tras_med,bari,2,134,540,420,iced_coffee,scania_s2016_4x2_high_590,trailer.scs_dry_m,trailer_def.scs.box.single_3.dryvan_m,33,1,0
69786,_nameless.1de.45df.8990,trans_cab,murcia,eolo_lines,sangiovanni,0,453,1577,2135,tableware,renault_magnum_4x2_a,trailer.scs_dry_a,trailer_def.scs.box.single_3.dryvan,33,1,0
69786,_nameless.1de.45df.b640,trans_cab,murcia,tras_med,catania,0,440,1557,1788,kr_vpv190xc,volvo_fh2021_6x2_540,trailer.kasbhr_sla,trailer_def.kassbohrer.sla.single_3_sh.lowbed,1,1,0
69786,_nameless.1de.45df.8720,trans_cab,murcia,cargotras,palermo,0,248,1557,1788,salm_fillet,daf_xgp25_4x2_530,trailer.scs_ins_a,trailer_def.scs.box.single_3.insulated,33,1,0
69786,_nameless.1de.45df.87f0,tras_med,roma,exomar,ancona,1,255,0,0,olives,man_4x2_c,trailer.kasbhr_sbt,trailer_def.kassbohrer.sbt.single_3_13.dryvan,34,1,0
69786,_nameless.1de.45df.a2c0,tras_med,roma,rt_log,nurnberg,0,1095,0,0,kr_vpv190xc,volvo_fh2012_6x2_500,trailer.kasbhr_sla,trailer_def.kassbohrer.sla.single_3_sh.lowbed,1,1,0
69786,_nameless.1de.45df.94f0,tras_med,roma,te_logistica,cagliari,1,277,840,879,square_baler,renault_t_6x2,trailer.scs_lowlow4e,trailer_def.scs.lowloader.single_4_ln.long,1,1,0
69786,_nameless.1de.45df.8da0,tras_med,roma,sanbuilders,berlin,0,1472,0,0,glass,man_tgx_2020,trailer.panel_trans.glass,trailer_def.glass.panel_trans.glass,90,1,0
69786,_nameless.1de.45df.8e70,tras_med,roma,costruzi_win,pescara,0,271,0,0,concr_beams,"""heavy/renault_t_6x4""",trailer.scs_lowbed41,trailer_def.scs.lowbed.single_41_ln.long,1,1,0
69786,_nameless.1de.45df.a600,eviksi,liepaja,posped,bratislava,0,1237,0,0,cont_trees,renault_premium_4x2_a,trailer.scs_ref,trailer_def.scs.box.single_3.reefer,33,1,0
69786,_nameless.1de.45df.9280,eviksi,liepaja,sanbuilders,warszawa,2,635,0,0,ter_forklift,volvo_fh2012_4x2_420,trailer.scs_flat_b,trailer_def.scs.flatbed.single_3.flatbed_w,2,1,0
69786,_nameless.1de.45df.9350,eviksi,liepaja,kaarfor,poznan,2,756,0,0,carrots,scania_s2016_4x2_high_590,trailer.kasbhr_sbt,trailer_def.kassbohrer.sbt.single_3_13.dryvan,34,1,0
69786,_nameless.1de.45df.9420,costruzi_win,palermo,marmo,sassari,2,288,720,778,mob_stacker,"""heavy/scania_r_6x4_top_730""",trailer.scs_lowbed41,trailer_def.scs.lowbed.single_41_ln.long,1,1,0
69786,_nameless.1de.45df.95c0,costruzi_win,palermo,vitas_pwr_co,sevilla,1,708,1557,1788,forklifts,iveco_sway_4x2_580,trailer.kasbhr_sla,trailer_def.kassbohrer.sla.single_3_sh.lowbed,3,1,0
69786,_nameless.1de.45df.9de0,huerta,huelva,log_atlan,sevilla,2,186,0,0,grapes,"""double/volvo_fh16_4x2_700""",trailer.scs_ref_2,trailer_def.scs.box.double_3_2.reefer,52,1,0
69786,_nameless.1de.45df.a120,huerta,huelva,mvm_carriere,bastia,1,1252,930,1182,volvo_bucket,renault_premium_6x4_a,trailer.scs_lowlowd4,trailer_def.scs.lowloader.single_4_sh.short,1,1,0
69786,_nameless.1de.45df.a390,huerta,huelva,app,zaragoza,1,898,0,0,kr_stc1370,volvo_fh2024_6x2_500,trailer.scs_lowlow4e,trailer_def.scs.lowloader.single_4_ln.long,1,1,0
69786,_nameless.1de.45df.d520,marina,bonifacio,marina,cagliari,0,395,210,355,yacht,renault_premium_6x2_a,trailer.scs_lowbed_3,trailer_def.scs.lowbed.single_3.short,1,1,0
69786,_nameless.1de.45df.d5f0,rock_eater,brasov,brawen,bucuresti,2,312,0,0,mob_stacker,"""heavy/daf_xd""",trailer.scs_lowbed41,trailer_def.scs.lowbed.single_41_ln.long,1,1,0
69786,_nameless.1de.45df.da00,rock_eater,brasov,rock_eater,kragujevac,2,660,0,0,roller,iveco_sway_4x2_460,trailer.kasbhr_sll,trailer_def.kassbohrer.sll.single_3_sh.low,1,1,0
69786,_nameless.1de.45df.c820,domdepo_ru,pleven,dobr_ferm_bg,karlovo,0,161,0,0,sawpanels,mercedes_4x2,trailer.scs_curt,trailer_def.scs.box.single_3.curtain,33,1,0
69786,_nameless.1de.45df.d930,domdepo_ru,pleven,cemelt_fl_ru,sofia,0,209,0,0,concr_beams2,man_tgx_euro6_6x4_xlx,trailer.profilinehd,trailer_def.krone.profilinerhd.single_3.flatbed,2,1,0
69786,_nameless.1de.45df.e150,domdepo_ru,pleven,tradeaux,budapest,2,808,0,0,metal_beams,mercedes_actros_2014_6x4_b,trailer.profilinehd,trailer_def.krone.profilinerhd.single_3.flatbed,1,1,0
69786,_nameless.1de.45df.e560,domdepo_ru,pleven,betunia,zadar,2,1215,0,0,iron_pipes,scania_r2016_6x2_high_460,trailer.scs_log,trailer_def.scs.log.single_3.steel,28,1,0
69786,_nameless.1de.45df.e2f0,stokes,warszawa,tradeaux,klagenfurt,0,873,0,0,windml_tube,daf_xf_euro6_4x2_b,trailer.kasbhr_sla,trailer_def.kassbohrer.sla.single_3_sh.lowbed,1,1,0
69786,_nameless.1de.45df.e3c0,stokes,warszawa,rosmark,liepaja,2,647,0,0,mondeos,man_tgx_euro6_6x4_xlx,trailer.car_trans,trailer_def.mondeos.car_trans,100,1,0
69786,_nameless.1de.45df.b980,konstnr_hs,steinkjer,nord_sten,jonkoping,1,1137,0,0,volvo_bucket,renault_magnum_6x2_a,trailer.scs_lowlow2e,trailer_def.scs.lowloader.single_2_ln.long,1,1,0
69786,_nameless.1de.45df.d110,konstnr_hs,steinkjer,cemelt_win,liepaja,0,1078,510,1110,ter_forklift,scania_streamline_4x2_norm_380,trailer.scs_flat_b,trailer_def.scs.flatbed.single_3.flatbed_w,2,1,0
69786,_nameless.1de.45df.c680,konstnr_hs,steinkjer,ms_stein,trondheim,2,247,0,0,jcb_pw125qe,iveco_6x2_a,trailer.profilinehd,trailer_def.krone.profilinerhd.single_3.flatbed,24,1,0
69786,_nameless.1de.45df.e630,acc,madrid,exomar,guarda,2,534,0,0,seal_bearing,"""double/man_tgx_2020""",trailer.profiline17d,trailer_def.krone.profiliner.double_3_2.curtain,52,1,0
69786,_nameless.1de.45df.c750,acc,madrid,domdepo,burgos,1,302,0,0,iron_pipes,daf_xf_euro6_4x2_a,trailer.scs_log,trailer_def.scs.log.single_3.steel,28,1,0
69786,_nameless.1de.45df.d790,posped,london,stokes,plymouth,1,393,0,0,prosciutto,mercedes_6x2_b,trailer.scs_ref,trailer_def.scs.box.single_3.reefer,33,1,0
69786,_nameless.1de.45df.e700,posped,london,nucleon,alban,1,962,35,300,jcb_g100rs,mercedes_4x2_a,trailer.profilinehd,trailer_def.krone.profilinerhd.single_3.flatbed,4,1,0
69786,_nameless.1de.45df.e7d0,rt_log,travemunde,sanbuild_hms,mannheim,0,610,0,0,jcb_exc245xr,"""heavy/mercedes_6x4""",trailer.scs_lowbed_3,trailer_def.scs.lowbed.single_3.short,1,1,0
69786,_nameless.1de.45df.cdd0,rt_log,travemunde,brawen,ljubljana,1,1199,0,0,polyst_box,man_6x4_b,trailer.scs_dry_a,trailer_def.scs.box.single_3.dryvan,33,1,0
69786,_nameless.1de.45df.bcc0,rt_log,travemunde,nord_crown,stavanger,0,721,195,1052,olives,daf_4x2_a,trailer.scs_curt,trailer_def.scs.box.single_3.curtain,33,1,0
69786,_nameless.1de.45df.be60,stokes,dijon,itcc,luxembourg,1,337,0,0,motor_oil_c,daf_xf_euro6_6x2_a,trailer.krone.boxliner220,trailer_def.krone.boxliner.single_3_220.container,30,1,0
69786,_nameless.1de.45df.dee0,stokes,dijon,eurogoodies,leipzig,0,970,0,0,chocolate,daf_xf_euro6_6x2_a,trailer.scs_dry_a,trailer_def.scs.box.single_3.dryvan,30,1,0
69786,_nameless.1de.45df.cc30,itcc,glasgow,lkwlog,manchester,0,371,0,0,empty_spool,daf_xf_4x2_370,trailer.profilinehd,trailer_def.krone.profilinerhd.single_3.flatbed,4,1,0
69786,_nameless.1de.45df.e970,itcc,glasgow,konstnr_hs,helsingborg,0,872,1140,1314,concr_stair,man_6x4_b,trailer.profilinehd,trailer_def.krone.profilinerhd.single_3.flatbed,3,1,0
69786,_nameless.1de.45df.bb20,itcc,glasgow,ms_stein,oslo,0,1076,1335,2366,jcb_exc245xr,"""heavy/scania_r2016_8x4_high_730""",trailer.kasbhr_slle,trailer_def.kassbohrer.sll.single_3_ln.low,1,1,0
69786,_nameless.1de.45df.ea40,sag_tre,steinkjer,renar,dombas,0,348,0,0,jcb_mexc19ce,volvo_fh2021_4x2_750,trailer.profilinehd,trailer_def.krone.profilinerhd.single_3.flatbed,3,1,0
69786,_nameless.1de.45df.eb10,sag_tre,steinkjer,lintukainen,kuusamo,2,1184,0,0,ter_forklift,scania_r2016_4x2_norm_370,trailer.scs_flat_b,trailer_def.scs.flatbed.single_3.flatbed_w,2,1,0
69786,_nameless.1de.45df.c8f0,sag_tre,steinkjer,agronord,mo_i_rana,0,354,0,0,wood_bark,man_tgx_euro6_4x2_xxl,trailer.scs_dumper,trailer_def.scs.dumper.single_3.steel,27,1,0
69786,_nameless.1de.45df.bf30,sag_tre,steinkjer,norrsken,hamar,2,544,0,0,tractors,daf_xd25,trailer.scs_lowbed_4,trailer_def.scs.lowbed.single_4_sh.short,1,1,0
69786,_nameless.1de.45df.bbf0,sag_tre,steinkjer,sanbuild_hms,skelleftea,0,734,0,0,jcb_exc245xr,"""heavy/daf_xd""",trailer.scs_lowbed41,trailer_def.scs.lowbed.single_41_ln.long,1,1,0
69786,_nameless.1de.45df.dba0,sag_tre,steinkjer,agronord,mo_i_rana,0,354,0,0,wooden_beams,scania_streamline_6x4_top_480,trailer.scs_log,trailer_def.scs.log.single_3.steel,2,1,0
69786,_nameless.1de.45df.b7e0,trameri,brno,tradeaux,olsztyn,0,671,0,0,sandwch_pnls,scania_streamline_4x2_norm_380,trailer.scs_curt_s,trailer_def.scs.box.single_3.curtain,33,1,0
69786,_nameless.1de.45df.c4e0,trameri,brno,ika_bohag,beograd,0,744,0,0,forklifts,daf_6x2_a,trailer.scs_lowbed_3,trailer_def.scs.lowbed.single_3.short,4,1,0
69786,_nameless.1de.45df.ca90,trameri,brno,gnt,kalmar,0,1174,105,404,emptytank,iveco_6x2_a,trailer.profilinehd,trailer_def.krone.profilinerhd.single_3.flatbed,1,1,0
69786,_nameless.1de.45df.cb60,ika_bohag,haparanda,norrsken,orebro,0,790,0,0,used_packag,daf_xg_4x2_450,trailer.scs_dry_ms,trailer_def.scs.box.single_3.dryvan_m,33,1,0
69786,_nameless.1de.45df.b8b0,ika_bohag,haparanda,sal_fi,oulu,1,103,0,0,pot_flowers,man_4x2_c,trailer.scs_ref_a,trailer_def.scs.box.single_3.reefer,33,1,0
69786,_nameless.1de.45df.c000,ika_bohag,haparanda,renor,kiruna,1,333,0,0,empty_palet,daf_xf_euro6_4x2_a,trailer.drylineret,trailer_def.krone.edryliner.single_3.dryvan,33,1,0
69786,_nameless.1de.45df.dc70,cesta_sl,salamanca,chimi,larochelle,0,977,0,0,empty_palet,renault_t_4x2,trailer.scs_curt_s,trailer_def.scs.box.single_3.curtain,33,1,0
69786,_nameless.1de.45df.cd00,cesta_sl,salamanca,trans_cab,lisboa,0,371,0,0,used_plast_c,volvo_fh2012_6x2_500,trailer.krone.boxliner220,trailer_def.krone.boxliner.single_3_220.container,30,1,0
69786,_nameless.1de.45df.cea0,cesta_sl,salamanca,eolo_lines,lile_rousse,2,969,930,1182,used_packag,scania_r2016_6x4_high_660,trailer.scs_dry_m,trailer_def.scs.box.single_3.dryvan_m,33,1,0
69786,_nameless.1de.45df.d1e0,cesta_sl,salamanca,eolo_lines,palermo,2,763,1557,1788,used_plast,scania_r_6x4_top_620,trailer.scs_dry_s,trailer_def.scs.box.single_3.dryvan,33,1,0
69786,_nameless.1de.45df.d2b0,ika_bohag,aalborg,kaarfor,kiel,1,384,0,0,pot_flowers,mercedes_4x2,trailer.scs_ins_s,trailer_def.scs.box.single_3.insulated,33,1,0
69786,_nameless.1de.45df.e080,ika_bohag,aalborg,polar_fish,goteborg,1,146,195,677,empty_palet,scania_streamline_4x2_norm_380,trailer.scs_dry_m,trailer_def.scs.box.single_3.dryvan_m,33,1,0
69786,_nameless.1de.45df.c340,sal,livorno,euroacres,torino,1,392,0,0,wooden_beams,mercedes_actros_2014_4x2_a,trailer.scs_dry_ms,trailer_def.scs.box.single_3.dryvan_m,2,1,0
69786,_nameless.1de.45df.d380,sal,livorno,stokes,tirana,2,785,540,420,jcb_mexc19ce,daf_xd_1,trailer.scs_flat_b,trailer_def.scs.flatbed.single_3.flatbed_w,3,1,0
69786,_nameless.1de.45df.f190,sag_tre,oslo,freyr,aalborg,1,400,195,1052,wood_bark,mercedes_4x2_a,trailer.scs_dumper,trailer_def.scs.dumper.single_3.steel,27,1,0
69786,_nameless.1de.45df.f9b0,sag_tre,oslo,nch,turku,1,727,540,1170,wood_chipper,"""heavy/volvo_fh16_6x4_750""",trailer.kasbhr_slle,trailer_def.kassbohrer.sll.single_3_ln.low,1,1,0
69786,_nameless.1de.45df.ee50,sag_tre,oslo,dfh,bremen,0,868,195,1052,tractor,renault_t_6x2,trailer.kasbhr_sla,trailer_def.kassbohrer.sla.single_3_sh.lowbed,1,1,0
69786,_nameless.1de.45df.fa80,sag_tre,oslo,viljo_paper,kouvola,2,1072,540,1170,logs,daf_xf_euro6_4x2_a,trailer.scs_log,trailer_def.scs.log.single_3.steel,32,1,0
69786,_nameless.1de.45df.fdc0,sag_tre,oslo,borealis,bodo,0,1326,0,0,wooden_beams,mercedes_actros_2014_6x2_a,trailer.scs_log,trailer_def.scs.log.single_3.steel,2,1,0
69786,_nameless.1de.45e0.1b00,euroacres,bialystok,rt_log,bern,0,1520,0,0,ffb_eut35,iveco_4x2_b,trailer.ffb_eut35,trailer_def.ffb_eut35.ffb_eut35,100,1,0
69786,_nameless.1de.45df.ed80,euroacres,bialystok,norrsken,orebro,0,799,510,1110,straw_bales,daf_xd_2,trailer.scs_curt_s,trailer_def.scs.box.single_3.curtain,6,1,0
69786,_nameless.1de.45df.f260,ns_oil_ru,kaliningrad,rt_log,graz,1,1116,0,0,ethane,daf_xd25,trailer.scs_gastank,trailer_def.scs.gastank.single_3.gastank,40,1,0
69786,_nameless.1de.45e0.0100,ns_oil_ru,kaliningrad,timberturtle,brasov,2,1544,0,0,lpg_t,daf_xg_4x2_450,trailer.scs_gastank,trailer_def.scs.gastank.single_3.gastank,40,1,0
69786,_nameless.1de.45e0.17c0,ns_oil_ru,kaliningrad,ibp,mazeikiai,0,362,0,0,motor_oil_c,iveco_4x2_a,trailer.scs_gosck220,trailer_def.scs.gooseneck.singl_3e_220.container,30,1,0
69786,_nameless.1de.45e0.1890,ns_oil_ru,kaliningrad,nord_sten,kalmar,1,460,630,790,fueltanker,scania_s2016_6x2_high_460,trailer.scs_gosck220,trailer_def.scs.gooseneck.singl_3e_220.container,80,1,0
69786,_nameless.1de.45e0.1e40,marina,cagliari,globeur,bourges,0,976,720,827,large_cont,daf_xf_euro6_6x2_a,trailer.scs_lowbed_3,trailer_def.scs.lowbed.single_3.short,27,1,0
69786,_nameless.1de.45e0.1480,comoto,valladolid,bhv,toulouse,1,685,0,0,car_balt2,volvo_fh2024_4x2_780,trailer.van_trans,trailer_def.car_balt2.van_trans,100,1,0
69786,_nameless.1de.45e0.0920,comoto,valladolid,chimi,larochelle,0,772,0,0,contamin,volvo_fh2012_6x2_500,trailer.krone.boxliner220,trailer_def.krone.boxliner.single_3_220.container,80,1,0
69786,_nameless.1de.45e0.0ed0,comoto,valladolid,app,ciudad_real,2,428,0,0,mobile_crane,"""heavy/renault_t_6x4""",trailer.kasbhr_slle,trailer_def.kassbohrer.sll.single_3_ln.low,1,1,0
69786,_nameless.1de.45e0.02a0,comoto,valladolid,log_atlan,almeria,0,753,0,0,empty_palet,scania_r_4x2_top_480,trailer.dryliner17,trailer_def.krone.dryliner.single_3.dryvan,33,1,0
69786,_nameless.1de.45e0.1550,comoto,valladolid,vitas_pwr,pamplona,1,406,0,0,ibc_cont,"""double/volvo_fh2024_4x2_780""",trailer.scs_dry_b2,trailer_def.scs.box.bdouble_3_3.dryvan,52,1,0
69786,_nameless.1de.45e0.1620,comoto,valladolid,cantera,burgos,2,151,0,0,jcb_th540180,scania_s2016_6x2_high_460,trailer.kasbhr_slle,trailer_def.kassbohrer.sll.single_3_ln.low,1,1,0
69786,_nameless.1de.45df.f330,balkan_loco,ruse,sanbuilders,salzburg,1,1379,0,0,oil,renault_premium_6x2_a,trailer.scs_fueltank,trailer_def.scs.fueltank.single_3.fueltank,28,1,0
69786,_nameless.1de.45e0.1bd0,balkan_loco,ruse,itcc,ostrava,0,1353,0,0,lpg,renault_premium_6x4_a,trailer.kasbhr_shg20,trailer_def.kassbohrer.shg.singl_3e_20.container,40,1,0
69786,_nameless.1de.45e0.0d30,exomar,burgos,app,madrid,1,310,0,0,yogurt,iveco_4x2_a,trailer.coolliner17,trailer_def.krone.coolliner.single_3.reefer,33,1,0
69786,_nameless.1de.45e0.0fa0,exomar,burgos,trans_cab,santander,0,219,0,0,diesel_gen,volvo_fh2012_6x2_500,trailer.scs_dry_m,trailer_def.scs.box.single_3.dryvan_m,33,1,0
69786,_nameless.1de.45df.fc20,exomar,burgos,exomar,cordoba,2,676,0,0,vans_vt,man_tgx_2020_6x2,trailer.truck_trans,trailer_def.vans_vt.truck_trans,100,1,0
69786,_nameless.1de.45e0.16f0,exomar,burgos,ocean_sol,gijon,0,385,0,0,train_part2,daf_6x2_a,trailer.scs_flat_b,trailer_def.scs.flatbed.single_3.flatbed_w,3,1,0
69786,_nameless.1de.45e0.0370,vitas_pwr,ciudad_real,log_atlan,albacete,0,191,0,0,windml_tube,scania_s_2024e,trailer.scs_lowlowd2,trailer_def.scs.lowloader.single_2_sh.short,1,1,0
69786,_nameless.1de.45e0.0440,vitas_pwr,ciudad_real,wilnet_trans,porto_vecchi,0,822,930,1182,empty_palet,renault_premium_4x2_a,trailer.scs_curt_s,trailer_def.scs.box.single_3.curtain,33,1,0
69786,_nameless.1de.45e0.0780,ika_bohag,stavanger,polarislines,hirtshals,0,188,195,1052,used_packag,daf_xgp25_4x2_530,trailer.scs_curt_a,trailer_def.scs.box.single_3.curtain,33,1,0
69786,_nameless.1de.45df.ebe0,ika_bohag,stavanger,nord_crown,aarhus,1,390,195,1052,empty_palet,scania_r_6x2_high_500,trailer.scs_dry_a,trailer_def.scs.box.single_3.dryvan,33,1,0
69786,_nameless.1de.45df.fcf0,ika_bohag,stavanger,polarislines,goteborg,1,261,390,1729,pot_flowers,mercedes_4x2_b,trailer.scs_ref_s,trailer_def.scs.box.single_3.reefer,33,1,0
69786,_nameless.1de.45e0.1d70,tradeaux,prague,polarislines,stavanger,2,1305,195,1052,plums,volvo_fh2021_4x2_750,trailer.scs_ref_a,trailer_def.scs.box.single_3.reefer,33,1,0
69786,_nameless.1de.45e0.1f10,tradeaux,prague,dfh,hamburg,0,565,0,0,furniture,mercedes_4x2_b,trailer.scs_curt,trailer_def.scs.box.single_3.curtain,33,1,0
69786,_nameless.1de.45e0.0e00,tradeaux,prague,eurogoodies,berlin,1,296,0,0,pnut_butter,iveco_4x2_c,trailer.scs_dry,trailer_def.scs.box.single_3.dryvan,33,1,0
69786,_nameless.1de.45df.fe90,domdepo,timisoara,cargotras,pescara,2,1549,0,0,concr_cent,mercedes_actros_2014_4x2_c,trailer.scs_flat_b,trailer_def.scs.flatbed.single_3.flatbed_w,7,1,0
69786,_nameless.1de.45df.f400,domdepo,timisoara,balkan_loco,maribor,1,649,0,0,lumber,mercedes_4x2_a,trailer.profilinehd,trailer_def.krone.profilinerhd.single_3.flatbed,3,1,0
69786,_nameless.1de.45e0.05e0,domdepo,timisoara,domdepo,iasi,0,599,0,0,marb_blck,man_tgx_euro6_6x4_xlx,trailer.scs_flat_b,trailer_def.scs.flatbed.single_3.flatbed_w,2,1,0
69786,_nameless.1de.45e0.0b90,domdepo,timisoara,balkan_loco,pleven,0,609,0,0,logs,man_tgx_2020_4x2,trailer.scs_log,trailer_def.scs.log.single_3.steel,32,1,0
69786,_nameless.1de.45e0.1070,eolo_lines,huelva,eppa,porto,1,641,0,0,garlic,man_4x2_a,trailer.kasbhr_scs,trailer_def.kassbohrer.scs.single_3_13.curtain,34,1,0
69786,_nameless.1de.45df.ef20,eolo_lines,huelva,eurogoodies,plymouth,0,1027,1076,1172,carb_water,scania_r2016_4x2_norm_370,trailer.scs_curt_a,trailer_def.scs.box.single_3.curtain,32,1,0
69786,_nameless.1de.45e0.1140,eolo_lines,huelva,rt_log,madrid,1,622,0,0,furniture,renault_premium_6x2_a,trailer.dryliner17,trailer_def.krone.dryliner.single_3.dryvan,33,1,0
69786,_nameless.1de.45df.f4d0,eolo_lines,huelva,log_atlan,leon,0,784,0,0,potatoes,volvo_fh2024_4x2_420,trailer.scs_dry_a,trailer_def.scs.box.single_3.dryvan,33,1,0
69786,_nameless.1de.45df.ecb0,dans_jardin,marseille,renar,calvi,0,389,840,1193,frsh_herbs,renault_magnum_4x2_a,trailer.scs_ins,trailer_def.scs.box.single_3.insulated,33,1,0
69786,_nameless.1de.45e0.0c60,dans_jardin,marseille,cesta_sl,madrid,1,1201,0,0,onion,renault_premium_6x4_a,trailer.kasbhr_shg45,trailer_def.kassbohrer.scs.single_3_13.curtain,34,1,0
69786,_nameless.1de.45e0.0850,dans_jardin,marseille,fui,firenze,0,741,0,0,kr_gx520,iveco_sway_4x2_580,trailer.kasbhr_slle,trailer_def.kassbohrer.sll.single_3_ln.low,1,1,0
69786,_nameless.1de.45df.ff60,dans_jardin,marseille,rt_log,graz,2,1185,0,0,beans,daf_xg_4x2_450,trailer.scs_curt_a,trailer_def.scs.box.single_3.curtain,33,1,0
69786,_nameless.1de.45e0.1210,borealis,svolvaer,renar,dombas,0,1023,150,132,ibc_cont,renault_t_4x2,trailer.scs_curt,trailer_def.scs.box.single_3.curtain,33,1,0
69786,_nameless.1de.45df.f0c0,borealis,svolvaer,renor,mo_i_rana,0,360,150,132,empty_palet,man_tgx_euro6_4x2_xxl,trailer.scs_dry_s,trailer_def.scs.box.single_3.dryvan,33,1,0
69786,_nameless.1de.45df.f810,dans_jardin,nantes,kaarfor,strasbourg,0,985,0,0,young_seed,mercedes_actros_2014_6x2_a,trailer.scs_curt_a,trailer_def.scs.box.single_3.curtain,33,1,0
69786,_nameless.1de.45e0.06b0,dans_jardin,nantes,tradeaux,brest,0,331,0,0,rice,daf_xd_1,trailer.dryliner17,trailer_def.krone.dryliner.single_3.dryvan,33,1,0
69786,_nameless.1de.45df.f8e0,dans_jardin,nantes,eolo_lines,marseille,0,1057,0,0,cont_trees,daf_xd,trailer.scs_ins_s,trailer_def.scs.box.single_3.insulated,33,1,0
69786,_nameless.1de.45e0.09f0,lisette_log,larochelle,cnp,ancona,1,1581,0,0,boric_acid,mercedes_actros_2014_4x2_b,trailer.scs_dry_s,trailer_def.scs.box.single_3.dryvan,33,1,0
69786,_nameless.1de.45e0.2db0,lisette_log,larochelle,lisette_log,paris,0,559,0,0,straw_bales,scania_r_4x2_norm_360,trailer.kasbhr_scs,trailer_def.kassbohrer.scs.single_3_13.curtain,6,1,0
69786,_nameless.1de.45e0.2250,lisette_log,larochelle,tradeaux,dusseldorf,1,1151,0,0,concr_beams,"""heavy/daf_6x4""",trailer.scs_lowlow4e,trailer_def.scs.lowloader.single_4_ln.long,1,1,0
69786,_nameless.1de.45e0.24c0,lisette_log,larochelle,transinet,southampton,2,943,35,300,chicken_meat,daf_xgp25_4x2_530,trailer.scs_ins_a,trailer_def.scs.box.single_3.insulated,33,1,0
69786,_nameless.1de.45e0.23f0,rock_eater,constanta,rock_eater,galati,2,163,30,65,jcb_th540180,scania_r_6x4_top_620,trailer.scs_lowbed_4,trailer_def.scs.lowbed.single_4_sh.short,1,1,0
69786,_nameless.1de.45e0.2e80,batisse_base,calvi,rt_log,zaragoza,1,326,930,1182,mat_handler,"""heavy/man_6x4""",trailer.scs_lowlow4e,trailer_def.scs.lowloader.single_4_ln.long,1,1,0
69786,_nameless.1de.45e0.3910,batisse_base,calvi,quarry,lyon,0,540,840,1193,jcb_exc245xr,"""heavy/scania_s2016_6x4_high_730""",trailer.scs_lowbed_4,trailer_def.scs.lowbed.single_4_sh.short,1,1,0
69786,_nameless.1de.45e0.2180,nord_crown,orebro,posped,carlisle,1,1185,1140,1314,beverages,volvo_fh16_4x2_420,trailer.scs_ref,trailer_def.scs.box.single_3.reefer,30,1,0
69786,_nameless.1de.45e0.39e0,nord_crown,orebro,gnt,kalmar,2,368,0,0,nonalco_beer,"""double/man_euro6_4x2_xxl""",trailer.scs_dry_b2,trailer_def.scs.box.bdouble_3_3.dryvan,52,1,0
69786,_nameless.1de.45e0.3ab0,nord_crown,orebro,sellplan,olsztyn,1,769,510,1110,pet_food,volvo_fh2021_4x2_750,trailer.kasbhr_shg45,trailer_def.kassbohrer.scs.single_3_13.curtain,34,1,0
69786,_nameless.1de.45e0.3f90,nord_crown,orebro,renar,kristiansund,2,834,40,46,canned_beans,daf_4x2_a,trailer.scs_dry_m,trailer_def.scs.box.single_3.dryvan_m,33,1,0
69786,_nameless.1de.45e0.4d60,nord_crown,orebro,blt_yacht,riga,0,291,510,1110,large_cont,scania_streamline_4x2_top_560,trailer.profilinehd,trailer_def.krone.profilinerhd.single_3.flatbed,33,1,0
69786,_nameless.1de.45e0.46e0,trameri,budapest,dunavia,osijek,1,332,0,0,empty_barr,daf_xgp_4x2_530,trailer.kasbhr_shg45,trailer_def.kassbohrer.scs.single_3_13.curtain,34,1,0
69786,_nameless.1de.45e0.4e30,trameri,budapest,balkan_loco,skopje,0,788,0,0,copp_rf_gutt,man_tgx_2020_6x2,trailer.kasbhr_shg45,trailer_def.kassbohrer.scs.single_3_13.curtain,34,1,0
69786,_nameless.1de.45e0.35d0,trameri,budapest,dunavia,osijek,2,332,0,0,scrap_metals,volvo_fh2012_4x2_420,trailer.scs_dumper,trailer_def.scs.dumper.single_3.steel,8,1,0
69786,_nameless.1de.45e0.4a20,rt_log,linz,lkwlog,brno,0,252,0,0,emp_wine_bot,man_tgx_euro6_6x4_xlx,trailer.scs_dry_s,trailer_def.scs.box.single_3.dryvan,33,1,0
69786,_nameless.1de.45e0.4950,rt_log,linz,stokes,maribor,0,302,0,0,mob_screener,"""heavy/man_6x4""",trailer.kasbhr_slle,trailer_def.kassbohrer.sll.single_3_ln.low,1,1,0
69786,_nameless.1de.45e0.4610,rt_log,linz,adrica,rijeka,2,572,0,0,scaffoldings,daf_xd,trailer.scs_curt_s,trailer_def.scs.box.single_3.curtain,33,1,0
69786,_nameless.1de.45e0.2590,stokes,wien,nucleon,paluel,0,1381,0,0,hipresstank,scania_r_4x2_norm_360,trailer.scs_flat_b,trailer_def.scs.flatbed.single_3.flatbed_w,8,1,0
69786,_nameless.1de.45e0.2f50,ttk_bg,sofia,sanbuilders,brno,0,1118,0,0,precast_strs,renault_premium_4x2_a,trailer.scs_dry_ms,trailer_def.scs.box.single_3.dryvan_m,32,1,0
69786,_nameless.1de.45e0.2c10,ttk_bg,sofia,posped,bratislava,1,969,0,0,lux_yacht,daf_xgp25_4x2_530,trailer.scs_lowbed_3,trailer_def.scs.lowbed.single_3.short,1,1,0
69786,_nameless.1de.45e0.3770,tdc_auto,santander,rt_log,zaragoza,0,342,0,0,car_ibe,volvo_fh2024_4x2_780,trailer.car_trans,trailer_def.car_ibe.car_trans,100,1,0
69786,_nameless.1de.45e0.3430,tdc_auto,santander,transinet,sheffield,1,453,1080,1176,mondeos,volvo_fh16_6x4_700,trailer.car_trans,trailer_def.mondeos.car_trans,100,1,0
69786,_nameless.1de.45e0.36a0,tdc_auto,santander,rt_log,zaragoza,2,342,0,0,car_f,daf_xd25,trailer.car_trans,trailer_def.car_f.car_trans,100,1,0
69786,_nameless.1de.45e0.4470,tdc_auto,santander,rt_log,zaragoza,1,342,0,0,car_balt2,daf_xf_euro6_6x2_a,trailer.van_trans,trailer_def.car_balt2.van_trans,100,1,0
69786,_nameless.1de.45e0.4af0,itcc_scrap,koln,rt_log,nurnberg,0,352,0,0,scrap_metals,man_tgx_euro6_4x2_xxl,trailer.scs_dumper,trailer_def.scs.dumper.single_3.steel,8,1,0
69786,_nameless.1de.45e0.3d20,itcc_scrap,koln,sal,terni,0,1431,0,0,crawler,"""heavy/man_tgx_2020_8x4""",trailer.scs_lowlow2e,trailer_def.scs.lowloader.single_2_ln.long,1,1,0
69786,_nameless.1de.45e0.3b80,itcc_scrap,koln,lkwlog,amsterdam,1,283,0,0,volvo_bucket,daf_xf_euro6_4x2_c,trailer.kasbhr_sll,trailer_def.kassbohrer.sll.single_3_sh.low,1,1,0
69786,_nameless.1de.45e0.3c50,ms_stein,trondheim,ns_chem_ru,luga,0,1316,570,1270,hipresstank,volvo_fh2024_4x2_420,trailer.scs_flat_b,trailer_def.scs.flatbed.single_3.flatbed_w,8,1,0
69786,_nameless.1de.45e0.29a0,ms_stein,trondheim,renor,dombas,0,225,0,0,jcb_th540180,scania_s2016_6x4_high_730,trailer.scs_lowlow2e,trailer_def.scs.lowloader.single_2_ln.long,1,1,0
69786,_nameless.1de.45e0.2660,ms_stein,trondheim,nch,tallinn,0,1014,570,1270,mob_crusher,"""heavy/daf_xgp_4x2_530""",trailer.kasbhr_sll,trailer_def.kassbohrer.sll.single_3_sh.low,1,1,0
69786,_nameless.1de.45e0.4060,posped,verona,te_logistica,firenze,2,241,0,0,carb_water,scania_s2016_4x2_high_590,trailer.dryliner17,trailer_def.krone.dryliner.single_3.dryvan,33,1,0
69786,_nameless.1de.45e0.28d0,posped,verona,exomar,bologna,2,203,0,0,train_part2,scania_s2016_6x2_high_460,trailer.scs_flat_b,trailer_def.scs.flatbed.single_3.flatbed_w,3,1,0
69786,_nameless.1de.45e0.2a70,posped,verona,cont_port_it,livorno,0,314,0,0,motor_oil_c,mercedes_4x2_c,trailer.scs_gosck40,trailer_def.scs.gooseneck.singl_3e_40.container,30,1,0
69786,_nameless.1de.45e0.4bc0,sanbuild_cem,pristina,stokes,wien,1,1017,0,0,mob_crusher,"""heavy/mercedes_6x4""",trailer.scs_lowlow4e,trailer_def.scs.lowloader.single_4_ln.long,1,1,0
69786,_nameless.1de.45e0.4540,sanbuild_cem,pristina,lkwlog,lodz,0,1319,0,0,digger500,scania_streamline_6x2_norm_440,trailer.kasbhr_sll,trailer_def.kassbohrer.sll.single_3_sh.low,1,1,0
69786,_nameless.1de.45e0.2ce0,sanbuild_cem,pristina,marina,durres,1,369,0,0,large_cont,mercedes_actros_2014_4x2_b,trailer.scs_lowbed41,trailer_def.scs.lowbed.single_41_ln.long,36,1,0
69786,_nameless.1de.45e0.4200,euroacres,geneve,transinet,torino,1,314,0,0,potatoes,mercedes_6x2_b,trailer.scs_curt,trailer_def.scs.box.single_3.curtain,33,1,0
69786,_nameless.1de.45e0.3df0,euroacres,geneve,tradeaux,klagenfurt,0,1083,0,0,grass_rolls,volvo_fh2024_6x2_500,trailer.scs_dry_s,trailer_def.scs.box.single_3.dryvan,33,1,0
69786,_nameless.1de.45e0.3020,balkan_loco,ljubljana,transinet,munchen,1,377,0,0,mob_tr_winch,"""heavy/scania_streamline_8x4_top_730""",trailer.scs_lowlowd4,trailer_def.scs.lowloader.single_4_sh.short,1,1,0
69786,_nameless.1de.45e0.4130,balkan_loco,ljubljana,lkwlog,duisburg,0,1017,0,0,carrots,volvo_fh16_4x2_420,trailer.scs_dry,trailer_def.scs.box.single_3.dryvan,33,1,0
69786,_nameless.1de.45e0.43a0,agregados,coimbra,trans_cab,barcelona,1,1218,0,0,bricks,renault_t_4x2,trailer.scs_brick_r,trailer_def.scs.flatbed.single_3.brick,32,1,0
69786,_nameless.1de.45e0.30f0,agregados,coimbra,exomar,evora,2,295,0,0,empty_spool,renault_t_4x2,trailer.scs_lowbed41,trailer_def.scs.lowbed.single_41_ln.long,4,1,0
69786,_nameless.1de.45e0.3290,krone,werlte,ai,nurnberg,2,588,0,0,hipresstank,renault_magnum_4x2_a,trailer.scs_flat_b,trailer_def.scs.flatbed.single_3.flatbed_w,8,1,0
69786,_nameless.1de.45e0.3500,krone,werlte,posped,rotterdam,0,337,0,0,mobile_crane,"""heavy/man_tgx_2020_8x4""",trailer.scs_lowbed41,trailer_def.scs.lowbed.single_41_ln.long,1,1,0
69786,_nameless.1de.45df.7200,krone,werlte,transinet,rotterdam,0,336,0,0,scrap_metals,mercedes_6x2_b,trailer.scs_dumper,trailer_def.scs.dumper.single_3.steel,8,1,0
69786,_nameless.1de.45df.5250,krone,werlte,euroacres,groningen,0,259,0,0,ter_forklift,scania_s2016_6x4_high_730,trailer.profilinehd,trailer_def.krone.profilinerhd.single_3.flatbed,2,1,0
69786,_nameless.1de.45df.77b0,rt_log,a_coruna,app,gijon,0,328,0,0,fuel_oil,mercedes_actros_2014_4x2_c,trailer.willig.fuel_cistern,trailer_def.scs.fueltank.single_3.fueltank,30,1,0
69786,_nameless.1de.45df.6500,rt_log,a_coruna,app,valencia,2,933,0,0,large_cont,man_tgx_2020_6x2,trailer.scs_lowbed_4,trailer_def.scs.lowbed.single_4_sh.short,27,1,0
69786,_nameless.1de.45df.7d60,rt_log,a_coruna,log_atlan,leon,2,375,0,0,diesel_gen,iveco_6x2_a,trailer.scs_curt,trailer_def.scs.box.single_3.curtain,33,1,0
69786,_nameless.1de.45df.6ec0,rt_log,a_coruna,lisette_log,ajaccio,1,1109,930,1182,protec_cloth,daf_xd25,trailer.dryliner17,trailer_def.krone.dryliner.single_3.dryvan,33,1,0
69786,_nameless.1de.45df.7e30,ladoga,turku,nch,tallinn,2,307,150,430,scrap_metals,volvo_fh16_4x2_540,trailer.scs_dumper,trailer_def.scs.dumper.single_3.steel,8,1,0
69786,_nameless.1de.45df.7bc0,ladoga,turku,nordic_ports,ornskoldsvik,2,388,300,680,empty_palet,"""double/daf_xgp_4x2_530""",trailer.profiline17d,trailer_def.krone.profiliner.double_3_2.curtain,52,1,0
69786,_nameless.1de.45df.6c50,ladoga,turku,nordic_ports,sundsvall,0,473,300,680,car_ibe,iveco_sway_4x2_500,trailer.car_trans,trailer_def.car_ibe.car_trans,100,1,0
69786,_nameless.1de.45df.6840,ladoga,turku,drekkar,umea,0,333,300,680,cable_reel,"""heavy/renault_6x4""",trailer.kasbhr_slle,trailer_def.kassbohrer.sll.single_3_ln.low,1,1,0
69786,_nameless.1de.45df.6290,ladoga,turku,renar,dombas,2,763,540,1170,jcb_th540180,renault_t_4x2,trailer.scs_lowbed_4,trailer_def.scs.lowbed.single_4_sh.short,1,1,0
69786,_nameless.1de.45df.72d0,ladoga,turku,nordic_ports,ornskoldsvik,2,388,300,680,car_balt2,scania_r_6x4_top_620,trailer.van_trans,trailer_def.car_balt2.van_trans,100,1,0
69786,_nameless.1de.45df.7880,low_field,constanta,tradeaux,pecs,2,1098,0,0,peas,daf_xf_euro6_6x2_a,trailer.scs_curt,trailer_def.scs.box.single_3.curtain,33,1,0
69786,_nameless.1de.45df.7c90,low_field,constanta,fallow,timisoara,1,781,0,0,square_baler,daf_xf_euro6_4x2_a,trailer.scs_lowbed_4,trailer_def.scs.lowbed.single_4_sh.short,1,1,0
69786,_nameless.1de.45df.5660,low_field,constanta,tras_med,bari,1,1176,570,745,cut_flowers,volvo_fh2012_6x2_500,trailer.scs_ref_a,trailer_def.scs.box.single_3.reefer,33,1,0
69786,_nameless.1de.45df.6910,exomar,roma,baltrak,tekirdag,0,1236,570,745,outdr_flr_tl,man_tgx_2020_6x2,trailer.scs_dry,trailer_def.scs.box.single_3.dryvan,32,1,0
69786,_nameless.1de.45df.6f90,exomar,roma,eolo_lines,lile_rousse,2,608,1050,1234,beans,scania_s2016_4x2_norm_370,trailer.kasbhr_shg45,trailer_def.kassbohrer.scs.single_3_13.curtain,34,1,0
69786,_nameless.1de.45df.7f00,exomar,roma,subse,osijek,0,1326,0,0,empty_palet,renault_t_4x2h,trailer.scs_curt_s,trailer_def.scs.box.single_3.curtain,33,1,0
69786,_nameless.1de.45df.59a0,exomar,roma,aluxion,mostar,0,517,600,315,cement,mercedes_6x4_a,trailer.ffb_eut35,trailer_def.feldbinder.eut.single_3_35.silo_35_3p,17,1,0
69786,_nameless.1de.45df.7fd0,exomar,roma,euroacres,geneve,1,938,0,0,kr_stc1370,renault_magnum_4x2_a,trailer.scs_lowlow4e,trailer_def.scs.lowloader.single_4_ln.long,1,1,0
69786,_nameless.1de.45df.80a0,exomar,roma,eolo_lines,napoli,0,264,0,0,diesel_gen,iveco_sway_4x2_460,trailer.scs_dry,trailer_def.scs.box.single_3.dryvan,33,1,0
69786,_nameless.1de.45df.5590,exomar,roma,te_logistica,cagliari,0,277,840,879,carbn_pwdr_c,renault_premium_4x2_c,trailer.kasbhr_shg40,trailer_def.kassbohrer.shg.singl_3e_40.container,30,1,0
69786,_nameless.1de.45df.8170,exomar,roma,posped,rotterdam,0,1591,0,0,caravans,mercedes_4x2_c,trailer.truck_trans,trailer_def.caravans.truck_trans,100,1,0
69786,_nameless.1de.45df.73a0,exomar,roma,cargotras,livorno,0,320,0,0,chem_sorb_c,renault_t_4x2,trailer.scs_gosck220,trailer_def.scs.gooseneck.singl_3e_220.container,30,1,0
69786,_nameless.1de.45df.7af0,exomar,roma,aaa,cagliari,1,277,840,879,mondeos,daf_xf_euro6_6x2_a,trailer.car_trans,trailer_def.mondeos.car_trans,100,1,0
69786,_nameless.1de.45df.4fe0,transinet,munchen,sanbuilders,krakow,2,763,0,0,digger500,iveco_4x2_b,trailer.kasbhr_sll,trailer_def.kassbohrer.sll.single_3_sh.low,1,1,0
69786,_nameless.1de.45df.7950,sal,terni,tras_med,roma,1,167,0,0,jcb_ft4220,scania_r2016_6x4_high_660,trailer.scs_lowlowd4,trailer_def.scs.lowloader.single_4_sh.short,1,1,0
69786,_nameless.1de.45df.5180,sal,terni,lisette_log,nice,2,722,0,0,jcb_pw125qe,volvo_fh2024_6x2_500,trailer.profilinehd,trailer_def.krone.profilinerhd.single_3.flatbed,24,1,0
69786,_nameless.1de.45df.5320,sal,terni,jastuk,kragujevac,1,1574,0,0,wooden_beams,scania_r2016_6x4_high_660,trailer.scs_log,trailer_def.scs.log.single_3.steel,2,1,0
69786,_nameless.1de.45df.6360,kivi,helsinki,nofeba,kuopio,0,318,0,0,sand,mercedes_6x4_a,trailer.scs_silo,trailer_def.scs.silo.single_3_10.silo,18,1,0
69786,_nameless.1de.45df.50b0,kivi,helsinki,severoatm_ru,sosnovy_bor,0,576,0,0,jcb_exc245xr,"""heavy/man_tgx_2020_8x4""",trailer.scs_lowlow4e,trailer_def.scs.lowloader.single_4_ln.long,1,1,0
69786,_nameless.1de.45df.5800,stokes,tuzla,brawen,banja_luka,2,178,0,0,yogurt,scania_r2016_6x4_high_660,trailer.coolliner17,trailer_def.krone.coolliner.single_3.reefer,33,1,0
69786,_nameless.1de.45df.53f0,stokes,tuzla,lkwlog,kosice,1,635,0,0,polyst_box,man_tgx_euro6_4x2_xxl,trailer.dryliner17,trailer_def.krone.dryliner.single_3.dryvan,33,1,0
69786,_nameless.1de.45df.7610,stokes,tuzla,transinet,ostrava,0,806,0,0,atl_cod_flt,man_tgx_euro6_4x2_xl,trailer.scs_ins_s,trailer_def.scs.box.single_3.insulated,33,1,0
69786,_nameless.1de.45df.8240,wilnet_trans,porto_vecchi,batisse_wind,larochelle,1,927,840,1193,mob_screener,"""heavy/man_tgx_2020_8x4""",trailer.kasbhr_slle,trailer_def.kassbohrer.sll.single_3_ln.low,1,1,0
69786,_nameless.1de.45df.5b40,wilnet_trans,porto_vecchi,fcp,leipzig,1,1343,840,1193,backfl_prev,volvo_fh2024_6x2_500,trailer.kasbhr_shg45,trailer_def.kassbohrer.scs.single_3_13.curtain,32,1,0
69786,_nameless.1de.45df.8310,wilnet_trans,porto_vecchi,batisse_hs,montpellier,2,246,840,1193,plast_pipes,mercedes_actros_2014_4x2_b,trailer.scs_flat_b,trailer_def.scs.flatbed.single_3.flatbed_w,4,1,0
69786,_nameless.1de.45df.58d0,wilnet_trans,porto_vecchi,sellplan,salzburg,0,1179,840,1193,nuts,scania_r2016_6x4_high_660,trailer.kasbhr_scs,trailer_def.kassbohrer.scs.single_3_13.curtain,34,1,0
69786,_nameless.1de.45df.54c0,wilnet_trans,porto_vecchi,tradeaux,toulouse,1,487,840,1193,carb_water,renault_premium_4x2_a,trailer.scs_curt,trailer_def.scs.box.single_3.curtain,33,1,0
69786,_nameless.1de.45df.5c10,wilnet_trans,porto_vecchi,tradeaux,nice,1,255,840,1193,fish_chips,iveco_h_4x2_a,trailer.coollineret,trailer_def.krone.ecoolliner.single_3.reefer,33,1,0
69786,_nameless.1de.45df.6430,marina,zadar,exomar,ancona,2,244,600,315,lux_yacht,daf_xf_electric,trailer.kasbhr_sla,trailer_def.kassbohrer.sla.single_3_sh.lowbed,1,1,0
69786,_nameless.1de.45df.5ce0,marina,zadar,marina,ancona,0,163,600,315,yacht,daf_xf_euro6_4x2_a,trailer.scs_lowbed_4,trailer_def.scs.lowbed.single_4_sh.short,1,1,0
69786,_nameless.1de.45df.76e0,kaarfor,ruse,subse,bijelo_polje,1,641,0,0,empty_palet,man_4x2_c,trailer.scs_dry_a,trailer_def.scs.box.single_3.dryvan,33,1,0
69786,_nameless.1de.45df.5e80,kaarfor,ruse,lognstick,tekirdag,0,470,0,0,used_plast,scania_streamline_6x2_norm_440,trailer.scs_curt_a,trailer_def.scs.box.single_3.curtain,33,1,0
69786,_nameless.1de.45df.65d0,kaarfor,ruse,balkan_loco,edirne,0,350,0,0,used_plast_c,volvo_fh2021_4x2_420,trailer.scs_gosck20,trailer_def.scs.gooseneck.singl_3e_20.container,15,1,0
69786,_nameless.1de.45df.5f50,batisse_road,lemans,iberatomica,almaraz,0,1414,0,0,dozer,"""heavy/volvo_fh2012_8x4_700""",trailer.scs_lowlowd4,trailer_def.scs.lowloader.single_4_sh.short,1,1,0
69786,_nameless.1de.45df.6020,quarry,zurich,stokes,poznan,1,1039,0,0,volvo_bucket,mercedes_4x2_b,trailer.kasbhr_sll,trailer_def.kassbohrer.sll.single_3_sh.low,1,1,0
69786,_nameless.1de.45df.6df0,quarry,zurich,tras_med,roma,1,945,0,0,digger1000,daf_xd,trailer.scs_lowbed_3,trailer_def.scs.lowbed.single_3.short,1,1,0
69786,_nameless.1de.45df.66a0,quarry,zurich,euroacres,brussel,0,763,0,0,emptytank,scania_s2016_6x2_high_460,trailer.profilinehd,trailer_def.krone.profilinerhd.single_3.flatbed,1,1,0
69786,_nameless.1de.45df.6b80,quarry,zurich,rt_log,rostock,0,1070,0,0,jcb_exc245xr,"""heavy/man_tgx_euro6_8x4_xlx""",trailer.scs_lowbed_4,trailer_def.scs.lowbed.single_4_sh.short,1,1,0
69786,_nameless.1de.45df.7060,radus,kouvola,gnt,alesund,0,1300,540,1170,metal_center,"""heavy/volvo_fh2012_8x4_700""",trailer.scs_lowlowd4,trailer_def.scs.lowloader.single_4_sh.short,1,1,0
69786,_nameless.1de.45df.7130,radus,kouvola,byggpro,kajaani,1,379,0,0,concr_stair,renault_magnum_6x2_a,trailer.profilinehd,trailer_def.krone.profilinerhd.single_3.flatbed,3,1,0
69786,_nameless.1de.1e01.81c0,radus,kouvola,renar,stavanger,2,1491,540,1170,mat_handler,"""heavy/renault_t_6x4""",trailer.scs_lowlow4e,trailer_def.scs.lowloader.single_4_ln.long,1,1,0
69786,_nameless.1de.1e01.8df0,ika_bohag,borlange,norr_food,karlskrona,1,582,0,0,pot_flowers,man_tgx_2020,trailer.scs_ins,trailer_def.scs.box.single_3.insulated,33,1,0
69786,_nameless.1de.1e01.7250,ika_bohag,borlange,pk_medved_ru,petersburg,0,597,570,1270,empty_palet,renault_t_4x2h,trailer.scs_dry_a,trailer_def.scs.box.single_3.dryvan,33,1,0
69786,_nameless.1de.1e01.8500,ika_bohag,borlange,renar,tallinn,0,270,570,1270,used_packag,scania_r_4x2_top_480,trailer.scs_dry_s,trailer_def.scs.box.single_3.dryvan,33,1,0
69786,_nameless.1de.1e01.85d0,severoatm_ru,sosnovy_bor,sal_fi,pori,2,534,150,430,volvo_a25g,"""heavy/man_tgx_2020_8x4""",trailer.scs_lowbed_4,trailer_def.scs.lowbed.single_4_sh.short,1,1,0
69786,_nameless.1de.1e01.96e0,severoatm_ru,sosnovy_bor,posped,katowice,0,1410,0,0,forklifts,volvo_fh2021_4x2_750,trailer.scs_lowbed_4,trailer_def.scs.lowbed.single_4_sh.short,3,1,0
69786,_nameless.1de.1e01.7590,nordic_ports,mo_i_rana,ibp,naantali,0,865,300,680,watertank,daf_xf_euro6_4x2_c,trailer.kasbhr_slle,trailer_def.kassbohrer.sll.single_3_ln.low,2,1,0
69786,_nameless.1de.1e01.86a0,nordic_ports,mo_i_rana,sal_fi,helsinki,0,958,300,680,packag_food,mercedes_6x2_b,trailer.scs_curt_a,trailer_def.scs.box.single_3.curtain,33,1,0
69786,_nameless.1de.1e01.7180,nordic_ports,mo_i_rana,borealis,svolvaer,2,360,150,132,iron_pipes,iveco_4x2_c,trailer.scs_log,trailer_def.scs.log.single_3.steel,28,1,0
69786,_nameless.1de.1e01.9470,nord_crown,bergen,norse_rail,narvik,2,1435,135,194,iced_coffee,"""double/iveco_sway_4x2_580""",trailer.scs_curt_2,trailer_def.scs.box.double_3_2.curtain,52,1,0
69786,_nameless.1de.1e01.8b80,nord_crown,bergen,renar,lillehammer,2,584,0,0,pasta,volvo_fh2024_6x2_500,trailer.scs_dry_a,trailer_def.scs.box.single_3.dryvan,33,1,0
69786,_nameless.1de.1e01.92d0,nord_crown,bergen,nord_crown,odense,0,887,195,1052,mozzarela,"""double/daf_xd""",trailer.scs_ins_2,trailer_def.scs.box.double_3_2.insulated,52,1,0
69786,_nameless.1de.1e01.7320,nord_crown,bergen,polarislines,ventspils,0,1070,510,1110,carb_water,man_4x2_a,trailer.kasbhr_sbt,trailer_def.kassbohrer.sbt.single_3_13.dryvan,30,1,0
69786,_nameless.1de.1e01.9540,nord_crown,bergen,kaarfor,magdeburg,0,1263,195,1052,sausages,daf_xd,trailer.scs_ins_s,trailer_def.scs.box.single_3.insulated,33,1,0
69786,_nameless.1de.1e01.80f0,konstnr_wind,linkoping,sal_fi,joensuu,1,876,540,1170,mob_screener,"""heavy/volvo_fh2021_6x4_540""",trailer.scs_lowlow4e,trailer_def.scs.lowloader.single_4_ln.long,1,1,0
69786,_nameless.1de.1e01.93a0,ika_bohag,malmo,sellplan,prague,0,769,105,404,pot_flowers,mercedes_4x2_b,trailer.scs_ins,trailer_def.scs.box.single_3.insulated,33,1,0
69786,_nameless.1de.1e01.7ce0,ika_bohag,malmo,nordic_ports,mo_i_rana,1,1535,0,0,used_packag,daf_4x2_a,trailer.scs_curt,trailer_def.scs.box.single_3.curtain,33,1,0
69786,_nameless.1de.1e01.8f90,ika_bohag,malmo,balkan_loco,maribor,1,1312,105,404,empty_palet,daf_xd_1,trailer.profiliner17,trailer_def.krone.profiliner.single_3.curtain,33,1,0
69786,_nameless.1de.1e01.8c50,fcp,poznan,tradeaux,krakow,2,395,0,0,vans_vt,man_tgx_2020,trailer.truck_trans,trailer_def.vans_vt.truck_trans,100,1,0
69786,_nameless.1de.1e01.9200,fcp,poznan,wgcc,rotterdam,1,895,0,0,contamin,daf_xf_euro6_6x4_c,trailer.scs_gosck20,trailer_def.scs.gooseneck.singl_3e_20.container,40,1,0
69786,_nameless.1de.1e01.9c90,dans_jardin,bourges,transinet,torino,2,763,0,0,square_baler,mercedes_6x2_b,trailer.scs_lowlow2e,trailer_def.scs.lowloader.single_2_ln.long,1,1,0
69786,_nameless.1de.1e01.9610,dans_jardin,bourges,transinet,cambridge,2,713,35,300,wheat,scania_streamline_4x2_norm_380,trailer.ffb_eut35,trailer_def.feldbinder.eut.single_3_35.silo_35_3p,35,1,0
69786,_nameless.1de.1e01.7db0,dans_jardin,bourges,globeur,rennes,1,395,0,0,garlic,daf_xgp_4x2_530,trailer.kasbhr_sbt,trailer_def.kassbohrer.sbt.single_3_13.dryvan,34,1,0
69786,_nameless.1de.1e01.9880,dans_jardin,bourges,kaarfor,nice,2,801,0,0,cauliflower,iveco_4x2_c,trailer.scs_curt,trailer_def.scs.box.single_3.curtain,33,1,0
69786,_nameless.1de.1e01.7f50,fle,kobenhavn,kaarfor,amsterdam,2,823,0,0,caviar,daf_xf_euro6_6x2_a,trailer.scs_ref,trailer_def.scs.box.single_3.reefer,33,1,0
69786,_nameless.1de.1e01.9d60,fle,kobenhavn,posped,lublin,0,984,105,404,olive_tree,volvo_fh2024_4x2_780,trailer.scs_brick_r,trailer_def.scs.flatbed.single_3.brick,1,1,0
69786,_nameless.1de.1e01.7730,fle,kobenhavn,trameri,liverpool,1,532,1140,1314,empty_spool,iveco_6x2_a,trailer.kasbhr_sla,trailer_def.kassbohrer.sla.single_3_sh.lowbed,3,1,0
69786,_nameless.1de.1e01.9fd0,low_field,galati,shuttle,salzburg,1,1588,0,0,carrots_c,iveco_4x2_b,trailer.krone.boxliner40,trailer_def.krone.boxliner.single_3_40.container,30,1,0
69786,_nameless.1de.1e01.9130,sellplan,venezia,icaria,kavala,0,1597,0,0,used_plast,daf_xd25,trailer.scs_dry_a,trailer_def.scs.box.single_3.dryvan,33,1,0
69786,_nameless.1de.1e01.7a70,sellplan,venezia,exomar,ancona,1,375,0,0,empty_palet,renault_premium_6x2_a,trailer.profiliner17,trailer_def.krone.profiliner.single_3.curtain,33,1,0
69786,_nameless.1de.1e01.74c0,sellplan,venezia,brawen,novi_sad,0,942,0,0,used_plast_c,volvo_fh2012_6x2_500,trailer.kasbhr_shg20,trailer_def.kassbohrer.shg.singl_3e_20.container,15,1,0
69786,_nameless.1de.1e01.8910,posped,szeged,lognstick,bucuresti,2,690,0,0,truck_batt_c,scania_r2016_6x2_high_460,trailer.scs_gosck220,trailer_def.scs.gooseneck.singl_3e_220.container,30,1,0
69786,_nameless.1de.1e01.7660,posped,szeged,fallow,patras,2,1399,0,0,exc_craw,"""heavy/man_tgx_euro6_8x4_xlx""",trailer.scs_lowlow4e,trailer_def.scs.lowloader.single_4_ln.long,1,1,0
69786,_nameless.1de.1e01.8430,nch,riga,rt_log,graz,0,1445,0,0,hwaste,man_tgx_2020_4x2,trailer.kasbhr_shg20,trailer_def.kassbohrer.shg.singl_3e_20.container,40,1,0
69786,_nameless.1de.1e01.9af0,nch,riga,tree_et,graz,1,1437,0,0,oil,daf_xg_4x2_450,trailer.scs_fueltank,trailer_def.scs.fueltank.single_3.fueltank,28,1,0
69786,_nameless.1de.1e01.8290,nch,riga,sal_fi,kouvola,1,547,150,430,honey,mercedes_actros_2014_6x2_a,trailer.scs_curt,trailer_def.scs.box.single_3.curtain,33,1,0
69786,_nameless.1de.1e01.8770,nch,riga,sanbuild_bas,munchen,1,1537,0,0,iron_pipes,mercedes_actros_2014_6x4_b,trailer.scs_log,trailer_def.scs.log.single_3.steel,28,1,0
69786,_nameless.1de.1e01.7800,ns_oil,bilbao,transinet,cambridge,0,1462,35,300,ethane,mercedes_actros_2014_4x2_a,trailer.scs_gastank,trailer_def.scs.gastank.single_3.gastank,40,1,0
69786,_nameless.1de.1e01.78d0,ns_oil,bilbao,app,coimbra,0,825,0,0,petrol,iveco_4x2_c,trailer.willig.fuel_cistern,trailer_def.scs.fueltank.single_3.fueltank,30,1,0
69786,_nameless.1de.1e01.8ab0,ns_oil,timisoara,cnp_str,zagreb,0,508,0,0,kerosene,scania_s2016_4x2_high_590,trailer.willig.fuel_cistern,trailer_def.scs.fueltank.single_3.fueltank,30,1,0
69786,_nameless.1de.1e01.8d20,ns_oil,timisoara,dfh,hamburg,0,1392,0,0,ethane,man_tgx_euro6_4x2_xl,trailer.scs_gastank,trailer_def.scs.gastank.single_3.gastank,40,1,0
69786,_nameless.1de.1e01.9f00,ns_oil,timisoara,tree_et,liege,0,1502,0,0,diesel,man_tgx_euro6_4x2_xxl,trailer.willig.fuel_cistern,trailer_def.scs.fueltank.single_3.fueltank,28,1,0
69786,_nameless.1de.1e01.9060,fle,bastia,trameri,plymouth,1,1549,875,1493,empty_spool,volvo_fh2012_4x2_420,trailer.scs_lowbed_4,trailer_def.scs.lowbed.single_4_sh.short,3,1,0
69786,_nameless.1de.1e01.79a0,fle,bastia,fle,calvi,2,130,0,0,frsh_herbs,daf_xd,trailer.scs_ins,trailer_def.scs.box.single_3.insulated,33,1,0
69786,_nameless.1de.1e01.7b40,fle,bastia,fle,almeria,1,965,930,1182,fresh_fish,volvo_fh2024_6x2_500,trailer.scs_ref,trailer_def.scs.box.single_3.reefer,33,1,0
69786,_nameless.1de.1e01.a0a0,aci,genova,tradeaux,lille,2,1126,0,0,frsh_herbs,renault_t_4x2h,trailer.scs_ref_s,trailer_def.scs.box.single_3.reefer,33,1,0
69786,_nameless.1de.1e01.a170,aci,genova,euroacres,bern,2,590,0,0,live_cattle,scania_r2016_6x4_high_660,trailer.scs_livestk,trailer_def.scs.livestock.single_3s.str_stl,42,1,0
69786,_nameless.1de.1e01.a240,aci,genova,kaarfor,verona,1,341,0,0,electronics,volvo_fh16_4x2_420,trailer.scs_dry,trailer_def.scs.box.single_3.dryvan,33,1,0
69786,_nameless.1de.1e01.a4b0,aci,genova,tradeaux,klagenfurt,0,788,0,0,post_packag,scania_r2016_6x4_high_660,trailer.scs_curt_s,trailer_def.scs.box.single_3.curtain,33,1,0
69786,_nameless.1de.1e01.a7f0,ortiz,barcelona,engeron,puertollano,1,776,0,0,mobile_crane,"""heavy/iveco_6x4""",trailer.scs_lowlow4e,trailer_def.scs.lowloader.single_4_ln.long,1,1,0
69786,_nameless.1de.1e01.ae70,ortiz,barcelona,exomar,olbia,0,154,720,827,scaffoldings,renault_magnum_6x2_a,trailer.drylineret,trailer_def.krone.edryliner.single_3.dryvan,33,1,0
69786,_nameless.1de.1e01.cc80,ortiz,barcelona,eolo_lines,porto_vecchi,1,167,930,1182,empty_barr,iveco_sway_4x2_500,trailer.dryliner17,trailer_def.krone.dryliner.single_3.dryvan,33,1,0
69786,_nameless.1de.1e01.d640,ortiz,barcelona,stokes,liege,2,1289,0,0,volvo_cars,scania_r_4x2_norm_360,trailer.car_trans,trailer_def.volvo_cars.car_trans,100,1,0
69786,_nameless.1de.1e01.a580,lvr,riga,renar,kobenhavn,1,916,510,1110,locomotive,"""heavy/daf_xd""",trailer.scs_lowbed41,trailer_def.scs.lowbed.single_41_ln.long,1,1,0
69786,_nameless.1de.1e01.b1b0,lvr,riga,rt_log,salzburg,2,1519,0,0,large_cont,man_tgx_2020_4x2,trailer.scs_lowbed_4,trailer_def.scs.lowbed.single_4_sh.short,27,1,0
69786,_nameless.1de.1e01.cd50,lvr,riga,tradeaux,prague,0,1198,0,0,czl_es300,"""heavy/man_tgx_euro6_8x4_xlx""",trailer.scs_lowbed_4,trailer_def.scs.lowbed.single_4_sh.short,1,1,0
69786,_nameless.1de.1e01.c7a0,lvr,riga,norrsken,stockholm,1,268,510,1110,mobile_crane,"""heavy/volvo_fh2021_6x4_540""",trailer.scs_lowbed41,trailer_def.scs.lowbed.single_41_ln.long,1,1,0
69786,_nameless.1de.1e01.bb70,lvr,riga,viln_paper,vilnius,1,318,0,0,jcb_g100rs,renault_premium_6x2_a,trailer.scs_flat_b,trailer_def.scs.flatbed.single_3.flatbed_w,4,1,0
69786,_nameless.1de.1e01.b0e0,lvr,riga,ms_stein,oslo,0,884,510,1110,hipresstank,man_tgx_euro6_6x4_xlx,trailer.profilinehd,trailer_def.krone.profilinerhd.single_3.flatbed,8,1,0
69786,_nameless.1de.1e01.c390,lvr,riga,polarislines,oslo,1,845,510,1110,empty_spool,iveco_sway_4x2_580,trailer.scs_flat_b,trailer_def.scs.flatbed.single_3.flatbed_w,4,1,0
69786,_nameless.1de.1e01.a650,vitas_pwr_co,salamanca,acc,catania,0,955,1557,1788,crawler,"""heavy/man_tgx_2020_8x4""",trailer.kasbhr_sll,trailer_def.kassbohrer.sll.single_3_sh.low,1,1,0
69786,_nameless.1de.1e01.ce20,nordic_ports,ornskoldsvik,norrsken,alta,0,1154,0,0,chocolate,"""double/renault_magnum_4x2_a""",trailer.profiline17d,trailer_def.krone.profiliner.double_3_2.curtain,52,1,0
69786,_nameless.1de.1e01.b9d0,nordic_ports,ornskoldsvik,nch,tallinn,0,563,450,1110,barley,iveco_4x2_c,trailer.scs_silo,trailer_def.scs.silo.single_3_10.silo,30,1,0
69786,_nameless.1de.1e01.beb0,nordic_ports,ornskoldsvik,suprema,kuusamo,1,619,0,0,canned_tuna,"""double/renault_magnum_4x2_a""",trailer.scs_ins_b2,trailer_def.scs.box.bdouble_3_3.insulated,52,1,0
69786,_nameless.1de.1e01.d570,nordic_ports,ornskoldsvik,vainamoi_bas,jyvaskyla,0,329,300,680,largetubes,mercedes_4x2,trailer.scs_log,trailer_def.scs.log.single_3.steel,6,1,0
69786,_nameless.1de.1e01.c460,nord_crown,ostersund,stokes,warszawa,0,1241,510,1110,gnocchi,volvo_fh16_4x2_420,trailer.coolliner17,trailer_def.krone.coolliner.single_3.reefer,33,1,0
69786,_nameless.1de.1e01.a720,nord_crown,ostersund,norse_rail,gavle,0,327,0,0,cott_cheese,renault_premium_6x4_a,trailer.coolliner17,trailer_def.krone.coolliner.single_3.reefer,33,1,0
69786,_nameless.1de.1e01.b900,nord_crown,ostersund,renat,helsinki,1,738,300,680,large_cont,daf_xf_4x2_370,trailer.scs_lowbed41,trailer_def.scs.lowbed.single_41_ln.long,36,1,0
69786,_nameless.1de.1e01.c530,agrominta,utena,agronord,goteborg,2,922,510,1110,ffb_kip60,man_tgx_euro6_4x2_xxl,trailer.ffb_kip60,trailer_def.ffb_kip60.ffb_kip60,100,1,0
69786,_nameless.1de.1e01.b280,wgcc,alesund,fle,kristiansund,2,124,40,46,kerosene,iveco_4x2_a,trailer.willig.fuel_cistern,trailer_def.scs.fueltank.single_3.fueltank,30,1,0
69786,_nameless.1de.1e01.c2c0,wgcc,alesund,nch,turku,2,956,540,1170,sulfuric_t,man_6x4_b,trailer.scs_chemt,trailer_def.scs.chemtank.single_3.paint,15,1,0
69786,_nameless.1de.1e01.c050,ns_chem,stockholm,wgcc,gdansk,0,75,1140,531,mercuric,renault_premium_6x4_a,trailer.krone.boxliner220,trailer_def.krone.boxliner.single_3_220.container,80,1,0
69786,_nameless.1de.1e01.c600,ns_chem,stockholm,wgcc,lulea,1,754,0,0,ammonia,daf_6x2_a,trailer.scs_gastank,trailer_def.scs.gastank.single_3.gastank,38,1,0
69786,_nameless.1de.1e01.baa0,eviksi,daugavpils,nord_crown,kobenhavn,0,1091,510,1110,barley,scania_s2016_4x2_high_590,trailer.ffb_eut35,trailer_def.feldbinder.eut.single_3_35.silo_35_3p,35,1,0
69786,_nameless.1de.1e01.aa60,app,madrid,log_atlan,albacete,2,240,0,0,asph_miller,"""heavy/scania_r2016_8x4_high_730""",trailer.scs_lowlow4e,trailer_def.scs.lowloader.single_4_ln.long,1,1,0
69786,_nameless.1de.1e01.ac00,app,madrid,kaarfor,montpellier,0,987,0,0,watermelons,scania_streamline_4x2_top_560,trailer.scs_ref_a,trailer_def.scs.box.single_3.reefer,33,1,0
69786,_nameless.1de.1e01.c870,bhv,faro,eolo_lines,algeciras,0,380,0,0,motorcycles,mercedes_actros_2014_6x2_a,trailer.kasbhr_sbt,trailer_def.kassbohrer.sbt.single_3_13.dryvan,34,1,0
69786,_nameless.1de.1e01.acd0,bhv,faro,bhv,cordoba,1,380,0,0,car_gr,man_tgx_euro6_4x2_xl,trailer.car_trans,trailer_def.car_gr.car_trans,100,1,0
69786,_nameless.1de.1e01.bd10,drekkar,aarhus,tradeaux,grimsby,0,292,1140,1314,fuel_oil,man_tgx_euro6_4x2_xl,trailer.scs_fueltank,trailer_def.scs.fueltank.single_3.fueltank,27,1,0
69786,_nameless.1de.1e01.cef0,drekkar,aarhus,transinet,sheffield,1,339,1140,1314,bottle_water,renault_premium_4x2_a,trailer.scs_dry_s,trailer_def.scs.box.single_3.dryvan,30,1,0
69786,_nameless.1de.1e01.cfc0,drekkar,aarhus,fallow,zagreb,1,1548,0,0,empty_barr,daf_xf_euro6_4x2_b,trailer.scs_dry_a,trailer_def.scs.box.single_3.dryvan,33,1,0
69786,_nameless.1de.1e01.c6d0,trameri,szeged,fallow,zenica,2,379,0,0,roof_tiles,mercedes_actros_2014_6x4_b,trailer.profiliner17,trailer_def.krone.profiliner.single_3.curtain,32,1,0
69786,_nameless.1de.1e01.c940,trameri,szeged,ika_bohag,sofia,0,596,0,0,plast_film_c,iveco_4x2_a,trailer.scs_gosck20,trailer_def.scs.gooseneck.singl_3e_20.container,15,1,0
69786,_nameless.1de.1e01.ada0,trameri,szeged,adrica,split,0,850,0,0,fueltanker,man_tgx_euro6_6x4_xlx,trailer.scs_gosck40,trailer_def.scs.gooseneck.singl_3e_40.container,80,1,0
69786,_nameless.1de.1e01.d3d0,crnodrvo_log,bijelo_polje,balkan_loco,sarajevo,0,332,0,0,mulcher,"""heavy/daf_xd""",trailer.scs_lowlow2e,trailer_def.scs.lowloader.single_2_ln.long,1,1,0
69786,_nameless.1de.1e01.c120,crnodrvo_log,bijelo_polje,posped,szeged,1,640,0,0,logs,mercedes_actros_2014_4x2_c,trailer.scs_log,trailer_def.scs.log.single_3.steel,32,1,0
69786,_nameless.1de.1e01.bc40,metallis,trondheim,renor,kajaani,2,1263,0,0,large_cont,renault_t_6x2,trailer.kasbhr_sla,trailer_def.kassbohrer.sla.single_3_sh.lowbed,27,1,0
69786,_nameless.1de.1e01.b010,metallis,trondheim,norse_rail,narvik,1,885,30,45,scrap_metals,mercedes_actros_2014_4x2_c,trailer.scs_dumper,trailer_def.scs.dumper.single_3.steel,10,1,0
69786,_nameless.1de.1e01.d160,metallis,trondheim,sal_fi,joensuu,1,1437,0,0,digger1000,renault_magnum_6x4_a,trailer.scs_lowbed_4,trailer_def.scs.lowbed.single_4_sh.short,1,1,0
69786,_nameless.1de.1e01.d090,ika_bohag,paris,lisette_log,lemans,1,331,0,0,used_packag,iveco_4x2_b,trailer.drylineret,trailer_def.krone.edryliner.single_3.dryvan,33,1,0
69786,_nameless.1de.1e01.d4a0,ika_bohag,paris,lkwlog,dortmund,0,574,0,0,pot_flowers,iveco_4x2_b,trailer.scs_ins_a,trailer_def.scs.box.single_3.insulated,33,1,0
69786,_nameless.1de.1e01.b760,tras_med,bari,tm_istanbul,istanbul,1,927,570,745,pet_food_c,scania_r2016_6x2_high_460,trailer.kasbhr_shg40,trailer_def.kassbohrer.shg.singl_3e_40.container,30,1,0
69786,_nameless.1de.1e01.b4f0,tras_med,bari,icaria,heraklion,1,532,1110,1505,vans_id,scania_s2016_6x4_high_730,trailer.van_trans,trailer_def.vans_id.van_trans,100,1,0
69786,_nameless.1de.1e01.b5c0,tras_med,bari,dunavia,osijek,0,1561,0,0,square_baler,man_tgx_2020_6x2,trailer.scs_lowbed41,trailer_def.scs.lowbed.single_41_ln.long,1,1,0
69786,_nameless.1de.1e01.c1f0,tras_med,bari,fallow,istanbul,0,926,570,745,can_sardines,volvo_fh2012_4x2_420,trailer.profiliner17,trailer_def.krone.profiliner.single_3.curtain,33,1,0
69786,_nameless.1de.1e01.b830,tras_med,bari,bosfir,banja_luka,1,1484,0,0,tractor,scania_streamline_6x2_norm_440,trailer.scs_lowlow2e,trailer_def.scs.lowloader.single_2_ln.long,1,1,0
69786,_nameless.1de.1e01.cae0,suprema,oulu,polarislines,kokkola,1,167,0,0,used_plast,renault_t_4x2h,trailer.scs_dry_m,trailer_def.scs.box.single_3.dryvan_m,33,1,0
69786,_nameless.1de.1e01.cbb0,suprema,oulu,polarislines,kokkola,1,167,0,0,used_packag,man_tgx_2020_4x2,trailer.scs_dry_ms,trailer_def.scs.box.single_3.dryvan_m,33,1,0
69786,_nameless.1de.1e02.0970,suprema,oulu,nordic_ports,bodo,0,728,0,0,empty_palet,"""double/iveco_h_4x2_a""",trailer.scs_curt_2,trailer_def.scs.box.double_3_2.curtain,52,1,0
69786,_nameless.1de.1e01.e680,fle,cluj_napoca,shuttle,zadar,2,1191,0,0,apples_c,scania_s2016_6x2_high_460,trailer.krone.boxliner40,trailer_def.krone.boxliner.single_3_40.container,30,1,0
69786,_nameless.1de.1e01.e820,fle,cluj_napoca,brawen,bucuresti,1,565,0,0,post_packag,volvo_fh2021_4x2_750,trailer.scs_dry,trailer_def.scs.box.single_3.dryvan,33,1,0
69786,_nameless.1de.1e01.ea90,fle,cluj_napoca,rimaf,iasi,0,357,0,0,live_pigs,renault_t_6x2,trailer.scs_livestk,trailer_def.scs.livestock.single_3s.str_stl,50,1,0
69786,_nameless.1de.1e01.f790,fle,cluj_napoca,fallow,timisoara,2,333,0,0,med_equip,iveco_sway_4x2_460,trailer.scs_dry_m,trailer_def.scs.box.single_3.dryvan_m,33,1,0
69786,_nameless.1de.1e02.0220,eurogoodies,dover,tesore_gust,parma,0,1202,91,384,sugar,daf_xf_euro6_6x2_a,trailer.scs_dry_ms,trailer_def.scs.box.single_3.dryvan_m,32,1,0
69786,_nameless.1de.1e02.03c0,eurogoodies,dover,eurogoodies,cardiff,0,389,0,0,smokd_eel,scania_r_6x4_top_620,trailer.scs_ref_s,trailer_def.scs.box.single_3.reefer,33,1,0
69786,_nameless.1de.1e01.f1e0,tradeaux,paris,stokes,liege,0,369,0,0,straw_bales,daf_xf_euro6_6x4_c,trailer.kasbhr_sbt,trailer_def.kassbohrer.sbt.single_3_13.dryvan,6,1,0
69786,_nameless.1de.1e01.f930,tradeaux,paris,eolo_lines,cagliari,1,1342,720,827,shock_absorb,volvo_fh16_4x2_540,trailer.scs_dry,trailer_def.scs.box.single_3.dryvan,33,1,0
69786,_nameless.1de.1e02.0630,tradeaux,paris,tradeaux,nice,0,916,0,0,glass,man_tgx_euro6_4x2_xl,trailer.panel_trans.glass,trailer_def.glass.panel_trans.glass,99,1,0
69786,_nameless.1de.1e01.e8f0,tradeaux,paris,lisette_log,lemans,2,323,0,0,volvo_rims,man_tgx_2020_6x2,trailer.profilinehd,trailer_def.krone.profilinerhd.single_3.flatbed,5,1,0
69786,_nameless.1de.1e01.e9c0,ika_bohag,rennes,transinet,szczecin,0,1559,0,0,pot_flowers,renault_premium_4x2_c,trailer.scs_ref_a,trailer_def.scs.box.single_3.reefer,33,1,0
69786,_nameless.1de.1e01.df30,ika_bohag,rennes,posped,swansea,2,455,420,1000,empty_palet,iveco_sway_4x2_500,trailer.scs_dry_ms,trailer_def.scs.box.single_3.dryvan_m,32,1,0
69786,_nameless.1de.1e01.f380,ika_bohag,rennes,trans_cab,vigo,0,1458,0,0,used_packag,daf_xf_euro6_4x2_a,trailer.scs_dry_s,trailer_def.scs.box.single_3.dryvan,33,1,0
69786,_nameless.1de.1e01.fd40,ika_bohag,umea,blt,siauliai,0,798,510,1110,pot_flowers,mercedes_6x4_a,trailer.coolliner17,trailer_def.krone.coolliner.single_3.reefer,33,1,0
69786,_nameless.1de.1e01.e5b0,ika_bohag,umea,dfh,rostock,0,1288,105,404,used_packag,man_4x2_a,trailer.scs_curt_s,trailer_def.scs.box.single_3.curtain,33,1,0
69786,_nameless.1de.1e01.eea0,ika_bohag,umea,sal_fi,kuopio,0,412,300,680,empty_palet,volvo_fh16_4x2_420,trailer.scs_dry,trailer_def.scs.box.single_3.dryvan,33,1,0
69786,_nameless.1de.1e01.d8b0,icaria,kavala,ttk_bg,varna,0,547,0,0,icecream,scania_r2016_4x2_norm_370,trailer.scs_ref_s,trailer_def.scs.box.single_3.reefer,33,1,0
69786,_nameless.1de.1e01.f040,icaria,kavala,posped,katowice,1,1463,0,0,med_equip,renault_premium_4x2_c,trailer.dryliner17,trailer_def.krone.dryliner.single_3.dryvan,33,1,0
69786,_nameless.1de.1e01.f110,icaria,kavala,balkan_loco,ruse,0,495,0,0,cott_cheese,scania_r_6x4_top_620,trailer.scs_ref_s,trailer_def.scs.box.single_3.reefer,33,1,0
69786,_nameless.1de.1e02.0490,bhv,limoges,bhv,ajaccio,0,634,930,1182,car_f,mercedes_4x2,trailer.car_trans,trailer_def.car_f.car_trans,100,1,0
69786,_nameless.1de.1e01.f2b0,bhv,limoges,posped,swansea,0,1123,35,300,vans_fd,daf_4x2_a,trailer.van_trans,trailer_def.vans_fd.van_trans,100,1,0
69786,_nameless.1de.1e01.f450,baltomors_ru,petersburg,tree_et,katowice,0,1442,0,0,jcb_mexc19ce,volvo_fh2024_4x2_420,trailer.profilinehd,trailer_def.krone.profilinerhd.single_3.flatbed,3,1,0
69786,_nameless.1de.1e01.fa00,baltomors_ru,petersburg,freyr,jonkoping,1,797,570,1270,lumber_p,scania_r_6x4_top_620,trailer.profilinehd,trailer_def.krone.profilinerhd.single_3.flatbed,6,1,0
69786,_nameless.1de.1e01.ffb0,cargotras,sassari,villco_mkt,mitilini,0,965,2085,2932,sheep_wool,daf_xf_4x2_370,trailer.scs_dry_s,trailer_def.scs.box.single_3.dryvan,33,1,0
69786,_nameless.1de.1e01.f520,cargotras,sassari,rt_log,bern,0,937,720,827,oil_filt_c,iveco_sway_4x2_460,trailer.krone.boxliner40,trailer_def.krone.boxliner.single_3_40.container,30,1,0
69786,_nameless.1de.1e01.ed00,cargotras,sassari,tradeaux,ajaccio,0,42,210,355,locomotive,"""heavy/volvo_fh2024_6x4_600""",trailer.scs_lowbed41,trailer_def.scs.lowbed.single_41_ln.long,1,1,0
69786,_nameless.1de.1e01.fba0,cargotras,sassari,vitas_pwr_co,sines,2,1243,720,827,ter_forklift,daf_xf_4x2_370,trailer.scs_flat_b,trailer_def.scs.flatbed.single_3.flatbed_w,2,1,0
69786,_nameless.1de.1e01.e000,cargotras,sassari,cesare_smar,palermo,0,228,720,778,beverages,iveco_sway_4x2_500,trailer.coollineret,trailer_def.krone.ecoolliner.single_3.reefer,28,1,0
69786,_nameless.1de.1e01.fad0,cargotras,sassari,rt_log,zaragoza,2,298,720,827,digger500,renault_premium_4x2_a,trailer.kasbhr_sll,trailer_def.kassbohrer.sll.single_3_sh.low,1,1,0
69786,_nameless.1de.1e01.e750,cargotras,sassari,app,zaragoza,1,357,720,827,pumps,mercedes_actros_2014_4x2_c,trailer.scs_curt_a,trailer_def.scs.box.single_3.curtain,33,1,0
69786,_nameless.1de.1e02.0560,fattoria_f,roma,tras_med,cagliari,1,242,840,879,kr_bigx1180,man_4x2_c,trailer.kasbhr_slle,trailer_def.kassbohrer.sll.single_3_ln.low,1,1,0
69786,_nameless.1de.1e01.eb60,fattoria_f,roma,eolo_lines,messina,2,613,20,347,chicken_meat,scania_r2016_6x2_high_460,trailer.scs_ins,trailer_def.scs.box.single_3.insulated,33,1,0
69786,_nameless.1de.1e01.edd0,renar,jyvaskyla,polarislines,tallinn,0,352,150,430,used_battery,daf_xd,trailer.scs_curt_s,trailer_def.scs.box.single_3.curtain,33,1,0
69786,_nameless.1de.1e01.f5f0,renar,jyvaskyla,renar,karesuando,0,756,0,0,icecream,man_4x2_c,trailer.coolliner17,trailer_def.krone.coolliner.single_3.reefer,33,1,0
69786,_nameless.1de.1e02.07d0,renar,jyvaskyla,gnt,bergen,0,1452,540,1170,drymilk,"""double/renault_t_4x2h""",trailer.scs_dry_b2,trailer_def.scs.box.bdouble_3_3.dryvan,52,1,0
69786,_nameless.1de.1e01.f6c0,renar,jyvaskyla,gnt,panevezys,0,754,150,430,conc_juice_t,daf_6x2_a,trailer.ffb_tsalm32,trailer_def.feldbinder.tsalm.single_3_32.32_3_2,18,1,0
69786,_nameless.1de.1e01.f860,byggpro,skelleftea,drekkar,uppsala,0,561,0,0,iron_pipes,volvo_fh2012_4x2_420,trailer.scs_log,trailer_def.scs.log.single_3.steel,28,1,0
69786,_nameless.1de.1e01.fe10,byggpro,skelleftea,nch,vilnius,2,1057,510,1110,mtl_coil,daf_xf_4x2_370,trailer.scs_flat_b,trailer_def.scs.flatbed.single_3.flatbed_w,1,1,0
69786,_nameless.1de.1e01.d980,byggpro,skelleftea,drekkar,linkoping,0,786,0,0,guard_rails,scania_r_4x2_norm_360,trailer.scs_dry,trailer_def.scs.box.single_3.dryvan,33,1,0
69786,_nameless.1de.1e02.08a0,byggpro,skelleftea,cemelt_fla,valmiera,0,911,450,1110,alu_profile,volvo_fh2012_4x2_420,trailer.profilinehd,trailer_def.krone.profilinerhd.single_3.flatbed,2,1,0
69786,_nameless.1de.1e01.db20,tradeaux,kassel,lkwlog,osnabruck,0,235,0,0,protec_cloth,mercedes_4x2_c,trailer.drylineret,trailer_def.krone.edryliner.single_3.dryvan,33,1,0
69786,_nameless.1de.1e01.fee0,tradeaux,kassel,rt_log,hamburg,0,283,0,0,used_packag,volvo_fh2012_6x2_500,trailer.kasbhr_scs,trailer_def.kassbohrer.scs.single_3_13.curtain,34,1,0
69786,_nameless.1de.1e02.0a40,tradeaux,kassel,stokes,erfurt,0,159,0,0,fish_chips,scania_r2016_4x2_high_500,trailer.scs_ref_s,trailer_def.scs.box.single_3.reefer,33,1,0
69786,_nameless.1de.1e02.0080,tradeaux,kassel,transinet,cambridge,2,1001,35,300,silica,volvo_fh2021_6x2_540,trailer.scs_dry_a,trailer_def.scs.box.single_3.dryvan,33,1,0
69786,_nameless.1de.1e02.0b10,bhv,lemans,globeur,bourges,1,333,0,0,volvo_cars,scania_r_4x2_top_480,trailer.car_trans,trailer_def.volvo_cars.car_trans,100,1,0
69786,_nameless.1de.1e01.e410,kathode,dusseldorf,dfh,hamburg,1,390,0,0,used_battery,man_tgx_2020,trailer.scs_dry_s,trailer_def.scs.box.single_3.dryvan,33,1,0
69786,_nameless.1de.1e01.e1a0,kathode,dusseldorf,euroacres,dover,1,559,91,384,hipresstank,mercedes_6x4_a,trailer.scs_flat_b,trailer_def.scs.flatbed.single_3.flatbed_w,8,1,0
69786,_nameless.1de.1e01.dbf0,kathode,dusseldorf,bcp,munchen,0,580,0,0,fueltanker,mercedes_4x2,trailer.scs_gosck20,trailer_def.scs.gooseneck.singl_3e_20.container,40,1,0
69786,_nameless.1de.1e01.de60,konstnr_hs,malmo,euroacres,dresden,1,678,105,404,watertank,daf_xf_euro6_6x4_c,trailer.scs_lowbed41,trailer_def.scs.lowbed.single_41_ln.long,2,1,0
69786,_nameless.1de.1e02.3bd0,konstnr_hs,malmo,sanbuilders,warszawa,0,903,105,404,digger500,volvo_fh16_6x4_700,trailer.scs_lowbed_4,trailer_def.scs.lowbed.single_4_sh.short,1,1,0
69786,_nameless.1de.1e02.1190,konstnr_hs,malmo,renar,vaxjo,2,219,0,0,empty_spool,renault_premium_6x4_a,trailer.profilinehd,trailer_def.krone.profilinerhd.single_3.flatbed,4,1,0
69786,_nameless.1de.1e02.21d0,marmo,livorno,tradeaux,nice,0,376,0,0,jcb_dmphtd5e,iveco_4x2_a,trailer.profilinehd,trailer_def.krone.profilinerhd.single_3.flatbed,7,1,0
69786,_nameless.1de.1e02.1260,egres,kouvola,polarislines,ventspils,1,768,150,430,honey,man_tgx_2020_6x2,trailer.kasbhr_shg45,trailer_def.kassbohrer.scs.single_3_13.curtain,34,1,0
69786,_nameless.1de.1e02.3480,egres,kouvola,eviksi,riga,0,650,150,430,kr_vpv190xc,scania_r_6x4_top_620,trailer.scs_lowlowd4,trailer_def.scs.lowloader.single_4_sh.short,1,1,0
69786,_nameless.1de.1e02.0f20,feldbinder,winsen,euroacres,osnabruck,2,250,0,0,hipresstank,scania_streamline_4x2_top_560,trailer.scs_flat_b,trailer_def.scs.flatbed.single_3.flatbed_w,8,1,0
69786,_nameless.1de.1e02.1330,feldbinder,winsen,stokes,dijon,1,1042,0,0,used_packag,volvo_fh16_6x4_700,trailer.dryliner17,trailer_def.krone.dryliner.single_3.dryvan,33,1,0
69786,_nameless.1de.1e02.2440,feldbinder,winsen,renar,stavanger,0,763,195,1052,used_plast_c,iveco_sway_4x2_460,trailer.scs_gosck20,trailer_def.scs.gooseneck.singl_3e_20.container,15,1,0
69786,_nameless.1de.1e02.1400,freyr,esbjerg,euroacres,bremen,0,390,0,0,kr_bigp1290,scania_streamline_6x2_norm_440,trailer.scs_lowlow2e,trailer_def.scs.lowloader.single_2_ln.long,1,1,0
69786,_nameless.1de.1e02.3550,freyr,esbjerg,gnt,kristiansand,0,304,195,1052,volvo_bucket,daf_xgp_4x2_530,trailer.kasbhr_sll,trailer_def.kassbohrer.sll.single_3_sh.low,1,1,0
69786,_nameless.1de.1e02.2100,freyr,esbjerg,eurogoodies,dusseldorf,1,618,0,0,goat_cheese,daf_xf_euro6_4x2_a,trailer.scs_ins,trailer_def.scs.box.single_3.insulated,33,1,0
69786,_nameless.1de.1e02.1cf0,marina,napoli,tesore_gust,parma,0,650,0,0,large_cont,volvo_fh2012_6x2_500,trailer.profilinehd,trailer_def.krone.profilinerhd.single_3.flatbed,33,1,0
69786,_nameless.1de.1e02.1670,tree_et,birmingham,lkwlog,dortmund,0,863,35,300,skidder,"""heavy/scania_r2016_8x4_high_730""",trailer.scs_lowlow2e,trailer_def.scs.lowloader.single_2_ln.long,1,1,0
69786,_nameless.1de.1e02.3f10,tree_et,birmingham,trans_cab,santander,0,366,1080,1176,mulcher,"""heavy/scania_r2016_8x4_high_730""",trailer.scs_lowlow4e,trailer_def.scs.lowloader.single_4_ln.long,1,1,0
69786,_nameless.1de.1e02.0cb0,tree_et,birmingham,tree_et,felixstowe,0,251,0,0,log_stacker,"""heavy/volvo_fh2024_6x4_600""",trailer.scs_lowlow4e,trailer_def.scs.lowloader.single_4_ln.long,1,1,0
69786,_nameless.1de.1e02.22a0,norse_rail,gavle,wgcc,gdansk,0,212,1140,531,chlorine,iveco_sway_4x2_580,trailer.krone.boxliner20,trailer_def.krone.boxliner.single_3.container,40,1,0
69786,_nameless.1de.1e02.2e00,norse_rail,gavle,norse_rail,narvik,0,1022,0,0,cut_flowers,scania_r2016_6x2_high_460,trailer.coolliner17,trailer_def.krone.coolliner.single_3.reefer,33,1,0
69786,_nameless.1de.1e02.14d0,norse_rail,gavle,drekkar,umea,1,323,0,0,salt_spices,volvo_fh2021_6x2_540,trailer.scs_curt_a,trailer_def.scs.box.single_3.curtain,33,1,0
69786,_nameless.1de.1e02.3140,ai,nis,icaria,mitilini,2,444,730,1440,shock_absorb,volvo_fh2021_4x2_750,trailer.kasbhr_scs,trailer_def.kassbohrer.scs.single_3_13.curtain,34,1,0
69786,_nameless.1de.1e02.36f0,ai,nis,ai,ljubljana,1,774,0,0,aircond,renault_magnum_6x2_a,trailer.scs_lowlow2e,trailer_def.scs.lowloader.single_2_ln.long,5,1,0
69786,_nameless.1de.1e02.3620,ai,nis,dunavia,novi_sad,0,360,0,0,exhausts_c,mercedes_6x2_b,trailer.kasbhr_shg20,trailer_def.kassbohrer.shg.singl_3e_20.container,15,1,0
69786,_nameless.1de.1e02.1b50,nos_pat,lehavre,globeur,rennes,0,230,0,0,fert_spread,mercedes_actros_2014_6x4_b,trailer.scs_lowlow2e,trailer_def.scs.lowloader.single_2_ln.long,1,1,0
69786,_nameless.1de.1e02.1f60,nos_pat,lehavre,globeur,bourges,0,395,0,0,tractor_c,"""heavy/renault_6x4""",trailer.kasbhr_slle,trailer_def.kassbohrer.sll.single_3_ln.low,1,1,0
69786,_nameless.1de.1e02.3210,aerobalt,vilnius,blt_yacht,riga,1,379,0,0,electronics,scania_streamline_6x2_norm_440,trailer.kasbhr_shg45,trailer_def.kassbohrer.scs.single_3_13.curtain,34,1,0
69786,_nameless.1de.1e02.3890,aerobalt,vilnius,sal_fi,kuopio,1,950,150,430,frsh_herbs,scania_s2016_4x2_norm_370,trailer.coolliner17,trailer_def.krone.coolliner.single_3.reefer,33,1,0
69786,_nameless.1de.1e02.25e0,aerobalt,vilnius,blt,siauliai,0,178,0,0,med_vaccine,iveco_4x2_c,trailer.scs_ref_a,trailer_def.scs.box.single_3.reefer,33,1,0
69786,_nameless.1de.1e02.2370,aerobalt,vilnius,rosmark,liepaja,2,352,0,0,apples_c,man_tgx_2020,trailer.scs_gosck40,trailer_def.scs.gooseneck.singl_3e_40.container,30,1,0
69786,_nameless.1de.1e02.3d70,ns_chem_ru,luga,ika_ru,petersburg,1,197,0,0,large_cont,mercedes_actros_2014_6x2_a,trailer.scs_flat_b,trailer_def.scs.flatbed.single_3.flatbed_w,33,1,0
69786,_nameless.1de.1e02.2510,ns_chem_ru,luga,renar,lahti,0,584,0,0,fuel_oil,iveco_sway_4x2_460,trailer.willig.fuel_cistern,trailer_def.scs.fueltank.single_3.fueltank,27,1,0
69786,_nameless.1de.1e02.26b0,fjoste,lulea,konstnr_wind,honningsvag,0,891,0,0,concr_beams,"""heavy/renault_6x4""",trailer.scs_lowlow4e,trailer_def.scs.lowloader.single_4_ln.long,1,1,0
69786,_nameless.1de.1e02.2ed0,fjoste,lulea,renar,kokkola,2,357,0,0,metal_beams,man_tgx_2020_4x2,trailer.profilinehd,trailer_def.krone.profilinerhd.single_3.flatbed,2,1,0
69786,_nameless.1de.1e02.15a0,fjoste,lulea,norrsken,alta,1,887,0,0,cement,scania_s2016_6x4_high_730,trailer.scs_silo,trailer_def.scs.silo.single_3_10.silo,18,1,0
69786,_nameless.1de.1e02.32e0,baltomorsk,daugavpils,sal_fi,helsinki,2,566,150,430,mulcher,"""heavy/mercedes_6x4""",trailer.scs_lowlowd4,trailer_def.scs.lowloader.single_4_sh.short,1,1,0
69786,_nameless.1de.1e02.2850,baltomorsk,daugavpils,viln_paper,vilnius,0,220,0,0,logs,scania_r2016_6x2_high_460,trailer.scs_log,trailer_def.scs.log.single_3.steel,32,1,0
69786,_nameless.1de.1e02.1810,voitureux,paris,lkwlog,dover,1,250,35,300,empty_barr,man_4x2_a,trailer.dryliner17,trailer_def.krone.dryliner.single_3.dryvan,33,1,0
69786,_nameless.1de.1e02.18e0,voitureux,paris,transinet,southampton,0,384,35,300,scrap_metals,daf_xd_1,trailer.scs_dumper,trailer_def.scs.dumper.single_3.steel,8,1,0
69786,_nameless.1de.1e02.2fa0,voitureux,paris,costruzi_bas,firenze,0,1235,0,0,jcb_th540180,daf_xf_euro6_4x2_c,trailer.scs_lowlowd2,trailer_def.scs.lowloader.single_2_sh.short,1,1,0
69786,_nameless.1de.1e02.2920,voitureux,paris,wgcc,aarhus,2,1123,0,0,car_f,daf_xf_euro6_4x2_b,trailer.car_trans,trailer_def.car_f.car_trans,100,1,0
69786,_nameless.1de.1e02.3a30,voitureux,paris,cnp,nurnberg,1,831,0,0,cable_reel,"""heavy/iveco_6x4""",trailer.scs_lowlowd4,trailer_def.scs.lowloader.single_4_sh.short,1,1,0
69786,_nameless.1de.1e02.0ff0,voitureux,paris,transinet,brussel,1,325,0,0,car_d,scania_r_6x4_top_620,trailer.car_trans,trailer_def.car_d.car_trans,100,1,0
69786,_nameless.1de.1e02.29f0,voitureux,paris,tradeaux,felixstowe,1,468,35,300,used_packag,mercedes_4x2,trailer.kasbhr_sbt,trailer_def.kassbohrer.sbt.single_3_13.dryvan,34,1,0
69786,_nameless.1de.1e02.3960,freyr,jonkoping,freyr,aalborg,1,332,195,677,kr_stc1370,daf_xd_2,trailer.scs_lowlow4e,trailer_def.scs.lowloader.single_4_ln.long,1,1,0
69786,_nameless.1de.1e02.3b00,freyr,jonkoping,nordic_ports,sundsvall,0,563,0,0,tractor_c,"""heavy/scania_r_6x4_top_730""",trailer.scs_lowlow4e,trailer_def.scs.lowloader.single_4_ln.long,1,1,0
69786,_nameless.1de.1e02.3e40,freyr,jonkoping,drekkar,linkoping,2,259,0,0,kr_vpv190xc,volvo_fh2021_4x2_420,trailer.kasbhr_sll,trailer_def.kassbohrer.sll.single_3_sh.low,1,1,0
69786,_nameless.1de.1e02.2d30,wgcc,grimsby,wilnet_trans,lemans,0,858,35,300,empty_spool,scania_s2016_6x2_high_460,trailer.scs_lowbed41,trailer_def.scs.lowbed.single_41_ln.long,4,1,0
69786,_nameless.1de.1e02.19b0,wgcc,grimsby,rt_log,zurich,2,1201,35,300,contamin,volvo_fh16_4x2_420,trailer.krone.boxliner20,trailer_def.krone.boxliner.single_3.container,40,1,0
69786,_nameless.1de.1e02.3fe0,wgcc,grimsby,cont_port,duisburg,1,868,35,300,sodium,man_tgx_2020,trailer.scs_gosck220,trailer_def.scs.gooseneck.singl_3e_220.container,80,1,0
69786,_nameless.1de.1e02.0d80,wgcc,grimsby,wgcc,aarhus,0,289,1140,1314,ethane,scania_streamline_4x2_norm_380,trailer.scs_gastank,trailer_def.scs.gastank.single_3.gastank,40,1,0
69786,_nameless.1de.1e02.0e50,mvm_carriere,bastia,brawen,thessaloniki,0,906,1620,1979,dozer,"""heavy/renault_t_6x4""",trailer.scs_lowbed41,trailer_def.scs.lowbed.single_41_ln.long,1,1,0
69786,_nameless.1de.1e02.1dc0,mvm_carriere,bastia,batisse_hs,montpellier,1,354,840,1193,stones,volvo_fh16_4x2_540,trailer.scs_dumper,trailer_def.scs.dumper.single_3.steel,13,1,0
69786,_nameless.1de.1e02.5c50,mvm_carriere,bastia,rt_log,zaragoza,1,365,930,1182,stone_dust,scania_streamline_6x2_norm_440,trailer.ffb_kip60,trailer_def.feldbinder.kip.single_3_60.silo_60_3p,16,1,0
69786,_nameless.1de.1e02.6af0,mvm_carriere,bastia,wilnet_trans,limoges,0,775,840,1193,hipresstank,renault_t_6x2,trailer.scs_flat_b,trailer_def.scs.flatbed.single_3.flatbed_w,8,1,0
69786,_nameless.1de.1e02.63a0,norrsken,hamar,norrsken,borlange,0,249,0,0,comp_process,mercedes_actros_2014_6x4_b,trailer.scs_dry_m,trailer_def.scs.box.single_3.dryvan_m,33,1,0
69786,_nameless.1de.1e02.5d20,norrsken,hamar,stokes,warszawa,1,1599,105,404,pasta,daf_xf_euro6_4x2_b,trailer.kasbhr_scs,trailer_def.kassbohrer.scs.single_3_13.curtain,34,1,0
69786,_nameless.1de.1e02.6470,norrsken,hamar,rosmark,riga,2,732,510,1110,yogurt,mercedes_4x2,trailer.coolliner17,trailer_def.krone.coolliner.single_3.reefer,33,1,0
69786,_nameless.1de.1e02.4db0,norrsken,hamar,nord_crown,orebro,1,351,0,0,beans,mercedes_actros_2014_4x2_b,trailer.scs_dry_a,trailer_def.scs.box.single_3.dryvan,33,1,0
69786,_nameless.1de.1e02.5840,norrsken,hamar,polarislines,vaasa,0,645,300,680,metal_cans,daf_xg_4x2_450,trailer.scs_dry_s,trailer_def.scs.box.single_3.dryvan,33,1,0
69786,_nameless.1de.1e02.4a70,tdc_auto,bremen,dfh,duisburg,1,331,0,0,car_f,renault_t_4x2h,trailer.car_trans,trailer_def.car_f.car_trans,100,1,0
69786,_nameless.1de.1e02.56a0,tdc_auto,bremen,stokes,amsterdam,2,387,0,0,volvo_cars,scania_s2016_4x2_high_590,trailer.car_trans,trailer_def.volvo_cars.car_trans,100,1,0
69786,_nameless.1de.1e02.4e80,tdc_auto,bremen,dfh,hamburg,2,177,0,0,car_it,volvo_fh2021_4x2_420,trailer.car_trans,trailer_def.car_it.car_trans,100,1,0
69786,_nameless.1de.1e02.4f50,ocean_sol,algeciras,rt_log,a_coruna,2,1161,0,0,lux_yacht,man_tgx_2020_6x2,trailer.kasbhr_sla,trailer_def.kassbohrer.sla.single_3_sh.lowbed,1,1,0
69786,_nameless.1de.1e02.6880,ocean_sol,algeciras,wilnet_trans,limoges,1,1525,0,0,empty_barr,scania_r2016_6x2_high_460,trailer.scs_dry_s,trailer_def.scs.box.single_3.dryvan,33,1,0
69786,_nameless.1de.1e02.5430,adrica,zadar,lkwlog,nurnberg,0,998,0,0,beef_meat,daf_4x2_a,trailer.scs_ref,trailer_def.scs.box.single_3.reefer,33,1,0
69786,_nameless.1de.1e02.44c0,adrica,zadar,adrica,split,2,133,0,0,log_harvest,"""heavy/scania_s2016_6x4_high_730""",trailer.scs_lowlow4e,trailer_def.scs.lowloader.single_4_ln.long,1,1,0
69786,_nameless.1de.1e02.5020,adrica,zadar,lkwlog,lublin,1,1250,0,0,protec_cloth,daf_xf_euro6_4x2_c,trailer.profiliner17,trailer_def.krone.profiliner.single_3.curtain,33,1,0
69786,_nameless.1de.1e02.50f0,bhv,vaasa,norrsken,hamar,0,641,300,680,mondeos,volvo_fh2021_4x2_420,trailer.car_trans,trailer_def.mondeos.car_trans,100,1,0
69786,_nameless.1de.1e02.4250,bhv,vaasa,bhv,mikkeli,0,348,0,0,car_ibe,volvo_fh2012_4x2_420,trailer.car_trans,trailer_def.car_ibe.car_trans,100,1,0
69786,_nameless.1de.1e02.6130,bhv,vaasa,norrsken,orebro,0,497,300,680,volvo_cars,scania_r_6x4_top_620,trailer.car_trans,trailer_def.volvo_cars.car_trans,100,1,0
69786,_nameless.1de.1e02.5500,tm_istanbul,istanbul,exomar,taranto,0,1014,570,745,fireworks,renault_premium_6x4_a,trailer.profiliner17,trailer_def.krone.profiliner.single_3.curtain,33,1,0
69786,_nameless.1de.1e02.4b40,tm_istanbul,istanbul,ttk_bg,plovdiv,1,397,0,0,rice_c,renault_magnum_6x2_a,trailer.scs_gosck40,trailer_def.scs.gooseneck.singl_3e_40.container,30,1,0
69786,_nameless.1de.1e02.6950,tm_istanbul,istanbul,balkan_loco,edirne,1,195,0,0,iron_pipes,mercedes_4x2_a,trailer.scs_log,trailer_def.scs.log.single_3.steel,28,1,0
69786,_nameless.1de.1e02.6540,fjoste,kokkola,konstnr_hs,malmo,0,1181,300,680,concr_stair,volvo_fh16_4x2_540,trailer.scs_flat_b,trailer_def.scs.flatbed.single_3.flatbed_w,3,1,0
69786,_nameless.1de.1e02.6e30,fjoste,kokkola,konstnr,gavle,0,463,300,680,forklifts,volvo_fh2021_4x2_750,trailer.scs_lowbed_3,trailer_def.scs.lowbed.single_3.short,4,1,0
69786,_nameless.1de.1e02.5f90,fjoste,kokkola,nch,tallinn,1,616,150,430,iron_pipes,scania_r_4x2_top_480,trailer.scs_log,trailer_def.scs.log.single_3.steel,28,1,0
69786,_nameless.1de.1e02.6200,quarry,sheffield,stokes,zurich,1,1244,35,300,jcb_bhl4cx,daf_xd_1,trailer.kasbhr_slle,trailer_def.kassbohrer.sll.single_3_ln.low,1,1,0
69786,_nameless.1de.1e02.4320,quarry,sheffield,drekkar,odense,0,372,1140,1314,jcb_mexc19ce,daf_xd_2,trailer.scs_flat_b,trailer_def.scs.flatbed.single_3.flatbed_w,3,1,0
69786,_nameless.1de.1e02.4590,gnt,ventspils,lateds,valmiera,2,309,0,0,flour,scania_r2016_4x2_norm_370,trailer.scs_dry_s,trailer_def.scs.box.single_3.dryvan,33,1,0
69786,_nameless.1de.1e02.5290,gnt,ventspils,borealis,mikkeli,0,783,150,430,transmis,scania_s2016_4x2_norm_370,trailer.scs_dry_a,trailer_def.scs.box.single_3.dryvan,33,1,0
69786,_nameless.1de.1e02.4ce0,gnt,ventspils,gnt,jonkoping,1,307,510,1110,plumb_suppl,daf_xd25,trailer.kasbhr_scs,trailer_def.kassbohrer.scs.single_3_13.curtain,34,1,0
69786,_nameless.1de.1e02.62d0,gnt,ventspils,norrsken,stockholm,2,33,510,1110,kr_gx520,daf_xf_euro6_4x2_c,trailer.kasbhr_slle,trailer_def.kassbohrer.sll.single_3_ln.low,1,1,0
69786,_nameless.1de.1e02.51c0,piac,napoli,posped,bystrica,2,1597,0,0,vans_vt,man_tgx_2020_6x2,trailer.truck_trans,trailer_def.vans_vt.truck_trans,100,1,0
69786,_nameless.1de.1e02.5df0,piac,napoli,cargotras,olbia,0,261,840,879,used_plast,volvo_fh2021_6x2_540,trailer.drylineret,trailer_def.krone.edryliner.single_3.dryvan,33,1,0
69786,_nameless.1de.1e02.6610,piac,napoli,renar,calvi,1,317,1050,1234,scaffoldings,renault_etech_t,trailer.profiliner17,trailer_def.krone.profiliner.single_3.curtain,33,1,0
69786,_nameless.1de.1e02.5360,piac,napoli,exomar,olbia,0,260,840,879,forklifts,renault_t_4x2,trailer.scs_lowbed_3,trailer_def.scs.lowbed.single_3.short,4,1,0
69786,_nameless.1de.1e02.6fd0,piac,napoli,icaria,kavala,2,728,570,745,used_plast_c,volvo_fh2021_4x2_420,trailer.scs_gosck220,trailer_def.scs.gooseneck.singl_3e_220.container,30,1,0
69786,_nameless.1de.1e02.55d0,piac,napoli,globeur,bourges,1,1544,0,0,used_battery,volvo_fh16_4x2_540,trailer.scs_curt_a,trailer_def.scs.box.single_3.curtain,33,1,0
69786,_nameless.1de.1e02.48d0,piac,napoli,rt_log,barcelona,0,1584,0,0,car_f,renault_magnum_6x2_a,trailer.car_trans,trailer_def.car_f.car_trans,100,1,0
69786,_nameless.1de.1e02.43f0,kathode,munchen,exomar,bologna,2,634,0,0,truck_batt,daf_xd,trailer.scs_dry_m,trailer_def.scs.box.single_3.dryvan_m,33,1,0
69786,_nameless.1de.1e02.5ab0,kathode,munchen,lkwlog,frankfurt,1,350,0,0,empty_palet,mercedes_4x2_a,trailer.scs_dry_m,trailer_def.scs.box.single_3.dryvan_m,32,1,0
69786,_nameless.1de.1e02.6c90,kathode,munchen,norrsken,malmo,0,917,105,404,used_battery,scania_streamline_4x2_top_560,trailer.profiliner17,trailer_def.krone.profiliner.single_3.curtain,33,1,0
69786,_nameless.1de.1e02.5b80,kathode,munchen,gnt,daugavpils,0,1575,0,0,truck_batt_c,daf_xf_euro6_6x2_a,trailer.scs_gosck40,trailer_def.scs.gooseneck.singl_3e_40.container,30,1,0
69786,_nameless.1de.1e02.5ec0,kathode,munchen,lkwlog,graz,0,368,0,0,hi_volt_cabl,renault_t_4x2,trailer.profiliner17,trailer_def.krone.profiliner.single_3.curtain,33,1,0
69786,_nameless.1de.1e02.6060,itcc,skopje,exomar,taranto,1,495,540,420,elect_wiring,scania_r2016_4x2_norm_370,trailer.profiliner17,trailer_def.krone.profiliner.single_3.curtain,33,1,0
69786,_nameless.1de.1e02.6f00,itcc,skopje,exomar,bologna,2,1544,0,0,floorpanels,iveco_4x2_b,trailer.panel_trans.floor,trailer_def.floorpanels.panel_trans.floor,82,1,0
69786,_nameless.1de.1e02.6a20,tdc_auto,koper,brawen,ioannina,0,1567,0,0,volvo_cars,man_tgx_euro6_4x2_xxl,trailer.car_trans,trailer_def.volvo_cars.car_trans,100,1,0
69786,_nameless.1de.1e02.6d60,tdc_auto,koper,stokes,maribor,0,274,0,0,mondeos,daf_xf_electric,trailer.car_trans,trailer_def.mondeos.car_trans,100,1,0
69786,_nameless.1de.1e02.70a0,tdc_auto,koper,bhv,iasi,0,1394,0,0,pickup_gr,scania_streamline_6x4_top_480,trailer.truck_trans,trailer_def.pickup_gr.truck_trans,100,1,0
69786,_nameless.1de.1e02.7170,trans_cab,valladolid,ts_atlas,bilbao,2,296,0,0,plast_film_c,mercedes_actros_2014_4x2_a,trailer.scs_gosck220,trailer_def.scs.gooseneck.singl_3e_220.container,30,1,0
69786,_nameless.1de.1e02.7310,trans_cab,valladolid,log_atlan,albacete,2,521,0,0,pumps,mercedes_6x4_a,trailer.scs_dry_m,trailer_def.scs.box.single_3.dryvan_m,33,1,0
69786,_nameless.1de.1e02.73e0,trans_cab,valladolid,cesta_sl,leon,0,235,0,0,nonalco_beer,iveco_4x2_c,trailer.scs_dry,trailer_def.scs.box.single_3.dryvan,33,1,0
69786,_nameless.1de.1e02.40b0,trans_cab,valladolid,renar,calvi,0,731,930,1182,scaffoldings,man_4x2_a,trailer.scs_curt,trailer_def.scs.box.single_3.curtain,33,1,0
69786,_nameless.1de.1e02.4180,tradeaux,lyon,eolo_lines,porto_vecchi,0,306,840,1193,milk,scania_s_2024e,trailer.scs_curt_s,trailer_def.scs.box.single_3.curtain,33,1,0
69786,_nameless.1de.1e02.4730,tradeaux,lyon,dans_jardin,montpellier,1,359,0,0,cott_harvest,"""heavy/man_tgx_euro6_8x4_xlx""",trailer.kasbhr_slle,trailer_def.kassbohrer.sll.single_3_ln.low,1,1,0
69786,_nameless.1de.1e02.4800,tradeaux,lyon,tradeaux,grimsby,1,1176,35,300,kr_stc1370,mercedes_actros_2014_6x4_b,trailer.scs_lowlow2e,trailer_def.scs.lowloader.single_2_ln.long,1,1,0
69786,_nameless.1de.1e02.49a0,tradeaux,lyon,posped,rotterdam,0,874,0,0,mob_stacker,"""heavy/scania_streamline_8x4_top_730""",trailer.kasbhr_slle,trailer_def.kassbohrer.sll.single_3_ln.low,1,1,0
69786,_nameless.1de.1e02.7720,eumefa,maribor,gnt,bastia,2,1432,840,1193,truck_batt,man_tgx_euro6_6x4_xlx,trailer.kasbhr_shg45,trailer_def.kassbohrer.scs.single_3_13.curtain,34,1,0
69786,_nameless.1de.1e02.80e0,eumefa,maribor,cargotras,sassari,1,1461,840,879,comp_process,renault_premium_4x2_a,trailer.scs_dry,trailer_def.scs.box.single_3.dryvan,33,1,0
69786,_nameless.1de.1e02.92c0,eumefa,maribor,bcp,verona,1,573,0,0,hi_volt_cabl,man_tgx_euro6_4x2_xl,trailer.scs_dry_m,trailer_def.scs.box.single_3.dryvan_m,33,1,0
69786,_nameless.1de.1e02.91f0,transinet,torino,wilnet_trans,porto_vecchi,2,392,840,1193,desinfection,volvo_fh16_4x2_540,trailer.scs_dry_a,trailer_def.scs.box.single_3.dryvan,33,1,0
69786,_nameless.1de.1e02.9940,transinet,torino,cargotras,livorno,1,331,0,0,largetubes,iveco_4x2_a,trailer.profilinehd,trailer_def.krone.profilinerhd.single_3.flatbed,6,1,0
69786,_nameless.1de.1e02.a710,transinet,torino,posped,verona,1,345,0,0,floorpanels,scania_streamline_4x2_top_560,trailer.panel_trans.floor,trailer_def.floorpanels.panel_trans.floor,99,1,0
69786,_nameless.1de.1e02.7e70,wilnet_trans,marseille,wilnet_trans,limoges,1,662,0,0,locomotive,"""heavy/volvo_fh16_6x4_750""",trailer.scs_lowbed41,trailer_def.scs.lowbed.single_41_ln.long,1,1,0
69786,_nameless.1de.1e02.9bb0,wilnet_trans,marseille,te_logistica,parma,2,633,0,0,plums,scania_s2016_6x4_high_730,trailer.scs_ref_s,trailer_def.scs.box.single_3.reefer,33,1,0
69786,_nameless.1de.1e02.8de0,wilnet_trans,marseille,eolo_lines,lile_rousse,0,206,840,1193,rice,volvo_fh2024_6x2_500,trailer.kasbhr_shg45,trailer_def.kassbohrer.scs.single_3_13.curtain,34,1,0
69786,_nameless.1de.1e02.8900,wilnet_trans,marseille,rt_log,innsbruck,0,989,0,0,used_plast_c,volvo_fh16_4x2_420,trailer.krone.boxliner40,trailer_def.krone.boxliner.single_3_40.container,30,1,0
69786,_nameless.1de.1e02.8aa0,wilnet_trans,marseille,balkan_loco,maribor,1,1263,0,0,canned_pork,scania_streamline_6x2_norm_440,trailer.scs_ref_a,trailer_def.scs.box.single_3.reefer,31,1,0
69786,_nameless.1de.1e02.9ef0,wilnet_trans,marseille,sellplan,klagenfurt,0,1177,0,0,goat_cheese,daf_xf_euro6_4x2_b,trailer.scs_ref_a,trailer_def.scs.box.single_3.reefer,33,1,0
69786,_nameless.1de.1e02.77f0,wilnet_trans,marseille,bcp,bratislava,1,1468,0,0,transmis,mercedes_4x2_a,trailer.kasbhr_sbt,trailer_def.kassbohrer.sbt.single_3_13.dryvan,34,1,0
69786,_nameless.1de.1e02.96d0,domdepo,iasi,lognstick,bucuresti,0,386,0,0,stone_wool,mercedes_4x2_b,trailer.scs_dry_ms,trailer_def.scs.box.single_3.dryvan_m,33,1,0
69786,_nameless.1de.1e02.81b0,domdepo,iasi,balkan_loco,craiova,0,595,0,0,excav_soil,scania_s2016_4x2_norm_370,trailer.scs_dumper,trailer_def.scs.dumper.single_3.steel,17,1,0
69786,_nameless.1de.1e02.8690,domdepo,iasi,betunia,novi_sad,0,871,0,0,wshavings,volvo_fh16_4x2_540,trailer.scs_silo,trailer_def.scs.silo.single_3_10.silo,30,1,0
69786,_nameless.1de.1e02.7650,nbfc,liverpool,app,gijon,1,720,1080,1176,graph_grease,scania_r_6x4_top_620,trailer.scs_dry_a,trailer_def.scs.box.single_3.dryvan,33,1,0
69786,_nameless.1de.1e02.74b0,nbfc,liverpool,wgcc,aarhus,1,391,1140,1314,fertilizer,daf_4x2_b,trailer.scs_dry_a,trailer_def.scs.box.single_3.dryvan,32,1,0
69786,_nameless.1de.1e02.85c0,nbfc,liverpool,ns_oil,oslo,1,1160,1140,1314,motor_oil_c,volvo_fh16_4x2_540,trailer.scs_gosck40,trailer_def.scs.gooseneck.singl_3e_40.container,30,1,0
69786,_nameless.1de.1e02.9390,rock_eater,hunedoara,transinet,ostrava,0,939,0,0,jcb_dmphtd5e,scania_r_6x2_high_500,trailer.scs_flat_b,trailer_def.scs.flatbed.single_3.flatbed_w,7,1,0
69786,_nameless.1de.1e02.8760,rock_eater,hunedoara,balkan_loco,craiova,2,229,0,0,tracks,renault_t_4x2,trailer.kasbhr_sla,trailer_def.kassbohrer.sla.single_3_sh.lowbed,1,1,0
69786,_nameless.1de.1e02.8280,rock_eater,hunedoara,stokes,bystrica,0,659,0,0,digger500,man_4x2_a,trailer.kasbhr_slle,trailer_def.kassbohrer.sll.single_3_ln.low,1,1,0
69786,_nameless.1de.1e02.7f40,rock_eater,hunedoara,fallow,timisoara,0,222,0,0,mob_screener,"""heavy/volvo_fh2024_6x4_600""",trailer.kasbhr_slle,trailer_def.kassbohrer.sll.single_3_ln.low,1,1,0
69786,_nameless.1de.1e02.97a0,rock_eater,hunedoara,posped,szeged,0,334,0,0,dozer,"""heavy/scania_r_6x4_top_730""",trailer.scs_lowbed41,trailer_def.scs.lowbed.single_41_ln.long,1,1,0
69786,_nameless.1de.1e02.7b30,ika_bohag,bayonne,gallia_ferry,bilbao,1,184,0,0,pot_flowers,volvo_fh16_6x4_700,trailer.scs_ref_a,trailer_def.scs.box.single_3.reefer,33,1,0
69786,_nameless.1de.1e02.8350,ika_bohag,bayonne,cargotras,milano,0,1191,0,0,empty_palet,iveco_h_4x2_a,trailer.scs_dry_s,trailer_def.scs.box.single_3.dryvan,33,1,0
69786,_nameless.1de.1e02.78c0,ika_bohag,bayonne,log_atlan,bilbao,1,138,0,0,used_packag,scania_r_6x2_high_500,trailer.scs_curt,trailer_def.scs.box.single_3.curtain,33,1,0
69786,_nameless.1de.1e02.a3d0,aci,bologna,tesore_gust,milano,2,257,0,0,frsh_herbs,scania_s_2024e,trailer.scs_ref_a,trailer_def.scs.box.single_3.reefer,33,1,0
69786,_nameless.1de.1e02.8010,aci,bologna,tradeaux,pecs,1,829,0,0,post_packag,mercedes_actros_2014_4x2_c,trailer.kasbhr_sbt,trailer_def.kassbohrer.sbt.single_3_13.dryvan,34,1,0
69786,_nameless.1de.1e02.a160,aci,bologna,sanbuild_cem,tuzla,0,977,0,0,large_cont,daf_4x2_b,trailer.scs_flat_b,trailer_def.scs.flatbed.single_3.flatbed_w,33,1,0
69786,_nameless.1de.1e02.7990,aci,bologna,te_logistica,parma,2,118,0,0,grapes,volvo_fh2024_4x2_780,trailer.coollineret,trailer_def.krone.ecoolliner.single_3.reefer,33,1,0
69786,_nameless.1de.1e02.7a60,cnp,burgas,eumefa,nis,1,511,0,0,fueltanker,daf_xd,trailer.scs_gosck220,trailer_def.scs.gooseneck.singl_3e_220.container,80,1,0
69786,_nameless.1de.1e02.7c00,cnp,burgas,ai,kragujevac,0,658,0,0,motor_oil_c,scania_r_6x2_high_500,trailer.scs_gosck40,trailer_def.scs.gooseneck.singl_3e_40.container,30,1,0
69786,_nameless.1de.1e02.8830,cnp,burgas,fallow,larissa,0,756,0,0,watertank,man_tgx_euro6_6x4_xlx,trailer.scs_flat_b,trailer_def.scs.flatbed.single_3.flatbed_w,2,1,0
69786,_nameless.1de.1e02.7da0,sporklift,bucuresti,posped,bystrica,0,998,0,0,used_plast,man_tgx_2020_6x2,trailer.kasbhr_shg45,trailer_def.kassbohrer.scs.single_3_13.curtain,34,1,0
69786,_nameless.1de.1e02.9120,sporklift,bucuresti,lognstick,istanbul,2,561,0,0,used_plast_c,iveco_4x2_b,trailer.scs_gosck40,trailer_def.scs.gooseneck.singl_3e_40.container,30,1,0
69786,_nameless.1de.1e02.a570,sporklift,bucuresti,dunavia,novi_sad,0,710,0,0,used_battery,iveco_h_4x2_a,trailer.scs_curt,trailer_def.scs.box.single_3.curtain,33,1,0
69786,_nameless.1de.1e02.9a10,tree_et,felixstowe,itcc,osnabruck,0,396,480,960,empty_spool,daf_xf_4x2_370,trailer.kasbhr_sla,trailer_def.kassbohrer.sla.single_3_sh.lowbed,3,1,0
69786,_nameless.1de.1e02.89d0,tree_et,felixstowe,transinet,frankfurt,0,881,35,300,wshavings,scania_s2016_4x2_norm_370,trailer.ffb_eut35,trailer_def.feldbinder.eut.single_3_35.silo_35_3p,35,1,0
69786,_nameless.1de.1e02.8c40,tree_et,felixstowe,sanbuilders,rotterdam,0,126,480,960,jcb_pw125qe,daf_xf_euro6_4x2_a,trailer.profilinehd,trailer_def.krone.profilinerhd.single_3.flatbed,24,1,0
69786,_nameless.1de.1e02.8d10,stokes,aberdeen,posped,london,0,841,0,0,sausages,volvo_fh2024_6x2_500,trailer.coolliner17,trailer_def.krone.coolliner.single_3.reefer,33,1,0
69786,_nameless.1de.1e02.8eb0,stokes,aberdeen,posped,carlisle,1,380,0,0,guard_rails,daf_xf_euro6_4x2_c,trailer.profiliner17,trailer_def.krone.profiliner.single_3.curtain,33,1,0
69786,_nameless.1de.1e02.7580,stokes,aberdeen,posped,carlisle,2,380,0,0,steel_cord,man_4x2_a,trailer.dryliner17,trailer_def.krone.dryliner.single_3.dryvan,33,1,0
69786,_nameless.1de.1e02.8f80,stokes,aberdeen,posped,rotterdam,0,639,660,995,metal_pipes,iveco_4x2_a,trailer.scs_flat_b,trailer_def.scs.flatbed.single_3.flatbed_w,2,1,0
69786,_nameless.1de.1e02.9050,vesna,bihac,eurogoodies,koper,1,357,0,0,large_cont,man_4x2_c,trailer.kasbhr_sla,trailer_def.kassbohrer.sla.single_3_sh.lowbed,27,1,0
69786,_nameless.1de.1e02.a7e0,vesna,bihac,eurogoodies,klagenfurt,1,412,0,0,sausages,mercedes_4x2_b,trailer.scs_ref_s,trailer_def.scs.box.single_3.reefer,33,1,0
69786,_nameless.1de.1e02.9460,cesta_sl,barcelona,globeur,rennes,2,1091,0,0,used_plast,scania_r2016_4x2_norm_370,trailer.scs_dry_ms,trailer_def.scs.box.single_3.dryvan_m,33,1,0
69786,_nameless.1de.1e02.9d50,cesta_sl,barcelona,transinet,munchen,1,1379,0,0,empty_palet,daf_xgp25_4x2_530,trailer.scs_dry_a,trailer_def.scs.box.single_3.dryvan,33,1,0
69786,_nameless.1de.1e02.9e20,cesta_sl,barcelona,exomar,a_coruna,1,1119,0,0,used_plast_c,mercedes_actros_2014_6x2_a,trailer.kasbhr_shg40,trailer_def.kassbohrer.shg.singl_3e_40.container,30,1,0
69786,_nameless.1de.1e02.a230,cesta_sl,barcelona,cargotras,olbia,2,151,720,827,used_packag,scania_r_6x2_high_500,trailer.kasbhr_shg45,trailer_def.kassbohrer.scs.single_3_13.curtain,34,1,0
69786,_nameless.1de.1e02.a300,casa_olivera,lleida,eolo_lines,porto_vecchi,0,339,930,1182,carrots,daf_6x2_a,trailer.scs_dry_ms,trailer_def.scs.box.single_3.dryvan_m,33,1,0
69786,_nameless.1de.1e02.a640,casa_olivera,lleida,globeur,bayonne,0,387,0,0,peas,renault_premium_4x2_c,trailer.kasbhr_sbt,trailer_def.kassbohrer.sbt.single_3_13.dryvan,34,1,0
69786,_nameless.1de.1e02.c5f0,casa_olivera,lleida,eolo_lines,marseille,1,725,0,0,honey,scania_r_6x2_high_500,trailer.profiliner17,trailer_def.krone.profiliner.single_3.curtain,33,1,0
69786,_nameless.1de.1e02.aa50,casa_olivera,lleida,cesta_sl,leon,2,637,0,0,pears,"""double/man_4x2_a""",trailer.scs_ins_b2,trailer_def.scs.box.bdouble_3_3.insulated,52,1,0
69786,_nameless.1de.1e02.c930,casa_olivera,lleida,rt_log,zurich,0,1202,0,0,rye,volvo_fh2021_6x2_540,trailer.scs_silo,trailer_def.scs.silo.single_3_10.silo,30,1,0
69786,_nameless.1de.1e02.bd00,christopoulo,lamia,ccg_fla,thessaloniki,1,280,0,0,marb_blck,mercedes_6x4_a,trailer.scs_flat_b,trailer_def.scs.flatbed.single_3.flatbed_w,2,1,0
69786,_nameless.1de.1e02.d080,christopoulo,lamia,balkan_loco,pleven,0,813,0,0,plumb_suppl,daf_xd25,trailer.scs_dry_m,trailer_def.scs.box.single_3.dryvan_m,33,1,0
69786,_nameless.1de.1e02.cad0,christopoulo,lamia,cargotras,sassari,2,839,1410,1624,logs,daf_xgp25_4x2_530,trailer.scs_log,trailer_def.scs.log.single_3.steel,32,1,0
69786,_nameless.1de.1e02.bc30,nosko,vilnius,rosmark_ru,kaliningrad,2,358,0,0,pesto,man_4x2_c,trailer.kasbhr_shg45,trailer_def.kassbohrer.scs.single_3_13.curtain,34,1,0
69786,_nameless.1de.1e02.d2f0,nosko,vilnius,brawen,novi_sad,1,1290,0,0,chewing_gums,daf_xgp25_4x2_530,trailer.scs_dry_m,trailer_def.scs.box.single_3.dryvan_m,30,1,0
69786,_nameless.1de.1e02.ba90,cesta_sl,leon,te_logistica,cagliari,1,1012,720,827,used_packag,daf_xf_euro6_4x2_b,trailer.kasbhr_scs,trailer_def.kassbohrer.scs.single_3_13.curtain,34,1,0
69786,_nameless.1de.1e02.ab20,cesta_sl,leon,posped,metz,0,1564,0,0,used_plast,volvo_fh2021_4x2_750,trailer.kasbhr_sbt,trailer_def.kassbohrer.sbt.single_3_13.dryvan,34,1,0
69786,_nameless.1de.1e02.ca00,cesta_sl,leon,ts_atlas,porto,0,365,0,0,used_plast_c,scania_streamline_4x2_top_560,trailer.scs_gosck20,trailer_def.scs.gooseneck.singl_3e_20.container,15,1,0
69786,_nameless.1de.1e02.c040,cesta_sl,leon,stokes,dijon,0,1382,0,0,empty_palet,daf_xf_euro6_6x2_a,trailer.scs_curt_a,trailer_def.scs.box.single_3.curtain,33,1,0
69786,_nameless.1de.1e02.cba0,sellplan,southampton,stokes,calais,0,248,35,300,used_plast,mercedes_actros_2014_4x2_a,trailer.scs_curt,trailer_def.scs.box.single_3.curtain,33,1,0
69786,_nameless.1de.1e02.b680,sellplan,southampton,tradeaux,toulouse,0,1108,35,300,used_packag,daf_xf_4x2_370,trailer.dryliner17,trailer_def.krone.dryliner.single_3.dryvan,33,1,0
69786,_nameless.1de.1e02.b0d0,sellplan,southampton,stokes,calais,1,248,35,300,empty_palet,daf_xf_euro6_4x2_b,trailer.kasbhr_sbt,trailer_def.kassbohrer.sbt.single_3_13.dryvan,33,1,0
69786,_nameless.1de.1e02.a980,cont_port,constanta,icaria,kalamata,0,1503,0,0,exhausts_c,scania_s2016_6x4_high_730,trailer.kasbhr_shg20,trailer_def.kassbohrer.shg.singl_3e_20.container,15,1,0
69786,_nameless.1de.1e02.d150,cont_port,constanta,balkan_loco,pleven,2,349,0,0,phosphor,volvo_fh2024_4x2_780,trailer.scs_gosck20,trailer_def.scs.gooseneck.singl_3e_20.container,40,1,0
69786,_nameless.1de.1e02.db10,cont_port,constanta,brawen,bucuresti,0,225,0,0,used_plast_c,man_4x2_a,trailer.scs_gosck20,trailer_def.scs.gooseneck.singl_3e_20.container,15,1,0
69786,_nameless.1de.1e02.acc0,marina,durres,cnp,napoli,2,234,540,420,large_cont,scania_r_6x4_top_620,trailer.scs_lowbed_3,trailer_def.scs.lowbed.single_3.short,27,1,0
69786,_nameless.1de.1e02.d490,marina,durres,tradeaux,budapest,0,1006,0,0,lux_yacht,mercedes_actros_2014_6x2_a,trailer.scs_lowbed_4,trailer_def.scs.lowbed.single_4_sh.short,1,1,0
69786,_nameless.1de.1e02.b410,marina,durres,te_logistica,cagliari,1,249,1380,1299,yacht,mercedes_actros_2014_4x2_b,trailer.scs_lowbed_4,trailer_def.scs.lowbed.single_4_sh.short,1,1,0
69786,_nameless.1de.1e02.abf0,posped,linz,polar_fish,goteborg,0,1300,105,404,plast_film_c,iveco_4x2_b,trailer.krone.boxliner40,trailer_def.krone.boxliner.single_3_40.container,30,1,0
69786,_nameless.1de.1e02.ad90,posped,linz,stokes,maribor,0,336,0,0,coconut_milk,volvo_fh2021_6x2_540,trailer.kasbhr_sbt,trailer_def.kassbohrer.sbt.single_3_13.dryvan,31,1,0
69786,_nameless.1de.1e02.cc70,dfh,dresden,polarislines,nynashamn,0,1160,105,404,diesel_gen,man_tgx_2020_4x2,trailer.scs_dry_a,trailer_def.scs.box.single_3.dryvan,33,1,0
69786,_nameless.1de.1e02.c380,dfh,dresden,cont_port,hamburg,0,503,0,0,rice_c,man_tgx_euro6_4x2_xxl,trailer.krone.boxliner20,trailer_def.krone.boxliner.single_3.container,15,1,0
69786,_nameless.1de.1e02.c110,dfh,dresden,lkwlog,frankfurt,0,396,0,0,olive_oil,daf_xf_euro6_4x2_c,trailer.dryliner17,trailer_def.krone.dryliner.single_3.dryvan,33,1,0
69786,_nameless.1de.1e02.b4e0,dfh,dresden,itcc,linz,2,380,0,0,largetubes,mercedes_6x4_a,trailer.scs_log,trailer_def.scs.log.single_3.steel,6,1,0
69786,_nameless.1de.1e02.b340,radus_ru,burgas,brawen,bucuresti,0,376,0,0,metal_center,"""heavy/volvo_fh2024_6x4_600""",trailer.scs_lowlow4e,trailer_def.scs.lowloader.single_4_ln.long,1,1,0
69786,_nameless.1de.1e02.c860,radus_ru,burgas,ccg_fla,rhodes,2,1110,810,1889,concr_stair,iveco_4x2_b,trailer.profilinehd,trailer_def.krone.profilinerhd.single_3.flatbed,3,1,0
69786,_nameless.1de.1e02.dbe0,libellula,livorno,transinet,torino,0,341,0,0,scrap_metals,renault_t_4x2,trailer.scs_dumper,trailer_def.scs.dumper.single_3.steel,10,1,0
69786,_nameless.1de.1e02.da40,libellula,livorno,eolo_lines,marseille,1,636,0,0,empty_barr,mercedes_6x4_a,trailer.scs_dry_s,trailer_def.scs.box.single_3.dryvan,33,1,0
69786,_nameless.1de.1e02.bdd0,libellula,livorno,te_logistica,sassari,0,799,840,879,empty_palet,daf_xf_euro6_4x2_b,trailer.scs_dry_m,trailer_def.scs.box.single_3.dryvan_m,33,1,0
69786,_nameless.1de.1e02.d560,lavish_food,badajoz,trans_cab,vigo,2,601,0,0,gnocchi,man_4x2_a,trailer.scs_ref,trailer_def.scs.box.single_3.reefer,33,1,0
69786,_nameless.1de.1e02.d7d0,lavish_food,badajoz,log_atlan,salamanca,2,320,0,0,pesto,mercedes_4x2_c,trailer.scs_curt_s,trailer_def.scs.box.single_3.curtain,33,1,0
69786,_nameless.1de.1e02.c1e0,renar,honningsvag,sanbuild_hms,rovaniemi,1,652,0,0,jcb_bhl4cx,mercedes_4x2,trailer.scs_lowbed_3,trailer_def.scs.lowbed.single_3.short,1,1,0
69786,_nameless.1de.1e02.d970,renar,honningsvag,blt,paldiski,1,1520,150,430,kr_stc1370,scania_s2016_4x2_high_590,trailer.kasbhr_slle,trailer_def.kassbohrer.sll.single_3_ln.low,1,1,0
69786,_nameless.1de.1e02.b000,cont_port,esbjerg,granoro,rostock,2,367,105,404,sodhydro,iveco_h_4x2_a,trailer.scs_gosck20,trailer_def.scs.gooseneck.singl_3e_20.container,40,1,0
69786,_nameless.1de.1e02.d8a0,cont_port,esbjerg,nbfc,liverpool,0,246,1140,1314,sodium,mercedes_6x4_a,trailer.scs_gosck220,trailer_def.scs.gooseneck.singl_3e_220.container,80,1,0
69786,_nameless.1de.1e02.a8b0,cont_port,esbjerg,rt_log,rostock,0,362,105,404,phosphor,mercedes_actros_2014_4x2_a,trailer.scs_gosck20,trailer_def.scs.gooseneck.singl_3e_20.container,40,1,0
69786,_nameless.1de.1e02.d630,baltomorsk,klaipeda,nord_sten,kalmar,1,472,510,1110,digger1000,man_tgx_euro6_6x4_xlx,trailer.kasbhr_sla,trailer_def.kassbohrer.sla.single_3_sh.lowbed,1,1,0
69786,_nameless.1de.1e02.b8f0,baltomorsk,klaipeda,rt_log,graz,1,1341,0,0,jcb_bhl4cx,volvo_fh2012_4x2_750,trailer.scs_lowbed_4,trailer_def.scs.lowbed.single_4_sh.short,1,1,0
69786,_nameless.1de.1e02.b1a0,baltomorsk,klaipeda,renar,vasteraas,2,342,510,1110,logs,volvo_fh2024_4x2_780,trailer.scs_log,trailer_def.scs.log.single_3.steel,32,1,0
69786,_nameless.1de.1e02.d220,trans_cab,lisboa,globeur,montpellier,1,1405,0,0,fresh_fish,man_tgx_euro6_4x2_xl,trailer.scs_ref,trailer_def.scs.box.single_3.reefer,33,1,0
69786,_nameless.1de.1e02.c6c0,trans_cab,lisboa,app,badajoz,1,271,0,0,wrk_cloth,man_tgx_euro6_4x2_xxl,trailer.kasbhr_sbt,trailer_def.kassbohrer.sbt.single_3_13.dryvan,34,1,0
69786,_nameless.1de.1e02.b750,trans_cab,lisboa,globeur,montpellier,2,1405,0,0,electronics,volvo_fh2024_4x2_420,trailer.kasbhr_shg45,trailer_def.kassbohrer.scs.single_3_13.curtain,34,1,0
69786,_nameless.1de.1e02.c790,norse_rail,ostersund,renar,honningsvag,1,1402,0,0,dryers,scania_r2016_6x4_high_660,trailer.scs_curt_a,trailer_def.scs.box.single_3.curtain,33,1,0
69786,_nameless.1de.1e02.d700,norse_rail,ostersund,agronord,karlstad,2,599,0,0,ter_forklift,daf_xf_euro6_4x2_b,trailer.scs_flat_b,trailer_def.scs.flatbed.single_3.flatbed_w,2,1,0
69786,_nameless.1de.1e02.bb60,bhv,siauliai,dfh,dresden,0,963,0,0,pickup_gr,scania_r2016_4x2_high_500,trailer.truck_trans,trailer_def.pickup_gr.truck_trans,100,1,0
69786,_nameless.1de.1e02.bea0,bhv,siauliai,nch,tallinn,2,518,0,0,car_f,iveco_6x2_a,trailer.car_trans,trailer_def.car_f.car_trans,100,1,0
69786,_nameless.1de.1e02.bf70,eurogoodies,bijelo_polje,posped,strasbourg,2,1581,0,0,drymilk,scania_streamline_6x2_norm_440,trailer.scs_curt,trailer_def.scs.box.single_3.curtain,33,1,0
69786,_nameless.1de.1e02.c2b0,eurogoodies,bijelo_polje,subse,brasov,0,797,0,0,lamb_stom,renault_t_4x2,trailer.scs_ref_a,trailer_def.scs.box.single_3.reefer,33,1,0
69786,_nameless.1de.1e02.cd40,eurogoodies,bijelo_polje,sellplan,nurnberg,1,1358,0,0,cheese,scania_s2016_6x4_high_730,trailer.scs_ins_s,trailer_def.scs.box.single_3.insulated,33,1,0
69786,_nameless.1de.1e02.c520,marina,esbjerg,dfh,rostock,1,365,105,404,yacht,renault_magnum_6x4_a,trailer.kasbhr_sla,trailer_def.kassbohrer.sla.single_3_sh.lowbed,1,1,0
69786,_nameless.1de.1e02.ce10,renar,tampere,nordic_ports,sundsvall,2,369,300,680,helicopter,renault_premium_4x2_c,trailer.kasbhr_sla,trailer_def.kassbohrer.sla.single_3_sh.lowbed,1,1,0
69786,_nameless.1de.1e02.e670,renar,tampere,posped,katowice,1,1441,150,430,pet_food,mercedes_actros_2014_4x2_b,trailer.scs_curt_a,trailer_def.scs.box.single_3.curtain,33,1,0
69786,_nameless.1de.1e03.0f10,renar,tampere,sal_fi,kuopio,0,281,0,0,jcb_th540180,man_tgx_2020_6x2,trailer.kasbhr_sll,trailer_def.kassbohrer.sll.single_3_sh.low,1,1,0
69786,_nameless.1de.1e02.e9b0,posped,swansea,trans_cab,santander,0,316,1080,1176,plumb_suppl,renault_premium_4x2_a,trailer.scs_curt_a,trailer_def.scs.box.single_3.curtain,33,1,0
69786,_nameless.1de.1e02.fed0,posped,swansea,gallia_ferry,roscoff,0,316,420,910,toys,mercedes_6x2_b,trailer.kasbhr_shg45,trailer_def.kassbohrer.scs.single_3_13.curtain,34,1,0
69786,_nameless.1de.1e03.06f0,posped,swansea,stokes,plymouth,2,310,0,0,vans_vt,mercedes_4x2_a,trailer.truck_trans,trailer_def.vans_vt.truck_trans,100,1,0
69786,_nameless.1de.1e03.0960,ika_bohag,roma,eolo_lines,porto_vecchi,2,901,840,1193,empty_palet,scania_r_4x2_top_480,trailer.kasbhr_scs,trailer_def.kassbohrer.scs.single_3_13.curtain,34,1,0
69786,_nameless.1de.1e03.0b00,ika_bohag,roma,te_logistica,napoli,1,260,0,0,used_packag,mercedes_6x2_b,trailer.kasbhr_shg45,trailer_def.kassbohrer.scs.single_3_13.curtain,34,1,0
69786,_nameless.1de.1e03.0070,radus_ru,petersburg,domdepo_ru,vyborg,0,206,0,0,concr_cent,scania_streamline_4x2_top_560,trailer.scs_flat_b,trailer_def.scs.flatbed.single_3.flatbed_w,7,1,0
69786,_nameless.1de.1e03.0140,radus_ru,petersburg,blt_ru,pskov,2,388,0,0,concr_beams,"""heavy/man_tgx_2020_8x4""",trailer.scs_lowbed41,trailer_def.scs.lowbed.single_41_ln.long,1,1,0
69786,_nameless.1de.1e03.0620,sanbuild_cem,tuzla,aluxion,mostar,0,309,0,0,ore,volvo_fh2012_4x2_420,trailer.scs_dumper,trailer_def.scs.dumper.single_3.steel,12,1,0
69786,_nameless.1de.1e03.0d70,sanbuild_cem,tuzla,rt_log,salzburg,2,779,0,0,sand,volvo_fh2021_4x2_420,trailer.ffb_eut35,trailer_def.feldbinder.eut.single_3_35.silo_35_3p,17,1,0
69786,_nameless.1de.1e02.ea80,sanbuild_cem,tuzla,lkwlog,kosice,0,604,0,0,watertank,renault_t_4x2,trailer.scs_lowlow4e,trailer_def.scs.lowloader.single_4_ln.long,2,1,0
69786,_nameless.1de.1e02.eb50,tree_et,a_coruna,boisserie,lemans,2,1365,0,0,mob_tr_winch,"""heavy/volvo_fh16_6x4_750""",trailer.scs_lowbed_3,trailer_def.scs.lowbed.single_3.short,1,1,0
69786,_nameless.1de.1e02.f5e0,tree_et,a_coruna,log_atlan,a_coruna,1,211,0,0,logs,daf_xg_4x2_450,trailer.scs_log,trailer_def.scs.log.single_3.steel,32,1,0
69786,_nameless.1de.1e02.f030,baltomorsk,valmiera,blt_ru,pskov,1,181,0,0,wood_chipper,"""heavy/volvo_fh2024_6x4_600""",trailer.kasbhr_slle,trailer_def.kassbohrer.sll.single_3_ln.low,1,1,0
69786,_nameless.1de.1e02.dcb0,baltomorsk,valmiera,gnt,jonkoping,0,611,510,1110,lumber,iveco_6x2_a,trailer.profilinehd,trailer_def.krone.profilinerhd.single_3.flatbed,3,1,0
69786,_nameless.1de.1e02.ffa0,rt_log,cordoba,log_atlan,almeria,2,363,0,0,mtl_coil,scania_r_6x2_high_500,trailer.profilinehd,trailer_def.krone.profilinerhd.single_3.flatbed,2,1,0
69786,_nameless.1de.1e02.f440,rt_log,cordoba,ts_atlas,sines,0,598,0,0,nitrogen,volvo_fh16_6x4_700,trailer.scs_gosck20,trailer_def.scs.gooseneck.singl_3e_20.container,40,1,0
69786,_nameless.1de.1e02.f920,rt_log,cordoba,rt_log,madrid,2,394,0,0,stones,iveco_h_4x2_a,trailer.scs_dumper,trailer_def.scs.dumper.single_3.steel,13,1,0
69786,_nameless.1de.1e02.fb90,eumefa,beograd,brawen,trikala,2,904,0,0,used_plast_c,daf_xf_euro6_4x2_b,trailer.krone.boxliner220,trailer_def.krone.boxliner.single_3_220.container,30,1,0
69786,_nameless.1de.1e02.f100,eumefa,beograd,transinet,torino,1,1400,0,0,comp_process,mercedes_actros_2014_4x2_c,trailer.scs_curt_a,trailer_def.scs.box.single_3.curtain,33,1,0
69786,_nameless.1de.1e02.e740,eumefa,beograd,spinelli,pitesti,1,589,0,0,transformat,"""heavy/daf_xd""",trailer.scs_lowlowd4,trailer_def.scs.lowloader.single_4_sh.short,1,1,0
69786,_nameless.1de.1e03.0fe0,radus,banja_luka,posped,szeged,0,351,0,0,concr_cent,daf_xf_euro6_4x2_c,trailer.scs_flat_b,trailer_def.scs.flatbed.single_3.flatbed_w,7,1,0
69786,_nameless.1de.1e02.e260,radus,banja_luka,cemelt_fla,timisoara,0,478,0,0,bricks,iveco_sway_4x2_500,trailer.scs_brick_r,trailer_def.scs.flatbed.single_3.brick,32,1,0
69786,_nameless.1de.1e02.dff0,cemelt_win,paldiski,nord_sten,jonkoping,0,497,570,1270,dozer,"""heavy/man_6x4""",trailer.kasbhr_sll,trailer_def.kassbohrer.sll.single_3_sh.low,1,1,0
69786,_nameless.1de.1e02.ecf0,cemelt_win,paldiski,mjolnir_min,karesuando,0,1167,150,430,jcb_dmp6t2,"""heavy/man_tgx_2020_8x4""",trailer.scs_lowlowd2,trailer_def.scs.lowloader.single_2_sh.short,1,1,0
69786,_nameless.1de.1e02.fe00,shuttle,iasi,fallow,targu_mures,1,255,0,0,used_packag,daf_xd25,trailer.scs_dry,trailer_def.scs.box.single_3.dryvan,33,1,0
69786,_nameless.1de.1e02.ef60,shuttle,iasi,villco_mkt,mitilini,0,985,730,1440,beverages_c,mercedes_4x2_c,trailer.scs_gosck20,trailer_def.scs.gooseneck.singl_3e_20.container,15,1,0
69786,_nameless.1de.1e02.e0c0,shuttle,iasi,stokes,bystrica,1,1019,0,0,carb_water,daf_xgp25_4x2_530,trailer.scs_curt,trailer_def.scs.box.single_3.curtain,32,1,0
69786,_nameless.1de.1e03.02e0,shuttle,iasi,cont_port,rijeka,1,1312,0,0,used_plast_c,scania_s2016_4x2_high_590,trailer.scs_gosck40,trailer_def.scs.gooseneck.singl_3e_40.container,30,1,0
69786,_nameless.1de.1e02.f1d0,fle,bucuresti,lognstick,galati,2,207,0,0,post_packag,daf_4x2_b,trailer.kasbhr_shg45,trailer_def.kassbohrer.scs.single_3_13.curtain,34,1,0
69786,_nameless.1de.1e02.f6b0,fle,bucuresti,posped,warszawa,2,1394,0,0,olive_tree,scania_r_6x2_high_500,trailer.scs_brick_r,trailer_def.scs.flatbed.single_3.brick,1,1,0
69786,_nameless.1de.1e02.edc0,ns_chem,kaunas,cont_port,klaipeda,1,219,0,0,sulfuric,mercedes_actros_2014_6x4_b,trailer.scs_gosck20,trailer_def.scs.gooseneck.singl_3e_20.container,40,1,0
69786,_nameless.1de.1e02.f370,ns_chem,kaunas,wgcc,sundsvall,0,804,510,1110,hmetal,man_tgx_euro6_4x2_xxl,trailer.kasbhr_shg20,trailer_def.kassbohrer.shg.singl_3e_20.container,40,1,0
69786,_nameless.1de.1e03.0e40,ika_bohag,pescara,adrica,split,1,238,600,315,empty_palet,daf_xd_1,trailer.scs_dry_s,trailer_def.scs.box.single_3.dryvan,33,1,0
69786,_nameless.1de.1e02.e330,ika_bohag,pescara,brawen,banja_luka,0,1185,0,0,pot_flowers,scania_r2016_4x2_high_500,trailer.coolliner17,trailer_def.krone.coolliner.single_3.reefer,33,1,0
69786,_nameless.1de.1e03.07c0,ika_bohag,pescara,adrica,split,1,238,600,315,used_packag,scania_r_6x2_high_500,trailer.drylineret,trailer_def.krone.edryliner.single_3.dryvan,33,1,0
69786,_nameless.1de.1e02.fac0,eurogoodies,edinburgh,sellplan,rostock,1,1108,660,995,apples_c,iveco_6x2_a,trailer.kasbhr_shg20,trailer_def.kassbohrer.shg.singl_3e_20.container,15,1,0
69786,_nameless.1de.1e02.e4d0,eurogoodies,edinburgh,transinet,sheffield,0,382,0,0,concen_juice,man_tgx_2020,trailer.dryliner17,trailer_def.krone.dryliner.single_3.dryvan,31,1,0
69786,_nameless.1de.1e02.f510,kaarfor,magdeburg,polarislines,karlskrona,0,717,105,404,empty_palet,iveco_4x2_a,trailer.scs_dry_ms,trailer_def.scs.box.single_3.dryvan_m,32,1,0
69786,_nameless.1de.1e02.f850,kaarfor,magdeburg,rt_log,innsbruck,0,736,0,0,used_packag,daf_xf_euro6_6x2_a,trailer.kasbhr_sbt,trailer_def.kassbohrer.sbt.single_3_13.dryvan,34,1,0
69786,_nameless.1de.1e02.e5a0,lkwlog,szeged,villco_mkt,osijek,2,225,0,0,clothes,scania_s2016_6x4_high_730,trailer.drylineret,trailer_def.krone.edryliner.single_3.dryvan,33,1,0
69786,_nameless.1de.1e02.fc60,lkwlog,szeged,icaria,chios,1,913,690,1521,fresh_fish,scania_r2016_6x2_high_460,trailer.scs_ref,trailer_def.scs.box.single_3.reefer,33,1,0
69786,_nameless.1de.1e02.fd30,lkwlog,szeged,lkwlog,kosice,1,344,0,0,concr_stair,volvo_fh2012_4x2_750,trailer.scs_flat_b,trailer_def.scs.flatbed.single_3.flatbed_w,3,1,0
69786,_nameless.1de.1e03.0bd0,lkwlog,szeged,imp_otel,hunedoara,1,324,0,0,hvac,renault_t_4x2h,trailer.scs_lowbed41,trailer_def.scs.lowbed.single_41_ln.long,4,1,0
69786,_nameless.1de.1e02.e8e0,lkwlog,szeged,lognstick,bucuresti,0,689,0,0,pot_flowers,renault_magnum_4x2_a,trailer.scs_ins_a,trailer_def.scs.box.single_3.insulated,33,1,0
69786,_nameless.1de.1e03.0ca0,lkwlog,szeged,brawen,novi_sad,2,146,0,0,perfor_frks,renault_premium_4x2_c,trailer.scs_dry_ms,trailer_def.scs.box.single_3.dryvan_m,33,1,0
69786,_nameless.1de.1e03.3af0,sag_tre_pln,lillehammer,sag_tre_pln,trondheim,1,392,0,0,ter_forklift,iveco_sway_4x2_500,trailer.profilinehd,trailer_def.krone.profilinerhd.single_3.flatbed,2,1,0
69786,_nameless.1de.1e03.3880,sag_tre_pln,lillehammer,ika_bohag,odense,0,948,0,0,forklifts,mercedes_4x2_b,trailer.scs_lowbed_4,trailer_def.scs.lowbed.single_4_sh.short,4,1,0
69786,_nameless.1de.1e03.25d0,sag_tre_pln,lillehammer,lkwlog,gdansk,0,842,630,790,crawler,"""heavy/scania_streamline_8x4_top_730""",trailer.scs_lowbed41,trailer_def.scs.lowbed.single_41_ln.long,1,1,0
69786,_nameless.1de.1e03.3e30,sag_tre_pln,lillehammer,suprema,jyvaskyla,1,854,540,1170,furniture,man_tgx_2020_4x2,trailer.scs_curt_a,trailer_def.scs.box.single_3.curtain,33,1,0
69786,_nameless.1de.1e03.2df0,ccg_fla,thessaloniki,rock_eater,argostoli,2,355,460,720,crawler,"""heavy/scania_s2016_6x4_high_730""",trailer.scs_lowbed_4,trailer_def.scs.lowbed.single_4_sh.short,1,1,0
69786,_nameless.1de.1e03.4310,ccg_fla,thessaloniki,nbfc,budapest,2,984,0,0,ter_forklift,iveco_h_4x2_a,trailer.profilinehd,trailer_def.krone.profilinerhd.single_3.flatbed,2,1,0
69786,_nameless.1de.1e03.1a70,ccg_fla,thessaloniki,cnp,athens,1,560,0,0,empty_palet,daf_xgp25_4x2_530,trailer.scs_curt_s,trailer_def.scs.box.single_3.curtain,33,1,0
69786,_nameless.1de.1e03.43e0,syschema,osijek,balkan_loco,edirne,0,1028,0,0,ammunition,renault_t_4x2,trailer.scs_curt_a,trailer_def.scs.box.single_3.curtain,33,1,0
69786,_nameless.1de.1e03.36e0,syschema,osijek,scs_paper,beograd,1,274,0,0,ammonia,renault_premium_4x2_a,trailer.scs_gastank,trailer_def.scs.gastank.single_3.gastank,31,1,0
69786,_nameless.1de.1e03.3950,syschema,osijek,st_roza_bg,pirdop,0,748,0,0,ethane,daf_xd,trailer.scs_gastank,trailer_def.scs.gastank.single_3.gastank,40,1,0
69786,_nameless.1de.1e03.3200,wgcc,sundsvall,lintukainen,kouvola,0,555,300,680,propane,renault_magnum_4x2_a,trailer.scs_gastank,trailer_def.scs.gastank.single_3.gastank,40,1,0
69786,_nameless.1de.1e03.2290,wgcc,sundsvall,wgcc,aarhus,1,1330,0,0,fueltanker,renault_t_4x2,trailer.krone.boxliner40,trailer_def.krone.boxliner.single_3_40.container,80,1,0
69786,_nameless.1de.1e03.2d20,renor,ornskoldsvik,viln_paper,vilnius,2,880,510,1110,wood_bark,iveco_h_4x2_a,trailer.scs_dumper,trailer_def.scs.dumper.single_3.steel,27,1,0
69786,_nameless.1de.1e03.32d0,fallow,timisoara,stokes,tuzla,2,359,0,0,digger1000,iveco_4x2_b,trailer.kasbhr_sla,trailer_def.kassbohrer.sla.single_3_sh.lowbed,1,1,0
69786,_nameless.1de.1e03.3a20,fallow,timisoara,tras_med,genova,0,1462,0,0,chimney_syst,daf_xf_euro6_6x4_c,trailer.kasbhr_sbt,trailer_def.kassbohrer.sbt.single_3_13.dryvan,34,1,0
69786,_nameless.1de.1e03.40a0,fallow,timisoara,eurogoodies,klagenfurt,2,743,0,0,beans,volvo_fh2021_4x2_420,trailer.scs_curt_a,trailer_def.scs.box.single_3.curtain,33,1,0
69786,_nameless.1de.1e03.1590,fallow,timisoara,transinet,torino,0,1452,0,0,apples_c,renault_premium_4x2_a,trailer.krone.boxliner220,trailer_def.krone.boxliner.single_3_220.container,30,1,0
69786,_nameless.1de.1e03.3d60,feldbinder_t,winsen,eurogoodies,dusseldorf,0,393,0,0,ffb_tsalm32,mercedes_4x2_b,trailer.ffb_tsalm32,trailer_def.ffb_tsalm32.ffb_tsalm32,100,1,0
69786,_nameless.1de.1e03.2360,feldbinder_t,winsen,dfh,berlin,2,332,0,0,ffb_tsaadr22,daf_xd25,trailer.ffb_tsaadr22,trailer_def.ffb_tsaadr22.ffb_tsaadr22,100,1,0
69786,_nameless.1de.1e03.10b0,feldbinder_t,winsen,rt_log,travemunde,2,141,0,0,ffb_kip60,mercedes_4x2_b,trailer.ffb_kip60,trailer_def.ffb_kip60.ffb_kip60,100,1,0
69786,_nameless.1de.1e03.3c90,bcp,munchen,kathode,zurich,0,360,0,0,forklifts,iveco_4x2_a,trailer.scs_lowbed_4,trailer_def.scs.lowbed.single_4_sh.short,3,1,0
69786,_nameless.1de.1e03.2ec0,bcp,munchen,rt_log,salzburg,2,126,0,0,vans_id,man_6x4_b,trailer.van_trans,trailer_def.vans_id.van_trans,100,1,0
69786,_nameless.1de.1e03.3f00,ns_oil,karlstad,bltmetal,tallinn,0,361,570,1270,propane,mercedes_4x2_b,trailer.scs_gastank,trailer_def.scs.gastank.single_3.gastank,40,1,0
69786,_nameless.1de.1e03.2f90,ns_oil,karlstad,transinet,bialystok,2,835,510,1110,kerosene,daf_xf_4x2_370,trailer.scs_fueltank,trailer_def.scs.fueltank.single_3.fueltank,30,1,0
69786,_nameless.1de.1e03.3540,ns_oil,karlstad,baltomors_ru,petersburg,2,684,570,1270,fueltanker,volvo_fh16_4x2_420,trailer.kasbhr_shg40,trailer_def.kassbohrer.shg.singl_3e_40.container,80,1,0
69786,_nameless.1de.1e03.2500,ns_oil,karlstad,sanbuilders,warszawa,0,1490,105,404,lpg,daf_xf_euro6_6x2_a,trailer.krone.boxliner220,trailer_def.krone.boxliner.single_3_220.container,80,1,0
69786,_nameless.1de.1e03.4170,larus,novo_mesto,transinet,rotterdam,0,1319,0,0,car_balt1,daf_xd25,trailer.car_trans,trailer_def.car_balt1.car_trans,100,1,0
69786,_nameless.1de.1e03.3bc0,larus,novo_mesto,dfh,dresden,0,779,0,0,used_packag,volvo_fh16_6x4_700,trailer.scs_curt_s,trailer_def.scs.box.single_3.curtain,33,1,0
69786,_nameless.1de.1e03.4240,larus,novo_mesto,tradeaux,klagenfurt,0,293,0,0,used_battery,volvo_fh16_4x2_420,trailer.profiliner17,trailer_def.krone.profiliner.single_3.curtain,33,1,0
69786,_nameless.1de.1e03.13f0,posped,birmingham,stokes,cardiff,1,228,0,0,honey,daf_xgp_4x2_530,trailer.scs_dry_m,trailer_def.scs.box.single_3.dryvan_m,33,1,0
69786,_nameless.1de.1e03.26a0,posped,birmingham,sellplan,geneve,1,1197,35,300,salt_spices,volvo_fh2021_4x2_420,trailer.kasbhr_scs,trailer_def.kassbohrer.scs.single_3_13.curtain,34,1,0
69786,_nameless.1de.1e03.1180,posped,birmingham,gallia_ferry,bilbao,0,353,1076,1172,carrots,man_tgx_2020_4x2,trailer.scs_dry_a,trailer_def.scs.box.single_3.dryvan,33,1,0
69786,_nameless.1de.1e03.1ce0,mvm_carriere,nice,betunia,tirana,0,1198,540,420,stones,daf_4x2_b,trailer.scs_dumper,trailer_def.scs.dumper.single_3.steel,11,1,0
69786,_nameless.1de.1e03.1b40,mvm_carriere,nice,nos_pat,lleida,0,943,0,0,volvo_bucket,scania_s2016_6x2_high_460,trailer.scs_lowbed_3,trailer_def.scs.lowbed.single_3.short,1,1,0
69786,_nameless.1de.1e03.1320,spinelli,parma,ai,nurnberg,0,794,0,0,forklifts,man_tgx_2020_4x2,trailer.kasbhr_sla,trailer_def.kassbohrer.sla.single_3_sh.lowbed,3,1,0
69786,_nameless.1de.1e03.14c0,spinelli,parma,exomar,roma,0,460,0,0,used_packag,volvo_fh2012_4x2_750,trailer.profiliner17,trailer_def.krone.profiliner.single_3.curtain,33,1,0
69786,_nameless.1de.1e03.2430,spinelli,parma,tradeaux,hannover,2,1198,0,0,moto_tires,scania_s2016_4x2_high_590,trailer.dryliner17,trailer_def.krone.dryliner.single_3.dryvan,33,1,0
69786,_nameless.1de.1e03.33a0,gnt,vilnius,lateds,daugavpils,0,190,0,0,lamb_stom,mercedes_4x2_a,trailer.coolliner17,trailer_def.krone.coolliner.single_3.reefer,33,1,0
69786,_nameless.1de.1e03.1c10,gnt,vilnius,rt_log,linz,2,1197,0,0,food_oil_t,daf_4x2_b,trailer.scs_fodt,trailer_def.scs.foodtank.single_3.paint,25,1,0
69786,_nameless.1de.1e03.3470,gnt,vilnius,nch,riga,2,281,0,0,forwarder,"""heavy/volvo_fh2024_6x4_600""",trailer.scs_lowlow4e,trailer_def.scs.lowloader.single_4_ln.long,1,1,0
69786,_nameless.1de.1e03.1660,sporklift,karlovo,dunavia,novi_sad,0,635,0,0,used_plast_c,volvo_fh2012_4x2_750,trailer.scs_gosck20,trailer_def.scs.gooseneck.singl_3e_20.container,15,1,0
69786,_nameless.1de.1e03.3130,sporklift,karlovo,tm_istanbul,istanbul,0,430,0,0,scrap_metals,man_tgx_euro6_4x2_xxl,trailer.scs_dumper,trailer_def.scs.dumper.single_3.steel,8,1,0
69786,_nameless.1de.1e03.1730,sporklift,karlovo,eumefa,nis,2,270,0,0,forklifts,daf_xf_euro6_4x2_c,trailer.scs_lowbed_3,trailer_def.scs.lowbed.single_3.short,4,1,0
69786,_nameless.1de.1e03.1800,sporklift,karlovo,stokes,tirana,0,709,0,0,used_battery,daf_xf_euro6_6x2_a,trailer.scs_curt_s,trailer_def.scs.box.single_3.curtain,33,1,0
69786,_nameless.1de.1e03.19a0,trainfoundry,resita,fallow,targu_mures,1,342,0,0,train_part,mercedes_4x2,trailer.scs_flat_b,trailer_def.scs.flatbed.single_3.flatbed_w,5,1,0
69786,_nameless.1de.1e03.18d0,trainfoundry,resita,transinet,debrecen,2,394,0,0,scrap_metals,man_tgx_euro6_4x2_xxl,trailer.scs_dumper,trailer_def.scs.dumper.single_3.steel,8,1,0
69786,_nameless.1de.1e03.1db0,trainfoundry,resita,imp_otel,craiova,0,237,0,0,mobile_crane,"""heavy/scania_r_6x4_top_730""",trailer.scs_lowlow4e,trailer_def.scs.lowloader.single_4_ln.long,1,1,0
69786,_nameless.1de.1e03.3610,trainfoundry,resita,bcp,verona,2,1226,0,0,large_cont,daf_xf_euro6_4x2_b,trailer.profilinehd,trailer_def.krone.profilinerhd.single_3.flatbed,33,1,0
69786,_nameless.1de.1e03.1e80,trainfoundry,resita,stokes,bystrica,1,577,0,0,czl_es300,"""heavy/mercedes_actros_8x4""",trailer.scs_lowbed41,trailer_def.scs.lowbed.single_41_ln.long,1,1,0
69786,_nameless.1de.1e03.1f50,trainfoundry,resita,ocean_sol,ruse,1,509,0,0,jcb_g100rs,daf_4x2_a,trailer.profilinehd,trailer_def.krone.profilinerhd.single_3.flatbed,4,1,0
69786,_nameless.1de.1e03.37b0,trainfoundry,resita,quadrelli,bari,0,955,540,420,hipresstank,renault_premium_4x2_c,trailer.scs_flat_b,trailer_def.scs.flatbed.single_3.flatbed_w,8,1,0
69786,_nameless.1de.1e03.2020,acc,bilbao,globeur,bourges,1,766,0,0,emptytank,daf_xd,trailer.profilinehd,trailer_def.krone.profilinerhd.single_3.flatbed,1,1,0
69786,_nameless.1de.1e03.21c0,acc,bilbao,wilnet_trans,lemans,0,883,0,0,sq_tub,daf_xd25,trailer.scs_flat_b,trailer_def.scs.flatbed.single_3.flatbed_w,2,1,0
69786,_nameless.1de.1e03.2840,acc,bilbao,transinet,frankfurt,0,1568,0,0,crawler,"""heavy/renault_6x4""",trailer.scs_lowlow2e,trailer_def.scs.lowloader.single_2_ln.long,1,1,0
69786,_nameless.1de.1e03.2910,acc,bilbao,trans_cab,lisboa,2,833,0,0,iron_pipes,mercedes_4x2,trailer.scs_log,trailer_def.scs.log.single_3.steel,28,1,0
69786,_nameless.1de.1e03.29e0,ocean_sol,mangalia,marina,cernavoda,1,105,0,0,yacht,daf_xd_1,trailer.scs_lowbed41,trailer_def.scs.lowbed.single_41_ln.long,1,1,0
69786,_nameless.1de.1e03.2ab0,ocean_sol,mangalia,balkan_loco,ruse,0,221,0,0,cable_reel,"""heavy/renault_6x4""",trailer.scs_lowlowd4,trailer_def.scs.lowloader.single_4_sh.short,1,1,0
69786,_nameless.1de.1e03.54f0,villco,athens,villco,sarajevo,0,1209,0,0,yogurt,renault_premium_6x2_a,trailer.scs_ins,trailer_def.scs.box.single_3.insulated,33,1,0
69786,_nameless.1de.1e03.6d50,villco,athens,kaarfor,craiova,1,1117,0,0,lamb_stom,renault_premium_4x2_a,trailer.scs_ref,trailer_def.scs.box.single_3.reefer,33,1,0
69786,_nameless.1de.1e03.6940,euroacres,brussel,eurogoodies,kassel,0,362,0,0,beans,daf_xgp25_4x2_530,trailer.scs_dry_m,trailer_def.scs.box.single_3.dryvan_m,33,1,0
69786,_nameless.1de.1e03.66d0,euroacres,brussel,tradeaux,clermont,2,843,0,0,tractor_au,volvo_fh2024_4x2_780,trailer.scs_lowlowd4,trailer_def.scs.lowloader.single_4_sh.short,1,1,0
69786,_nameless.1de.1e03.48c0,syschema,beograd,syschema,osijek,0,304,0,0,lead,scania_s2016_6x2_high_460,trailer.kasbhr_shg40,trailer_def.kassbohrer.shg.singl_3e_40.container,80,1,0
69786,_nameless.1de.1e03.55c0,syschema,beograd,syschema,osijek,2,304,0,0,chlorine_t,scania_s2016_6x4_high_730,trailer.scs_gastank,trailer_def.scs.gastank.single_3.gastank,14,1,0
69786,_nameless.1de.1e03.50e0,syschema,beograd,fallow,podgorica,0,384,0,0,fuel_oil,daf_xf_euro6_6x4_c,trailer.scs_fueltank,trailer_def.scs.fueltank.single_3.fueltank,27,1,0
69786,_nameless.1de.1e03.6a10,bosfir,bihac,scs_paper,zenica,2,292,0,0,logs,scania_s2016_6x4_high_730,trailer.scs_log,trailer_def.scs.log.single_3.steel,32,1,0
69786,_nameless.1de.1e03.5350,steinbr_str,dortmund,quarry,wroclaw,0,883,0,0,volvo_bucket,renault_premium_4x2_a,trailer.scs_lowbed_4,trailer_def.scs.lowbed.single_4_sh.short,1,1,0
69786,_nameless.1de.1e03.4650,steinbr_str,dortmund,tradeaux,nice,0,1230,0,0,jcb_dmp6t2,"""heavy/mercedes_actros_8x4""",trailer.kasbhr_slle,trailer_def.kassbohrer.sll.single_3_ln.low,1,1,0
69786,_nameless.1de.1e03.5280,norr_food,vasteraas,renar,tampere,1,351,540,1170,used_packag,"""double/scania_streamline_4x2_top_560""",trailer.scs_dry_2,trailer_def.scs.box.double_3_2.dryvan,52,1,0
69786,_nameless.1de.1e03.51b0,agronord,kalmar,stokes,katowice,2,631,630,790,carrots_c,renault_premium_4x2_c,trailer.krone.boxliner20,trailer_def.krone.boxliner.single_3.container,15,1,0
69786,_nameless.1de.1e03.5b70,agronord,kalmar,baltomors_ru,luga,1,864,570,1270,tractor,scania_s2016_4x2_high_590,trailer.kasbhr_slle,trailer_def.kassbohrer.sll.single_3_ln.low,1,1,0
69786,_nameless.1de.1e03.67a0,agronord,kalmar,rt_log,nurnberg,2,1191,105,404,disc_harrows,man_tgx_2020_4x2,trailer.kasbhr_slle,trailer_def.kassbohrer.sll.single_3_ln.low,1,1,0
69786,_nameless.1de.1e03.5420,rt_log,koln,kaarfor,strasbourg,0,379,0,0,olive_oil,daf_xgp_4x2_530,trailer.profiliner17,trailer_def.krone.profiliner.single_3.curtain,33,1,0
69786,_nameless.1de.1e03.6e20,rt_log,koln,quarry,hannover,0,294,0,0,crawler,"""heavy/daf_xd""",trailer.kasbhr_sla,trailer_def.kassbohrer.sla.single_3_sh.lowbed,1,1,0
69786,_nameless.1de.1e03.5900,rt_log,koln,transinet,frankfurt,0,203,0,0,desinfection,daf_xf_4x2_370,trailer.scs_dry_ms,trailer_def.scs.box.single_3.dryvan_m,33,1,0
69786,_nameless.1de.1e03.6600,rt_log,koln,dunavia,osijek,0,1342,0,0,mob_stacker,"""heavy/volvo_fh2024_6x4_600""",trailer.kasbhr_sll,trailer_def.kassbohrer.sll.single_3_sh.low,1,1,0
69786,_nameless.1de.1e03.5690,eurogoodies,bystrica,transinet,ostrava,0,272,0,0,mozzarela,iveco_sway_4x2_460,trailer.scs_ins_a,trailer_def.scs.box.single_3.insulated,33,1,0
69786,_nameless.1de.1e03.6ef0,eurogoodies,bystrica,lkwlog,kosice,1,266,0,0,goat_cheese,mercedes_actros_2014_4x2_b,trailer.scs_ref_a,trailer_def.scs.box.single_3.reefer,33,1,0
69786,_nameless.1de.1e03.5760,spinelli,valladolid,log_atlan,leon,1,224,0,0,empty_palet,daf_xf_euro6_4x2_a,trailer.scs_curt,trailer_def.scs.box.single_3.curtain,33,1,0
69786,_nameless.1de.1e03.5830,spinelli,valladolid,trans_cab,algeciras,0,830,0,0,used_packag,mercedes_actros_2014_6x2_a,trailer.scs_dry,trailer_def.scs.box.single_3.dryvan,33,1,0
69786,_nameless.1de.1e03.5de0,spinelli,valladolid,vitas_pwr_co,salamanca,0,219,0,0,forklifts,daf_xf_euro6_4x2_b,trailer.scs_lowbed_3,trailer_def.scs.lowbed.single_3.short,4,1,0
69786,_nameless.1de.1e03.6bb0,ika_bohag,porto,kaarfor,larochelle,0,1155,0,0,pot_flowers,daf_xf_euro6_4x2_a,trailer.scs_ref,trailer_def.scs.box.single_3.reefer,33,1,0
69786,_nameless.1de.1e03.62c0,ika_bohag,porto,eolo_lines,lile_rousse,2,1193,930,1182,empty_palet,mercedes_4x2_a,trailer.scs_dry_m,trailer_def.scs.box.single_3.dryvan_m,33,1,0
69786,_nameless.1de.1e03.5d10,ika_bohag,porto,eolo_lines,lile_rousse,0,1193,930,1182,used_packag,daf_xd25,trailer.scs_dry_ms,trailer_def.scs.box.single_3.dryvan_m,33,1,0
69786,_nameless.1de.1e03.59d0,drekkar,odense,suprema,tampere,0,1138,540,1170,plast_film,scania_streamline_6x2_norm_440,trailer.scs_dry_s,trailer_def.scs.box.single_3.dryvan,33,1,0
69786,_nameless.1de.1e03.6050,drekkar,odense,sal_fi,helsinki,1,1106,540,1170,chocolate,scania_s2016_4x2_norm_370,trailer.kasbhr_scs,trailer_def.kassbohrer.scs.single_3_13.curtain,34,1,0
69786,_nameless.1de.1e03.4580,drekkar,odense,transinet,sheffield,2,337,1140,1314,diesel,scania_s2016_4x2_norm_370,trailer.scs_fueltank,trailer_def.scs.fueltank.single_3.fueltank,28,1,0
69786,_nameless.1de.1e03.5c40,drekkar,odense,polarislines,esbjerg,0,156,0,0,metal_cans,renault_etech_t,trailer.scs_dry_s,trailer_def.scs.box.single_3.dryvan,33,1,0
69786,_nameless.1de.1e03.6870,drekkar,odense,posped,warszawa,2,935,105,404,metal_pipes,scania_r2016_4x2_norm_370,trailer.profilinehd,trailer_def.krone.profilinerhd.single_3.flatbed,1,1,0
69786,_nameless.1de.1e03.5eb0,tree_et,mannheim,konstnr_wind,gedser,0,808,105,404,forklifts,man_tgx_2020_6x2,trailer.kasbhr_sla,trailer_def.kassbohrer.sla.single_3_sh.lowbed,3,1,0
69786,_nameless.1de.1e03.61f0,eviksi_a,liepaja,sal_fi,ivalo,0,1574,150,430,milk_t,daf_xf_euro6_6x2_a,trailer.ffb_tsalm32,trailer_def.feldbinder.tsalm.single_3_32.32_3_2,23,1,0
69786,_nameless.1de.1e03.4a60,suprema,panevezys,renar,parnu,0,298,0,0,used_plast,scania_streamline_6x4_top_480,trailer.scs_dry_m,trailer_def.scs.box.single_3.dryvan_m,33,1,0
69786,_nameless.1de.1e03.4720,suprema,panevezys,renor,kobenhavn,0,945,510,1110,used_plast_c,daf_xf_euro6_4x2_b,trailer.krone.boxliner40,trailer_def.krone.boxliner.single_3_40.container,30,1,0
69786,_nameless.1de.1e03.47f0,suprema,panevezys,stokes,tuzla,1,1542,0,0,used_packag,daf_xg_4x2_450,trailer.dryliner17,trailer_def.krone.dryliner.single_3.dryvan,33,1,0
69786,_nameless.1de.1e03.4cd0,aerobalt,turku,renar,karesuando,0,1013,0,0,apples,volvo_fh2024_6x2_500,trailer.kasbhr_shg45,trailer_def.kassbohrer.scs.single_3_13.curtain,34,1,0
69786,_nameless.1de.1e03.4da0,aerobalt,turku,norrsken,falun,0,347,540,1170,large_cont,daf_xd,trailer.scs_flat_b,trailer_def.scs.flatbed.single_3.flatbed_w,33,1,0
69786,_nameless.1de.1e03.4f40,itcc_scrap,linz,batisse_hs,lyon,2,1056,0,0,mat_handler,"""heavy/scania_r_6x4_top_730""",trailer.scs_lowlow4e,trailer_def.scs.lowloader.single_4_ln.long,1,1,0
69786,_nameless.1de.1e03.5010,itcc_scrap,linz,dfh,nurnberg,2,318,0,0,scrap_metals,scania_r_4x2_top_480,trailer.scs_dumper,trailer_def.scs.dumper.single_3.steel,8,1,0
69786,_nameless.1de.5a2a.a330,itcc_scrap,linz,cargotras,livorno,0,860,0,0,crawler,"""heavy/iveco_6x4""",trailer.scs_lowbed41,trailer_def.scs.lowbed.single_41_ln.long,1,1,0
69786,_nameless.1de.5a2a.bac0,itcc_scrap,linz,rt_log,innsbruck,0,324,0,0,volvo_bucket,mercedes_actros_2014_4x2_b,trailer.scs_lowlow2e,trailer_def.scs.lowloader.single_2_ln.long,1,1,0
69786,_nameless.1de.5a2a.a8e0,trameri,strasbourg,wilnet_trans,porto_vecchi,0,736,840,1193,plast_film_c,volvo_fh2024_6x2_500,trailer.scs_gosck40,trailer_def.scs.gooseneck.singl_3e_40.container,30,1,0
69786,_nameless.1de.5a2a.a670,trameri,strasbourg,transinet,frankfurt,2,250,0,0,scrap_metals,mercedes_actros_2014_4x2_c,trailer.scs_dumper,trailer_def.scs.dumper.single_3.steel,8,1,0
69786,_nameless.1de.5a2a.a740,aerobalt,kaunas,norse_rail,gavle,0,576,510,1110,grapes,renault_magnum_6x4_a,trailer.coolliner17,trailer_def.krone.coolliner.single_3.reefer,33,1,0
69786,_nameless.1de.5a2a.9be0,aerobalt,kaunas,rosmark_ru,kaliningrad,0,356,0,0,med_vaccine,man_4x2_c,trailer.scs_ref_a,trailer_def.scs.box.single_3.reefer,33,1,0
69786,_nameless.1de.5a2a.bb90,aerobalt,kaunas,gnt,daugavpils,0,228,0,0,cut_flowers,mercedes_4x2_c,trailer.scs_ref_s,trailer_def.scs.box.single_3.reefer,33,1,0
69786,_nameless.1de.5a2a.a4d0,aerobalt,kaunas,fle,kobenhavn,1,1172,105,404,air_mails,scania_streamline_6x2_norm_440,trailer.scs_dry_m,trailer_def.scs.box.single_3.dryvan_m,33,1,0
69786,_nameless.1de.5a2a.b5e0,polar_fish,honningsvag,ateria,helsinki,0,1384,0,0,ter_forklift,renault_premium_4x2_a,trailer.scs_flat_b,trailer_def.scs.flatbed.single_3.flatbed_w,2,1,0
69786,_nameless.1de.5a2a.c7c0,app,zaragoza,cargotras,palermo,0,385,1557,1788,onion,daf_xd_2,trailer.scs_dry_ms,trailer_def.scs.box.single_3.dryvan_m,33,1,0
69786,_nameless.1de.5a2a.bc60,app,zaragoza,eolo_lines,napoli,1,334,1300,1500,basil,scania_s2016_6x4_high_730,trailer.scs_dry,trailer_def.scs.box.single_3.dryvan,33,1,0
69786,_nameless.1de.5a2a.b370,app,zaragoza,huerta,sevilla,0,710,0,0,mason_jars,renault_magnum_6x2_a,trailer.profiliner17,trailer_def.krone.profiliner.single_3.curtain,33,1,0
69786,_nameless.1de.5a2a.bd30,spinelli,pitesti,stokes,tirana,0,819,0,0,tyres,renault_magnum_4x2_a,trailer.scs_dry_a,trailer_def.scs.box.single_3.dryvan,33,1,0
69786,_nameless.1de.5a2a.c620,spinelli,pitesti,cnp,constanta,0,424,0,0,empty_palet,daf_xgp25_4x2_530,trailer.scs_curt_a,trailer_def.scs.box.single_3.curtain,33,1,0
69786,_nameless.1de.5a2a.b6b0,spinelli,pitesti,transinet,munchen,0,1394,0,0,forklifts,daf_6x2_a,trailer.scs_lowbed_3,trailer_def.scs.lowbed.single_3.short,4,1,0
69786,_nameless.1de.5a2a.b440,eurogoodies,venezia,ttk_bg,sofia,2,1335,0,0,yogurt,daf_xf_euro6_6x2_a,trailer.coolliner17,trailer_def.krone.coolliner.single_3.reefer,33,1,0
69786,_nameless.1de.5a2a.b850,eurogoodies,venezia,log_atlan,bilbao,1,1593,0,0,pet_food_c,renault_t_4x2h,trailer.kasbhr_shg20,trailer_def.kassbohrer.shg.singl_3e_20.container,15,1,0
69786,_nameless.1de.5a2a.b100,konstnr_wind,esbjerg,gnt,uppsala,1,788,195,677,forklifts,scania_r2016_6x4_high_660,trailer.kasbhr_sla,trailer_def.kassbohrer.sla.single_3_sh.lowbed,3,1,0
69786,_nameless.1de.5a2a.9a40,subse,veli_tarnovo,ttk_bg,plovdiv,1,229,0,0,cott_cheese,man_4x2_c,trailer.coolliner17,trailer_def.krone.coolliner.single_3.reefer,33,1,0
69786,_nameless.1de.5a2a.9cb0,subse,veli_tarnovo,shuttle,podgorica,1,760,0,0,concen_juice,mercedes_4x2_b,trailer.scs_curt_s,trailer_def.scs.box.single_3.curtain,32,1,0
69786,_nameless.1de.5a2a.b510,sanbuild_win,berlin,polarislines,gedser,0,275,105,404,empty_spool,scania_s2016_4x2_high_590,trailer.kasbhr_sla,trailer_def.kassbohrer.sla.single_3_sh.lowbed,3,1,0
69786,_nameless.1de.5a2a.b920,eurogoodies,debrecen,villco,beograd,1,390,0,0,canned_tuna,iveco_h_4x2_a,trailer.scs_ins_s,trailer_def.scs.box.single_3.insulated,33,1,0
69786,_nameless.1de.5a2a.c6f0,eurogoodies,debrecen,posped,bratislava,0,441,0,0,peas,daf_xd_1,trailer.scs_dry,trailer_def.scs.box.single_3.dryvan,33,1,0
69786,_nameless.1de.5a2a.98a0,onnelik_a,tartu,rosmark_ru,luga,2,359,0,0,tractor,volvo_fh2012_4x2_750,trailer.scs_lowlow2e,trailer_def.scs.lowloader.single_2_ln.long,1,1,0
69786,_nameless.1de.5a2a.9e50,onnelik_a,tartu,euroacres,bialystok,1,764,0,0,tractor_c,"""heavy/scania_s2016_8x4_high_770""",trailer.kasbhr_slle,trailer_def.kassbohrer.sll.single_3_ln.low,1,1,0
69786,_nameless.1de.5a2a.be00,onnelik_a,tartu,sal_fi,helsinki,0,205,150,430,cott_cheese,scania_s2016_4x2_norm_370,trailer.coollineret,trailer_def.krone.ecoolliner.single_3.reefer,29,1,0
69786,_nameless.1de.5a2a.a810,ai,hannover,posped,katowice,2,756,0,0,seal_bearing,scania_streamline_6x2_norm_440,trailer.kasbhr_scs,trailer_def.kassbohrer.scs.single_3_13.curtain,32,1,0
69786,_nameless.1de.5a2a.af60,ai,hannover,blt,utena,2,1260,0,0,press_sl_val,man_tgx_euro6_4x2_xxl,trailer.profiliner17,trailer_def.krone.profiliner.single_3.curtain,33,1,0
69786,_nameless.1de.5a2a.c890,eumefa,sarajevo,lognstick,istanbul,0,1002,0,0,used_plast_c,man_4x2_a,trailer.krone.boxliner20,trailer_def.krone.boxliner.single_3.container,15,1,0
69786,_nameless.1de.5a2a.b9f0,eumefa,sarajevo,aerobalt,kaunas,0,1598,0,0,comp_process,mercedes_6x2_b,trailer.scs_curt_a,trailer_def.scs.box.single_3.curtain,33,1,0
69786,_nameless.1de.5a2a.a9b0,eumefa,sarajevo,quarry,graz,1,696,0,0,fueltanker,daf_4x2_a,trailer.krone.boxliner40,trailer_def.krone.boxliner.single_3_40.container,80,1,0
69786,_nameless.1de.5a2a.bfa0,rt_log,hamburg,norr_food,odense,2,329,0,0,dryers,renault_premium_6x4_a,trailer.scs_curt_s,trailer_def.scs.box.single_3.curtain,33,1,0
69786,_nameless.1de.5a2a.aa80,rt_log,hamburg,lkwlog,amsterdam,2,371,0,0,kr_vpv190xc,renault_premium_6x2_a,trailer.scs_lowbed_3,trailer_def.scs.lowbed.single_3.short,1,1,0
69786,_nameless.1de.5a2a.c070,rt_log,hamburg,tradeaux,dusseldorf,0,338,0,0,med_vaccine,daf_xf_4x2_370,trailer.scs_ref,trailer_def.scs.box.single_3.reefer,33,1,0
69786,_nameless.1de.5a2a.c3b0,ts_atlas,sines,ts_atlas,bilbao,1,1014,0,0,arsenic,volvo_fh2012_6x2_500,trailer.scs_gosck20,trailer_def.scs.gooseneck.singl_3e_20.container,40,1,0
69786,_nameless.1de.5a2a.c210,ts_atlas,sines,app,malaga,2,699,0,0,exhausts_c,daf_xf_euro6_6x4_c,trailer.kasbhr_shg20,trailer_def.kassbohrer.shg.singl_3e_20.container,15,1,0
69786,_nameless.1de.5a2a.cbd0,ts_atlas,sines,rt_log,a_coruna,0,692,0,0,potassium,renault_magnum_4x2_a,trailer.scs_gosck220,trailer_def.scs.gooseneck.singl_3e_220.container,80,1,0
69786,_nameless.1de.5a2a.9f20,ts_atlas,sines,pp_chimica,olbia,0,1368,720,827,neon,scania_streamline_6x2_norm_440,trailer.kasbhr_shg20,trailer_def.kassbohrer.shg.singl_3e_20.container,40,1,0
69786,_nameless.1de.5a2a.ac20,fle,podgorica,balkan_loco,sarajevo,0,348,0,0,med_vaccine,iveco_h_4x2_a,trailer.scs_ref_s,trailer_def.scs.box.single_3.reefer,33,1,0
69786,_nameless.1de.5a2a.adc0,fle,podgorica,te_logistica,firenze,0,1468,0,0,empty_spool,scania_streamline_6x4_top_480,trailer.kasbhr_sla,trailer_def.kassbohrer.sla.single_3_sh.lowbed,3,1,0
69786,_nameless.1de.5a2a.cb00,fle,podgorica,aci,catanzaro,1,539,540,420,air_mails,iveco_sway_4x2_460,trailer.scs_dry_a,trailer_def.scs.box.single_3.dryvan,33,1,0
69786,_nameless.1de.5a2a.c480,fle,podgorica,sygomidi,trikala,0,685,0,0,apples,mercedes_4x2,trailer.kasbhr_scs,trailer_def.kassbohrer.scs.single_3_13.curtain,34,1,0
69786,_nameless.1de.5a2a.c960,ts_atlas,algeciras,ts_atlas,barcelona,0,1124,0,0,pet_food_c,man_6x4_b,trailer.scs_gosck220,trailer_def.scs.gooseneck.singl_3e_220.container,30,1,0
69786,_nameless.1de.5a2a.ca30,ts_atlas,algeciras,log_atlan,almeria,1,392,0,0,truck_batt_c,iveco_4x2_c,trailer.kasbhr_shg20,trailer_def.kassbohrer.shg.singl_3e_20.container,15,1,0
69786,_nameless.1de.5a2a.ab50,ts_atlas,algeciras,tras_med,catania,1,987,1557,1788,oil_filt_c,renault_magnum_4x2_a,trailer.scs_gosck40,trailer_def.scs.gooseneck.singl_3e_40.container,30,1,0
69786,_nameless.1de.5a2a.b1d0,ts_atlas,algeciras,trans_cab,madrid,0,606,0,0,used_plast_c,volvo_fh16_4x2_540,trailer.kasbhr_shg20,trailer_def.kassbohrer.shg.singl_3e_20.container,15,1,0
69786,_nameless.1de.5a2a.c550,scs_paper,setubal,shuttle,malaga,0,681,0,0,empty_palet,scania_streamline_4x2_top_560,trailer.scs_dry_s,trailer_def.scs.box.single_3.dryvan,33,1,0
69786,_nameless.1de.5a2a.9970,scs_paper,setubal,fle,madrid,1,616,0,0,large_cont,daf_6x2_a,trailer.scs_lowbed41,trailer_def.scs.lowbed.single_41_ln.long,36,1,0
69786,_nameless.1de.5a2a.9ff0,scs_paper,setubal,stokes,plymouth,0,992,1076,1172,emptytank,man_4x2_c,trailer.scs_flat_b,trailer_def.scs.flatbed.single_3.flatbed_w,1,1,0
69786,_nameless.1de.5a2a.a0c0,scs_paper,setubal,renar,calvi,0,1216,930,1182,empty_barr,man_6x4_b,trailer.scs_curt_a,trailer_def.scs.box.single_3.curtain,33,1,0
69786,_nameless.1de.5a2a.a190,fle,malaga,kaarfor,limoges,2,1455,0,0,watermelons,man_6x4_b,trailer.scs_ins,trailer_def.scs.box.single_3.insulated,33,1,0
69786,_nameless.1de.5a2a.acf0,fle,malaga,lavish_food,huelva,0,386,0,0,frsh_herbs,mercedes_actros_2014_4x2_a,trailer.scs_ins_a,trailer_def.scs.box.single_3.insulated,33,1,0
69786,_nameless.1de.5a2a.f470,fle,malaga,rt_log,sevilla,2,248,0,0,air_mails,scania_streamline_6x2_norm_440,trailer.scs_curt_s,trailer_def.scs.box.single_3.curtain,33,1,0
69786,_nameless.1de.5a2a.ef90,fle,malaga,exomar,evora,0,630,0,0,med_equip,man_tgx_euro6_4x2_xl,trailer.scs_dry_a,trailer_def.scs.box.single_3.dryvan,33,1,0
69786,_nameless.1de.5a2a.d8d0,polar_fish,aalborg,polarislines,kiel,0,398,0,0,packag_food,iveco_4x2_a,trailer.profiliner17,trailer_def.krone.profiliner.single_3.curtain,33,1,0
69786,_nameless.1de.5a2a.fa20,polar_fish,aalborg,eurogoodies,liege,2,950,0,0,can_sardines,daf_xf_euro6_4x2_a,trailer.scs_curt_s,trailer_def.scs.box.single_3.curtain,33,1,0
69786,_nameless.1de.5a2a.fc90,radus,tekirdag,syschema,kavala,1,230,0,0,metal_center,"""heavy/mercedes_6x4""",trailer.kasbhr_slle,trailer_def.kassbohrer.sll.single_3_ln.low,1,1,0
69786,_nameless.1de.5a2a.e500,norr_food,andenes,nordic_ports,tornio,0,896,0,0,used_packag,iveco_sway_4x2_580,trailer.scs_dry_m,trailer_def.scs.box.single_3.dryvan_m,33,1,0
69786,_nameless.1de.5a2a.d9a0,norr_food,andenes,gnt,svolvaer,0,299,0,0,used_plast_c,man_6x4_b,trailer.scs_gosck20,trailer_def.scs.gooseneck.singl_3e_20.container,15,1,0
69786,_nameless.1de.5a2a.faf0,nord_crown,stavanger,drekkar,malmo,0,714,195,1052,beef_meat,renault_magnum_6x4_a,trailer.scs_ref,trailer_def.scs.box.single_3.reefer,33,1,0
69786,_nameless.1de.5a2a.f950,nord_crown,stavanger,eurogoodies,berlin,0,1014,195,1052,mozzarela,daf_xf_euro6_4x2_a,trailer.scs_ins_s,trailer_def.scs.box.single_3.insulated,33,1,0
69786,_nameless.1de.5a2a.ed20,nord_crown,stavanger,lateds,valmiera,0,1360,510,1110,olives,iveco_sway_4x2_580,trailer.profiliner17,trailer_def.krone.profiliner.single_3.curtain,33,1,0
69786,_nameless.1de.5a2a.d0b0,nord_crown,stavanger,rosmark,liepaja,0,1141,510,1110,canned_beef,man_tgx_2020_6x2,trailer.scs_ref_s,trailer_def.scs.box.single_3.reefer,32,1,0
69786,_nameless.1de.5a2a.cf10,fle,barcelona,rt_log,cordoba,1,905,0,0,grapes,scania_s2016_6x2_high_460,trailer.scs_ref_s,trailer_def.scs.box.single_3.reefer,33,1,0
69786,_nameless.1de.5a2a.e430,fle,barcelona,tras_med,cagliari,0,259,720,827,olive_tree,daf_6x2_a,trailer.profilinebm,trailer_def.krone.profilinerbm.single_3.brick,1,1,0
69786,_nameless.1de.5a2a.f610,rock_eater,kavala,cgla,ruse,0,467,0,0,ter_forklift,mercedes_6x2_b,trailer.profilinehd,trailer_def.krone.profilinerhd.single_3.flatbed,2,1,0
69786,_nameless.1de.5a2a.eec0,rock_eater,kavala,ttk_bg,sofia,1,363,0,0,jcb_pw125qe,volvo_fh2021_4x2_750,trailer.scs_flat_b,trailer_def.scs.flatbed.single_3.flatbed_w,24,1,0
69786,_nameless.1de.5a2a.da70,rock_eater,kavala,balkan_loco,veli_tarnovo,0,356,0,0,forklifts,scania_streamline_4x2_norm_380,trailer.scs_lowbed_4,trailer_def.scs.lowbed.single_4_sh.short,3,1,0
69786,_nameless.1de.5a2a.f060,marina,travemunde,rt_log,nurnberg,0,643,0,0,lux_yacht,scania_streamline_6x4_top_480,trailer.scs_lowbed_4,trailer_def.scs.lowbed.single_4_sh.short,1,1,0
69786,_nameless.1de.5a2a.dc10,kathode,geneve,stokes,bystrica,0,1292,0,0,truck_batt_c,volvo_fh2012_6x2_500,trailer.krone.boxliner220,trailer_def.krone.boxliner.single_3_220.container,30,1,0
69786,_nameless.1de.5a2a.de80,kathode,geneve,brawen,trikala,1,1588,570,745,comp_process,renault_magnum_4x2_a,trailer.scs_dry,trailer_def.scs.box.single_3.dryvan,33,1,0
69786,_nameless.1de.5a2a.edf0,kathode,geneve,trameri,lille,1,784,0,0,electronics,iveco_6x2_a,trailer.scs_curt_s,trailer_def.scs.box.single_3.curtain,33,1,0
69786,_nameless.1de.5a2a.ffd0,renar,arvidsjaur,stokes,warszawa,1,1426,510,1110,jcb_th540180,daf_xf_euro6_4x2_c,trailer.kasbhr_slle,trailer_def.kassbohrer.sll.single_3_ln.low,1,1,0
69786,_nameless.1de.5a2a.f130,renar,arvidsjaur,norse_rail,kiruna,2,349,0,0,overweight,volvo_fh16_4x2_540,trailer.scs_lowbed41,trailer_def.scs.lowbed.single_41_ln.long,1,1,0
69786,_nameless.1de.5a2a.dce0,kivi,riga,tradeaux,olsztyn,0,577,0,0,emptytank,daf_4x2_b,trailer.scs_flat_b,trailer_def.scs.flatbed.single_3.flatbed_w,1,1,0
69786,_nameless.1de.5a2a.d730,kivi,riga,konstnr,stockholm,0,263,510,1110,digger500,daf_xf_euro6_4x2_c,trailer.scs_lowbed41,trailer_def.scs.lowbed.single_41_ln.long,1,1,0
69786,_nameless.1de.5a2a.f2d0,kivi,riga,blt,tartu,0,288,0,0,jcb_th540180,volvo_fh2012_6x2_500,trailer.scs_lowbed_4,trailer_def.scs.lowbed.single_4_sh.short,1,1,0
69786,_nameless.1de.5a2a.f3a0,granoro,rostock,transinet,szczecin,2,243,0,0,pet_food,man_6x4_b,trailer.scs_curt_s,trailer_def.scs.box.single_3.curtain,33,1,0
69786,_nameless.1de.5a2a.f540,granoro,rostock,lkwlog,magdeburg,0,330,0,0,vinegar,renault_magnum_6x2_a,trailer.kasbhr_scs,trailer_def.kassbohrer.scs.single_3_13.curtain,34,1,0
69786,_nameless.1de.5a2a.f6e0,granoro,rostock,nord_crown,odense,0,223,105,404,olive_oil,"""double/scania_r_4x2_top_500""",trailer.scs_curt_b2,trailer_def.scs.box.bdouble_3_3.curtain,33,1,0
69786,_nameless.1de.5a2a.ddb0,granoro,rostock,rt_log,hamburg,0,256,0,0,coconut_oil,daf_4x2_b,trailer.kasbhr_sbt,trailer_def.kassbohrer.sbt.single_3_13.dryvan,31,1,0
69786,_nameless.1de.5a2a.e1c0,piac,bologna,transinet,torino,1,376,0,0,car_it,daf_xf_euro6_4x2_c,trailer.car_trans,trailer_def.car_it.car_trans,100,1,0
69786,_nameless.1de.5a2a.fbc0,piac,bologna,dfh,nurnberg,1,774,0,0,car_f,man_6x4_b,trailer.car_trans,trailer_def.car_f.car_trans,100,1,0
69786,_nameless.1de.5a2a.cfe0,piac,bologna,gnt,helsingborg,0,1588,105,404,used_battery,man_4x2_a,trailer.scs_curt,trailer_def.scs.box.single_3.curtain,33,1,0
69786,_nameless.1de.5a2a.fe30,piac,bologna,wgcc,frankfurt,0,984,0,0,car_d,daf_xg_4x2_450,trailer.car_trans,trailer_def.car_d.car_trans,100,1,0
69786,_nameless.1de.5a2a.d3f0,piac,bologna,tradeaux,hannover,2,1179,0,0,vans_vt,scania_r2016_6x4_high_660,trailer.truck_trans,trailer_def.vans_vt.truck_trans,100,1,0
69786,_nameless.1de.5a2a.d180,rt_log,madrid,trans_cab,valladolid,0,296,0,0,roller,scania_s2016_4x2_high_590,trailer.scs_lowlowd2,trailer_def.scs.lowloader.single_2_sh.short,1,1,0
69786,_nameless.1de.5a2a.ff00,rt_log,madrid,charmey,bern,0,1509,0,0,plast_film_c,scania_s2016_4x2_high_590,trailer.scs_gosck220,trailer_def.scs.gooseneck.singl_3e_220.container,30,1,0
69786,_nameless.1de.5a2a.cca0,rt_log,madrid,app,valencia,0,319,0,0,transformat,"""heavy/man_tgx_euro6_8x4_xlx""",trailer.scs_lowlowd4,trailer_def.scs.lowloader.single_4_sh.short,1,1,0
69786,_nameless.1de.5a2a.cd70,rt_log,madrid,cargotras,sassari,0,648,720,827,cut_flowers,volvo_fh2012_6x2_500,trailer.coolliner17,trailer_def.krone.coolliner.single_3.reefer,33,1,0
69786,_nameless.1de.5a2a.df50,bcp,bratislava,tradeaux,krakow,0,379,0,0,vans_vt,iveco_sway_4x2_580,trailer.truck_trans,trailer_def.vans_vt.truck_trans,100,1,0
69786,_nameless.1de.5a2a.d320,freyr,trelleborg,lkwlog,brno,0,991,105,404,sheep_wool,iveco_sway_4x2_460,trailer.scs_dry,trailer_def.scs.box.single_3.dryvan,33,1,0
69786,_nameless.1de.5a2a.e6a0,freyr,trelleborg,stokes,stuttgart,1,1244,0,0,cott_cheese,"""double/renault_premium_4x2_a""",trailer.scs_ins_2,trailer_def.scs.box.double_3_2.insulated,29,1,0
69786,_nameless.1de.5a2a.e770,freyr,trelleborg,renar,lillehammer,1,767,0,0,tractor_c,"""heavy/man_tgx_2020_8x4""",trailer.scs_lowlow4e,trailer_def.scs.lowloader.single_4_ln.long,1,1,0
69786,_nameless.1de.5a2a.d660,ocean_sol,setubal,agregados,puertollano,2,555,0,0,scrap_metals,iveco_sway_4x2_500,trailer.scs_dumper,trailer_def.scs.dumper.single_3.steel,10,1,0
69786,_nameless.1de.5a2a.d800,ocean_sol,setubal,trans_cab,santander,0,1014,0,0,mat_handler,"""heavy/scania_streamline_8x4_top_730""",trailer.kasbhr_slle,trailer_def.kassbohrer.sll.single_3_ln.low,1,1,0
69786,_nameless.1de.5a2a.e0f0,itcc,sheffield,itcc,dortmund,2,919,35,300,cement,scania_r_6x4_top_620,trailer.ffb_eut35,trailer_def.feldbinder.eut.single_3_35.silo_35_3p,17,1,0
69786,_nameless.1de.5a2a.e910,itcc,sheffield,quarry,cardiff,0,318,0,0,jcb_th540180,scania_r_6x4_top_620,trailer.kasbhr_slle,trailer_def.kassbohrer.sll.single_3_ln.low,1,1,0
69786,_nameless.1de.5a2a.e9e0,gallia_ferry,roscoff,posped,swansea,0,311,420,1000,fresh_fish,volvo_fh2012_4x2_420,trailer.coollineret,trailer_def.krone.ecoolliner.single_3.reefer,29,1,0
69786,_nameless.1de.5a2a.eab0,gallia_ferry,roscoff,log_atlan,porto,0,1592,0,0,bottle_water,renault_t_4x2,trailer.scs_curt,trailer_def.scs.box.single_3.curtain,33,1,0
69786,_nameless.1de.5a2b.2d50,gallia_ferry,roscoff,tradeaux,felixstowe,1,527,420,1000,used_packag,scania_r2016_6x2_high_460,trailer.scs_dry_m,trailer_def.scs.box.single_3.dryvan_m,33,1,0
69786,_nameless.1de.5a2b.0240,renar,andenes,nordic_ports,sundsvall,2,1230,0,0,asph_miller,"""heavy/daf_xd""",trailer.scs_lowbed41,trailer_def.scs.lowbed.single_41_ln.long,1,1,0
69786,_nameless.1de.5a2b.1d10,renar,andenes,renar,jyvaskyla,2,1309,0,0,carrots,mercedes_4x2_b,trailer.scs_curt,trailer_def.scs.box.single_3.curtain,33,1,0
69786,_nameless.1de.5a2b.07f0,renar,andenes,sal_fi,kuopio,0,1334,0,0,jcb_dmp6t2,"""heavy/scania_s2016_8x4_high_770""",trailer.scs_lowlowd2,trailer_def.scs.lowloader.single_2_sh.short,1,1,0
69786,_nameless.1de.5a2b.26d0,renar,andenes,renar,mikkeli,2,1397,0,0,almond,mercedes_actros_2014_4x2_c,trailer.scs_dry,trailer_def.scs.box.single_3.dryvan,33,1,0
69786,_nameless.1de.5a2b.2c80,dfh,berlin,egres,helsinki,2,1446,150,430,big_bag_seed,mercedes_actros_2014_4x2_a,trailer.scs_dry_a,trailer_def.scs.box.single_3.dryvan,32,1,0
69786,_nameless.1de.5a2b.22c0,dfh,berlin,transinet,bialystok,1,621,0,0,flour,renault_t_4x2h,trailer.scs_curt,trailer_def.scs.box.single_3.curtain,33,1,0
69786,_nameless.1de.5a2b.2120,dfh,berlin,posped,lodz,2,396,0,0,largetubes,renault_magnum_4x2_a,trailer.scs_log,trailer_def.scs.log.single_3.steel,6,1,0
69786,_nameless.1de.5a2b.14f0,renat,helsinki,viljo_paper,lappeenranta,2,387,0,0,forklifts,mercedes_6x4_a,trailer.scs_lowbed41,trailer_def.scs.lowbed.single_41_ln.long,5,1,0
69786,_nameless.1de.5a2b.1aa0,renat,helsinki,rosmark,riga,2,395,150,430,furniture,volvo_fh2024_4x2_420,trailer.scs_dry_a,trailer_def.scs.box.single_3.dryvan,33,1,0
69786,_nameless.1de.5a2b.27a0,renat,helsinki,baltomorsk,valmiera,1,432,150,430,mat_handler,"""heavy/renault_t_6x4""",trailer.scs_lowlow4e,trailer_def.scs.lowloader.single_4_ln.long,1,1,0
69786,_nameless.1de.5a2b.1de0,renat,helsinki,drekkar,karlskrona,2,731,540,1170,large_cont,daf_xd_1,trailer.scs_lowbed_4,trailer_def.scs.lowbed.single_4_sh.short,27,1,0
69786,_nameless.1de.5a2b.1eb0,piac,beograd,dunavia,beograd,0,155,0,0,car_ibe,daf_xf_euro6_4x2_a,trailer.car_trans,trailer_def.car_ibe.car_trans,100,1,0
69786,_nameless.1de.5a2b.1760,piac,beograd,icaria,mitilini,1,820,730,1440,used_plast_c,scania_r2016_4x2_norm_370,trailer.scs_gosck20,trailer_def.scs.gooseneck.singl_3e_20.container,15,1,0
69786,_nameless.1de.5a2b.3230,posped,rotterdam,lkwlog,manchester,2,225,660,995,precast_strs,man_tgx_euro6_6x4_xlx,trailer.drylineret,trailer_def.krone.edryliner.single_3.dryvan,33,1,0
69786,_nameless.1de.5a2b.2390,posped,rotterdam,tradeaux,lille,1,224,0,0,exc_craw,"""heavy/mercedes_actros_8x4""",trailer.scs_lowlow2e,trailer_def.scs.lowloader.single_2_ln.long,1,1,0
69786,_nameless.1de.5a2b.00a0,piac,parma,rt_log,geneve,2,466,0,0,scrap_metals,renault_premium_6x2_a,trailer.scs_dumper,trailer_def.scs.dumper.single_3.steel,8,1,0
69786,_nameless.1de.5a2b.04b0,piac,parma,dfh,berlin,2,1168,0,0,empty_palet,daf_xgp_4x2_530,trailer.profiliner17,trailer_def.krone.profiliner.single_3.curtain,33,1,0
69786,_nameless.1de.5a2b.0580,piac,parma,slava,tirana,0,817,540,420,car_gr,scania_r_4x2_norm_360,trailer.car_trans,trailer_def.car_gr.car_trans,100,1,0
69786,_nameless.1de.5a2b.2a10,piac,parma,stokes,bystrica,0,1135,0,0,used_plast_c,daf_xd25,trailer.kasbhr_shg20,trailer_def.kassbohrer.shg.singl_3e_20.container,15,1,0
69786,_nameless.1de.5a2b.3160,piac,parma,tras_med,bari,0,817,0,0,vans_id,man_4x2_a,trailer.van_trans,trailer_def.vans_id.van_trans,100,1,0
69786,_nameless.1de.5a2b.0da0,piac,parma,posped,rotterdam,1,1128,0,0,used_plast,scania_streamline_6x4_top_480,trailer.dryliner17,trailer_def.krone.dryliner.single_3.dryvan,33,1,0
69786,_nameless.1de.5a2b.2fc0,aerobalt,riga,renar,vasteraas,0,292,510,1110,frsh_herbs,daf_xg_4x2_450,trailer.scs_ins_a,trailer_def.scs.box.single_3.insulated,33,1,0
69786,_nameless.1de.5a2b.1f80,aerobalt,riga,norrsken,stockholm,0,165,510,1110,med_equip,scania_r2016_6x2_high_460,trailer.kasbhr_shg45,trailer_def.kassbohrer.scs.single_3_13.curtain,34,1,0
69786,_nameless.1de.5a2b.1830,aerobalt,riga,renar,steinkjer,0,990,510,1110,large_cont,man_tgx_2020_4x2,trailer.scs_flat_b,trailer_def.scs.flatbed.single_3.flatbed_w,33,1,0
69786,_nameless.1de.5a2b.2bb0,aerobalt,riga,renar,steinkjer,2,990,510,1110,comp_process,renault_t_6x2,trailer.scs_curt,trailer_def.scs.box.single_3.curtain,33,1,0
69786,_nameless.1de.5a2b.2870,te_logistica,sassari,log_atlan,albacete,2,607,720,827,gnocchi,mercedes_actros_2014_4x2_b,trailer.coolliner17,trailer_def.krone.coolliner.single_3.reefer,33,1,0
69786,_nameless.1de.5a2b.3300,te_logistica,sassari,icaria,athens,1,948,1410,1624,concr_beams,"""heavy/volvo_fh2024_6x4_600""",trailer.scs_lowbed41,trailer_def.scs.lowbed.single_41_ln.long,1,1,0
69786,_nameless.1de.5a2b.0650,te_logistica,sassari,brawen,trikala,2,714,1410,1624,glass,volvo_fh2024_4x2_420,trailer.panel_trans.glass,trailer_def.glass.panel_trans.glass,90,1,0
69786,_nameless.1de.5a2b.21f0,te_logistica,sassari,lkwlog,graz,0,1416,840,879,milk,mercedes_6x2_b,trailer.scs_curt_s,trailer_def.scs.box.single_3.curtain,33,1,0
69786,_nameless.1de.5a2b.0720,te_logistica,sassari,trans_cab,barcelona,0,47,720,827,sausages,volvo_fh2021_4x2_420,trailer.coollineret,trailer_def.krone.ecoolliner.single_3.reefer,33,1,0
69786,_nameless.1de.5a2b.33d0,te_logistica,sassari,eolo_lines,marseille,0,38,1178,1353,roofing_felt,mercedes_4x2,trailer.kasbhr_scs,trailer_def.kassbohrer.scs.single_3_13.curtain,34,1,0
69786,_nameless.1de.5a2b.2e20,eolo_lines,messina,fallow,patras,2,743,590,1092,med_equip,daf_xf_euro6_4x2_c,trailer.scs_dry_m,trailer_def.scs.box.single_3.dryvan_m,33,1,0
69786,_nameless.1de.5a2b.19d0,eolo_lines,messina,app,badajoz,1,900,1557,1788,beverages,renault_premium_4x2_a,trailer.scs_curt_s,trailer_def.scs.box.single_3.curtain,33,1,0
69786,_nameless.1de.5a2b.2050,eolo_lines,messina,shuttle,murcia,0,445,1557,1788,potatoes,scania_streamline_6x2_norm_440,trailer.scs_dry_ms,trailer_def.scs.box.single_3.dryvan_m,33,1,0
69786,_nameless.1de.5a2b.0170,renat,tartu,ika_bohag,aalborg,2,886,765,1947,ter_forklift,renault_magnum_6x4_a,trailer.profilinehd,trailer_def.krone.profilinerhd.single_3.flatbed,2,1,0
69786,_nameless.1de.5a2b.2530,renat,tartu,byggpro,falun,0,432,570,1270,forklifts,scania_streamline_4x2_top_560,trailer.scs_lowbed_3,trailer_def.scs.lowbed.single_3.short,4,1,0
69786,_nameless.1de.5a2b.15c0,renat,tartu,renar,vasteraas,0,326,570,1270,empty_spool,scania_r2016_6x2_high_460,trailer.scs_lowbed_3,trailer_def.scs.lowbed.single_3.short,3,1,0
69786,_nameless.1de.5a2b.2ae0,boisserie,marseille,tradeaux,ajaccio,2,382,840,1193,exc_craw,"""heavy/iveco_6x4""",trailer.scs_lowlow4e,trailer_def.scs.lowloader.single_4_ln.long,1,1,0
69786,_nameless.1de.5a2b.3090,boisserie,marseille,fattoria_f,roma,1,947,0,0,wshavings,mercedes_6x2_b,trailer.ffb_kip60,trailer_def.feldbinder.kip.single_3_60.silo_60_3p,60,1,0
69786,_nameless.1de.5a2b.0990,boisserie,marseille,transinet,mannheim,1,863,0,0,wood_bark,daf_4x2_b,trailer.scs_dumper,trailer_def.scs.dumper.single_3.steel,27,1,0
69786,_nameless.1de.5a2b.0e70,boisserie,marseille,euroacres,torino,1,305,0,0,wooden_beams,volvo_fh2024_6x2_500,trailer.scs_log,trailer_def.scs.log.single_3.steel,2,1,0
69786,_nameless.1de.5a2b.1b70,norr_food,helsingborg,dfh,nurnberg,2,925,105,404,used_plast_c,renault_magnum_6x2_a,trailer.kasbhr_shg40,trailer_def.kassbohrer.shg.singl_3e_40.container,30,1,0
69786,_nameless.1de.5a2b.0a60,fattoria_f,napoli,te_logistica,napoli,1,188,0,0,pork_meat,scania_s_2024e,trailer.scs_ins_s,trailer_def.scs.box.single_3.insulated,33,1,0
69786,_nameless.1de.5a2b.0b30,fattoria_f,napoli,artemia,rhodes,0,794,1380,2634,cott_cheese,daf_xf_euro6_4x2_b,trailer.coolliner17,trailer_def.krone.coolliner.single_3.reefer,33,1,0
69786,_nameless.1de.5a2b.0c00,fattoria_f,napoli,fallow,vlore,0,375,540,420,tractor_c,"""heavy/renault_6x4""",trailer.scs_lowlow4e,trailer_def.scs.lowloader.single_4_ln.long,1,1,0
69786,_nameless.1de.5a2b.0f40,trainfoundry,zaragoza,acc,madrid,1,349,0,0,mat_handler,"""heavy/renault_t_6x4""",trailer.scs_lowlow4e,trailer_def.scs.lowloader.single_4_ln.long,1,1,0
69786,_nameless.1de.5a2b.1010,trainfoundry,zaragoza,chimi,montpellier,0,719,0,0,hipresstank,scania_r2016_4x2_high_500,trailer.profilinehd,trailer_def.krone.profilinerhd.single_3.flatbed,8,1,0
69786,_nameless.1de.5a2b.2600,trainfoundry,zaragoza,eolo_lines,lile_rousse,0,374,930,1182,empty_spool,scania_streamline_4x2_top_560,trailer.kasbhr_sla,trailer_def.kassbohrer.sla.single_3_sh.lowbed,3,1,0
69786,_nameless.1de.5a2b.1c40,trainfoundry,zaragoza,nucleon,laurent,1,886,0,0,diesel_gen,scania_s2016_4x2_norm_370,trailer.scs_curt_s,trailer_def.scs.box.single_3.curtain,33,1,0
69786,_nameless.1de.5a2b.1280,trainfoundry,zaragoza,agregados,valladolid,1,381,0,0,large_cont,mercedes_actros_2014_6x2_a,trailer.scs_flat_b,trailer_def.scs.flatbed.single_3.flatbed_w,33,1,0
69786,_nameless.1de.5a2b.2940,trainfoundry,zaragoza,transinet,brussel,0,1442,0,0,train_part2,mercedes_actros_2014_4x2_b,trailer.profilinehd,trailer_def.krone.profilinerhd.single_3.flatbed,3,1,0
69786,_nameless.1de.5a2b.1420,ika_bohag,a_coruna,app,gijon,0,323,0,0,pot_flowers,daf_xgp25_4x2_530,trailer.scs_ins_s,trailer_def.scs.box.single_3.insulated,33,1,0
69786,_nameless.1de.5a2b.1690,ika_bohag,a_coruna,stokes,cardiff,1,811,1080,1176,empty_palet,iveco_sway_4x2_580,trailer.scs_dry_m,trailer_def.scs.box.single_3.dryvan_m,32,1,0
69786,_nameless.1de.5a2b.3710,syllurgy,beograd,icaria,argostoli,2,926,460,720,concr_stair,man_tgx_euro6_4x2_xxl,trailer.scs_flat_b,trailer_def.scs.flatbed.single_3.flatbed_w,3,1,0
69786,_nameless.1de.5a2b.63c0,syllurgy,beograd,fallow,istanbul,2,860,0,0,iron_pipes,daf_xf_euro6_6x4_c,trailer.scs_log,trailer_def.scs.log.single_3.steel,28,1,0
69786,_nameless.1de.5a2b.4c30,cnp,constanta,ai,nis,2,750,0,0,large_cont,iveco_4x2_c,trailer.scs_lowbed_4,trailer_def.scs.lowbed.single_4_sh.short,27,1,0
69786,_nameless.1de.5a2b.6560,cnp,constanta,timberturtle,brasov,2,592,0,0,lpg,daf_xf_euro6_6x4_c,trailer.kasbhr_shg40,trailer_def.kassbohrer.shg.singl_3e_40.container,80,1,0
69786,_nameless.1de.5a2b.4270,cnp,constanta,rock_eater,kragujevac,2,817,0,0,jcb_dmp6t2,"""heavy/scania_streamline_8x4_top_730""",trailer.scs_lowlowd2,trailer_def.scs.lowloader.single_2_sh.short,1,1,0
69786,_nameless.1de.5a2b.4410,cnp,constanta,balkan_loco,ruse,0,332,0,0,kerosene,renault_magnum_4x2_a,trailer.scs_fueltank,trailer_def.scs.fueltank.single_3.fueltank,30,1,0
69786,_nameless.1de.5a2b.6080,bjork,vaxjo,stokes,bystrica,0,1415,105,404,tractor,mercedes_actros_2014_6x2_a,trailer.scs_lowbed_4,trailer_def.scs.lowbed.single_4_sh.short,1,1,0
69786,_nameless.1de.5a2b.5ba0,bjork,vaxjo,freyr,aalborg,0,346,195,677,wooden_beams,"""double/daf_xf_euro6_4x2_a""",trailer.scs_curt_2,trailer_def.scs.box.double_3_2.curtain,3,1,0
69786,_nameless.1de.5a2b.37e0,bjork,vaxjo,freyr,aalborg,0,346,195,677,logs,iveco_4x2_b,trailer.scs_log,trailer_def.scs.log.single_3.steel,32,1,0
69786,_nameless.1de.5a2b.40d0,sanbuild_bas,leipzig,fle,podgorica,1,1489,0,0,empty_spool,volvo_fh2012_4x2_420,trailer.scs_lowbed_4,trailer_def.scs.lowbed.single_4_sh.short,3,1,0
69786,_nameless.1de.5a2b.38b0,suprema,mikkeli,polarislines,vaasa,0,359,0,0,empty_palet,daf_xgp25_4x2_530,trailer.kasbhr_sbt,trailer_def.kassbohrer.sbt.single_3_13.dryvan,34,1,0
69786,_nameless.1de.5a2b.3980,suprema,mikkeli,renor,ornskoldsvik,0,421,300,680,used_plast_c,daf_xd_1,trailer.kasbhr_shg20,trailer_def.kassbohrer.shg.singl_3e_20.container,15,1,0
69786,_nameless.1de.5a2b.5c70,suprema,mikkeli,norse_rail,gavle,0,561,540,1170,used_plast,daf_xf_4x2_370,trailer.scs_dry_a,trailer_def.scs.box.single_3.dryvan,33,1,0
69786,_nameless.1de.5a2b.34a0,subse,larissa,villco_mkt,mitilini,0,304,675,1308,pasta,volvo_fh2021_4x2_420,trailer.scs_dry_ms,trailer_def.scs.box.single_3.dryvan_m,33,1,0
69786,_nameless.1de.5a2b.4dd0,subse,larissa,shuttle,timisoara,0,1010,0,0,olive_oil_t,man_tgx_2020_6x2,trailer.ffb_tsalm32,trailer_def.feldbinder.tsalm.single_3_32.32_3_2,25,1,0
69786,_nameless.1de.5a2b.4000,subse,larissa,icaria,heraklion,0,301,540,760,coconut_oil,man_tgx_2020_6x2,trailer.profiliner17,trailer_def.krone.profiliner.single_3.curtain,33,1,0
69786,_nameless.1de.5a2b.6150,subse,larissa,icaria,athens,0,287,0,0,chocolate,scania_streamline_4x2_top_560,trailer.profiliner17,trailer_def.krone.profiliner.single_3.curtain,33,1,0
69786,_nameless.1de.5a2b.5520,jastuk,banja_luka,shuttle,vlore,0,878,0,0,forklifts,volvo_fh2024_4x2_420,trailer.scs_lowbed_4,trailer_def.scs.lowbed.single_4_sh.short,3,1,0
69786,_nameless.1de.5a2b.5930,jastuk,banja_luka,itcc,ljubljana,2,391,0,0,empty_spool,daf_4x2_a,trailer.profilinehd,trailer_def.krone.profilinerhd.single_3.flatbed,4,1,0
69786,_nameless.1de.5a2b.67d0,jastuk,banja_luka,baltrak,istanbul,2,1244,0,0,ter_forklift,daf_xd_2,trailer.profilinehd,trailer_def.krone.profilinerhd.single_3.flatbed,2,1,0
69786,_nameless.1de.5a2b.6630,jastuk,banja_luka,tree_et,poznan,0,1122,0,0,mat_handler,"""heavy/scania_s2016_6x4_high_730""",trailer.scs_lowlow4e,trailer_def.scs.lowloader.single_4_ln.long,1,1,0
69786,_nameless.1de.5a2b.5d40,ai,ljubljana,posped,warszawa,0,941,0,0,brake_pads,scania_r2016_4x2_norm_370,trailer.scs_dry_s,trailer_def.scs.box.single_3.dryvan,33,1,0
69786,_nameless.1de.5a2b.3b20,ai,ljubljana,nbfc,ostrava,0,619,0,0,ter_forklift,volvo_fh16_4x2_420,trailer.profilinehd,trailer_def.krone.profilinerhd.single_3.flatbed,2,1,0
69786,_nameless.1de.5a2b.5110,ai,ljubljana,fallow,targu_mures,0,1009,0,0,pumps,scania_r_6x2_high_500,trailer.scs_dry_ms,trailer_def.scs.box.single_3.dryvan_m,33,1,0
69786,_nameless.1de.5a2b.4ea0,sanbuild_hms,arvidsjaur,drekkar,karlskrona,2,1209,0,0,skidder,"""heavy/man_6x4""",trailer.scs_lowlow4e,trailer_def.scs.lowloader.single_4_ln.long,1,1,0
69786,_nameless.1de.5a2b.3bf0,sanbuild_hms,arvidsjaur,renar,oslo,0,1261,0,0,kr_bigm450,scania_s2016_4x2_high_590,trailer.scs_lowlow4e,trailer_def.scs.lowloader.single_4_ln.long,1,1,0
69786,_nameless.1de.5a2b.5ee0,sanbuild_hms,arvidsjaur,renar,tornio,0,327,0,0,watertank,daf_4x2_a,trailer.scs_flat_b,trailer_def.scs.flatbed.single_3.flatbed_w,2,1,0
69786,_nameless.1de.5a2b.4f70,sellplan,geneve,rt_log,bern,0,153,0,0,used_plast_c,daf_xd_1,trailer.krone.boxliner40,trailer_def.krone.boxliner.single_3_40.container,30,1,0
69786,_nameless.1de.5a2b.3640,sellplan,geneve,posped,rotterdam,0,838,0,0,used_packag,scania_r_6x2_high_500,trailer.kasbhr_scs,trailer_def.kassbohrer.scs.single_3_13.curtain,34,1,0
69786,_nameless.1de.5a2b.3570,sellplan,geneve,lkwlog,luxembourg,0,504,0,0,used_plast,renault_magnum_4x2_a,trailer.scs_dry_a,trailer_def.scs.box.single_3.dryvan,33,1,0
69786,_nameless.1de.5a2b.3d90,cantera,santander,te_logistica,cagliari,1,828,720,827,mob_crusher,"""heavy/mercedes_6x4""",trailer.scs_lowbed_4,trailer_def.scs.lowbed.single_4_sh.short,1,1,0
69786,_nameless.1de.5a2b.3e60,cantera,santander,marmo,firenze,2,1579,0,0,jcb_bhl4cx,mercedes_6x2_b,trailer.kasbhr_sla,trailer_def.kassbohrer.sla.single_3_sh.lowbed,1,1,0
69786,_nameless.1de.5a2b.5e10,cantera,santander,posped,swansea,0,325,1080,1176,mobile_crane,"""heavy/volvo_fh2021_6x4_540""",trailer.kasbhr_slle,trailer_def.kassbohrer.sll.single_3_ln.low,1,1,0
69786,_nameless.1de.5a2b.3f30,cantera,santander,exomar,burgos,2,200,0,0,jcb_dmp6t2,"""heavy/scania_s2016_6x4_high_730""",trailer.scs_lowbed_3,trailer_def.scs.lowbed.single_3.short,1,1,0
69786,_nameless.1de.5a2b.49c0,cantera,santander,wgcc,glasgow,1,810,1080,1176,watertank,daf_6x2_a,trailer.profilinehd,trailer_def.krone.profilinerhd.single_3.flatbed,2,1,0
69786,_nameless.1de.5a2b.5a00,icaria,heraklion,fallow,vlore,2,790,540,760,salm_fillet,scania_s2016_4x2_norm_370,trailer.scs_ref_a,trailer_def.scs.box.single_3.reefer,33,1,0
69786,_nameless.1de.5a2b.4340,icaria,heraklion,fallow,larissa,0,304,540,760,chimney_syst,daf_4x2_b,trailer.scs_curt_a,trailer_def.scs.box.single_3.curtain,33,1,0
69786,_nameless.1de.5a2b.4a90,icaria,heraklion,icaria,kalamata,0,217,490,1140,bottle_water,iveco_6x2_a,trailer.kasbhr_shg45,trailer_def.kassbohrer.scs.single_3_13.curtain,34,1,0
69786,_nameless.1de.5a2b.5040,icaria,heraklion,fattoria_f,napoli,0,764,1110,1505,wshavings,volvo_fh2021_6x2_540,trailer.ffb_eut35,trailer_def.feldbinder.eut.single_3_35.silo_35_3p,35,1,0
69786,_nameless.1de.5a2b.44e0,icaria,heraklion,betunia,vlore,0,790,540,760,roof_tiles,iveco_4x2_c,trailer.scs_curt_a,trailer_def.scs.box.single_3.curtain,32,1,0
69786,_nameless.1de.5a2b.5860,lkwlog,felixstowe,lkwlog,calais,1,221,91,384,beverages_c,daf_xf_euro6_4x2_a,trailer.krone.boxliner220,trailer_def.krone.boxliner.single_3_220.container,30,1,0
69786,_nameless.1de.5a2b.51e0,lkwlog,felixstowe,posped,metz,0,700,35,300,oil_filt_c,scania_r_6x2_high_500,trailer.scs_gosck20,trailer_def.scs.gooseneck.singl_3e_20.container,15,1,0
69786,_nameless.1de.5a2b.56c0,lkwlog,felixstowe,posped,rotterdam,2,130,480,960,empty_palet,man_tgx_euro6_4x2_xxl,trailer.scs_curt_s,trailer_def.scs.box.single_3.curtain,33,1,0
69786,_nameless.1de.5a2b.62f0,lkwlog,felixstowe,voitureux,rennes,1,857,35,300,transmis,daf_4x2_a,trailer.dryliner17,trailer_def.krone.dryliner.single_3.dryvan,33,1,0
69786,_nameless.1de.5a2b.5fb0,lkwlog,felixstowe,stokes,calais,2,221,91,384,perfor_frks,mercedes_actros_2014_6x2_a,trailer.kasbhr_shg45,trailer_def.kassbohrer.scs.single_3_13.curtain,34,1,0
69786,_nameless.1de.5a2b.4820,fle,leipzig,dfh,berlin,0,178,0,0,air_mails,daf_xf_euro6_4x2_b,trailer.scs_dry,trailer_def.scs.box.single_3.dryvan,33,1,0
69786,_nameless.1de.5a2b.4d00,fle,leipzig,posped,verona,0,824,0,0,olive_tree,mercedes_actros_2014_6x4_b,trailer.profilinebm,trailer_def.krone.profilinerbm.single_3.brick,1,1,0
69786,_nameless.1de.5a2b.52b0,fle,leipzig,transinet,cambridge,0,1208,35,300,cut_flowers,volvo_fh2024_6x2_500,trailer.scs_ref,trailer_def.scs.box.single_3.reefer,33,1,0
69786,_nameless.1de.5a2b.6220,fle,leipzig,lkwlog,osnabruck,1,397,0,0,post_packag,iveco_h_4x2_a,trailer.profiliner17,trailer_def.krone.profiliner.single_3.curtain,33,1,0
69786,_nameless.1de.5a2b.5380,fle,leipzig,polarislines,kiel,2,451,0,0,comp_process,"""double/volvo_fh2024_4x2_780""",trailer.scs_dry_b2,trailer_def.scs.box.bdouble_3_3.dryvan,52,1,0
69786,_nameless.1de.5a2b.6490,gnt,bergen,polarislines,hirtshals,1,561,195,1052,boric_acid,daf_xgp_4x2_530,trailer.kasbhr_sbt,trailer_def.kassbohrer.sbt.single_3_13.dryvan,34,1,0
69786,_nameless.1de.5a2b.5450,gnt,bergen,sal_fi,pori,0,1245,540,1170,vans_id,mercedes_4x2_c,trailer.van_trans,trailer_def.vans_id.van_trans,100,1,0
69786,_nameless.1de.5a2b.55f0,gnt,bergen,renar,arvidsjaur,0,1335,105,149,olives,iveco_sway_4x2_500,trailer.kasbhr_shg45,trailer_def.kassbohrer.scs.single_3_13.curtain,34,1,0
69786,_nameless.1de.5a2b.7dc0,ts_atlas,vigo,acc,a_coruna,2,177,0,0,nitrogen,daf_xgp25_4x2_530,trailer.scs_gosck220,trailer_def.scs.gooseneck.singl_3e_220.container,80,1,0
69786,_nameless.1de.5a2b.8030,ts_atlas,vigo,log_atlan,leon,2,361,0,0,apples_c,volvo_fh2012_6x2_500,trailer.kasbhr_shg20,trailer_def.kassbohrer.shg.singl_3e_20.container,15,1,0
69786,_nameless.1de.5a2b.8850,ts_atlas,vigo,rt_log,sevilla,0,1002,0,0,carrots_c,scania_streamline_6x2_norm_440,trailer.kasbhr_shg20,trailer_def.kassbohrer.shg.singl_3e_20.container,15,1,0
69786,_nameless.1de.5a2b.7e90,ts_atlas,vigo,rt_log,madrid,1,634,0,0,salt_spice_c,iveco_h_4x2_a,trailer.kasbhr_shg20,trailer_def.kassbohrer.shg.singl_3e_20.container,15,1,0
69786,_nameless.1de.5a2b.7b50,trans_cab,vigo,exomar,guarda,1,312,0,0,goat_cheese,volvo_fh2024_4x2_780,trailer.scs_ins,trailer_def.scs.box.single_3.insulated,33,1,0
69786,_nameless.1de.5a2b.93b0,trans_cab,vigo,cesta_sl,madrid,0,578,0,0,froz_octopi,iveco_6x2_a,trailer.coolliner17,trailer_def.krone.coolliner.single_3.reefer,33,1,0
69786,_nameless.1de.5a2b.9480,trans_cab,vigo,log_atlan,bilbao,0,656,0,0,chocolate,man_tgx_2020,trailer.scs_dry_ms,trailer_def.scs.box.single_3.dryvan_m,33,1,0
69786,_nameless.1de.5a2b.85e0,kaarfor,montpellier,rt_log,a_coruna,0,1272,0,0,used_packag,volvo_fh16_4x2_420,trailer.scs_dry_ms,trailer_def.scs.box.single_3.dryvan_m,33,1,0
69786,_nameless.1de.5a2b.82a0,kaarfor,montpellier,tras_med,cagliari,1,593,720,827,empty_palet,daf_xf_euro6_6x2_a,trailer.scs_dry,trailer_def.scs.box.single_3.dryvan,33,1,0
69786,_nameless.1de.5a2b.7260,kaarfor,montpellier,posped,bratislava,0,1572,0,0,used_plast_c,man_tgx_euro6_4x2_xl,trailer.krone.boxliner40,trailer_def.krone.boxliner.single_3_40.container,30,1,0
69786,_nameless.1de.5a2b.7330,ika_bohag,tampere,gnt,uppsala,0,286,540,1170,empty_palet,iveco_sway_4x2_580,trailer.scs_dry_s,trailer_def.scs.box.single_3.dryvan,33,1,0
69786,_nameless.1de.5a2b.81d0,ika_bohag,tampere,drekkar,vaxjo,0,706,540,1170,pot_flowers,iveco_sway_4x2_580,trailer.scs_ins_a,trailer_def.scs.box.single_3.insulated,33,1,0
69786,_nameless.1de.5a2b.7cf0,ika_bohag,tampere,sal_fi,lappeenranta,2,279,0,0,used_packag,mercedes_actros_2014_4x2_b,trailer.scs_curt_a,trailer_def.scs.box.single_3.curtain,33,1,0
69786,_nameless.1de.5a2b.8780,blt,kaunas,gnt,klaipeda,0,205,0,0,volvo_a25g,"""heavy/daf_6x4""",trailer.kasbhr_sla,trailer_def.kassbohrer.sla.single_3_sh.lowbed,1,1,0
69786,_nameless.1de.5a2b.9620,blt,kaunas,norr_food,uppsala,0,471,510,1110,soy_milk_t,volvo_fh2021_4x2_420,trailer.ffb_tsalm32,trailer_def.feldbinder.tsalm.single_3_32.32_3_2,23,1,0
69786,_nameless.1de.5a2b.8920,c_navale,messina,baltrak,edirne,0,1222,590,1092,mobile_crane,"""heavy/renault_6x4""",trailer.scs_lowbed41,trailer_def.scs.lowbed.single_41_ln.long,1,1,0
69786,_nameless.1de.5a2b.78e0,c_navale,messina,acc,taranto,1,361,20,347,mat_handler,"""heavy/scania_s2016_8x4_high_770""",trailer.kasbhr_slle,trailer_def.kassbohrer.sll.single_3_ln.low,1,1,0
69786,_nameless.1de.5a2b.9550,icaria,rhodes,gnt,bastia,0,1166,2430,3868,square_baler,scania_streamline_4x2_top_560,trailer.kasbhr_sla,trailer_def.kassbohrer.sla.single_3_sh.lowbed,1,1,0
69786,_nameless.1de.5a2b.86b0,icaria,rhodes,eolo_lines,napoli,2,780,1380,2634,used_plast,man_tgx_2020_4x2,trailer.scs_curt_a,trailer_def.scs.box.single_3.curtain,33,1,0
69786,_nameless.1de.5a2b.7c20,ccg_fla,rhodes,brawen,lamia,2,222,810,1889,jcb_bhl4cx,volvo_fh2012_6x2_500,trailer.kasbhr_sla,trailer_def.kassbohrer.sla.single_3_sh.lowbed,1,1,0
69786,_nameless.1de.5a2b.6b10,ccg_fla,rhodes,rimaf,bitola,0,590,810,1889,volvo_bucket,daf_xf_euro6_6x2_a,trailer.kasbhr_slle,trailer_def.kassbohrer.sll.single_3_ln.low,1,1,0
69786,_nameless.1de.5a2b.8ac0,norse_rail,kiruna,nordic_ports,sundsvall,0,672,0,0,plastic_gra,mercedes_4x2_b,trailer.scs_silo,trailer_def.scs.silo.single_3_10.silo,21,1,0
69786,_nameless.1de.5a2b.96f0,norse_rail,kiruna,renar,arvidsjaur,2,353,0,0,sugar,volvo_fh2024_4x2_420,trailer.scs_dry_ms,trailer_def.scs.box.single_3.dryvan_m,33,1,0
69786,_nameless.1de.5a2b.9070,norse_rail,kiruna,nordic_ports,tornio,0,342,0,0,stone_dust,scania_streamline_6x2_norm_440,trailer.scs_dumper,trailer_def.scs.dumper.single_3.steel,16,1,0
69786,_nameless.1de.5a2b.79b0,kaarfor,hunedoara,lkwlog,szeged,0,333,0,0,used_plast_c,renault_t_6x2,trailer.scs_gosck20,trailer_def.scs.gooseneck.singl_3e_20.container,15,1,0
69786,_nameless.1de.5a2b.8d30,kaarfor,hunedoara,brawen,lamia,0,1145,0,0,used_packag,renault_magnum_6x2_a,trailer.kasbhr_shg45,trailer_def.kassbohrer.scs.single_3_13.curtain,34,1,0
69786,_nameless.1de.5a2b.7f60,kaarfor,hunedoara,stokes,pristina,0,586,0,0,used_plast,mercedes_actros_2014_4x2_b,trailer.scs_dry_a,trailer_def.scs.box.single_3.dryvan,33,1,0
69786,_nameless.1de.5a2b.8e00,kaarfor,hunedoara,cnp,pitesti,0,325,0,0,empty_palet,daf_xd_2,trailer.scs_curt_s,trailer_def.scs.box.single_3.curtain,33,1,0
69786,_nameless.1de.5a2b.8ed0,lognstick,galati,subse,bitola,0,961,0,0,ter_forklift,mercedes_actros_2014_6x4_b,trailer.scs_flat_b,trailer_def.scs.flatbed.single_3.flatbed_w,2,1,0
69786,_nameless.1de.5a2b.7670,lognstick,galati,brawen,bucuresti,0,201,0,0,mondeos,scania_r2016_4x2_high_500,trailer.car_trans,trailer_def.mondeos.car_trans,100,1,0
69786,_nameless.1de.5a2b.8100,lognstick,galati,icaria,heraklion,0,1389,540,760,carb_water,iveco_6x2_a,trailer.kasbhr_shg45,trailer_def.kassbohrer.scs.single_3_13.curtain,32,1,0
69786,_nameless.1de.5a2b.6be0,villco_mkt,zagreb,rt_log,rostock,2,1244,0,0,used_plast,scania_r2016_6x4_high_660,trailer.scs_dry,trailer_def.scs.box.single_3.dryvan,33,1,0
69786,_nameless.1de.5a2b.9140,villco_mkt,zagreb,balkan_loco,skopje,0,827,0,0,used_packag,man_6x4_b,trailer.scs_dry_s,trailer_def.scs.box.single_3.dryvan,33,1,0
69786,_nameless.1de.5a2b.68a0,villco_mkt,zagreb,cont_port_it,napoli,1,1324,0,0,used_plast_c,volvo_fh2021_4x2_420,trailer.scs_gosck20,trailer_def.scs.gooseneck.singl_3e_20.container,15,1,0
69786,_nameless.1de.5a2b.9210,villco_mkt,zagreb,transinet,torino,0,974,0,0,empty_palet,volvo_fh2012_4x2_420,trailer.dryliner17,trailer_def.krone.dryliner.single_3.dryvan,33,1,0
69786,_nameless.1de.5a2b.92e0,dfh,bremen,dfh,nurnberg,0,618,0,0,canned_beans,volvo_fh2024_4x2_420,trailer.kasbhr_shg45,trailer_def.kassbohrer.scs.single_3_13.curtain,34,1,0
69786,_nameless.1de.5a2b.97c0,dfh,bremen,lkwlog,dortmund,0,243,0,0,gnocchi,scania_r2016_6x2_high_460,trailer.coolliner17,trailer_def.krone.coolliner.single_3.reefer,33,1,0
69786,_nameless.1de.5a2b.8370,dfh,bremen,lateds,valmiera,2,1509,0,0,grapes,daf_xf_euro6_6x4_c,trailer.scs_ref_a,trailer_def.scs.box.single_3.reefer,33,1,0
69786,_nameless.1de.5a2b.8440,dfh,bremen,blt,utena,2,1384,0,0,iron_pipes,daf_4x2_b,trailer.scs_log,trailer_def.scs.log.single_3.steel,28,1,0
69786,_nameless.1de.5a2b.9890,sellplan,kosice,cont_port,galati,0,1151,0,0,used_plast_c,mercedes_actros_2014_4x2_c,trailer.scs_gosck20,trailer_def.scs.gooseneck.singl_3e_20.container,15,1,0
69786,_nameless.1de.5a2b.9960,sellplan,kosice,lkwlog,luxembourg,0,1391,0,0,used_plast,mercedes_actros_2014_6x4_b,trailer.profiliner17,trailer_def.krone.profiliner.single_3.curtain,33,1,0
69786,_nameless.1de.5a2b.9b00,sellplan,kosice,baltrak,tekirdag,0,1453,0,0,empty_palet,volvo_fh2021_6x2_540,trailer.kasbhr_scs,trailer_def.kassbohrer.scs.single_3_13.curtain,34,1,0
69786,_nameless.1de.5a2b.9bd0,tradeaux,grimsby,cargotras,milano,1,1533,35,300,froz_octopi,scania_s2016_6x4_high_730,trailer.scs_ref_s,trailer_def.scs.box.single_3.reefer,33,1,0
69786,_nameless.1de.5a2b.6a40,tradeaux,grimsby,polarislines,hirtshals,1,471,1140,1314,grapes,volvo_fh16_4x2_420,trailer.scs_ref_a,trailer_def.scs.box.single_3.reefer,33,1,0
69786,_nameless.1de.5a2b.6970,tradeaux,grimsby,stokes,calais,0,390,91,384,onion,man_6x4_b,trailer.scs_curt_a,trailer_def.scs.box.single_3.curtain,33,1,0
69786,_nameless.1de.5a2b.6d80,byggpro,alta,wgcc,oulu,1,828,0,0,largetubes,scania_r2016_6x2_high_460,trailer.scs_log,trailer_def.scs.log.single_3.steel,6,1,0
69786,_nameless.1de.5a2b.6e50,byggpro,alta,norse_rail,gavle,1,1419,0,0,metal_pipes,daf_4x2_b,trailer.profilinehd,trailer_def.krone.profilinerhd.single_3.flatbed,2,1,0
69786,_nameless.1de.5a2b.6ff0,byggpro,alta,byggpro,ivalo,2,274,0,0,granite_cube,volvo_fh2012_6x2_500,trailer.scs_dumper,trailer_def.scs.dumper.single_3.steel,11,1,0
69786,_nameless.1de.5a2b.70c0,byggpro,alta,renar,mikkeli,2,1228,0,0,sandwch_pnls,scania_r2016_4x2_norm_370,trailer.scs_dry_ms,trailer_def.scs.box.single_3.dryvan_m,33,1,0
69786,_nameless.1de.5a2b.7190,eurogoodies,klagenfurt,lkwlog,venezia,0,391,0,0,oranges,volvo_fh2021_4x2_750,trailer.scs_ref_s,trailer_def.scs.box.single_3.reefer,33,1,0
69786,_nameless.1de.5a2b.7740,eurogoodies,klagenfurt,eurogoodies,venezia,1,391,0,0,potatoes,volvo_fh2021_4x2_420,trailer.profiliner17,trailer_def.krone.profiliner.single_3.curtain,33,1,0
69786,_nameless.1de.5a2b.7810,eurogoodies,klagenfurt,aci,bologna,0,511,0,0,grapes,volvo_fh2021_4x2_750,trailer.scs_ins_a,trailer_def.scs.box.single_3.insulated,33,1,0
69786,_nameless.1de.5a2b.b430,bcp,kosice,stokes,tirana,2,1212,0,0,ibc_cont,man_tgx_euro6_4x2_xl,trailer.scs_dry_a,trailer_def.scs.box.single_3.dryvan,33,1,0
69786,_nameless.1de.5a2b.bc50,marina,klaipeda,drekkar,uppsala,0,297,510,1110,yacht,daf_xf_euro6_4x2_c,trailer.scs_lowbed_4,trailer_def.scs.lowbed.single_4_sh.short,1,1,0
69786,_nameless.1de.5a2b.9e40,wgcc,strasbourg,rt_log,salzburg,0,499,0,0,sodium,man_tgx_euro6_6x4_xlx,trailer.scs_gosck220,trailer_def.scs.gooseneck.singl_3e_220.container,80,1,0
69786,_nameless.1de.5a2b.a9a0,wgcc,strasbourg,pp_chimica,terni,0,990,0,0,cyanide,mercedes_6x4_a,trailer.krone.boxliner20,trailer_def.krone.boxliner.single_3.container,40,1,0
69786,_nameless.1de.5a2b.bf90,wgcc,strasbourg,tree_et,metz,2,227,0,0,kerosene,daf_xgp25_4x2_530,trailer.willig.fuel_cistern,trailer_def.scs.fueltank.single_3.fueltank,30,1,0
69786,_nameless.1de.5a2b.c060,fle,bodo,norrsken,falun,0,927,0,0,apples,volvo_fh2024_6x2_500,trailer.kasbhr_shg45,trailer_def.kassbohrer.scs.single_3_13.curtain,34,1,0
69786,_nameless.1de.5a2b.caf0,fle,bodo,polarislines,naantali,2,881,300,680,med_equip,scania_s2016_4x2_high_590,trailer.scs_ins,trailer_def.scs.box.single_3.insulated,33,1,0
69786,_nameless.1de.5a2b.c6e0,fle,bodo,norse_rail,gavle,1,884,0,0,cut_flowers,"""double/renault_magnum_4x2_a""",trailer.scs_ref_b2,trailer_def.scs.box.bdouble_3_3.reefer,52,1,0
69786,_nameless.1de.5a2b.aa70,fle,bodo,fle,tromso,2,608,30,45,air_mails,scania_s2016_6x4_high_730,trailer.scs_curt_s,trailer_def.scs.box.single_3.curtain,33,1,0
69786,_nameless.1de.5a2b.c130,fle,bodo,fle,tromso,2,608,30,45,olive_tree,iveco_4x2_a,trailer.profilinebm,trailer_def.krone.profilinerbm.single_3.brick,1,1,0
69786,_nameless.1de.5a2b.c7b0,polarislines,kokkola,ukko,olkiluoto,0,366,0,0,press_sl_val,scania_s2016_4x2_norm_370,trailer.kasbhr_sbt,trailer_def.kassbohrer.sbt.single_3_13.dryvan,34,1,0
69786,_nameless.1de.5a2b.bdf0,polarislines,kokkola,suprema,kaunas,1,1144,150,430,garlic,man_tgx_2020,trailer.dryliner17,trailer_def.krone.dryliner.single_3.dryvan,33,1,0
69786,_nameless.1de.5a2b.c200,drekkar,bergen,norrsken,karlskrona,1,1081,0,0,iron_pipes,daf_xf_euro6_6x2_a,trailer.scs_log,trailer_def.scs.log.single_3.steel,28,1,0
69786,_nameless.1de.5a2b.9f10,drekkar,bergen,blt,paldiski,2,1128,570,1270,fish_chips,daf_xd,trailer.scs_ref,trailer_def.scs.box.single_3.reefer,33,1,0
69786,_nameless.1de.5a2b.cfd0,drekkar,bergen,ms_stein,stavanger,0,366,0,0,diesel,mercedes_actros_2014_4x2_a,trailer.scs_fueltank,trailer_def.scs.fueltank.single_3.fueltank,30,1,0
69786,_nameless.1de.5a2b.b500,konstnr_hs,linkoping,norrsken,falun,0,278,0,0,empty_spool,volvo_fh2021_6x2_540,trailer.scs_lowbed41,trailer_def.scs.lowbed.single_41_ln.long,4,1,0
69786,_nameless.1de.5a2b.af50,syllurgy,thessaloniki,domdepo,cluj_napoca,1,1060,0,0,concr_beams2,daf_xf_euro6_6x4_c,trailer.scs_flat_b,trailer_def.scs.flatbed.single_3.flatbed_w,2,1,0
69786,_nameless.1de.5a2b.a0b0,syllurgy,thessaloniki,tras_med,catania,0,891,590,1092,metal_pipes,scania_r_6x4_top_620,trailer.scs_flat_b,trailer_def.scs.flatbed.single_3.flatbed_w,2,1,0
69786,_nameless.1de.5a2b.ace0,syllurgy,thessaloniki,icaria,argostoli,1,351,460,720,largetubes,daf_4x2_a,trailer.scs_flat_b,trailer_def.scs.flatbed.single_3.flatbed_w,6,1,0
69786,_nameless.1de.5a2b.bab0,syllurgy,thessaloniki,icaria,kavala,1,176,0,0,iron_pipes,daf_xf_euro6_6x4_c,trailer.scs_log,trailer_def.scs.log.single_3.steel,28,1,0
69786,_nameless.1de.5a2b.a180,batisse_base,clermont,lisette_log,nice,0,563,0,0,jcb_exc245xr,"""heavy/volvo_fh2021_6x4_540""",trailer.scs_lowbed_4,trailer_def.scs.lowbed.single_4_sh.short,1,1,0
69786,_nameless.1de.5a2b.b5d0,brawen,bacau,subse,edirne,1,926,0,0,soy_milk_t,mercedes_4x2_b,trailer.scs_fodt,trailer_def.scs.foodtank.single_3.paint,23,1,0
69786,_nameless.1de.5a2b.b020,brawen,bacau,fallow,targu_mures,0,274,0,0,steel_cord,scania_r2016_6x2_high_460,trailer.kasbhr_scs,trailer_def.kassbohrer.scs.single_3_13.curtain,34,1,0
69786,_nameless.1de.5a2b.b6a0,byggpro,kajaani,renar,lulea,0,321,0,0,bricks,mercedes_4x2_b,trailer.profilinebm,trailer_def.krone.profilinerbm.single_3.brick,32,1,0
69786,_nameless.1de.5a2b.bd20,byggpro,kajaani,fjoste,tornio,0,230,0,0,sand,renault_premium_6x2_a,trailer.ffb_eut35,trailer_def.feldbinder.eut.single_3_35.silo_35_3p,20,1,0
69786,_nameless.1de.5a2b.9fe0,byggpro,kajaani,norse_rail,ostersund,0,831,0,0,elect_wiring,volvo_fh16_4x2_420,trailer.scs_dry_ms,trailer_def.scs.box.single_3.dryvan_m,33,1,0
69786,_nameless.1de.5a2b.cf00,byggpro,kajaani,fjoste,lulea,1,331,0,0,largetubes,man_tgx_2020,trailer.scs_log,trailer_def.scs.log.single_3.steel,6,1,0
69786,_nameless.1de.5a2b.cbc0,suprema,kuusamo,cont_port,tallinn,1,802,150,430,used_plast_c,daf_6x2_a,trailer.krone.boxliner40,trailer_def.krone.boxliner.single_3_40.container,30,1,0
69786,_nameless.1de.5a2b.ce30,suprema,kuusamo,norrsken,borlange,0,939,0,0,used_plast,mercedes_4x2_a,trailer.dryliner17,trailer_def.krone.dryliner.single_3.dryvan,33,1,0
69786,_nameless.1de.5a2b.b0f0,suprema,kuusamo,renar,lulea,1,340,0,0,used_packag,man_tgx_euro6_6x4_xlx,trailer.scs_dry,trailer_def.scs.box.single_3.dryvan,33,1,0
69786,_nameless.1de.5a2b.cd60,suprema,kuusamo,sal_fi,joensuu,1,383,0,0,empty_palet,volvo_fh2024_4x2_780,trailer.scs_dry_m,trailer_def.scs.box.single_3.dryvan_m,33,1,0
69786,_nameless.1de.5a2b.c540,polarislines,helsinki,blt,paldiski,2,64,150,430,brake_pads,scania_streamline_6x4_top_480,trailer.kasbhr_shg45,trailer_def.kassbohrer.scs.single_3_13.curtain,34,1,0
69786,_nameless.1de.5a2b.c610,polarislines,helsinki,ladoga_ru,petersburg,2,491,0,0,boric_acid,daf_xgp_4x2_530,trailer.scs_dry_m,trailer_def.scs.box.single_3.dryvan_m,33,1,0
69786,_nameless.1de.5a2b.a660,rump,craiova,lognstick,hunedoara,0,221,0,0,used_plast_c,iveco_4x2_b,trailer.scs_gosck220,trailer_def.scs.gooseneck.singl_3e_220.container,30,1,0
69786,_nameless.1de.5a2b.bb80,rump,craiova,balkan_loco,veli_tarnovo,0,342,0,0,car_balt2,mercedes_4x2_a,trailer.van_trans,trailer_def.car_balt2.van_trans,100,1,0
69786,_nameless.1de.5a2b.c880,rump,craiova,brawen,bucuresti,0,240,0,0,scaffoldings,scania_r2016_6x4_high_660,trailer.scs_dry,trailer_def.scs.box.single_3.dryvan,33,1,0
69786,_nameless.1de.5a2b.b360,rump,craiova,lognstick,tekirdag,0,756,0,0,vans_id,man_tgx_euro6_4x2_xxl,trailer.van_trans,trailer_def.vans_id.van_trans,100,1,0
69786,_nameless.1de.5a2b.b770,rump,craiova,balkan_loco,veli_tarnovo,0,342,0,0,pickup_gr,daf_xd,trailer.truck_trans,trailer_def.pickup_gr.truck_trans,100,1,0
69786,_nameless.1de.5a2b.a3f0,rump,craiova,posped,bystrica,1,776,0,0,cable_reel,"""heavy/volvo_fh2024_6x4_600""",trailer.kasbhr_sll,trailer_def.kassbohrer.sll.single_3_sh.low,1,1,0
69786,_nameless.1de.5a2b.c950,suprema,jyvaskyla,norrsken,hamar,2,798,540,1170,used_plast,mercedes_6x2_b,trailer.scs_dry_s,trailer_def.scs.box.single_3.dryvan,33,1,0
69786,_nameless.1de.5a2b.b840,suprema,jyvaskyla,posped,warszawa,1,1276,150,430,used_packag,iveco_4x2_c,trailer.kasbhr_sbt,trailer_def.kassbohrer.sbt.single_3_13.dryvan,34,1,0
69786,_nameless.1de.5a2b.9ca0,suprema,jyvaskyla,transinet,bialystok,1,1114,150,430,used_plast_c,scania_s2016_4x2_high_590,trailer.scs_gosck220,trailer_def.scs.gooseneck.singl_3e_220.container,30,1,0
69786,_nameless.1de.5a2b.a4c0,suprema,jyvaskyla,posped,warszawa,0,1276,150,430,empty_palet,renault_t_4x2h,trailer.scs_curt_a,trailer_def.scs.box.single_3.curtain,33,1,0
69786,_nameless.1de.5a2b.b910,renat,rezekne,renat,tartu,1,333,0,0,forklifts,renault_magnum_6x2_a,trailer.kasbhr_sla,trailer_def.kassbohrer.sla.single_3_sh.lowbed,3,1,0
69786,_nameless.1de.5a2b.ca20,renat,rezekne,ibp,helsinki,2,625,150,430,large_cont,mercedes_6x2_b,trailer.scs_lowbed_3,trailer_def.scs.lowbed.single_3.short,27,1,0
69786,_nameless.1de.5a2b.cc90,renat,rezekne,blt,utena,2,212,0,0,furniture,man_tgx_euro6_6x4_xlx,trailer.scs_dry_m,trailer_def.scs.box.single_3.dryvan_m,33,1,0
69786,_nameless.1de.5a2b.b9e0,renat,rezekne,renat,daugavpils,2,110,0,0,mat_handler,"""heavy/daf_6x4""",trailer.scs_lowlow4e,trailer_def.scs.lowloader.single_4_ln.long,1,1,0
69786,_nameless.1de.5a2b.9d70,marina,calvi,marina,genova,0,628,840,1193,lux_yacht,iveco_sway_4x2_460,trailer.scs_lowbed41,trailer_def.scs.lowbed.single_41_ln.long,1,1,0
69786,_nameless.1de.5a2b.a730,rock_eat_str,podgorica,icaria,athens,0,932,0,0,crawler,"""heavy/scania_streamline_8x4_top_730""",trailer.scs_lowlow2e,trailer_def.scs.lowloader.single_2_ln.long,1,1,0
69786,_nameless.1de.5a2b.e010,low_field,mostar,eurogoodies,wien,1,906,0,0,basil,volvo_fh2012_4x2_750,trailer.scs_dry_ms,trailer_def.scs.box.single_3.dryvan_m,33,1,0
69786,_nameless.1de.5a2b.f2c0,low_field,mostar,tras_med,bari,1,398,540,420,nuts,daf_xd_2,trailer.scs_curt_s,trailer_def.scs.box.single_3.curtain,33,1,0
69786,_nameless.1de.5a2b.da60,low_field,mostar,tradeaux,olsztyn,1,1479,0,0,ter_forklift,volvo_fh2012_4x2_420,trailer.profilinehd,trailer_def.krone.profilinerhd.single_3.flatbed,2,1,0
69786,_nameless.1de.5a2b.db30,cnp_str,vlore,piac,napoli,1,344,540,420,motor_oil_c,renault_t_4x2,trailer.scs_gosck20,trailer_def.scs.gooseneck.singl_3e_20.container,15,1,0
69786,_nameless.1de.5a2b.f7a0,cnp_str,vlore,balkan_loco,edirne,0,1000,0,0,lpg,scania_streamline_4x2_top_560,trailer.krone.boxliner220,trailer_def.krone.boxliner.single_3_220.container,80,1,0
69786,_nameless.1de.5a2c.0230,cnp_str,vlore,sanbuilders,brno,0,1489,0,0,propane,daf_xgp25_4x2_530,trailer.scs_gastank,trailer_def.scs.gastank.single_3.gastank,40,1,0
69786,_nameless.1de.5a2b.d3e0,cnp_str,vlore,marina,olbia,2,687,1380,1299,fueltanker,volvo_fh2021_4x2_750,trailer.krone.boxliner220,trailer_def.krone.boxliner.single_3_220.container,80,1,0
69786,_nameless.1de.5a2c.0300,slava,mostar,tdc_auto,koper,0,739,0,0,car_balt2,mercedes_actros_2014_4x2_a,trailer.van_trans,trailer_def.car_balt2.van_trans,100,1,0
69786,_nameless.1de.5a2b.e900,sanbuilders,nurnberg,mvm_carriere,bordeaux,1,1467,0,0,crawler,"""heavy/scania_s2016_8x4_high_770""",trailer.scs_lowlowd4,trailer_def.scs.lowloader.single_4_sh.short,1,1,0
69786,_nameless.1de.5a2b.fe20,drekkar,tromso,sal_fi,lappeenranta,0,1273,0,0,kr_bigm450,renault_premium_6x2_a,trailer.kasbhr_slle,trailer_def.kassbohrer.sll.single_3_ln.low,1,1,0
69786,_nameless.1de.5a2b.e690,drekkar,tromso,sal_fi,ivalo,0,749,0,0,food_oil_t,daf_4x2_a,trailer.ffb_tsalm32,trailer_def.feldbinder.tsalm.single_3_32.32_3_2,30,1,0
69786,_nameless.1de.5a2c.03d0,drekkar,tromso,norse_rail,kiruna,0,372,0,0,floorpanels,daf_6x2_a,trailer.panel_trans.floor,trailer_def.floorpanels.panel_trans.floor,90,1,0
69786,_nameless.1de.5a2b.e0e0,drekkar,tromso,konstnr_hal,kiruna,2,377,0,0,sawpanels,iveco_sway_4x2_460,trailer.kasbhr_scs,trailer_def.kassbohrer.scs.single_3_13.curtain,34,1,0
69786,_nameless.1de.5a2b.fbb0,drekkar,tromso,norse_rail,kiruna,0,372,0,0,perfor_frks,"""double/mercedes_actros_2014_4x2_a""",trailer.scs_dry_b2,trailer_def.scs.box.bdouble_3_3.dryvan,52,1,0
69786,_nameless.1de.5a2b.e9d0,balkan_loco,pleven,icaria,chios,1,545,690,1521,grass_rolls,renault_magnum_4x2_a,trailer.kasbhr_scs,trailer_def.kassbohrer.scs.single_3_13.curtain,34,1,0
69786,_nameless.1de.5a2b.dda0,balkan_loco,pleven,rt_log,graz,1,1116,0,0,rye,scania_s2016_6x4_high_730,trailer.ffb_kip60,trailer_def.feldbinder.kip.single_3_60.silo_60_3p,33,1,0
69786,_nameless.1de.5a2b.f530,balkan_loco,pleven,rock_eater,galati,1,361,0,0,ibc_cont,scania_r_4x2_top_480,trailer.scs_curt,trailer_def.scs.box.single_3.curtain,33,1,0
69786,_nameless.1de.5a2b.f1f0,cont_port,pori,shuttle,bremen,0,1458,540,1170,plast_film_c,man_4x2_a,trailer.kasbhr_shg40,trailer_def.kassbohrer.shg.singl_3e_40.container,30,1,0
69786,_nameless.1de.5a2b.f390,cont_port,pori,skog_paper,gavle,0,364,540,1170,sodhydro,volvo_fh2021_4x2_420,trailer.scs_gosck40,trailer_def.scs.gooseneck.singl_3e_40.container,80,1,0
69786,_nameless.1de.5a2b.eaa0,cont_port,pori,sanbuild_hms,arvidsjaur,0,517,300,680,nitrogen,volvo_fh16_6x4_700,trailer.krone.boxliner40,trailer_def.krone.boxliner.single_3_40.container,80,1,0
69786,_nameless.1de.5a2b.f050,sanbuild_hms,skelleftea,gnt,kristiansand,1,1207,0,0,kr_stc1370,volvo_fh16_4x2_420,trailer.scs_lowlow4e,trailer_def.scs.lowloader.single_4_ln.long,1,1,0
69786,_nameless.1de.5a2c.0160,sanbuilders,birmingham,rt_log,barcelona,2,1590,35,300,roller,scania_streamline_4x2_top_560,trailer.kasbhr_slle,trailer_def.kassbohrer.sll.single_3_ln.low,1,1,0
69786,_nameless.1de.5a2b.f600,sanbuilders,birmingham,globeur,bayonne,1,1420,35,300,dozer,"""heavy/renault_t_6x4""",trailer.scs_lowlow4e,trailer_def.scs.lowloader.single_4_ln.long,1,1,0
69786,_nameless.1de.5a2b.fae0,sanbuilders,birmingham,batisse_road,lemans,0,801,35,300,watertank,man_6x4_b,trailer.scs_flat_b,trailer_def.scs.flatbed.single_3.flatbed_w,2,1,0
69786,_nameless.1de.5a2b.f870,icaria,athens,icaria,mitilini,1,18,675,1308,toys,scania_streamline_6x2_norm_440,trailer.kasbhr_scs,trailer_def.kassbohrer.scs.single_3_13.curtain,34,1,0
69786,_nameless.1de.5a2b.eeb0,icaria,athens,icaria,mitilini,1,18,675,1308,aircond,man_tgx_euro6_4x2_xl,trailer.scs_lowbed41,trailer_def.scs.lowbed.single_41_ln.long,6,1,0
69786,_nameless.1de.5a2b.fef0,nbfc,berlin,rt_log,salzburg,0,670,0,0,acetylene,mercedes_4x2_c,trailer.krone.boxliner20,trailer_def.krone.boxliner.single_3.container,40,1,0
69786,_nameless.1de.5a2b.e280,sellplan,wien,rt_log,salzburg,0,293,0,0,used_plast_c,scania_s2016_4x2_high_590,trailer.scs_gosck40,trailer_def.scs.gooseneck.singl_3e_40.container,30,1,0
69786,_nameless.1de.5a2b.de70,sellplan,wien,drekkar,karlskrona,0,1225,105,404,used_packag,scania_r_6x4_top_620,trailer.scs_dry_s,trailer_def.scs.box.single_3.dryvan,33,1,0
69786,_nameless.1de.5a2b.e5c0,sellplan,wien,balkan_loco,ljubljana,1,324,0,0,empty_palet,volvo_fh2024_4x2_420,trailer.scs_dry_a,trailer_def.scs.box.single_3.dryvan,33,1,0
69786,_nameless.1de.5a2b.f460,sellplan,wien,lkwlog,luxembourg,1,948,0,0,used_plast,iveco_sway_4x2_500,trailer.dryliner17,trailer_def.krone.dryliner.single_3.dryvan,33,1,0
69786,_nameless.1de.5a2b.ec40,christopoulo,kalamata,balkan_loco,skopje,2,963,0,0,largetubes,daf_xgp_4x2_530,trailer.scs_log,trailer_def.scs.log.single_3.steel,6,1,0
69786,_nameless.1de.5a2b.e760,christopoulo,kalamata,christopoulo,heraklion,0,218,490,1140,rooflights,man_6x4_b,trailer.scs_dry_m,trailer_def.scs.box.single_3.dryvan_m,33,1,0
69786,_nameless.1de.5a2b.f6d0,christopoulo,kalamata,christopoulo,chios,0,256,540,840,granite_cube,man_4x2_a,trailer.scs_dumper,trailer_def.scs.dumper.single_3.steel,11,1,0
69786,_nameless.1de.5a2b.d240,scs_paper,zenica,tradeaux,krakow,1,767,0,0,empty_barr,daf_4x2_a,trailer.scs_dry_s,trailer_def.scs.box.single_3.dryvan,33,1,0
69786,_nameless.1de.5a2b.d4b0,scs_paper,zenica,villco_mkt,novi_sad,1,333,0,0,large_cont,volvo_fh2012_4x2_420,trailer.scs_lowbed_3,trailer_def.scs.lowbed.single_3.short,27,1,0
69786,_nameless.1de.5a2b.ed10,scs_paper,zenica,shuttle,podgorica,0,453,0,0,paper,renault_t_4x2,trailer.dryliner17,trailer_def.krone.dryliner.single_3.dryvan,33,1,0
69786,_nameless.1de.5a2b.d580,batisse_hs,montpellier,mvm_carriere,bastia,2,348,840,1193,digger500,daf_xf_euro6_4x2_c,trailer.kasbhr_sla,trailer_def.kassbohrer.sla.single_3_sh.lowbed,1,1,0
69786,_nameless.1de.5a2b.d650,batisse_hs,montpellier,transinet,cambridge,0,1175,35,300,empty_spool,volvo_fh2021_4x2_420,trailer.scs_lowbed_3,trailer_def.scs.lowbed.single_3.short,3,1,0
69786,_nameless.1de.5a2b.d8c0,log_atlan,bilbao,stokes,plymouth,0,70,1076,1172,cott_cheese,iveco_4x2_c,trailer.scs_ins,trailer_def.scs.box.single_3.insulated,33,1,0
69786,_nameless.1de.5a2b.d720,log_atlan,bilbao,lisette_log,paris,0,961,0,0,tyres,volvo_fh2012_6x2_500,trailer.scs_dry_a,trailer_def.scs.box.single_3.dryvan,33,1,0
69786,_nameless.1de.5a2b.d7f0,log_atlan,bilbao,sellplan,geneve,0,1048,0,0,olive_oil_t,renault_premium_4x2_a,trailer.scs_fodt,trailer_def.scs.foodtank.single_3.paint,25,1,0
69786,_nameless.1de.5a2b.ef80,log_atlan,bilbao,stokes,dijon,0,1066,0,0,cable_reel,"""heavy/renault_t_6x4""",trailer.kasbhr_sll,trailer_def.kassbohrer.sll.single_3_sh.low,1,1,0
69786,_nameless.1de.5a2b.d990,transinet,kassel,ai,hannover,1,151,0,0,oil,daf_xgp_4x2_530,trailer.willig.fuel_cistern,trailer_def.scs.fueltank.single_3.fueltank,28,1,0
69786,_nameless.1de.5a2b.f120,transinet,kassel,lkwlog,osnabruck,0,228,0,0,protec_cloth,iveco_sway_4x2_460,trailer.kasbhr_shg45,trailer_def.kassbohrer.scs.single_3_13.curtain,34,1,0
69786,_nameless.1de.5a2b.e350,lkwlog,lublin,norrsken,borlange,2,1057,510,1110,plast_film_c,daf_xf_euro6_4x2_a,trailer.krone.boxliner40,trailer_def.krone.boxliner.single_3_40.container,30,1,0
69786,_nameless.1de.5a2b.e4f0,lkwlog,lublin,drekkar,uppsala,2,914,510,1110,onion,man_tgx_2020_6x2,trailer.scs_dry,trailer_def.scs.box.single_3.dryvan,33,1,0
69786,_nameless.1de.5a2c.1dd0,lkwlog,lublin,renar,tallinn,0,996,0,0,lamb_stom,volvo_fh2024_4x2_420,trailer.scs_ins_s,trailer_def.scs.box.single_3.insulated,33,1,0
69786,_nameless.1de.5a2c.0980,lkwlog,lublin,tree_et,poznan,1,391,0,0,jcb_ft4220,daf_xd_1,trailer.scs_lowbed_3,trailer_def.scs.lowbed.single_3.short,1,1,0
69786,_nameless.1de.5a2c.08b0,lkwlog,lublin,villco,nis,1,1108,0,0,olives,mercedes_4x2,trailer.kasbhr_scs,trailer_def.kassbohrer.scs.single_3_13.curtain,34,1,0
69786,_nameless.1de.5a2c.1c30,renar,tallinn,drekkar,odense,0,925,570,1270,brake_fluid,renault_premium_6x4_a,trailer.kasbhr_shg20,trailer_def.kassbohrer.shg.singl_3e_20.container,15,1,0
69786,_nameless.1de.5a2c.3700,renar,tallinn,renar,tornio,1,809,150,430,furniture,daf_xd25,trailer.scs_dry,trailer_def.scs.box.single_3.dryvan,33,1,0
69786,_nameless.1de.5a2c.18f0,renar,tallinn,norrsken,karlskrona,0,586,570,1270,liver_paste,man_4x2_a,trailer.scs_ref_a,trailer_def.scs.box.single_3.reefer,33,1,0
69786,_nameless.1de.5a2c.26c0,shuttle,murcia,eolo_lines,almeria,0,249,0,0,used_plast,daf_6x2_a,trailer.scs_dry,trailer_def.scs.box.single_3.dryvan,33,1,0
69786,_nameless.1de.5a2c.07e0,shuttle,murcia,trans_cab,murcia,1,13,0,0,nonalco_beer,daf_xf_euro6_6x2_a,trailer.kasbhr_sbt,trailer_def.kassbohrer.sbt.single_3_13.dryvan,34,1,0
69786,_nameless.1de.5a2c.2c70,shuttle,murcia,cargotras,palermo,0,241,1557,1788,beverages_c,daf_4x2_b,trailer.scs_gosck220,trailer_def.scs.gooseneck.singl_3e_220.container,30,1,0
69786,_nameless.1de.5a2c.2790,shuttle,murcia,cargotras,palermo,0,241,1557,1788,limonades,renault_etech_t,trailer.drylineret,trailer_def.krone.edryliner.single_3.dryvan,33,1,0
69786,_nameless.1de.5a2c.3630,shuttle,murcia,app,zaragoza,1,566,0,0,bottle_water,man_tgx_2020,trailer.kasbhr_sbt,trailer_def.kassbohrer.sbt.single_3_13.dryvan,34,1,0
69786,_nameless.1de.5a2c.2860,bjork,sundsvall,renar,turku,2,467,300,680,jcb_th540180,scania_r2016_4x2_high_500,trailer.scs_lowlow4e,trailer_def.scs.lowloader.single_4_ln.long,1,1,0
69786,_nameless.1de.5a2c.2a00,bjork,sundsvall,fjoste,skelleftea,2,267,0,0,empty_spool,scania_r2016_6x4_high_660,trailer.kasbhr_sla,trailer_def.kassbohrer.sla.single_3_sh.lowbed,3,1,0
69786,_nameless.1de.5a2c.1680,bjork,sundsvall,cemelt_bas,kaunas,0,756,510,1110,wooden_beams,mercedes_4x2,trailer.scs_log,trailer_def.scs.log.single_3.steel,2,1,0
69786,_nameless.1de.5a2c.1d00,bltmetal,liepaja,renar,mikkeli,0,803,150,430,mtl_coil,renault_magnum_6x4_a,trailer.scs_flat_b,trailer_def.scs.flatbed.single_3.flatbed_w,1,1,0
69786,_nameless.1de.5a2c.2ba0,bltmetal,liepaja,borealis,bodo,2,1186,510,1110,metal_pipes,daf_4x2_b,trailer.profilinehd,trailer_def.krone.profilinerhd.single_3.flatbed,1,1,0
69786,_nameless.1de.5a2c.2930,bltmetal,liepaja,gnt,panevezys,2,256,0,0,concr_beams2,scania_r2016_6x2_high_460,trailer.scs_flat_b,trailer_def.scs.flatbed.single_3.flatbed_w,2,1,0
69786,_nameless.1de.5a2c.3220,bltmetal,liepaja,renar,kristiansund,1,1075,550,1156,iron_pipes,mercedes_6x4_a,trailer.scs_log,trailer_def.scs.log.single_3.steel,28,1,0
69786,_nameless.1de.5a2c.3150,te_logistica,cagliari,eolo_lines,porto_vecchi,1,396,210,355,salm_fillet,daf_xf_euro6_6x2_a,trailer.scs_ins,trailer_def.scs.box.single_3.insulated,33,1,0
69786,_nameless.1de.5a2c.0570,te_logistica,cagliari,wilnet_trans,limoges,2,873,720,827,post_packag,iveco_sway_4x2_580,trailer.kasbhr_sbt,trailer_def.kassbohrer.sbt.single_3_13.dryvan,34,1,0
69786,_nameless.1de.5a2c.0f30,te_logistica,cagliari,eolo_lines,palermo,0,15,720,778,steel_cord,scania_r_6x4_top_620,trailer.kasbhr_sbt,trailer_def.kassbohrer.sbt.single_3_13.dryvan,34,1,0
69786,_nameless.1de.5a2c.2d40,te_logistica,cagliari,globeur,bourges,0,965,720,827,scooters,man_4x2_a,trailer.kasbhr_sbt,trailer_def.kassbohrer.sbt.single_3_13.dryvan,34,1,0
69786,_nameless.1de.5a2c.25f0,te_logistica,cagliari,log_atlan,sevilla,0,1218,720,827,lux_yacht,daf_xg_4x2_450,trailer.scs_lowlow4e,trailer_def.scs.lowloader.single_4_ln.long,1,1,0
69786,_nameless.1de.5a2c.32f0,posped,metz,eurogoodies,lublin,0,1269,0,0,pet_food,scania_streamline_4x2_norm_380,trailer.scs_dry_m,trailer_def.scs.box.single_3.dryvan_m,33,1,0
69786,_nameless.1de.5a2c.0710,posped,metz,tree_et,felixstowe,0,730,35,300,skidder,"""heavy/scania_r2016_8x4_high_730""",trailer.scs_lowlow2e,trailer_def.scs.lowloader.single_2_ln.long,1,1,0
69786,_nameless.1de.5a2c.2e10,borealis,mikkeli,sal_fi,pori,0,341,0,0,lux_yacht,iveco_sway_4x2_460,trailer.scs_lowlow4e,trailer_def.scs.lowloader.single_4_ln.long,1,1,0
69786,_nameless.1de.5a2c.2fb0,borealis,mikkeli,polarislines,vaasa,0,354,0,0,used_battery,scania_streamline_6x2_norm_440,trailer.kasbhr_scs,trailer_def.kassbohrer.scs.single_3_13.curtain,34,1,0
69786,_nameless.1de.5a2c.0d90,sanbuilders,salzburg,rt_log,nurnberg,0,283,0,0,jcb_th540180,renault_magnum_4x2_a,trailer.scs_lowbed41,trailer_def.scs.lowbed.single_41_ln.long,1,1,0
69786,_nameless.1de.5a2c.3080,globeur,lehavre,stokes,calais,2,319,0,0,salt_spice_c,iveco_4x2_a,trailer.kasbhr_shg40,trailer_def.kassbohrer.shg.singl_3e_40.container,30,1,0
69786,_nameless.1de.5a2c.11a0,globeur,lehavre,euroacres,reims,0,374,0,0,tractor_c,"""heavy/volvo_fh16_6x4_750""",trailer.scs_lowlow4e,trailer_def.scs.lowloader.single_4_ln.long,1,1,0
69786,_nameless.1de.5a2c.33c0,globeur,lehavre,lkwlog,magdeburg,1,958,0,0,plums,man_tgx_euro6_4x2_xl,trailer.coolliner17,trailer_def.krone.coolliner.single_3.reefer,33,1,0
69786,_nameless.1de.5a2c.3490,globeur,lehavre,nbfc,calais,0,320,0,0,hchemicals,scania_r_4x2_top_480,trailer.ffb_tsaadr22,trailer_def.feldbinder.tsaadr.single_3_22a.22_3_1,73,1,0
69786,_nameless.1de.5a2c.1410,globeur,lehavre,tradeaux,ajaccio,0,1112,840,1193,froz_octopi,iveco_sway_4x2_580,trailer.scs_ref,trailer_def.scs.box.single_3.reefer,33,1,0
69786,_nameless.1de.5a2c.2040,globeur,lehavre,voitureux,paris,0,185,0,0,lumber_p,volvo_fh16_4x2_420,trailer.scs_flat_b,trailer_def.scs.flatbed.single_3.flatbed_w,6,1,0
69786,_nameless.1de.5a2c.2110,tesore_gust,roma,eurogoodies,klagenfurt,2,869,0,0,soy_milk_t,man_tgx_2020_4x2,trailer.ffb_tsalm32,trailer_def.feldbinder.tsalm.single_3_32.32_3_2,26,1,0
69786,_nameless.1de.5a2c.37d0,drekkar,uppsala,nch,riga,1,333,510,1110,roof_tiles,man_tgx_euro6_6x4_xlx,trailer.kasbhr_sbt,trailer_def.kassbohrer.sbt.single_3_13.dryvan,32,1,0
69786,_nameless.1de.5a2c.04a0,drekkar,uppsala,gnt,jonkoping,0,370,0,0,jcb_dmphtd5e,iveco_4x2_c,trailer.scs_flat_b,trailer_def.scs.flatbed.single_3.flatbed_w,7,1,0
69786,_nameless.1de.5a2c.0640,drekkar,uppsala,gnt,klaipeda,0,287,510,1110,fertilizer,scania_s_2024e,trailer.scs_brick_r,trailer_def.scs.flatbed.single_3.brick,32,1,0
69786,_nameless.1de.5a2c.21e0,drekkar,uppsala,sal_fi,pori,0,228,540,1170,food_oil_t,daf_xf_euro6_4x2_c,trailer.ffb_tsalm32,trailer_def.feldbinder.tsalm.single_3_32.32_3_2,30,1,0
69786,_nameless.1de.5a2c.14e0,drekkar,uppsala,polarislines,tallinn,0,188,570,1270,guard_rails,mercedes_actros_2014_6x4_b,trailer.scs_curt,trailer_def.scs.box.single_3.curtain,33,1,0
69786,_nameless.1de.5a2c.0b20,eolo_lines,lile_rousse,rt_log,bern,0,778,840,1193,transmis,mercedes_4x2_a,trailer.scs_curt,trailer_def.scs.box.single_3.curtain,33,1,0
69786,_nameless.1de.5a2c.0bf0,eolo_lines,lile_rousse,te_logistica,cagliari,2,330,210,355,sandwch_pnls,iveco_4x2_a,trailer.scs_dry_s,trailer_def.scs.box.single_3.dryvan,33,1,0
69786,_nameless.1de.5a2c.1000,eolo_lines,lile_rousse,cargotras,palermo,1,348,930,1133,oil_filters,renault_premium_6x4_a,trailer.scs_dry_ms,trailer_def.scs.box.single_3.dryvan_m,33,1,0
69786,_nameless.1de.5a2c.10d0,renar,lillehammer,norse_rail,gavle,1,389,0,0,gummy_bears,daf_6x2_a,trailer.kasbhr_shg45,trailer_def.kassbohrer.scs.single_3_13.curtain,34,1,0
69786,_nameless.1de.5a2c.2380,renar,lillehammer,nord_crown,umea,2,702,0,0,beans,scania_s2016_4x2_high_590,trailer.scs_dry_ms,trailer_def.scs.box.single_3.dryvan_m,33,1,0
69786,_nameless.1de.5a2c.19c0,renar,lillehammer,renor,gavle,1,392,0,0,vol_ew240emh,"""heavy/man_tgx_2020_8x4""",trailer.scs_lowlow4e,trailer_def.scs.lowloader.single_4_ln.long,1,1,0
69786,_nameless.1de.5a2c.22b0,nucleon,kozloduy,scs_paper,calarasi,0,365,0,0,ter_forklift,mercedes_actros_2014_6x4_b,trailer.profilinehd,trailer_def.krone.profilinerhd.single_3.flatbed,2,1,0
69786,_nameless.1de.5a2c.1340,nucleon,kozloduy,stokes,pristina,2,380,0,0,dozer,"""heavy/mercedes_actros_8x4""",trailer.scs_lowbed41,trailer_def.scs.lowbed.single_41_ln.long,1,1,0
69786,_nameless.1de.5a2c.15b0,nucleon,kozloduy,brawen,bucuresti,0,282,0,0,jcb_mexc19ce,renault_premium_6x4_a,trailer.profilinehd,trailer_def.krone.profilinerhd.single_3.flatbed,3,1,0
69786,_nameless.1de.5a2c.1750,nucleon,kozloduy,tras_med,catania,0,1406,590,1092,scaffoldings,renault_magnum_4x2_a,trailer.kasbhr_sbt,trailer_def.kassbohrer.sbt.single_3_13.dryvan,33,1,0
69786,_nameless.1de.5a2c.2450,syschema,tuzla,syschema,beograd,1,303,0,0,sodchlor,daf_4x2_b,trailer.kasbhr_stc,trailer_def.kassbohrer.stc.single_3.chemtank,99,1,0
69786,_nameless.1de.5a2c.2520,syschema,tuzla,balkan_loco,craiova,0,604,0,0,pesticide,daf_6x2_a,trailer.krone.boxliner20,trailer_def.krone.boxliner.single_3.container,40,1,0
69786,_nameless.1de.5a2c.5ac0,syschema,tuzla,itcc,dusseldorf,0,1458,0,0,neon,volvo_fh16_4x2_540,trailer.scs_gosck220,trailer_def.scs.gooseneck.singl_3e_220.container,80,1,0
69786,_nameless.1de.5a2c.3b10,rt_log,nurnberg,nch,vilnius,1,1286,0,0,car_ibe,volvo_fh2012_6x2_500,trailer.car_trans,trailer_def.car_ibe.car_trans,100,1,0
69786,_nameless.1de.5a2c.55e0,rt_log,nurnberg,polarislines,nynashamn,2,1423,105,404,empty_barr,renault_t_4x2,trailer.scs_curt_a,trailer_def.scs.box.single_3.curtain,33,1,0
69786,_nameless.1de.5a2c.52a0,rt_log,nurnberg,renar,oslo,0,1403,105,404,used_packag,daf_xf_euro6_4x2_b,trailer.scs_dry_a,trailer_def.scs.box.single_3.dryvan,33,1,0
69786,_nameless.1de.5a2c.4260,rt_log,nurnberg,rt_log,koln,2,389,0,0,auger_wag,iveco_4x2_a,trailer.kasbhr_slle,trailer_def.kassbohrer.sll.single_3_ln.low,1,1,0
69786,_nameless.1de.5a2c.6620,nord_sten,ostersund,mjolnir_min,tornio,2,729,0,0,ore,volvo_fh2012_6x2_500,trailer.scs_dumper,trailer_def.scs.dumper.single_3.steel,14,1,0
69786,_nameless.1de.5a2c.3be0,nord_sten,ostersund,renor,gavle,0,367,0,0,volvo_l250h,mercedes_4x2_c,trailer.scs_lowbed41,trailer_def.scs.lowbed.single_41_ln.long,1,1,0
69786,_nameless.1de.5a2c.5510,nord_sten,ostersund,renar,vasteraas,0,558,0,0,crawler,"""heavy/iveco_6x4""",trailer.scs_lowbed_3,trailer_def.scs.lowbed.single_3.short,1,1,0
69786,_nameless.1de.5a2c.6070,rt_log,zurich,eurogoodies,venezia,1,577,0,0,milk,iveco_6x2_a,trailer.scs_dry_a,trailer_def.scs.box.single_3.dryvan,33,1,0
69786,_nameless.1de.5a2c.44d0,rt_log,zurich,posped,warszawa,0,1248,0,0,roller,daf_4x2_a,trailer.scs_lowlow2e,trailer_def.scs.lowloader.single_2_ln.long,1,1,0
69786,_nameless.1de.5a2c.3cb0,rt_log,zurich,slava,mostar,0,1471,0,0,cars_fr,man_6x4_b,trailer.car_trans,trailer_def.cars_fr.car_trans,100,1,0
69786,_nameless.1de.5a2c.6a30,rt_log,zurich,posped,bystrica,1,1029,0,0,tractor_au,daf_xf_euro6_6x2_a,trailer.kasbhr_sll,trailer_def.kassbohrer.sll.single_3_sh.low,1,1,0
69786,_nameless.1de.5a2c.6b00,onnelik_a,parnu,aerobalt,vilnius,0,451,0,0,live_pigs,volvo_fh16_4x2_540,trailer.scs_livestk,trailer_def.scs.livestock.single_3s.str_stl,50,1,0
69786,_nameless.1de.5a2c.45a0,eurogoodies,lublin,rt_log,salzburg,1,915,0,0,pork_meat,renault_magnum_6x2_a,trailer.scs_ref_a,trailer_def.scs.box.single_3.reefer,33,1,0
69786,_nameless.1de.5a2c.5c60,agronord,goteborg,renor,karlstad,2,310,0,0,digger1000,daf_xf_4x2_370,trailer.scs_lowlow4e,trailer_def.scs.lowloader.single_4_ln.long,1,1,0
69786,_nameless.1de.5a2c.67c0,agronord,goteborg,transinet,sheffield,0,925,1140,1314,cut_flowers,daf_xd_2,trailer.scs_ref,trailer_def.scs.box.single_3.reefer,33,1,0
69786,_nameless.1de.5a2c.5370,marina,taranto,wilnet_trans,porto_vecchi,0,681,1050,1234,large_cont,renault_magnum_4x2_a,trailer.scs_flat_b,trailer_def.scs.flatbed.single_3.flatbed_w,33,1,0
69786,_nameless.1de.5a2c.6bd0,norse_rail,narvik,norr_food,bodo,0,318,30,45,frozen_hake,scania_r2016_4x2_norm_370,trailer.coolliner17,trailer_def.krone.coolliner.single_3.reefer,33,1,0
69786,_nameless.1de.5a2c.3a40,norse_rail,narvik,renar,skelleftea,0,581,0,0,roofing_felt,volvo_fh2021_4x2_420,trailer.scs_curt_s,trailer_def.scs.box.single_3.curtain,33,1,0
69786,_nameless.1de.5a2c.38a0,quarry,katowice,balkan_loco,maribor,2,659,0,0,stones,renault_premium_4x2_a,trailer.scs_dumper,trailer_def.scs.dumper.single_3.steel,11,1,0
69786,_nameless.1de.5a2c.3d80,quarry,katowice,baltomorsk,klaipeda,2,865,0,0,vol_ew240emh,"""heavy/volvo_fh2012_8x4_700""",trailer.scs_lowbed_4,trailer_def.scs.lowbed.single_4_sh.short,1,1,0
69786,_nameless.1de.5a2c.4740,aaa,taranto,te_logistica,messina,1,377,20,347,caravans,renault_t_4x2,trailer.truck_trans,trailer_def.caravans.truck_trans,100,1,0
69786,_nameless.1de.5a2c.5d30,aaa,taranto,rt_log,bern,0,1298,0,0,car_it,volvo_fh16_4x2_540,trailer.car_trans,trailer_def.car_it.car_trans,100,1,0
69786,_nameless.1de.5a2c.4330,sal_fi,helsinki,blt,kunda,2,181,150,430,concr_cent,volvo_fh16_4x2_540,trailer.scs_flat_b,trailer_def.scs.flatbed.single_3.flatbed_w,7,1,0
69786,_nameless.1de.5a2c.48e0,sal_fi,helsinki,polarislines,kapellskar,0,196,540,1170,canned_beans,scania_r_4x2_top_480,trailer.dryliner17,trailer_def.krone.dryliner.single_3.dryvan,33,1,0
69786,_nameless.1de.5a2c.63b0,sal_fi,helsinki,renar,kuusamo,0,720,0,0,backfl_prev,mercedes_6x4_a,trailer.scs_curt_s,trailer_def.scs.box.single_3.curtain,33,1,0
69786,_nameless.1de.5a2c.6480,sal_fi,helsinki,rosmark,riga,1,380,150,430,aircond,scania_s2016_6x4_high_730,trailer.kasbhr_slle,trailer_def.kassbohrer.sll.single_3_ln.low,4,1,0
69786,_nameless.1de.5a2c.4e90,vitas_pwr,jyvaskyla,konstnr_wind,tornio,0,391,0,0,windml_eng,mercedes_6x2_b,trailer.scs_lowbed_4,trailer_def.scs.lowbed.single_4_sh.short,1,1,0
69786,_nameless.1de.5a2c.3e50,vitas_pwr,jyvaskyla,gnt,alesund,1,1160,365,762,empty_spool,renault_t_4x2h,trailer.scs_lowbed41,trailer_def.scs.lowbed.single_41_ln.long,4,1,0
69786,_nameless.1de.5a2c.3ff0,vitas_pwr,jyvaskyla,norrsken,borlange,2,553,540,1170,empty_palet,volvo_fh2012_6x2_500,trailer.scs_dry_m,trailer_def.scs.box.single_3.dryvan_m,33,1,0
69786,_nameless.1de.5a2c.4cf0,bhv,bordeaux,rt_log,madrid,0,786,0,0,pickup_gr,scania_streamline_4x2_norm_380,trailer.truck_trans,trailer_def.pickup_gr.truck_trans,100,1,0
69786,_nameless.1de.5a2c.5e00,posped,lublin,lognstick,hunedoara,0,938,0,0,caravans,man_tgx_2020,trailer.truck_trans,trailer_def.caravans.truck_trans,100,1,0
69786,_nameless.1de.5a2c.40c0,posped,lublin,aerobalt,vilnius,1,516,0,0,air_mails,volvo_fh16_6x4_700,trailer.kasbhr_sbt,trailer_def.kassbohrer.sbt.single_3_13.dryvan,34,1,0
69786,_nameless.1de.5a2c.4190,posped,lublin,lkwlog,lodz,1,240,0,0,conc_juice_t,scania_r_6x2_high_500,trailer.scs_fodt,trailer_def.scs.foodtank.single_3.paint,18,1,0
69786,_nameless.1de.5a2c.4dc0,lisette_log,rennes,stokes,plymouth,0,273,420,1000,truck_batt,man_tgx_2020_4x2,trailer.kasbhr_shg45,trailer_def.kassbohrer.scs.single_3_13.curtain,34,1,0
69786,_nameless.1de.5a2c.62e0,lisette_log,rennes,te_logistica,cagliari,0,1316,720,827,canned_pork,man_tgx_euro6_6x4_xlx,trailer.scs_ins_a,trailer_def.scs.box.single_3.insulated,33,1,0
69786,_nameless.1de.5a2c.5850,lisette_log,rennes,globeur,lehavre,0,389,0,0,metal_beams,daf_xgp25_4x2_530,trailer.scs_flat_b,trailer_def.scs.flatbed.single_3.flatbed_w,2,1,0
69786,_nameless.1de.5a2c.5920,cortica,porto,globeur,bourges,1,1415,0,0,wood_chipper,"""heavy/mercedes_6x4""",trailer.scs_lowlow4e,trailer_def.scs.lowloader.single_4_ln.long,1,1,0
69786,_nameless.1de.5a2c.4400,cortica,porto,exomar,evora,2,388,0,0,mat_handler,"""heavy/daf_xgp_4x2_530""",trailer.scs_lowlow4e,trailer_def.scs.lowloader.single_4_ln.long,1,1,0
69786,_nameless.1de.5a2c.4810,cortica,porto,dans_jardin,bourges,0,1459,0,0,wooden_beams,scania_r2016_6x2_high_460,trailer.scs_log,trailer_def.scs.log.single_3.steel,2,1,0
69786,_nameless.1de.5a2c.49b0,norr_food,trondheim,norrsken,karlskrona,1,1142,0,0,used_plast,mercedes_actros_2014_4x2_c,trailer.scs_curt_a,trailer_def.scs.box.single_3.curtain,33,1,0
69786,_nameless.1de.5a2c.4f60,norr_food,trondheim,renar,lillehammer,0,394,0,0,used_plast_c,iveco_sway_4x2_580,trailer.kasbhr_shg20,trailer_def.kassbohrer.shg.singl_3e_20.container,15,1,0
69786,_nameless.1de.5a2c.4b50,acc,sevilla,domdepo,bailen,2,217,0,0,empty_spool,iveco_4x2_b,trailer.scs_lowbed_4,trailer_def.scs.lowbed.single_4_sh.short,3,1,0
69786,_nameless.1de.5a2c.5030,acc,sevilla,eolo_lines,algeciras,2,174,0,0,perfor_frks,daf_xd,trailer.scs_dry_m,trailer_def.scs.box.single_3.dryvan_m,33,1,0
69786,_nameless.1de.5a2c.5100,acc,sevilla,exomar,cordoba,2,152,0,0,iron_pipes,volvo_fh2024_6x2_500,trailer.scs_log,trailer_def.scs.log.single_3.steel,28,1,0
69786,_nameless.1de.5a2c.5ed0,rosmark,riga,renar,tampere,2,562,150,430,truck_batt,daf_xf_euro6_4x2_c,trailer.kasbhr_sbt,trailer_def.kassbohrer.sbt.single_3_13.dryvan,34,1,0
69786,_nameless.1de.5a2c.56b0,rosmark,riga,rt_log,rostock,0,1166,0,0,emptytank,iveco_4x2_a,trailer.profilinehd,trailer_def.krone.profilinerhd.single_3.flatbed,1,1,0
69786,_nameless.1de.5a2c.59f0,rosmark,riga,nch_ru,petersburg,1,488,0,0,train_part2,iveco_sway_4x2_500,trailer.scs_flat_b,trailer_def.scs.flatbed.single_3.flatbed_w,3,1,0
69786,_nameless.1de.5a2c.5fa0,rosmark,riga,renar,karesuando,1,1378,150,430,volvo_a25g,"""heavy/scania_r_6x4_top_730""",trailer.scs_lowbed_4,trailer_def.scs.lowbed.single_4_sh.short,1,1,0
69786,_nameless.1de.5a2c.74c0,rosmark,riga,stokes,wien,0,1321,0,0,soy_milk_t,mercedes_4x2_c,trailer.ffb_tsalm32,trailer_def.feldbinder.tsalm.single_3_32.32_3_2,23,1,0
69786,_nameless.1de.5a2c.8f90,nos_pat,lleida,euroacres,torino,1,1150,0,0,kr_stc1370,scania_s2016_4x2_high_590,trailer.scs_lowlow4e,trailer_def.scs.lowloader.single_4_ln.long,1,1,0
69786,_nameless.1de.5a2c.8ab0,nos_pat,lleida,trans_cab,madrid,0,481,0,0,beef_meat,"""double/scania_r2016_6x2_high_590""",trailer.scs_ref_2,trailer_def.scs.box.double_3_2.reefer,52,1,0
69786,_nameless.1de.5a2c.9060,nos_pat,lleida,dans_jardin,porto_vecchi,2,348,930,1182,square_baler,iveco_h_4x2_a,trailer.kasbhr_slle,trailer_def.kassbohrer.sll.single_3_ln.low,1,1,0
69786,_nameless.1de.5a2c.8290,huerta,valencia,log_atlan,bilbao,0,694,0,0,cott_harvest,"""heavy/renault_t_6x4""",trailer.scs_lowlow4e,trailer_def.scs.lowloader.single_4_ln.long,1,1,0
69786,_nameless.1de.5a2c.7180,huerta,valencia,rt_log,madrid,0,393,0,0,peas,daf_xf_4x2_370,trailer.dryliner17,trailer_def.krone.dryliner.single_3.dryvan,33,1,0
69786,_nameless.1de.5a2c.7c10,huerta,valencia,lavish_food,badajoz,0,711,0,0,rice,scania_streamline_4x2_top_560,trailer.scs_dry,trailer_def.scs.box.single_3.dryvan,33,1,0
69786,_nameless.1de.5a2c.9200,huerta,valencia,exomar,guarda,0,872,0,0,square_baler,volvo_fh16_4x2_540,trailer.scs_lowlow2e,trailer_def.scs.lowloader.single_2_ln.long,1,1,0
69786,_nameless.1de.5a2c.8840,huerta,valencia,log_atlan,almeria,2,396,0,0,kr_gx520,scania_streamline_6x2_norm_440,trailer.scs_lowlow4e,trailer_def.scs.lowloader.single_4_ln.long,1,1,0
69786,_nameless.1de.5a2c.80f0,steinbr_str,munchen,wilnet_trans,toulouse,2,1382,0,0,watertank,scania_streamline_4x2_top_560,trailer.kasbhr_sla,trailer_def.kassbohrer.sla.single_3_sh.lowbed,1,1,0
69786,_nameless.1de.5a2c.6f10,ccg_hal,zadar,balkan_loco,edirne,1,1524,0,0,volvo_a25g,"""heavy/mercedes_6x4""",trailer.kasbhr_slle,trailer_def.kassbohrer.sll.single_3_ln.low,1,1,0
69786,_nameless.1de.5a2c.7db0,ccg_hal,zadar,balkan_loco,skopje,0,1203,0,0,mob_stacker,"""heavy/daf_xd""",trailer.kasbhr_slle,trailer_def.kassbohrer.sll.single_3_ln.low,1,1,0
69786,_nameless.1de.5a2c.92d0,ccg_hal,zadar,rt_log,nurnberg,0,999,0,0,jcb_dmp6t2,"""heavy/man_tgx_euro6_8x4_xlx""",trailer.scs_lowbed_3,trailer_def.scs.lowbed.single_3.short,1,1,0
69786,_nameless.1de.5a2c.9610,syllurgy,banja_luka,rock_eater,kragujevac,0,352,0,0,elect_wiring,mercedes_4x2_c,trailer.scs_dry_m,trailer_def.scs.box.single_3.dryvan_m,33,1,0
69786,_nameless.1de.5a2c.7590,syllurgy,banja_luka,lkwlog,kosice,0,713,0,0,alu_profile,scania_r_6x4_top_620,trailer.profilinehd,trailer_def.krone.profilinerhd.single_3.flatbed,2,1,0
69786,_nameless.1de.5a2c.96e0,syllurgy,banja_luka,domdepo,bucuresti,2,1004,0,0,floorpanels,scania_r_6x4_top_620,trailer.panel_trans.floor,trailer_def.floorpanels.panel_trans.floor,82,1,0
69786,_nameless.1de.5a2c.78d0,syllurgy,banja_luka,betunia,mostar,0,355,0,0,largetubes,daf_4x2_a,trailer.scs_log,trailer_def.scs.log.single_3.steel,6,1,0
69786,_nameless.1de.5a2c.7ce0,eurogoodies,split,tesore_gust,firenze,2,248,600,315,smokd_sprats,scania_s2016_4x2_high_590,trailer.scs_ref,trailer_def.scs.box.single_3.reefer,33,1,0
69786,_nameless.1de.5a2c.89e0,eurogoodies,split,cargotras,pescara,1,265,600,315,pork_meat,renault_t_4x2h,trailer.scs_ins,trailer_def.scs.box.single_3.insulated,33,1,0
69786,_nameless.1de.5a2c.8500,eurogoodies,split,te_logistica,cagliari,0,586,1440,1194,mozzarela,man_tgx_2020_6x2,trailer.scs_ref_s,trailer_def.scs.box.single_3.reefer,33,1,0
69786,_nameless.1de.5a2c.8b80,metallis,narvik,norse_rail,rovaniemi,0,530,0,0,scrap_metals,renault_t_4x2,trailer.scs_dumper,trailer_def.scs.dumper.single_3.steel,10,1,0
69786,_nameless.1de.5a2c.7b40,metallis,narvik,borealis,bodo,1,370,30,45,large_cont,renault_t_4x2,trailer.profilinehd,trailer_def.krone.profilinerhd.single_3.flatbed,33,1,0
69786,_nameless.1de.5a2c.9470,ika_bohag,firenze,lkwlog,szeged,0,1106,0,0,used_packag,scania_streamline_4x2_top_560,trailer.scs_curt_a,trailer_def.scs.box.single_3.curtain,33,1,0
69786,_nameless.1de.5a2c.9540,ika_bohag,firenze,trans_cab,barcelona,1,1086,0,0,empty_palet,man_4x2_a,trailer.scs_curt_a,trailer_def.scs.box.single_3.curtain,33,1,0
69786,_nameless.1de.5a2c.79a0,ika_bohag,firenze,posped,katowice,1,1157,0,0,pot_flowers,man_4x2_a,trailer.scs_ref,trailer_def.scs.box.single_3.reefer,33,1,0
69786,_nameless.1de.5a2c.7800,lisette_log,paris,tree_et,manchester,0,731,35,300,jcb_ft4220,iveco_4x2_b,trailer.scs_lowbed_4,trailer_def.scs.lowbed.single_4_sh.short,1,1,0
69786,_nameless.1de.5a2c.7f50,lisette_log,paris,wilnet_trans,lemans,2,241,0,0,plastic_gra,renault_premium_6x2_a,trailer.ffb_eut35,trailer_def.feldbinder.eut.single_3_35.silo_35_3p,22,1,0
69786,_nameless.1de.5a2c.8360,eurogoodies,innsbruck,kaarfor,verona,2,278,0,0,grapes,daf_xg_4x2_450,trailer.coolliner17,trailer_def.krone.coolliner.single_3.reefer,33,1,0
69786,_nameless.1de.5a2c.86a0,eurogoodies,innsbruck,stokes,zurich,1,342,0,0,salt_spice_c,iveco_sway_4x2_580,trailer.scs_gosck20,trailer_def.scs.gooseneck.singl_3e_20.container,15,1,0
69786,_nameless.1de.5a2c.7730,eurogoodies,innsbruck,stokes,zurich,1,342,0,0,chicken_meat,renault_t_6x2,trailer.scs_ref_s,trailer_def.scs.box.single_3.reefer,33,1,0
69786,_nameless.1de.5a2c.8430,lkwlog,luxembourg,tradeaux,lille,0,281,0,0,food_oil_t,daf_6x2_a,trailer.ffb_tsalm32,trailer_def.feldbinder.tsalm.single_3_32.32_3_2,30,1,0
69786,_nameless.1de.5a2c.6fe0,lkwlog,luxembourg,tradeaux,dusseldorf,2,328,0,0,protec_cloth,scania_r_4x2_norm_360,trailer.scs_curt_a,trailer_def.scs.box.single_3.curtain,33,1,0
69786,_nameless.1de.5a2c.7250,lkwlog,luxembourg,globeur,bourges,1,520,0,0,wood_chipper,"""heavy/volvo_fh2021_6x4_540""",trailer.kasbhr_slle,trailer_def.kassbohrer.sll.single_3_ln.low,1,1,0
69786,_nameless.1de.5a2c.8ec0,lkwlog,luxembourg,brawen,novi_sad,1,1456,0,0,steel_cord,scania_streamline_6x4_top_480,trailer.kasbhr_scs,trailer_def.kassbohrer.scs.single_3_13.curtain,34,1,0
69786,_nameless.1de.5a2c.85d0,lkwlog,luxembourg,drekkar,aarhus,0,941,0,0,volvo_bucket,scania_s2016_6x2_high_460,trailer.scs_lowbed41,trailer_def.scs.lowbed.single_41_ln.long,1,1,0
69786,_nameless.1de.5a2c.7320,lkwlog,luxembourg,dunavia,osijek,1,1397,0,0,tyres,daf_xf_euro6_6x2_a,trailer.scs_dry_a,trailer_def.scs.box.single_3.dryvan,33,1,0
69786,_nameless.1de.5a2c.73f0,norr_food,linkoping,tradeaux,prague,0,1201,105,404,used_plast,daf_xd25,trailer.scs_curt,trailer_def.scs.box.single_3.curtain,33,1,0
69786,_nameless.1de.5a2c.7a70,tesore_gust,parma,log_atlan,bilbao,0,1407,0,0,ketchup,scania_r_4x2_top_480,trailer.scs_dry_s,trailer_def.scs.box.single_3.dryvan,33,1,0
69786,_nameless.1de.5a2c.8910,tesore_gust,parma,sellplan,venezia,2,259,0,0,mozzarela,daf_xg_4x2_450,trailer.scs_ref,trailer_def.scs.box.single_3.reefer,33,1,0
69786,_nameless.1de.5a2c.8d20,pp_chimica,bologna,tras_med,genova,1,402,0,0,fueltanker,scania_s2016_6x2_high_460,trailer.krone.boxliner220,trailer_def.krone.boxliner.single_3_220.container,80,1,0
69786,_nameless.1de.5a2c.8df0,renar,lahti,zelenye,petersburg,0,524,0,0,digger1000,volvo_fh2024_4x2_780,trailer.scs_lowbed_4,trailer_def.scs.lowbed.single_4_sh.short,1,1,0
69786,_nameless.1de.2ab4.0a70,renar,lahti,drekkar,vaxjo,0,791,540,1170,almond,renault_magnum_4x2_a,trailer.kasbhr_scs,trailer_def.kassbohrer.scs.single_3_13.curtain,34,1,0
69786,_nameless.1de.2ab4.1770,renar,lahti,lkwlog,gdansk,1,1123,150,430,cont_trees,iveco_sway_4x2_580,trailer.kasbhr_sbt,trailer_def.kassbohrer.sbt.single_3_13.dryvan,34,1,0
69786,_nameless.1de.2ab4.2540,renar,lahti,gnt,helsingborg,2,891,540,1170,pesto,"""double/scania_s2016_6x4_high_660""",trailer.scs_curt_2,trailer_def.scs.box.double_3_2.curtain,52,1,0
69786,_nameless.1de.2ab4.0660,trameri,plymouth,log_atlan,leon,0,393,1076,1172,roofing_felt,renault_premium_4x2_a,trailer.kasbhr_scs,trailer_def.kassbohrer.scs.single_3_13.curtain,34,1,0
69786,_nameless.1de.2ab3.fb00,trameri,plymouth,elcano_fla,santander,0,17,1080,1176,copp_rf_gutt,volvo_fh2021_6x2_540,trailer.scs_curt_a,trailer_def.scs.box.single_3.curtain,33,1,0
69786,_nameless.1de.2ab3.fca0,nordic_ports,bodo,drekkar,linkoping,0,1221,0,0,plast_film_c,volvo_fh2012_4x2_420,trailer.scs_gosck40,trailer_def.scs.gooseneck.singl_3e_40.container,30,1,0
69786,_nameless.1de.2ab4.2130,nordic_ports,bodo,renar,arvidsjaur,0,372,0,0,coconut_milk,volvo_fh2024_6x2_500,trailer.kasbhr_sbt,trailer_def.kassbohrer.sbt.single_3_13.dryvan,34,1,0
69786,_nameless.1de.2ab4.2880,nordic_ports,bodo,aerobalt,turku,2,924,300,680,apples_c,volvo_fh2012_4x2_750,trailer.krone.boxliner40,trailer_def.krone.boxliner.single_3_40.container,30,1,0
69786,_nameless.1de.2ab3.fbd0,renor,gavle,radus,tampere,0,403,540,1170,scrap_metals,daf_xgp25_4x2_530,trailer.scs_dumper,trailer_def.scs.dumper.single_3.steel,10,1,0
69786,_nameless.1de.2ab4.2610,renor,gavle,vainamoi_bas,jyvaskyla,0,587,300,680,gravel,volvo_fh2024_4x2_420,trailer.scs_dumper,trailer_def.scs.dumper.single_3.steel,16,1,0
69786,_nameless.1de.2ab4.2a20,ocean_sol,kiel,nch,tallinn,0,1297,570,1270,empty_palet,volvo_fh16_4x2_420,trailer.scs_curt,trailer_def.scs.box.single_3.curtain,33,1,0
69786,_nameless.1de.2ab4.0180,ocean_sol,kiel,dfh,berlin,1,397,0,0,yacht,man_4x2_c,trailer.scs_lowbed_3,trailer_def.scs.lowbed.single_3.short,1,1,0
69786,_nameless.1de.2ab4.2af0,ocean_sol,kiel,balkan_loco,maribor,2,1185,0,0,cable_reel,"""heavy/iveco_6x4""",trailer.kasbhr_sll,trailer_def.kassbohrer.sll.single_3_sh.low,1,1,0
69786,_nameless.1de.2ab4.19e0,kivi,utena,renar,lillehammer,0,957,510,1110,jcb_pw125qe,mercedes_actros_2014_4x2_b,trailer.scs_flat_b,trailer_def.scs.flatbed.single_3.flatbed_w,24,1,0
69786,_nameless.1de.2ab4.03f0,kivi,utena,baltomorsk,ventspils,1,405,0,0,vol_ew240emh,"""heavy/scania_s2016_6x4_high_730""",trailer.scs_lowlow4e,trailer_def.scs.lowloader.single_4_ln.long,1,1,0
69786,_nameless.1de.2ab4.0b40,huerta,beja,supercesta,sevilla,1,236,0,0,honey,"""double/renault_t_4x2h""",trailer.scs_dry_2,trailer_def.scs.box.double_3_2.dryvan,52,1,0
69786,_nameless.1de.2ab4.1ab0,huerta,beja,casa_olivera,badajoz,0,358,0,0,tractor_au,scania_streamline_6x2_norm_440,trailer.kasbhr_sla,trailer_def.kassbohrer.sla.single_3_sh.lowbed,1,1,0
69786,_nameless.1de.2ab4.0590,huerta,beja,dans_jardin,porto_vecchi,1,1360,930,1182,ffb_kip60,daf_4x2_a,trailer.ffb_kip60,trailer_def.ffb_kip60.ffb_kip60,100,1,0
69786,_nameless.1de.2ab4.10f0,huerta,beja,eolo_lines,huelva,0,317,0,0,cut_flowers,"""double/man_4x2_a""",trailer.scs_ref_2,trailer_def.scs.box.double_3_2.reefer,52,1,0
69786,_nameless.1de.2ab4.09a0,eolo_lines,marseille,rt_log,koln,1,1007,0,0,metal_cans,iveco_sway_4x2_500,trailer.kasbhr_sbt,trailer_def.kassbohrer.sbt.single_3_13.dryvan,34,1,0
69786,_nameless.1de.2ab4.26e0,eolo_lines,marseille,eolo_lines,porto_vecchi,2,3,840,1193,plums,man_tgx_euro6_6x4_xlx,trailer.scs_ref,trailer_def.scs.box.single_3.reefer,33,1,0
69786,_nameless.1de.2ab4.0c10,bcp,verona,transinet,kassel,0,900,0,0,scrap_metals,volvo_fh2021_6x2_540,trailer.scs_dumper,trailer_def.scs.dumper.single_3.steel,8,1,0
69786,_nameless.1de.2ab3.ffe0,bcp,verona,transinet,kassel,0,900,0,0,car_it,man_6x4_b,trailer.car_trans,trailer_def.car_it.car_trans,100,1,0
69786,_nameless.1de.2ab4.0f50,ts_atlas,porto,rt_log,madrid,1,638,0,0,arsenic,scania_s2016_6x2_high_460,trailer.scs_gosck220,trailer_def.scs.gooseneck.singl_3e_220.container,80,1,0
69786,_nameless.1de.2ab4.0800,ts_atlas,porto,tradeaux,toulouse,1,1108,0,0,vinegar_c,daf_xf_euro6_4x2_a,trailer.kasbhr_shg40,trailer_def.kassbohrer.shg.singl_3e_40.container,30,1,0
69786,_nameless.1de.2ab4.0730,ts_atlas,porto,rt_log,a_coruna,0,303,0,0,phosphor,renault_t_6x2,trailer.kasbhr_shg20,trailer_def.kassbohrer.shg.singl_3e_20.container,40,1,0
69786,_nameless.1de.2ab4.1020,ts_atlas,porto,ortiz,lisboa,2,336,0,0,fluorine,mercedes_actros_2014_6x2_a,trailer.krone.boxliner20,trailer_def.krone.boxliner.single_3.container,40,1,0
69786,_nameless.1de.2ab4.23a0,ts_atlas,porto,acc,santander,2,730,0,0,motor_oil_c,volvo_fh2021_4x2_420,trailer.krone.boxliner220,trailer_def.krone.boxliner.single_3_220.container,30,1,0
69786,_nameless.1de.2ab4.1430,ts_atlas,porto,rt_log,sevilla,0,813,0,0,salt_spice_c,daf_xd25,trailer.kasbhr_shg40,trailer_def.kassbohrer.shg.singl_3e_40.container,30,1,0
69786,_nameless.1de.2ab4.08d0,cont_port,rijeka,bcp,stuttgart,0,777,0,0,carbn_pwdr_c,daf_xf_euro6_4x2_c,trailer.krone.boxliner40,trailer_def.krone.boxliner.single_3_40.container,30,1,0
69786,_nameless.1de.2ab4.2950,cont_port,rijeka,nbfc,ostrava,0,791,0,0,sodium,man_tgx_euro6_6x4_xlx,trailer.kasbhr_shg20,trailer_def.kassbohrer.shg.singl_3e_20.container,40,1,0
69786,_nameless.1de.2ab4.1f90,cont_port,rijeka,subse,osijek,0,461,0,0,salt_spice_c,mercedes_4x2_c,trailer.krone.boxliner20,trailer_def.krone.boxliner.single_3.container,15,1,0
69786,_nameless.1de.2ab4.1c50,cont_port,rijeka,ai,bremen,0,1363,0,0,fluorine,mercedes_4x2_b,trailer.krone.boxliner220,trailer_def.krone.boxliner.single_3_220.container,80,1,0
69786,_nameless.1de.2ab3.fe40,cont_port,rijeka,posped,katowice,0,865,0,0,used_plast_c,daf_6x2_a,trailer.scs_gosck40,trailer_def.scs.gooseneck.singl_3e_40.container,30,1,0
69786,_nameless.1de.2ab4.2060,sal_fi,kuopio,agronord,goteborg,1,915,540,1170,tractors,man_4x2_a,trailer.scs_lowlow2e,trailer_def.scs.lowloader.single_2_ln.long,1,1,0
69786,_nameless.1de.2ab4.0ce0,sal_fi,kuopio,renar,honningsvag,1,1083,0,0,cable_reel,"""heavy/man_6x4""",trailer.kasbhr_slle,trailer_def.kassbohrer.sll.single_3_ln.low,1,1,0
69786,_nameless.1de.2ab4.0e80,sal_fi,kuopio,drekkar,vaxjo,0,944,540,1170,roller,daf_xgp_4x2_530,trailer.kasbhr_sla,trailer_def.kassbohrer.sla.single_3_sh.lowbed,1,1,0
69786,_nameless.1de.2ab4.1d20,sal_fi,kuopio,agronord,kalmar,0,876,540,1170,kr_stc1370,mercedes_actros_2014_6x4_b,trailer.kasbhr_slle,trailer_def.kassbohrer.sll.single_3_ln.low,1,1,0
69786,_nameless.1de.2ab4.1500,renar,stavanger,norrsken,aalborg,2,280,195,1052,guard_rails,scania_r2016_6x2_high_460,trailer.scs_dry_s,trailer_def.scs.box.single_3.dryvan,33,1,0
69786,_nameless.1de.2ab4.1df0,renar,stavanger,posped,lublin,1,1591,195,1052,mob_screener,"""heavy/renault_t_6x4""",trailer.scs_lowlow4e,trailer_def.scs.lowloader.single_4_ln.long,1,1,0
69786,_nameless.1de.2ab4.11c0,sellplan,dresden,gnt,uppsala,0,1231,105,404,used_plast,volvo_fh2024_4x2_420,trailer.profiliner17,trailer_def.krone.profiliner.single_3.curtain,33,1,0
69786,_nameless.1de.2ab4.00b0,sellplan,dresden,stokes,katowice,1,366,0,0,used_packag,man_tgx_2020_4x2,trailer.scs_curt_a,trailer_def.scs.box.single_3.curtain,33,1,0
69786,_nameless.1de.2ab4.1ec0,bhv,toulouse,bhv,montpellier,0,269,0,0,car_balt2,man_tgx_2020_6x2,trailer.van_trans,trailer_def.car_balt2.van_trans,100,1,0
69786,_nameless.1de.2ab3.f890,bhv,toulouse,wilnet_trans,porto_vecchi,0,476,840,1193,mondeos,daf_xf_euro6_6x4_c,trailer.car_trans,trailer_def.mondeos.car_trans,100,1,0
69786,_nameless.1de.2ab3.f960,christopoulo,heraklion,ttk_bg,sofia,0,849,540,760,outdr_flr_tl,mercedes_6x4_a,trailer.scs_dry_m,trailer_def.scs.box.single_3.dryvan_m,32,1,0
69786,_nameless.1de.2ab4.1360,christopoulo,heraklion,tras_med,bari,2,529,1110,1505,guard_rails,renault_magnum_4x2_a,trailer.scs_dry_ms,trailer_def.scs.box.single_3.dryvan_m,33,1,0
69786,_nameless.1de.2ab4.0250,christopoulo,heraklion,brawen,trikala,1,329,540,760,bricks,scania_r_4x2_top_480,trailer.scs_brick_r,trailer_def.scs.flatbed.single_3.brick,32,1,0
69786,_nameless.1de.2ab4.1290,christopoulo,heraklion,lkwlog,venezia,2,1270,1110,1505,largetubes,daf_xgp_4x2_530,trailer.scs_log,trailer_def.scs.log.single_3.steel,6,1,0
69786,_nameless.1de.2ab4.15d0,lkwlog,manchester,transinet,mannheim,1,1163,35,300,metal_pipes,scania_s2016_6x4_high_730,trailer.profilinehd,trailer_def.krone.profilinerhd.single_3.flatbed,1,1,0
69786,_nameless.1de.2ab4.2200,lkwlog,manchester,nch,kouvola,0,1573,1680,2484,air_mails,mercedes_6x2_b,trailer.scs_dry,trailer_def.scs.box.single_3.dryvan,33,1,0
69786,_nameless.1de.2ab3.fa30,lkwlog,manchester,bjork,goteborg,1,891,1140,1314,mob_tr_winch,"""heavy/volvo_fh16_6x4_750""",trailer.scs_lowlowd4,trailer_def.scs.lowloader.single_4_sh.short,1,1,0
69786,_nameless.1de.2ab4.2470,lkwlog,manchester,renar,lahti,2,1492,1680,2484,log_stacker,"""heavy/iveco_6x4""",trailer.scs_lowlow4e,trailer_def.scs.lowloader.single_4_ln.long,1,1,0
69786,_nameless.1de.2ab4.1840,lkwlog,manchester,drekkar,odense,0,358,1140,1314,transmis,iveco_4x2_c,trailer.scs_dry_m,trailer_def.scs.box.single_3.dryvan_m,33,1,0
69786,_nameless.1de.2ab3.fd70,lkwlog,manchester,lkwlog,osnabruck,1,490,660,995,truck_rims_c,daf_xd_2,trailer.scs_gosck40,trailer_def.scs.gooseneck.singl_3e_40.container,30,1,0
69786,_nameless.1de.2ab3.ff10,dunavia,novi_sad,tesore_gust,parma,0,1159,0,0,aircond,volvo_fh2021_4x2_750,trailer.scs_lowbed_3,trailer_def.scs.lowbed.single_3.short,4,1,0
69786,_nameless.1de.2ab4.3f40,dunavia,novi_sad,tm_istanbul,istanbul,1,1000,0,0,transformat,"""heavy/mercedes_6x4""",trailer.scs_lowlowd4,trailer_def.scs.lowloader.single_4_sh.short,1,1,0
69786,_nameless.1de.2ab4.44f0,dunavia,novi_sad,betunia,vlore,2,869,0,0,largetubes,scania_s2016_6x2_high_460,trailer.scs_log,trailer_def.scs.log.single_3.steel,6,1,0
69786,_nameless.1de.2ab4.2bc0,lintukainen,kotka,renar,kobenhavn,2,1138,540,1170,empty_palet,daf_xgp25_4x2_530,trailer.profiliner17,trailer_def.krone.profiliner.single_3.curtain,33,1,0
69786,_nameless.1de.2ab4.57a0,lintukainen,kotka,gnt,panevezys,0,645,150,430,lumber,daf_xf_euro6_6x2_a,trailer.profilinehd,trailer_def.krone.profilinerhd.single_3.flatbed,3,1,0
69786,_nameless.1de.2ab4.5600,lintukainen,kotka,blt,paldiski,0,306,150,430,logs,volvo_fh2012_4x2_420,trailer.scs_log,trailer_def.scs.log.single_3.steel,32,1,0
69786,_nameless.1de.2ab4.37f0,fui,catanzaro,villco,novi_sad,1,954,540,420,rye,iveco_4x2_a,trailer.scs_dumper,trailer_def.scs.dumper.single_3.steel,27,1,0
69786,_nameless.1de.2ab4.5ae0,fui,catanzaro,fallow,podgorica,0,362,540,420,olives,volvo_fh2012_6x2_500,trailer.scs_dry_ms,trailer_def.scs.box.single_3.dryvan_m,33,1,0
69786,_nameless.1de.2ab4.30a0,fui,catanzaro,lognstick,galati,2,1307,540,420,cauliflower,scania_s2016_4x2_norm_370,trailer.scs_dry_m,trailer_def.scs.box.single_3.dryvan_m,33,1,0
69786,_nameless.1de.2ab4.5870,dobr_ferm_bg,karlovo,cargotras,sassari,1,1216,1410,1624,plums,daf_xd_1,trailer.scs_ref,trailer_def.scs.box.single_3.reefer,33,1,0
69786,_nameless.1de.2ab4.4420,lavish_food,a_coruna,app,gijon,0,358,0,0,concen_juice,scania_r_4x2_top_480,trailer.scs_dry_s,trailer_def.scs.box.single_3.dryvan,33,1,0
69786,_nameless.1de.2ab4.5460,lavish_food,a_coruna,log_atlan,porto,0,326,0,0,soy_milk,man_tgx_euro6_4x2_xl,trailer.profiliner17,trailer_def.krone.profiliner.single_3.curtain,33,1,0
69786,_nameless.1de.2ab4.4b70,spinelli,bilbao,globeur,bourges,1,778,0,0,forklifts,iveco_6x2_a,trailer.scs_lowbed41,trailer_def.scs.lowbed.single_41_ln.long,4,1,0
69786,_nameless.1de.2ab4.3580,spinelli,bilbao,tradeaux,ajaccio,0,561,930,1182,tyres,mercedes_4x2,trailer.kasbhr_scs,trailer_def.kassbohrer.scs.single_3_13.curtain,34,1,0
69786,_nameless.1de.2ab4.52c0,euroacres,dover,agronord,esbjerg,0,1127,91,384,auger_wag,daf_xf_4x2_370,trailer.kasbhr_slle,trailer_def.kassbohrer.sll.single_3_ln.low,1,1,0
69786,_nameless.1de.2ab4.3c00,euroacres,dover,adrica,rijeka,0,1521,91,384,cut_flowers,volvo_fh16_4x2_540,trailer.scs_ref_a,trailer_def.scs.box.single_3.reefer,33,1,0
69786,_nameless.1de.2ab4.3da0,fle,dusseldorf,norr_food,kobenhavn,0,827,0,0,oranges,volvo_fh2021_4x2_420,trailer.scs_ins_a,trailer_def.scs.box.single_3.insulated,33,1,0
69786,_nameless.1de.2ab4.5e20,fle,dusseldorf,charmey,geneve,1,828,0,0,apples_c,volvo_fh2024_4x2_420,trailer.scs_gosck220,trailer_def.scs.gooseneck.singl_3e_220.container,30,1,0
69786,_nameless.1de.2ab4.40e0,fle,dusseldorf,gnt,panevezys,0,1583,0,0,olive_tree,volvo_fh2012_4x2_420,trailer.scs_brick_r,trailer_def.scs.flatbed.single_3.brick,1,1,0
69786,_nameless.1de.2ab4.5a10,fle,dusseldorf,polarislines,oslo,1,1534,0,0,toys,scania_streamline_4x2_norm_380,trailer.scs_curt,trailer_def.scs.box.single_3.curtain,33,1,0
69786,_nameless.1de.2ab4.5d50,fallow,zagreb,te_logistica,firenze,0,785,0,0,kr_bigp1290,iveco_h_4x2_a,trailer.kasbhr_slle,trailer_def.kassbohrer.sll.single_3_ln.low,1,1,0
69786,_nameless.1de.2ab4.4de0,fallow,zagreb,globeur,montpellier,2,1487,0,0,mat_handler,"""heavy/daf_xgp_4x2_530""",trailer.scs_lowlow4e,trailer_def.scs.lowloader.single_4_ln.long,1,1,0
69786,_nameless.1de.2ab4.4eb0,fallow,zagreb,subse,sofia,0,785,0,0,oranges,man_tgx_2020,trailer.scs_ins,trailer_def.scs.box.single_3.insulated,33,1,0
69786,_nameless.1de.2ab4.2e30,fallow,zagreb,sal,livorno,0,897,0,0,wood_chipper,"""heavy/iveco_6x4""",trailer.kasbhr_slle,trailer_def.kassbohrer.sll.single_3_ln.low,1,1,0
69786,_nameless.1de.2ab4.41b0,fallow,zagreb,te_logistica,parma,0,786,0,0,jcb_dmphtd5e,man_tgx_2020_6x2,trailer.scs_flat_b,trailer_def.scs.flatbed.single_3.flatbed_w,7,1,0
69786,_nameless.1de.2ab4.51f0,bhv,kristiansund,nordic_ports,trondheim,1,244,25,36,caravans,mercedes_actros_2014_4x2_c,trailer.truck_trans,trailer_def.caravans.truck_trans,100,1,0
69786,_nameless.1de.2ab4.4690,bhv,kristiansund,bhv,stockholm,0,940,40,46,cars_fr,renault_magnum_6x2_a,trailer.car_trans,trailer_def.cars_fr.car_trans,100,1,0
69786,_nameless.1de.2ab4.4d10,acc,santander,sanbuilders,rotterdam,0,1519,0,0,jcb_exc245xr,"""heavy/iveco_6x4""",trailer.kasbhr_slle,trailer_def.kassbohrer.sll.single_3_ln.low,1,1,0
69786,_nameless.1de.2ab4.2d60,acc,santander,app,coimbra,1,856,0,0,train_part,mercedes_6x2_b,trailer.profilinehd,trailer_def.krone.profilinerhd.single_3.flatbed,6,1,0
69786,_nameless.1de.2ab4.38c0,acc,santander,domdepo,o_barco,1,599,0,0,iron_pipes,scania_streamline_4x2_top_560,trailer.scs_log,trailer_def.scs.log.single_3.steel,28,1,0
69786,_nameless.1de.2ab4.5ef0,blt,tartu,norse_rail,gavle,1,425,570,1270,disc_harrows,daf_xf_euro6_4x2_b,trailer.scs_lowlow2e,trailer_def.scs.lowloader.single_2_ln.long,1,1,0
69786,_nameless.1de.2ab4.4f80,blt,tartu,stokes,bystrica,1,1381,0,0,spher_valves,mercedes_actros_2014_4x2_b,trailer.scs_dry,trailer_def.scs.box.single_3.dryvan,33,1,0
69786,_nameless.1de.2ab4.4280,itcc,linz,rosmark,liepaja,1,1387,0,0,alu_profile,volvo_fh16_4x2_420,trailer.scs_flat_b,trailer_def.scs.flatbed.single_3.flatbed_w,2,1,0
69786,_nameless.1de.2ab4.4010,itcc,linz,te_logistica,firenze,0,788,0,0,iron_pipes,mercedes_6x4_a,trailer.scs_log,trailer_def.scs.log.single_3.steel,28,1,0
69786,_nameless.1de.2ab4.2c90,renor,dombas,renar,lahti,0,955,540,1170,empty_barr,iveco_h_4x2_a,trailer.scs_dry_ms,trailer_def.scs.box.single_3.dryvan_m,33,1,0
69786,_nameless.1de.2ab4.2f00,renor,dombas,nordic_ports,trondheim,0,240,0,0,wshavings,mercedes_actros_2014_6x2_a,trailer.ffb_eut35,trailer_def.feldbinder.eut.single_3_35.silo_35_3p,35,1,0
69786,_nameless.1de.2ab4.5120,marina,helsinki,bltmetal,tallinn,1,205,150,430,large_cont,scania_s2016_6x2_high_460,trailer.scs_lowbed_4,trailer_def.scs.lowbed.single_4_sh.short,27,1,0
69786,_nameless.1de.2ab4.4350,euroacres,travemunde,eurogoodies,venezia,0,1295,0,0,pears,iveco_sway_4x2_500,trailer.kasbhr_shg45,trailer_def.kassbohrer.scs.single_3_13.curtain,34,1,0
69786,_nameless.1de.2ab4.3240,euroacres,travemunde,polarislines,gedser,1,214,105,404,cont_trees,volvo_fh2012_6x2_500,trailer.kasbhr_shg45,trailer_def.kassbohrer.scs.single_3_13.curtain,34,1,0
69786,_nameless.1de.2ab4.4760,ns_oil,kalmar,fjoste,borlange,0,477,0,0,lpg,daf_xd25,trailer.krone.boxliner20,trailer_def.krone.boxliner.single_3.container,40,1,0
69786,_nameless.1de.2ab4.3310,bhv,nice,cargotras,sassari,1,729,720,827,motorcycles,man_4x2_c,trailer.scs_dry_s,trailer_def.scs.box.single_3.dryvan,33,1,0
69786,_nameless.1de.2ab4.4830,bhv,nice,bhv,madrid,2,1314,0,0,car_gr,iveco_sway_4x2_500,trailer.car_trans,trailer_def.car_gr.car_trans,100,1,0
69786,_nameless.1de.2ab4.49d0,nbfc,london,bcp,stuttgart,2,981,35,300,fuel_oil,mercedes_6x4_a,trailer.willig.fuel_cistern,trailer_def.scs.fueltank.single_3.fueltank,27,1,0
69786,_nameless.1de.2ab4.3cd0,nbfc,london,wgcc,rotterdam,2,533,35,300,sodhydro,man_4x2_a,trailer.kasbhr_shg40,trailer_def.kassbohrer.shg.singl_3e_40.container,80,1,0
69786,_nameless.1de.2ab4.5390,nbfc,london,nbfc,berlin,0,1112,35,300,fertilizer,renault_premium_6x4_a,trailer.scs_dry,trailer_def.scs.box.single_3.dryvan,32,1,0
69786,_nameless.1de.2ab4.4aa0,nbfc,london,bcp,birmingham,2,190,0,0,vent_tube,daf_xd_1,trailer.scs_flat_b,trailer_def.scs.flatbed.single_3.flatbed_w,2,1,0
69786,_nameless.1de.2ab4.5530,kaarfor,larochelle,rt_log,bern,0,1008,0,0,used_plast,scania_streamline_6x2_norm_440,trailer.kasbhr_scs,trailer_def.kassbohrer.scs.single_3_13.curtain,34,1,0
69786,_nameless.1de.2ab4.33e0,kaarfor,larochelle,globeur,bayonne,1,393,0,0,used_packag,volvo_fh2024_4x2_420,trailer.scs_dry_a,trailer_def.scs.box.single_3.dryvan,33,1,0
69786,_nameless.1de.2ab4.34b0,ts_atlas,barcelona,globeur,rennes,1,1086,0,0,truck_rims_c,mercedes_4x2_c,trailer.scs_gosck40,trailer_def.scs.gooseneck.singl_3e_40.container,30,1,0
69786,_nameless.1de.2ab4.3650,ts_atlas,barcelona,ts_atlas,sines,0,1183,0,0,sodium,daf_xf_euro6_6x4_c,trailer.scs_gosck40,trailer_def.scs.gooseneck.singl_3e_40.container,80,1,0
69786,_nameless.1de.2ab4.3720,ts_atlas,barcelona,transinet,kassel,0,1466,0,0,clothes_c,renault_t_4x2h,trailer.scs_gosck220,trailer_def.scs.gooseneck.singl_3e_220.container,30,1,0
69786,_nameless.1de.2ab4.3990,ts_atlas,barcelona,cont_port_it,napoli,0,2,1300,1500,arsenic,iveco_sway_4x2_580,trailer.kasbhr_shg40,trailer_def.kassbohrer.shg.singl_3e_40.container,80,1,0
69786,_nameless.1de.2ab4.3a60,ts_atlas,barcelona,comoto,madrid,1,554,0,0,fluorine,daf_xf_euro6_4x2_a,trailer.krone.boxliner220,trailer_def.krone.boxliner.single_3_220.container,80,1,0
69786,_nameless.1de.2ab4.3b30,ts_atlas,barcelona,huerta,albacete,0,611,0,0,potassium,volvo_fh2024_4x2_780,trailer.scs_gosck220,trailer_def.scs.gooseneck.singl_3e_220.container,80,1,0
69786,_nameless.1de.2ab4.9220,brawen,skopje,villco_mkt,bijelo_polje,2,390,0,0,grass_rolls,daf_xd_2,trailer.scs_curt_a,trailer_def.scs.box.single_3.curtain,33,1,0
69786,_nameless.1de.2ab4.7dd0,brawen,skopje,bcp,bratislava,0,1015,0,0,steel_cord,renault_premium_4x2_c,trailer.kasbhr_sbt,trailer_def.kassbohrer.sbt.single_3_13.dryvan,34,1,0
69786,_nameless.1de.2ab4.7ea0,brawen,skopje,ns_chem,chios,0,434,690,1521,ibc_cont,man_tgx_euro6_4x2_xxl,trailer.kasbhr_shg45,trailer_def.kassbohrer.scs.single_3_13.curtain,34,1,0
69786,_nameless.1de.2ab4.8d40,brawen,skopje,subse,bijelo_polje,0,389,0,0,froz_octopi,renault_premium_4x2_a,trailer.scs_ref_a,trailer_def.scs.box.single_3.reefer,33,1,0
69786,_nameless.1de.2ab4.7000,brawen,skopje,lognstick,hunedoara,1,731,0,0,polyst_box,mercedes_actros_2014_6x2_a,trailer.scs_dry_s,trailer_def.scs.box.single_3.dryvan,33,1,0
69786,_nameless.1de.2ab4.7b60,shuttle,ioannina,fallow,vlore,0,332,0,0,iced_coffee,volvo_fh16_4x2_540,trailer.profiliner17,trailer_def.krone.profiliner.single_3.curtain,33,1,0
69786,_nameless.1de.2ab4.70d0,shuttle,ioannina,tradeaux,lyon,0,1408,570,745,used_plast_c,renault_t_6x2,trailer.scs_gosck40,trailer_def.scs.gooseneck.singl_3e_40.container,30,1,0
69786,_nameless.1de.2ab4.6d90,shuttle,ioannina,batisse_base,calvi,1,617,1620,1979,ter_forklift,renault_magnum_4x2_a,trailer.profilinehd,trailer_def.krone.profilinerhd.single_3.flatbed,2,1,0
69786,_nameless.1de.2ab4.86c0,shuttle,ioannina,fallow,vlore,2,332,0,0,used_packag,mercedes_actros_2014_4x2_b,trailer.profiliner17,trailer_def.krone.profiliner.single_3.curtain,33,1,0
69786,_nameless.1de.2ab4.5fc0,shuttle,ioannina,te_logistica,parma,0,833,570,745,beverages,daf_xf_euro6_4x2_c,trailer.scs_dry,trailer_def.scs.box.single_3.dryvan,33,1,0
69786,_nameless.1de.2ab4.8ba0,shuttle,ioannina,tras_med,cagliari,1,342,1410,1624,nonalco_beer,man_4x2_a,trailer.profiliner17,trailer_def.krone.profiliner.single_3.curtain,33,1,0
69786,_nameless.1de.2ab4.7f70,cesare_smar,sassari,gnt,bastia,0,174,210,355,used_plast,volvo_fh2021_6x2_540,trailer.drylineret,trailer_def.krone.edryliner.single_3.dryvan,33,1,0
69786,_nameless.1de.2ab4.6cc0,cesare_smar,sassari,baltrak,edirne,0,1267,1410,1624,used_packag,scania_r2016_4x2_high_500,trailer.scs_dry_m,trailer_def.scs.box.single_3.dryvan_m,33,1,0
69786,_nameless.1de.2ab4.8ee0,cesare_smar,sassari,cnp,duisburg,2,1415,720,827,empty_palet,scania_r_6x4_top_620,trailer.kasbhr_sbt,trailer_def.kassbohrer.sbt.single_3_13.dryvan,33,1,0
69786,_nameless.1de.2ab4.9080,bltmetal,siauliai,posped,szeged,1,1263,0,0,concr_beams2,scania_s2016_4x2_high_590,trailer.scs_flat_b,trailer_def.scs.flatbed.single_3.flatbed_w,2,1,0
69786,_nameless.1de.2ab4.6e60,bltmetal,siauliai,dfh,dresden,0,973,0,0,metal_pipes,man_tgx_2020_6x2,trailer.scs_flat_b,trailer_def.scs.flatbed.single_3.flatbed_w,2,1,0
69786,_nameless.1de.2ab4.8a00,bltmetal,siauliai,drekkar,uppsala,0,399,510,1110,largetubes,daf_4x2_a,trailer.scs_log,trailer_def.scs.log.single_3.steel,6,1,0
69786,_nameless.1de.2ab4.6090,elcano_fla,burgos,marina,olbia,0,766,720,827,large_cont,man_tgx_euro6_4x2_xxl,trailer.profilinehd,trailer_def.krone.profilinerhd.single_3.flatbed,33,1,0
69786,_nameless.1de.2ab4.79c0,itcc,dusseldorf,transinet,brussel,0,252,0,0,jcb_pw125qe,renault_t_4x2h,trailer.profilinehd,trailer_def.krone.profilinerhd.single_3.flatbed,24,1,0
69786,_nameless.1de.2ab4.6640,itcc,dusseldorf,lkwlog,nurnberg,1,420,0,0,concr_cent,daf_xg_4x2_450,trailer.scs_flat_b,trailer_def.scs.flatbed.single_3.flatbed_w,7,1,0
69786,_nameless.1de.2ab4.8040,itcc,dusseldorf,lisette_log,lemans,1,847,0,0,iron_pipes,renault_magnum_4x2_a,trailer.scs_log,trailer_def.scs.log.single_3.steel,28,1,0
69786,_nameless.1de.2ab4.6980,dans_jardin,montpellier,nos_pat,pamplona,0,685,0,0,cont_trees,iveco_4x2_b,trailer.scs_ins,trailer_def.scs.box.single_3.insulated,33,1,0
69786,_nameless.1de.2ab4.8ad0,dans_jardin,montpellier,wilnet_trans,marseille,1,266,0,0,oranges,iveco_sway_4x2_460,trailer.scs_ins_a,trailer_def.scs.box.single_3.insulated,33,1,0
69786,_nameless.1de.2ab4.75b0,dans_jardin,montpellier,wilnet_trans,porto_vecchi,1,271,840,1193,kr_bigm450,scania_r2016_6x2_high_460,trailer.kasbhr_slle,trailer_def.kassbohrer.sll.single_3_ln.low,1,1,0
69786,_nameless.1de.2ab4.8c70,dans_jardin,montpellier,app,badajoz,0,1348,0,0,kr_bigp1290,daf_xf_euro6_4x2_a,trailer.kasbhr_slle,trailer_def.kassbohrer.sll.single_3_ln.low,1,1,0
69786,_nameless.1de.2ab4.7680,vesna_mill,bitola,icaria,mitilini,2,347,730,1440,canned_pork,volvo_fh16_4x2_420,trailer.coollineret,trailer_def.krone.ecoolliner.single_3.reefer,24,1,0
69786,_nameless.1de.2ab4.7270,vesna_mill,bitola,vesna,banja_luka,0,909,0,0,vinegar,daf_xf_euro6_4x2_a,trailer.kasbhr_scs,trailer_def.kassbohrer.scs.single_3_13.curtain,34,1,0
69786,_nameless.1de.2ab4.8fb0,vesna_mill,bitola,eurogoodies,lublin,0,1405,0,0,vinegar_c,volvo_fh2012_6x2_500,trailer.scs_gosck40,trailer_def.scs.gooseneck.singl_3e_40.container,30,1,0
69786,_nameless.1de.2ab4.9150,vesna_mill,bitola,eolo_lines,palermo,1,928,560,767,packag_food,renault_magnum_4x2_a,trailer.scs_dry_s,trailer_def.scs.box.single_3.dryvan,33,1,0
69786,_nameless.1de.2ab4.82b0,nucleon,alban,gomme_monde,bourges,1,392,0,0,forklifts,volvo_fh16_6x4_700,trailer.kasbhr_sla,trailer_def.kassbohrer.sla.single_3_sh.lowbed,3,1,0
69786,_nameless.1de.2ab4.7c30,cargotras,catanzaro,lisette_log,ajaccio,0,619,950,1480,lavender,mercedes_4x2_c,trailer.scs_dry_ms,trailer_def.scs.box.single_3.dryvan_m,33,1,0
69786,_nameless.1de.2ab4.8380,cargotras,catanzaro,stokes,tirana,1,316,540,420,drymilk,iveco_6x2_a,trailer.scs_dry_s,trailer_def.scs.box.single_3.dryvan,33,1,0
69786,_nameless.1de.2ab4.7820,cargotras,catanzaro,stokes,tirana,1,316,540,420,tracks,mercedes_actros_2014_6x4_b,trailer.scs_lowbed_4,trailer_def.scs.lowbed.single_4_sh.short,1,1,0
69786,_nameless.1de.2ab4.6160,cargotras,catanzaro,lkwlog,graz,1,1483,0,0,precast_strs,volvo_fh16_4x2_420,trailer.kasbhr_shg45,trailer_def.kassbohrer.scs.single_3_13.curtain,34,1,0
69786,_nameless.1de.2ab4.7d00,cargotras,catanzaro,lisette_log,nice,1,1217,0,0,mulcher,"""heavy/scania_r2016_8x4_high_730""",trailer.scs_lowbed41,trailer_def.scs.lowbed.single_41_ln.long,1,1,0
69786,_nameless.1de.2ab4.78f0,cargotras,catanzaro,cargotras,palermo,2,363,20,347,petrol,mercedes_actros_2014_4x2_c,trailer.willig.fuel_cistern,trailer_def.scs.fueltank.single_3.fueltank,30,1,0
69786,_nameless.1de.2ab4.7a90,shuttle,madrid,exomar,burgos,0,205,0,0,forklifts,renault_t_4x2h,trailer.scs_lowbed_4,trailer_def.scs.lowbed.single_4_sh.short,4,1,0
69786,_nameless.1de.2ab4.8110,shuttle,madrid,lisette_log,bordeaux,0,553,0,0,used_packag,daf_xd,trailer.scs_dry_s,trailer_def.scs.box.single_3.dryvan,33,1,0
69786,_nameless.1de.2ab4.81e0,shuttle,madrid,eurogoodies,plymouth,0,375,1076,1172,carb_water,man_6x4_b,trailer.scs_curt_s,trailer_def.scs.box.single_3.curtain,32,1,0
69786,_nameless.1de.2ab4.6230,shuttle,madrid,lkwlog,luxembourg,2,1599,0,0,ter_forklift,mercedes_4x2,trailer.profilinehd,trailer_def.krone.profilinerhd.single_3.flatbed,2,1,0
69786,_nameless.1de.2ab4.64a0,shuttle,madrid,tradeaux,lille,0,1563,0,0,nonalco_beer,scania_r2016_6x4_high_660,trailer.kasbhr_sbt,trailer_def.kassbohrer.sbt.single_3_13.dryvan,34,1,0
69786,_nameless.1de.2ab4.8790,shuttle,madrid,eolo_lines,cagliari,0,861,720,827,iced_coffee,renault_t_4x2h,trailer.scs_curt_s,trailer_def.scs.box.single_3.curtain,33,1,0
69786,_nameless.1de.2ab4.6300,ortiz,valladolid,rt_log,barcelona,2,671,0,0,car_balt2,daf_xgp25_4x2_530,trailer.van_trans,trailer_def.car_balt2.van_trans,100,1,0
69786,_nameless.1de.2ab4.8450,ortiz,valladolid,app,ciudad_real,0,429,0,0,used_plast_c,iveco_sway_4x2_460,trailer.scs_gosck220,trailer_def.scs.gooseneck.singl_3e_220.container,30,1,0
69786,_nameless.1de.2ab4.67e0,ortiz,valladolid,vitas_pwr_co,sines,1,734,0,0,cable_reel,"""heavy/daf_6x4""",trailer.kasbhr_slle,trailer_def.kassbohrer.sll.single_3_ln.low,1,1,0
69786,_nameless.1de.2ab4.6570,globeur,rennes,stokes,plymouth,2,274,420,1000,concr_beams2,iveco_4x2_a,trailer.scs_flat_b,trailer_def.scs.flatbed.single_3.flatbed_w,2,1,0
69786,_nameless.1de.2ab4.68b0,globeur,rennes,kaarfor,munchen,2,1176,0,0,young_seed,volvo_fh2021_6x2_540,trailer.scs_dry_m,trailer_def.scs.box.single_3.dryvan_m,33,1,0
69786,_nameless.1de.2ab4.8520,globeur,rennes,euroacres,plymouth,1,275,420,1000,fertilizer,renault_premium_6x4_a,trailer.scs_brick_r,trailer_def.scs.flatbed.single_3.brick,32,1,0
69786,_nameless.1de.2ab4.6a50,globeur,rennes,stokes,plymouth,2,274,420,1000,vans_vt,iveco_4x2_c,trailer.truck_trans,trailer_def.vans_vt.truck_trans,100,1,0
69786,_nameless.1de.2ab4.85f0,globeur,rennes,tradeaux,grimsby,0,1003,35,300,apples,daf_xf_4x2_370,trailer.profiliner17,trailer_def.krone.profiliner.single_3.curtain,33,1,0
69786,_nameless.1de.2ab4.8860,globeur,rennes,scs_paper,zaragoza,2,958,0,0,jcb_g100rs,mercedes_4x2,trailer.scs_flat_b,trailer_def.scs.flatbed.single_3.flatbed_w,4,1,0
69786,_nameless.1de.2ab4.6b20,ika_ru,petersburg,renar,skelleftea,1,1206,0,0,empty_palet,iveco_h_4x2_a,trailer.scs_dry_ms,trailer_def.scs.box.single_3.dryvan_m,32,1,0
69786,_nameless.1de.2ab4.8930,ika_ru,petersburg,nch,turku,0,719,0,0,pot_flowers,mercedes_actros_2014_4x2_a,trailer.coolliner17,trailer_def.krone.coolliner.single_3.reefer,33,1,0
69786,_nameless.1de.2ab4.6bf0,ika_ru,petersburg,norrsken,aalborg,1,1180,765,1947,used_packag,renault_t_4x2h,trailer.scs_curt_s,trailer_def.scs.box.single_3.curtain,33,1,0
69786,_nameless.1de.2ab4.c550,villco,sarajevo,villco_mkt,zagreb,0,444,0,0,pet_food_c,volvo_fh2021_4x2_750,trailer.kasbhr_shg40,trailer_def.kassbohrer.shg.singl_3e_40.container,30,1,0
69786,_nameless.1de.2ab4.b5e0,villco,sarajevo,eurogoodies,podgorica,1,319,0,0,oranges,scania_r_6x2_high_500,trailer.coollineret,trailer_def.krone.ecoolliner.single_3.reefer,27,1,0
69786,_nameless.1de.2ab4.c210,villco,sarajevo,lkwlog,luxembourg,1,1578,0,0,beverages_c,scania_s2016_4x2_high_590,trailer.scs_gosck40,trailer_def.scs.gooseneck.singl_3e_40.container,30,1,0
69786,_nameless.1de.2ab4.a810,konstnr_wind,honningsvag,renar,tornio,0,792,0,0,mob_crusher,"""heavy/volvo_fh2024_6x4_600""",trailer.scs_lowlowd4,trailer_def.scs.lowloader.single_4_sh.short,1,1,0
69786,_nameless.1de.2ab4.a9b0,ns_oil,vaasa,drekkar,odense,0,1304,300,680,petrol,scania_streamline_6x2_norm_440,trailer.willig.fuel_cistern,trailer_def.scs.fueltank.single_3.fueltank,30,1,0
69786,_nameless.1de.2ab4.9490,ns_oil,vaasa,ns_oil,aalborg,0,954,495,1357,motor_oil_c,renault_premium_4x2_c,trailer.krone.boxliner220,trailer_def.krone.boxliner.single_3_220.container,30,1,0
69786,_nameless.1de.2ab4.b100,ns_oil,vaasa,lintukainen,pori,0,228,0,0,lpg_t,mercedes_4x2_a,trailer.scs_gastank,trailer_def.scs.gastank.single_3.gastank,40,1,0
69786,_nameless.1de.2ab4.adc0,bhv,tromso,nch,kouvola,0,1286,0,0,car_gr,renault_premium_4x2_a,trailer.car_trans,trailer_def.car_gr.car_trans,100,1,0
69786,_nameless.1de.2ab4.bed0,bhv,tromso,norse_rail,narvik,1,283,0,0,car_balt1,volvo_fh16_4x2_540,trailer.car_trans,trailer_def.car_balt1.car_trans,100,1,0
69786,_nameless.1de.2ab4.c620,bhv,tromso,norse_rail,ostersund,0,1187,0,0,cars_fr,renault_t_4x2,trailer.car_trans,trailer_def.cars_fr.car_trans,100,1,0
69786,_nameless.1de.2ab4.ab50,lkwlog,kiel,lkwlog,magdeburg,0,339,0,0,metal_cans,daf_4x2_b,trailer.kasbhr_shg45,trailer_def.kassbohrer.scs.single_3_13.curtain,34,1,0
69786,_nameless.1de.2ab4.c2e0,lkwlog,kiel,drekkar,aarhus,0,305,0,0,young_seed,iveco_4x2_c,trailer.scs_ref,trailer_def.scs.box.single_3.reefer,33,1,0
69786,_nameless.1de.2ab4.bb90,lkwlog,kiel,posped,birmingham,0,1212,35,300,re_bars,daf_xf_euro6_4x2_b,trailer.scs_flat_b,trailer_def.scs.flatbed.single_3.flatbed_w,2,1,0
69786,_nameless.1de.2ab4.b510,lkwlog,kiel,sellplan,rostock,2,244,0,0,salt_spice_c,mercedes_actros_2014_4x2_b,trailer.scs_gosck40,trailer_def.scs.gooseneck.singl_3e_40.container,30,1,0
69786,_nameless.1de.2ab4.b030,mjolnir_min,karesuando,byggpro,ivalo,0,305,0,0,stones,volvo_fh16_6x4_700,trailer.scs_dumper,trailer_def.scs.dumper.single_3.steel,13,1,0
69786,_nameless.1de.2ab4.b2a0,mjolnir_min,karesuando,norse_rail,kiruna,1,174,0,0,stone_dust,mercedes_actros_2014_4x2_a,trailer.ffb_eut35,trailer_def.feldbinder.eut.single_3_35.silo_35_3p,17,1,0
69786,_nameless.1de.2ab4.9630,sellplan,prague,stokes,poznan,1,357,0,0,used_packag,daf_xgp_4x2_530,trailer.scs_curt_a,trailer_def.scs.box.single_3.curtain,33,1,0
69786,_nameless.1de.2ab4.9be0,sellplan,prague,eolo_lines,lile_rousse,0,1500,840,1193,used_plast,man_tgx_2020_4x2,trailer.scs_dry_m,trailer_def.scs.box.single_3.dryvan_m,33,1,0
69786,_nameless.1de.2ab4.a4d0,sellplan,prague,stokes,erfurt,0,355,0,0,used_plast_c,mercedes_6x2_b,trailer.krone.boxliner40,trailer_def.krone.boxliner.single_3_40.container,30,1,0
69786,_nameless.1de.2ab4.a400,aaa,roma,te_logistica,cagliari,1,276,840,879,scooters,daf_4x2_b,trailer.scs_dry_m,trailer_def.scs.box.single_3.dryvan_m,33,1,0
69786,_nameless.1de.2ab4.9a40,aaa,roma,balkan_loco,sarajevo,2,1499,0,0,car_gr,iveco_4x2_a,trailer.car_trans,trailer_def.car_gr.car_trans,100,1,0
69786,_nameless.1de.2ab4.9d80,ns_chem,sines,eppa,porto,1,402,0,0,empty_palet,volvo_fh2024_4x2_780,trailer.profiliner17,trailer_def.krone.profiliner.single_3.curtain,33,1,0
69786,_nameless.1de.2ab4.bc60,ns_chem,sines,tree_et,a_coruna,1,805,0,0,acid,iveco_h_4x2_a,trailer.kasbhr_stc,trailer_def.kassbohrer.stc.single_3.chemtank,99,1,0
69786,_nameless.1de.2ab4.be00,ns_chem,sines,rt_log,zaragoza,0,924,0,0,hwaste,volvo_fh2021_4x2_750,trailer.krone.boxliner40,trailer_def.krone.boxliner.single_3_40.container,80,1,0
69786,_nameless.1de.2ab4.aa80,ns_chem,sines,casa_olivera,badajoz,2,336,0,0,pesticide,daf_xd,trailer.scs_gosck40,trailer_def.scs.gooseneck.singl_3e_40.container,80,1,0
69786,_nameless.1de.2ab4.ac20,wgcc,lulea,ns_chem,kristiansand,0,1314,0,0,hchemicals,volvo_fh2012_4x2_420,trailer.scs_chemt,trailer_def.scs.chemtank.single_3.paint,99,1,0
69786,_nameless.1de.2ab4.97d0,wgcc,lulea,gnt,kristiansand,0,1314,0,0,hipresstank,iveco_sway_4x2_460,trailer.scs_flat_b,trailer_def.scs.flatbed.single_3.flatbed_w,8,1,0
69786,_nameless.1de.2ab4.c070,fcp,graz,blt,utena,0,1302,0,0,caravans,scania_streamline_4x2_top_560,trailer.truck_trans,trailer_def.caravans.truck_trans,100,1,0
69786,_nameless.1de.2ab4.c140,norr_food,falun,renar,parnu,0,387,570,1270,used_plast_c,daf_4x2_b,trailer.krone.boxliner220,trailer_def.krone.boxliner.single_3_220.container,30,1,0
69786,_nameless.1de.2ab4.9560,norr_food,falun,norrsken,hamar,0,269,0,0,empty_palet,renault_premium_4x2_a,trailer.scs_curt_a,trailer_def.scs.box.single_3.curtain,33,1,0
69786,_nameless.1de.2ab4.bd30,norr_food,falun,polarislines,kokkola,2,480,300,680,used_plast,daf_xd25,trailer.scs_curt_a,trailer_def.scs.box.single_3.curtain,33,1,0
69786,_nameless.1de.2ab4.ae90,cnp,livorno,lisette_log,nice,1,401,0,0,transformat,"""heavy/volvo_fh2012_8x4_700""",trailer.scs_lowlowd4,trailer_def.scs.lowloader.single_4_sh.short,1,1,0
69786,_nameless.1de.2ab4.b780,stokes,calais,transinet,frankfurt,1,625,0,0,toys,mercedes_actros_2014_4x2_b,trailer.scs_curt_a,trailer_def.scs.box.single_3.curtain,33,1,0
69786,_nameless.1de.2ab4.b850,stokes,calais,lkwlog,luxembourg,2,370,0,0,beverages_t,iveco_sway_4x2_500,trailer.ffb_tsalm32,trailer_def.feldbinder.tsalm.single_3_32.32_3_2,27,1,0
69786,_nameless.1de.2ab4.9ff0,fle,timisoara,balkan_loco,sarajevo,0,545,0,0,live_pigs,renault_magnum_6x2_a,trailer.scs_livestk,trailer_def.scs.livestock.single_3s.str_stl,50,1,0
69786,_nameless.1de.2ab4.c3b0,fle,timisoara,tradeaux,budapest,0,302,0,0,apples_c,daf_xg_4x2_450,trailer.krone.boxliner40,trailer_def.krone.boxliner.single_3_40.container,30,1,0
69786,_nameless.1de.2ab4.9700,fle,timisoara,icaria,rhodes,1,1386,810,1889,apples,iveco_h_4x2_a,trailer.kasbhr_shg45,trailer_def.kassbohrer.scs.single_3_13.curtain,34,1,0
69786,_nameless.1de.2ab4.c480,fle,timisoara,fle,cluj_napoca,2,337,0,0,grapes,man_tgx_euro6_6x4_xlx,trailer.coolliner17,trailer_def.krone.coolliner.single_3.reefer,33,1,0
69786,_nameless.1de.2ab4.c6f0,euroacres,swansea,euroacres,brussel,1,661,35,300,horse_tr,daf_xf_euro6_6x4_c,trailer.truck_trans,trailer_def.horse_tr.truck_trans,100,1,0
69786,_nameless.1de.2ab4.a8e0,euroacres,swansea,log_atlan,a_coruna,0,894,1080,1176,beans,daf_xd_1,trailer.dryliner17,trailer_def.krone.dryliner.single_3.dryvan,33,1,0
69786,_nameless.1de.2ab4.a740,renat,daugavpils,dfh,rostock,1,1261,0,0,forklifts,iveco_4x2_b,trailer.scs_lowbed_3,trailer_def.scs.lowbed.single_3.short,4,1,0
69786,_nameless.1de.2ab4.93c0,renat,daugavpils,suprema,panevezys,1,271,0,0,furniture,scania_r2016_6x2_high_460,trailer.kasbhr_scs,trailer_def.kassbohrer.scs.single_3_13.curtain,34,1,0
69786,_nameless.1de.2ab4.af60,renat,daugavpils,posped,lodz,2,754,0,0,ter_forklift,mercedes_actros_2014_4x2_b,trailer.scs_flat_b,trailer_def.scs.flatbed.single_3.flatbed_w,2,1,0
69786,_nameless.1de.2ab4.b920,viljo_paper,kouvola,nordic_ports,mo_i_rana,0,1245,0,0,used_packag,"""double/man_euro6_4x2_xxl""",trailer.profiline17d,trailer_def.krone.profiliner.double_3_2.curtain,52,1,0
69786,_nameless.1de.2ab4.9b10,viljo_paper,kouvola,sal_fi,oulu,2,550,0,0,empty_palet,scania_r_6x2_high_500,trailer.scs_dry,trailer_def.scs.box.single_3.dryvan,33,1,0
69786,_nameless.1de.2ab4.9e50,viljo_paper,kouvola,byggpro,andenes,1,1527,0,0,empty_spool,iveco_sway_4x2_460,trailer.kasbhr_sla,trailer_def.kassbohrer.sla.single_3_sh.lowbed,3,1,0
69786,_nameless.1de.2ab4.a0c0,viljo_paper,kouvola,renar,parnu,1,391,150,430,empty_barr,scania_r_6x4_top_620,trailer.scs_curt_s,trailer_def.scs.box.single_3.curtain,33,1,0
69786,_nameless.1de.2ab4.a5a0,sanbuilders,rotterdam,ms_stein,kristiansand,1,971,195,1052,mob_screener,"""heavy/renault_6x4""",trailer.scs_lowbed41,trailer_def.scs.lowbed.single_41_ln.long,1,1,0
69786,_nameless.1de.2ab4.e9e0,transinet,ostrava,stokes,dijon,0,1270,0,0,ibc_cont,volvo_fh2012_6x2_500,trailer.scs_dry,trailer_def.scs.box.single_3.dryvan,33,1,0
69786,_nameless.1de.2ab4.ec50,transinet,ostrava,dfh,nurnberg,2,600,0,0,ore,scania_r_6x2_high_500,trailer.scs_dumper,trailer_def.scs.dumper.single_3.steel,12,1,0
69786,_nameless.1de.2ab4.da70,transinet,ostrava,posped,lodz,0,251,0,0,used_packag,mercedes_4x2_c,trailer.scs_dry_s,trailer_def.scs.box.single_3.dryvan,33,1,0
69786,_nameless.1de.2ab4.eec0,bhv,helsingborg,bhv,goteborg,2,217,0,0,car_balt1,scania_s2016_6x4_high_730,trailer.car_trans,trailer_def.car_balt1.car_trans,100,1,0
69786,_nameless.1de.2ab4.f540,aerobalt,tallinn,stokes,poznan,1,1110,0,0,cut_flowers,volvo_fh2021_4x2_750,trailer.scs_ref_s,trailer_def.scs.box.single_3.reefer,33,1,0
69786,_nameless.1de.2ab4.ef90,aerobalt,tallinn,gnt,jonkoping,1,477,570,1270,med_vaccine,renault_t_4x2,trailer.scs_ins,trailer_def.scs.box.single_3.insulated,33,1,0
69786,_nameless.1de.2ab4.f950,ika_bohag,ancona,exomar,taranto,0,537,0,0,used_packag,daf_xf_euro6_6x2_a,trailer.scs_dry_a,trailer_def.scs.box.single_3.dryvan,33,1,0
69786,_nameless.1de.2ab4.dce0,ika_bohag,ancona,kaarfor,montpellier,0,1010,0,0,pot_flowers,daf_4x2_b,trailer.scs_ref,trailer_def.scs.box.single_3.reefer,33,1,0
69786,_nameless.1de.2ab4.d800,eumefa,nis,posped,lublin,0,1100,0,0,used_plast_c,iveco_sway_4x2_580,trailer.krone.boxliner20,trailer_def.krone.boxliner.single_3.container,15,1,0
69786,_nameless.1de.2ab4.fa20,eumefa,nis,quarry,wroclaw,0,1192,0,0,fueltanker,mercedes_4x2_b,trailer.scs_gosck20,trailer_def.scs.gooseneck.singl_3e_20.container,40,1,0
69786,_nameless.1de.2ab4.d660,acc,murcia,vitas_pwr_co,sines,0,976,0,0,elect_wiring,man_tgx_2020_6x2,trailer.scs_dry,trailer_def.scs.box.single_3.dryvan,33,1,0
69786,_nameless.1de.2ab4.ddb0,acc,murcia,app,badajoz,0,751,0,0,alu_ingot,man_tgx_2020,trailer.scs_flat_b,trailer_def.scs.flatbed.single_3.flatbed_w,33,1,0
69786,_nameless.1de.2ab4.f200,acc,murcia,app,valencia,1,270,0,0,iron_pipes,daf_xf_euro6_6x2_a,trailer.scs_log,trailer_def.scs.log.single_3.steel,28,1,0
69786,_nameless.1de.2ab4.f130,egres,helsinki,wgcc,lulea,2,850,0,0,ter_forklift,scania_streamline_4x2_norm_380,trailer.scs_flat_b,trailer_def.scs.flatbed.single_3.flatbed_w,2,1,0
69786,_nameless.1de.2ab4.f610,egres,helsinki,gnt,uppsala,2,267,540,1170,auger_wag,volvo_fh2012_6x2_500,trailer.scs_lowlow4e,trailer_def.scs.lowloader.single_4_ln.long,1,1,0
69786,_nameless.1de.2ab4.de80,egres,helsinki,tradeaux,prague,0,1582,150,430,tractors,man_4x2_a,trailer.scs_lowlow4e,trailer_def.scs.lowloader.single_4_ln.long,1,1,0
69786,_nameless.1de.2ab4.f880,gnt,alesund,drekkar,bergen,0,281,40,67,rice_c,scania_s2016_6x2_high_460,trailer.kasbhr_shg20,trailer_def.kassbohrer.shg.singl_3e_20.container,15,1,0
69786,_nameless.1de.2ab4.ca30,gnt,alesund,drekkar,uppsala,2,859,0,0,log_stacker,"""heavy/iveco_6x4""",trailer.scs_lowlow4e,trailer_def.scs.lowloader.single_4_ln.long,1,1,0
69786,_nameless.1de.2ab4.d8d0,lintukainen,kuusamo,renar,tallinn,0,825,150,430,log_harvest,"""heavy/scania_r_6x4_top_730""",trailer.scs_lowlow4e,trailer_def.scs.lowloader.single_4_ln.long,1,1,0
69786,_nameless.1de.2ab4.d4c0,lintukainen,kuusamo,mjolnir_min,arvidsjaur,2,541,0,0,jcb_wload457,scania_r_4x2_norm_360,trailer.kasbhr_sla,trailer_def.kassbohrer.sla.single_3_sh.lowbed,1,1,0
69786,_nameless.1de.2ab4.cbd0,lintukainen,kuusamo,drekkar,karlskrona,2,1514,0,0,digger500,daf_xd_1,trailer.scs_lowbed_3,trailer_def.scs.lowbed.single_3.short,1,1,0
69786,_nameless.1de.2ab4.e840,lintukainen,kuusamo,renar,kristiansund,1,1505,25,36,empty_spool,scania_s2016_6x4_high_730,trailer.kasbhr_sla,trailer_def.kassbohrer.sla.single_3_sh.lowbed,3,1,0
69786,_nameless.1de.2ab4.f470,lintukainen,kuusamo,agronord,karlstad,0,1154,0,0,wooden_beams,scania_r_4x2_top_480,trailer.scs_log,trailer_def.scs.log.single_3.steel,2,1,0
69786,_nameless.1de.2ab4.f6e0,ika_bohag,kalmar,polarislines,ventspils,2,356,510,1110,empty_palet,mercedes_4x2_a,trailer.profiliner17,trailer_def.krone.profiliner.single_3.curtain,33,1,0
69786,_nameless.1de.2ab4.c890,ika_bohag,kalmar,dfh,bremen,1,943,0,0,used_packag,"""double/volvo_fh2024_4x2_780""",trailer.scs_dry_b2,trailer_def.scs.box.bdouble_3_3.dryvan,25,1,0
69786,_nameless.1de.2ab4.c960,renar,tornio,sal_fi,ivalo,2,340,0,0,pumps,mercedes_4x2_b,trailer.scs_dry,trailer_def.scs.box.single_3.dryvan,33,1,0
69786,_nameless.1de.2ab4.cca0,renar,tornio,lintukainen,ivalo,1,341,0,0,wood_chipper,"""heavy/volvo_fh2021_6x4_540""",trailer.kasbhr_slle,trailer_def.kassbohrer.sll.single_3_ln.low,1,1,0
69786,_nameless.1de.2ab4.db40,renar,tornio,renar,kotka,2,708,0,0,rooflights,daf_xd,trailer.scs_curt_a,trailer_def.scs.box.single_3.curtain,33,1,0
69786,_nameless.1de.2ab4.cd70,byggpro,lulea,renar,stavanger,1,1488,0,0,roofing_felt,renault_t_4x2,trailer.scs_curt_s,trailer_def.scs.box.single_3.curtain,33,1,0
69786,_nameless.1de.2ab4.ce40,byggpro,lulea,norr_food,vaxjo,0,1141,0,0,ter_forklift,renault_premium_4x2_c,trailer.scs_flat_b,trailer_def.scs.flatbed.single_3.flatbed_w,2,1,0
69786,_nameless.1de.2ab4.cf10,byggpro,lulea,sal_fi,kajaani,0,326,0,0,forklifts,daf_xf_euro6_4x2_a,trailer.scs_lowbed_3,trailer_def.scs.lowbed.single_3.short,4,1,0
69786,_nameless.1de.2ab4.cfe0,byggpro,lulea,sal_fi,pori,0,688,0,0,guard_rails,"""double/renault_magnum_4x2_a""",trailer.scs_curt_2,trailer_def.scs.box.double_3_2.curtain,52,1,0
69786,_nameless.1de.2ab4.e6a0,byggpro,lulea,norrsken,stockholm,2,730,0,0,iron_pipes,scania_r2016_4x2_norm_370,trailer.scs_log,trailer_def.scs.log.single_3.steel,28,1,0
69786,_nameless.1de.2ab4.df50,nbfc,budapest,eumefa,heraklion,2,1438,540,760,neon,iveco_4x2_c,trailer.krone.boxliner20,trailer_def.krone.boxliner.single_3.container,40,1,0
69786,_nameless.1de.2ab4.d250,nbfc,budapest,stokes,wien,0,316,0,0,carbn_pwdr_c,volvo_fh2021_4x2_420,trailer.scs_gosck220,trailer_def.scs.gooseneck.singl_3e_220.container,30,1,0
69786,_nameless.1de.2ab4.d730,metallis,ivalo,nordic_ports,tornio,2,345,0,0,scrap_metals,volvo_fh2024_4x2_420,trailer.scs_dumper,trailer_def.scs.dumper.single_3.steel,10,1,0
69786,_nameless.1de.2ab4.e020,metallis,ivalo,renar,honningsvag,0,385,0,0,digger1000,man_4x2_c,trailer.scs_lowlow4e,trailer_def.scs.lowloader.single_4_ln.long,1,1,0
69786,_nameless.1de.2ab4.e0f0,cgla,port_sagunt,trans_cab,murcia,2,317,0,0,tableware,man_4x2_c,trailer.kasbhr_shg45,trailer_def.kassbohrer.scs.single_3_13.curtain,34,1,0
69786,_nameless.1de.2ab4.e1c0,cgla,port_sagunt,tras_med,catania,2,346,1557,1788,emp_wine_bot,volvo_fh2024_6x2_500,trailer.scs_curt,trailer_def.scs.box.single_3.curtain,33,1,0
69786,_nameless.1de.2ab4.e290,cgla,port_sagunt,cargotras,palermo,1,155,1557,1788,glass_packed,scania_r_6x4_top_620,trailer.gls_trailer,trailer_def.glass_packed.gls_trailer,100,1,0
69786,_nameless.1de.2ab4.e360,cgla,port_sagunt,eolo_lines,algeciras,2,804,0,0,large_cont,scania_r2016_4x2_high_500,trailer.scs_lowbed_3,trailer_def.scs.lowbed.single_3.short,27,1,0
69786,_nameless.1de.2ab4.e430,lisette_log,roscoff,wilnet_trans,nantes,0,271,0,0,kr_bigm450,man_4x2_c,trailer.scs_lowlow2e,trailer_def.scs.lowloader.single_2_ln.long,1,1,0
69786,_nameless.1de.2ab4.e500,lisette_log,roscoff,posped,birmingham,0,361,420,1000,sugar,volvo_fh2021_6x2_540,trailer.scs_curt_s,trailer_def.scs.box.single_3.curtain,33,1,0
69786,_nameless.1de.2ab4.e5d0,lisette_log,roscoff,eurogoodies,plymouth,0,4,420,1000,rice_c,mercedes_6x2_b,trailer.scs_gosck20,trailer_def.scs.gooseneck.singl_3e_20.container,15,1,0
69786,_nameless.1de.2ab4.e770,lisette_log,roscoff,lisette_log,ajaccio,0,1219,930,1182,bricks,renault_premium_6x2_a,trailer.scs_brick_r,trailer_def.scs.flatbed.single_3.brick,32,1,0
69786,_nameless.1de.2ab5.04b0,suprema,rovaniemi,renor,kobenhavn,0,1563,0,0,empty_palet,mercedes_4x2_a,trailer.scs_dry_ms,trailer_def.scs.box.single_3.dryvan_m,33,1,0
69786,_nameless.1de.2ab5.0990,suprema,rovaniemi,renar,lulea,1,192,0,0,used_packag,man_4x2_a,trailer.scs_curt_a,trailer_def.scs.box.single_3.curtain,33,1,0
69786,_nameless.1de.2ab5.1d10,suprema,rovaniemi,polarislines,vaasa,0,436,0,0,used_plast,man_6x4_b,trailer.scs_curt_s,trailer_def.scs.box.single_3.curtain,33,1,0
69786,_nameless.1de.2ab5.1de0,baltrak,edirne,te_logistica,cagliari,0,1043,1410,1624,metal_beams,daf_xgp_4x2_530,trailer.scs_flat_b,trailer_def.scs.flatbed.single_3.flatbed_w,2,1,0
69786,_nameless.1de.2ab5.0b30,blt_yacht,turku,marina,parnu,0,382,150,430,lux_yacht,iveco_sway_4x2_500,trailer.kasbhr_slle,trailer_def.kassbohrer.sll.single_3_ln.low,1,1,0
69786,_nameless.1de.2ab5.2bb0,bhv,montpellier,cargotras,sassari,0,363,720,827,mondeos,renault_premium_6x2_a,trailer.car_trans,trailer_def.mondeos.car_trans,100,1,0
69786,_nameless.1de.2ab5.1eb0,bhv,montpellier,tradeaux,nice,0,387,0,0,volvo_cars,renault_premium_4x2_c,trailer.car_trans,trailer_def.volvo_cars.car_trans,100,1,0
69786,_nameless.1de.2ab5.19d0,fallow,cluj_napoca,lognstick,bucuresti,0,565,0,0,alu_profile,man_tgx_2020_4x2,trailer.profilinehd,trailer_def.krone.profilinerhd.single_3.flatbed,2,1,0
69786,_nameless.1de.2ab4.fe30,fallow,cluj_napoca,fallow,timisoara,0,333,0,0,med_vaccine,volvo_fh2021_4x2_420,trailer.scs_ref_a,trailer_def.scs.box.single_3.reefer,33,1,0
69786,_nameless.1de.2ab5.07f0,fallow,cluj_napoca,transinet,debrecen,2,374,0,0,lux_yacht,scania_s2016_4x2_norm_370,trailer.kasbhr_slle,trailer_def.kassbohrer.sll.single_3_ln.low,1,1,0
69786,_nameless.1de.2ab5.15c0,fallow,cluj_napoca,kaarfor,magdeburg,0,1522,0,0,beverages_t,daf_xf_euro6_6x4_c,trailer.ffb_tsalm32,trailer_def.feldbinder.tsalm.single_3_32.32_3_2,23,1,0
69786,_nameless.1de.2ab5.1010,rosmark_ru,kaliningrad,renar,vaxjo,1,320,630,790,kr_ecb880cv,man_tgx_euro6_4x2_xl,trailer.scs_lowbed41,trailer_def.scs.lowbed.single_41_ln.long,1,1,0
69786,_nameless.1de.2ab5.2050,rosmark_ru,kaliningrad,stokes,amsterdam,1,1207,0,0,silica,volvo_fh2021_4x2_420,trailer.scs_curt,trailer_def.scs.box.single_3.curtain,33,1,0
69786,_nameless.1de.2ab4.fbc0,rosmark_ru,kaliningrad,posped,rotterdam,1,1287,0,0,perfor_frks,mercedes_4x2_a,trailer.scs_dry,trailer_def.scs.box.single_3.dryvan,33,1,0
69786,_nameless.1de.2ab4.ff00,rosmark_ru,kaliningrad,lkwlog,kosice,0,730,0,0,square_baler,man_tgx_2020_4x2,trailer.scs_lowbed_4,trailer_def.scs.lowbed.single_4_sh.short,1,1,0
69786,_nameless.1de.2ab5.1f80,costruzi_win,pescara,stokes,tirana,0,303,540,420,mob_stacker,"""heavy/daf_xgp_4x2_530""",trailer.scs_lowlow2e,trailer_def.scs.lowloader.single_2_ln.long,1,1,0
69786,_nameless.1de.2ab5.2870,wgcc,rotterdam,rt_log,koln,2,336,0,0,contamin,mercedes_6x4_a,trailer.scs_gosck40,trailer_def.scs.gooseneck.singl_3e_40.container,80,1,0
69786,_nameless.1de.2ab5.2940,wgcc,rotterdam,euroacres,swansea,2,822,35,300,potassium,scania_s2016_4x2_norm_370,trailer.krone.boxliner220,trailer_def.krone.boxliner.single_3_220.container,80,1,0
69786,_nameless.1de.2ab5.2a10,wgcc,rotterdam,renar,oslo,0,1538,0,0,graph_grease,man_4x2_a,trailer.kasbhr_scs,trailer_def.kassbohrer.scs.single_3_13.curtain,34,1,0
69786,_nameless.1de.2ab5.0c00,wgcc,rotterdam,ai,kassel,1,375,0,0,sulfuric_t,man_6x4_b,trailer.ffb_tsaadr22,trailer_def.feldbinder.tsaadr.single_3_22a.22_3_1,13,1,0
69786,_nameless.1de.2ab5.2120,bhv,odense,gnt,daugavpils,2,1193,510,1110,volvo_cars,daf_xf_euro6_4x2_c,trailer.car_trans,trailer_def.volvo_cars.car_trans,100,1,0
69786,_nameless.1de.2ab5.21f0,renor,kajaani,kivi,tartu,2,659,150,430,jcb_th540180,man_tgx_euro6_4x2_xxl,trailer.kasbhr_slle,trailer_def.kassbohrer.sll.single_3_ln.low,1,1,0
69786,_nameless.1de.2ab5.22c0,renor,kajaani,gnt,vilnius,0,1118,150,430,wood_chipper,"""heavy/volvo_fh16_6x4_750""",trailer.scs_lowlow2e,trailer_def.scs.lowloader.single_2_ln.long,1,1,0
69786,_nameless.1de.2ab5.27a0,metallis,kiruna,nch,turku,0,1029,0,0,volvo_bucket,man_tgx_euro6_6x4_xlx,trailer.scs_lowbed_3,trailer_def.scs.lowbed.single_3.short,1,1,0
69786,_nameless.1de.2ab5.2ae0,lvr,daugavpils,lkwlog,lodz,2,756,0,0,czl_es300,"""heavy/daf_6x4""",trailer.scs_lowbed_4,trailer_def.scs.lowbed.single_4_sh.short,1,1,0
69786,_nameless.1de.2ab5.0720,lvr,daugavpils,fle,kristiansund,1,1384,550,1156,empty_spool,scania_r2016_4x2_norm_370,trailer.profilinehd,trailer_def.krone.profilinerhd.single_3.flatbed,4,1,0
69786,_nameless.1de.2ab5.2c80,lvr,daugavpils,blt,tartu,1,371,0,0,train_part2,scania_s2016_4x2_high_590,trailer.scs_flat_b,trailer_def.scs.flatbed.single_3.flatbed_w,3,1,0
69786,_nameless.1de.2ab5.1c40,lvr,daugavpils,gnt,helsingborg,0,938,510,1110,locomotive,"""heavy/man_tgx_2020_8x4""",trailer.scs_lowbed41,trailer_def.scs.lowbed.single_41_ln.long,1,1,0
69786,_nameless.1de.2ab5.2e20,lvr,daugavpils,nch,riga,0,215,0,0,scrap_metals,man_tgx_2020_6x2,trailer.scs_dumper,trailer_def.scs.dumper.single_3.steel,8,1,0
69786,_nameless.1de.2ab5.1aa0,blt_ru,petersburg,sal_fi,kuopio,0,620,0,0,vans_id,daf_xgp25_4x2_530,trailer.van_trans,trailer_def.vans_id.van_trans,100,1,0
69786,_nameless.1de.2ab5.2ef0,blt_ru,petersburg,suprema,parnu,0,531,0,0,pet_food_c,volvo_fh16_4x2_540,trailer.kasbhr_shg20,trailer_def.kassbohrer.shg.singl_3e_20.container,15,1,0
69786,_nameless.1de.2ab5.1350,blt_ru,petersburg,renar,dombas,0,1151,570,1270,plast_pipes,renault_premium_4x2_a,trailer.profilinehd,trailer_def.krone.profilinerhd.single_3.flatbed,4,1,0
69786,_nameless.1de.2ab5.08c0,blt_ru,petersburg,norr_food,karlskrona,0,1030,570,1270,rice_c,scania_r2016_6x2_high_460,trailer.scs_gosck220,trailer_def.scs.gooseneck.singl_3e_220.container,30,1,0
69786,_nameless.1de.2ab4.fc90,domdepo,tekirdag,betunia,vlore,0,964,0,0,scaffoldings,daf_xf_4x2_370,trailer.scs_curt,trailer_def.scs.box.single_3.curtain,33,1,0
69786,_nameless.1de.2ab5.0cd0,domdepo,tekirdag,imp_otel,resita,2,972,0,0,largetubes,scania_s2016_4x2_norm_370,trailer.scs_log,trailer_def.scs.log.single_3.steel,6,1,0
69786,_nameless.1de.2ab5.1420,tree_et,katowice,euroacres,graz,1,572,0,0,wooden_beams,scania_r2016_4x2_high_500,trailer.scs_dry,trailer_def.scs.box.single_3.dryvan,2,1,0
69786,_nameless.1de.2ab5.0170,tree_et,katowice,stokes,poznan,2,278,0,0,skidder,"""heavy/daf_6x4""",trailer.kasbhr_slle,trailer_def.kassbohrer.sll.single_3_ln.low,1,1,0
69786,_nameless.1de.2ab4.fd60,tree_et,katowice,aluxion,podgorica,0,1180,0,0,forklifts,renault_magnum_6x2_a,trailer.scs_lowbed_3,trailer_def.scs.lowbed.single_3.short,4,1,0
69786,_nameless.1de.2ab5.0240,tree_et,katowice,renar,mikkeli,1,1510,150,430,exc_craw,"""heavy/scania_s2016_6x4_high_730""",trailer.kasbhr_slle,trailer_def.kassbohrer.sll.single_3_ln.low,1,1,0
69786,_nameless.1de.2ab5.0310,euroacres,klagenfurt,euroacres,graz,0,358,0,0,live_pigs,renault_premium_6x4_a,trailer.scs_livestk,trailer_def.scs.livestock.single_3s.str_stl,50,1,0
69786,_nameless.1de.2ab5.03e0,euroacres,klagenfurt,balkan_loco,maribor,0,258,0,0,peas,scania_s2016_6x4_high_730,trailer.scs_dry_a,trailer_def.scs.box.single_3.dryvan,33,1,0
69786,_nameless.1de.2ab5.0580,rt_log,bern,stokes,dijon,1,235,0,0,guard_rails,volvo_fh16_4x2_420,trailer.drylineret,trailer_def.krone.edryliner.single_3.dryvan,33,1,0
69786,_nameless.1de.2ab5.0650,rt_log,bern,stokes,dijon,0,235,0,0,oil_filt_c,volvo_fh16_6x4_700,trailer.kasbhr_shg20,trailer_def.kassbohrer.shg.singl_3e_20.container,15,1,0
69786,_nameless.1de.2ab5.0da0,rt_log,bern,brawen,ljubljana,0,884,0,0,concen_juice,man_tgx_euro6_4x2_xl,trailer.scs_dry,trailer_def.scs.box.single_3.dryvan,30,1,0
69786,_nameless.1de.2ab5.0f40,rt_log,bern,stokes,dijon,2,235,0,0,truck_batt_c,volvo_fh16_4x2_420,trailer.krone.boxliner40,trailer_def.krone.boxliner.single_3_40.container,30,1,0
69786,_nameless.1de.2ab5.1760,cesare_smar,pescara,fallow,zagreb,1,1048,0,0,used_packag,volvo_fh2021_6x2_540,trailer.scs_curt,trailer_def.scs.box.single_3.curtain,33,1,0
69786,_nameless.1de.2ab5.1830,cesare_smar,pescara,shuttle,zadar,1,390,600,315,empty_palet,scania_s2016_6x4_high_730,trailer.scs_dry_a,trailer_def.scs.box.single_3.dryvan,33,1,0
69786,_nameless.1de.2ab5.1b70,cesare_smar,pescara,stokes,rijeka,1,995,0,0,used_plast_c,volvo_fh2012_6x2_500,trailer.scs_gosck220,trailer_def.scs.gooseneck.singl_3e_220.container,30,1,0
69786,_nameless.1de.2ab5.5d40,marina,kuopio,renar,kuusamo,0,370,0,0,lux_yacht,volvo_fh2024_6x2_500,trailer.scs_lowbed_3,trailer_def.scs.lowbed.single_3.short,1,1,0
69786,_nameless.1de.2ab5.4750,ai,nurnberg,transinet,rotterdam,0,690,0,0,shock_absorb,renault_premium_4x2_a,trailer.scs_dry_s,trailer_def.scs.box.single_3.dryvan,33,1,0
69786,_nameless.1de.2ab5.2fc0,ai,nurnberg,lkwlog,kosice,0,946,0,0,radiators,daf_4x2_a,trailer.profiliner17,trailer_def.krone.profiliner.single_3.curtain,33,1,0
69786,_nameless.1de.2ab5.5ba0,ai,nurnberg,bcp,stuttgart,1,266,0,0,exhausts_c,scania_r2016_4x2_norm_370,trailer.scs_gosck40,trailer_def.scs.gooseneck.singl_3e_40.container,30,1,0
69786,_nameless.1de.2ab5.4820,euroacres,szeged,sanbuild_cem,hannover,1,1200,0,0,volvo_bucket,mercedes_actros_2014_4x2_a,trailer.scs_lowlow2e,trailer_def.scs.lowloader.single_2_ln.long,1,1,0
69786,_nameless.1de.2ab5.5860,euroacres,szeged,villco_mkt,zagreb,2,377,0,0,nuts,volvo_fh16_6x4_700,trailer.scs_dry_ms,trailer_def.scs.box.single_3.dryvan_m,33,1,0
69786,_nameless.1de.2ab5.3cc0,polar_fish,kuusamo,polarislines,tallinn,1,762,150,430,caviar,daf_xf_euro6_4x2_a,trailer.scs_ref_s,trailer_def.scs.box.single_3.reefer,33,1,0
69786,_nameless.1de.2ab5.45b0,polar_fish,kuusamo,renor,kajaani,0,209,0,0,used_plast_c,mercedes_4x2_a,trailer.krone.boxliner20,trailer_def.krone.boxliner.single_3.container,15,1,0
69786,_nameless.1de.2ab5.5110,polar_fish,kuusamo,renar,andenes,0,1050,0,0,smokd_eel,"""double/volvo_fh16_4x2_700""",trailer.scs_ins_b2,trailer_def.scs.box.bdouble_3_3.insulated,52,1,0
69786,_nameless.1de.2ab5.5ee0,ibp,naantali,cont_port,gavle,2,234,540,1170,carbn_pwdr_c,scania_r_4x2_top_480,trailer.kasbhr_shg20,trailer_def.kassbohrer.shg.singl_3e_20.container,15,1,0
69786,_nameless.1de.2ab5.51e0,ibp,naantali,scania_fac,sodertalje,2,173,540,1170,diesel,renault_magnum_6x2_a,trailer.scs_fueltank,trailer_def.scs.fueltank.single_3.fueltank,30,1,0
69786,_nameless.1de.2ab5.4680,ibp,naantali,aerobalt,helsinki,0,239,0,0,kerosene,mercedes_actros_2014_6x4_b,trailer.scs_fueltank,trailer_def.scs.fueltank.single_3.fueltank,30,1,0
69786,_nameless.1de.2ab5.4dd0,nbfc,ostrava,tree_et,poznan,2,365,0,0,fueltanker,iveco_6x2_a,trailer.scs_gosck220,trailer_def.scs.gooseneck.singl_3e_220.container,80,1,0
69786,_nameless.1de.2ab5.3570,nbfc,ostrava,wgcc,bratislava,0,260,0,0,potahydro,renault_etech_t,trailer.kasbhr_stc,trailer_def.kassbohrer.stc.single_3.chemtank,99,1,0
69786,_nameless.1de.2ab5.48f0,nbfc,ostrava,wgcc,bratislava,1,260,0,0,nitrocel,mercedes_actros_2014_4x2_a,trailer.scs_gosck40,trailer_def.scs.gooseneck.singl_3e_40.container,80,1,0
69786,_nameless.1de.2ab5.3980,itcc_scrap,osnabruck,nord_sten,vaxjo,0,937,0,0,volvo_bucket,man_tgx_2020_6x2,trailer.scs_lowlowd4,trailer_def.scs.lowloader.single_4_sh.short,1,1,0
69786,_nameless.1de.2ab5.6080,ns_oil,kokkola,fjoste,lulea,0,362,0,0,petrol,scania_r2016_4x2_high_500,trailer.scs_fueltank,trailer_def.scs.fueltank.single_3.fueltank,30,1,0
69786,_nameless.1de.2ab5.4d00,ns_oil,kokkola,primel,lulea,0,360,0,0,propane,daf_xf_4x2_370,trailer.scs_gastank,trailer_def.scs.gastank.single_3.gastank,40,1,0
69786,_nameless.1de.2ab5.3710,ns_oil,kokkola,bltmetal,pori,0,365,0,0,kerosene,volvo_fh2024_4x2_420,trailer.willig.fuel_cistern,trailer_def.scs.fueltank.single_3.fueltank,30,1,0
69786,_nameless.1de.2ab5.6220,libellula,ancona,posped,verona,0,303,0,0,scooters,scania_r_4x2_top_480,trailer.scs_dry_ms,trailer_def.scs.box.single_3.dryvan_m,33,1,0
69786,_nameless.1de.2ab5.62f0,libellula,ancona,icaria,argostoli,2,535,1030,1465,scrap_metals,volvo_fh2021_4x2_750,trailer.scs_dumper,trailer_def.scs.dumper.single_3.steel,10,1,0
69786,_nameless.1de.2ab5.44e0,krone_t,werlte,rt_log,barcelona,1,1592,0,0,krone_box,iveco_6x2_a,trailer.boxliner.krone_box,trailer_def.krone_box.boxliner.krone_box,100,1,0
69786,_nameless.1de.2ab5.40d0,krone_t,werlte,tradeaux,brest,1,1232,0,0,krone_profi,daf_xf_euro6_6x4_c,trailer.profiliner17,trailer_def.krone_profi.profiliner17,100,1,0
69786,_nameless.1de.2ab5.3160,krone_t,werlte,posped,rotterdam,2,334,0,0,krone_cool,mercedes_actros_2014_6x2_a,trailer.coolliner17,trailer_def.krone_cool.coolliner17,100,1,0
69786,_nameless.1de.2ab5.5a00,cont_port,alesund,sanbuild_hms,jyvaskyla,1,1159,365,762,nitrogen,renault_t_4x2,trailer.krone.boxliner20,trailer_def.krone.boxliner.single_3.container,40,1,0
69786,_nameless.1de.2ab5.5e10,cont_port,alesund,norr_food,trondheim,2,291,65,82,vinegar_c,mercedes_actros_2014_4x2_c,trailer.krone.boxliner20,trailer_def.krone.boxliner.single_3.container,15,1,0
69786,_nameless.1de.2ab5.4000,cont_port,alesund,norse_rail,rovaniemi,0,1386,65,82,arsenic,renault_t_4x2,trailer.scs_gosck20,trailer_def.scs.gooseneck.singl_3e_20.container,40,1,0
69786,_nameless.1de.2ab5.5ad0,stokes,erfurt,rt_log,koln,0,395,0,0,cott_harvest,"""heavy/volvo_fh2024_6x4_600""",trailer.kasbhr_slle,trailer_def.kassbohrer.sll.single_3_ln.low,1,1,0
69786,_nameless.1de.2ab5.4ea0,radus_ru,sofia,rock_eater,bitola,1,360,0,0,watertank,iveco_4x2_a,trailer.kasbhr_slle,trailer_def.kassbohrer.sll.single_3_ln.low,2,1,0
69786,_nameless.1de.2ab5.5c70,radus_ru,sofia,lkwlog,graz,1,1081,0,0,concr_cent,mercedes_4x2,trailer.profilinehd,trailer_def.krone.profilinerhd.single_3.flatbed,7,1,0
69786,_nameless.1de.2ab5.3230,ika_bohag,beograd,shuttle,osijek,1,295,0,0,empty_palet,scania_r2016_4x2_norm_370,trailer.scs_curt,trailer_def.scs.box.single_3.curtain,33,1,0
69786,_nameless.1de.2ab5.3d90,ika_bohag,beograd,stokes,tuzla,0,299,0,0,used_packag,daf_4x2_a,trailer.scs_curt,trailer_def.scs.box.single_3.curtain,33,1,0
69786,_nameless.1de.2ab5.38b0,ika_bohag,beograd,sellplan,kosice,0,598,0,0,pot_flowers,mercedes_6x2_b,trailer.scs_ins_a,trailer_def.scs.box.single_3.insulated,33,1,0
69786,_nameless.1de.2ab5.41a0,polar_fish,umea,renar,mikkeli,0,353,300,680,fertilizer,"""double/iveco_h_4x2_a""",trailer.scs_dry_b2,trailer_def.scs.box.bdouble_3_3.dryvan,50,1,0
69786,_nameless.1de.2ab5.3a50,polar_fish,umea,eurogoodies,szczecin,1,1534,105,404,packag_food,scania_s2016_6x4_high_730,trailer.kasbhr_sbt,trailer_def.kassbohrer.sbt.single_3_13.dryvan,34,1,0
69786,_nameless.1de.2ab5.4a90,polar_fish,umea,euroacres,krakow,0,1492,510,1110,forklifts,renault_t_4x2h,trailer.kasbhr_sla,trailer_def.kassbohrer.sla.single_3_sh.lowbed,3,1,0
69786,_nameless.1de.2ab5.4b60,kivisydan,lappeenranta,renar,turku,0,398,0,0,volvo_bucket,scania_r_6x2_high_500,trailer.scs_lowlowd2,trailer_def.scs.lowloader.single_2_sh.short,1,1,0
69786,_nameless.1de.2ab5.4c30,kivisydan,lappeenranta,bjork_hrv,ostersund,0,793,300,680,digger1000,scania_r_6x4_top_620,trailer.kasbhr_sll,trailer_def.kassbohrer.sll.single_3_sh.low,1,1,0
69786,_nameless.1de.2ab5.3b20,kivisydan,lappeenranta,byggpro,kajaani,0,397,0,0,stone_dust,iveco_6x2_a,trailer.ffb_eut35,trailer_def.feldbinder.eut.single_3_35.silo_35_3p,17,1,0
69786,_nameless.1de.2ab5.3bf0,wgcc,bratislava,rt_log,nurnberg,0,583,0,0,phosphor,iveco_6x2_a,trailer.krone.boxliner40,trailer_def.krone.boxliner.single_3_40.container,80,1,0
69786,_nameless.1de.2ab5.4f70,wgcc,bratislava,balkan_loco,skopje,0,1015,0,0,sodchlor,scania_streamline_4x2_top_560,trailer.scs_chemt,trailer_def.scs.chemtank.single_3.paint,99,1,0
69786,_nameless.1de.2ab5.3f30,wgcc,bratislava,syschema,beograd,0,639,0,0,pesticide,scania_r2016_6x2_high_460,trailer.krone.boxliner20,trailer_def.krone.boxliner.single_3.container,40,1,0
69786,_nameless.1de.2ab5.55f0,wgcc,bratislava,rt_log,linz,0,289,0,0,chlorine_t,scania_s2016_4x2_high_590,trailer.scs_gastank,trailer_def.scs.gastank.single_3.gastank,14,1,0
69786,_nameless.1de.2ab5.5520,cnp_str,zadar,fle,dusseldorf,0,1434,0,0,kerosene,mercedes_4x2,trailer.scs_fueltank,trailer_def.scs.fueltank.single_3.fueltank,30,1,0
69786,_nameless.1de.2ab5.4270,cnp_str,zadar,cont_port_fr,marseille,0,1582,0,0,motor_oil_c,scania_r2016_6x4_high_660,trailer.scs_gosck20,trailer_def.scs.gooseneck.singl_3e_20.container,15,1,0
69786,_nameless.1de.2ab5.4340,cnp_str,zadar,balkan_loco,veli_tarnovo,0,1298,0,0,fuel_oil,renault_t_4x2h,trailer.scs_fueltank,trailer_def.scs.fueltank.single_3.fueltank,27,1,0
69786,_nameless.1de.2ab5.4410,cnp_str,zadar,cnp,ancona,0,158,600,315,propane,renault_premium_6x2_a,trailer.scs_gastank,trailer_def.scs.gastank.single_3.gastank,40,1,0
69786,_nameless.1de.2ab5.6560,bhv,orebro,dfh,rostock,1,751,105,404,car_gr,scania_r_6x4_top_620,trailer.car_trans,trailer_def.car_gr.car_trans,100,1,0
69786,_nameless.1de.2ab5.7e90,dans_jardin,bastia,cesta_sl,madrid,0,667,930,1182,beans,mercedes_actros_2014_6x4_b,trailer.scs_dry,trailer_def.scs.box.single_3.dryvan,33,1,0
69786,_nameless.1de.2ab5.9550,dans_jardin,bastia,nucleon,alban,0,355,840,1193,volvo_bucket,daf_xd,trailer.scs_lowlow4e,trailer_def.scs.lowloader.single_4_ln.long,1,1,0
69786,_nameless.1de.2ab5.7b50,dans_jardin,bastia,eurogoodies,berlin,0,1571,840,1193,potatoes,mercedes_actros_2014_4x2_a,trailer.scs_dry_a,trailer_def.scs.box.single_3.dryvan,33,1,0
69786,_nameless.1de.2ab5.8fa0,dans_jardin,bastia,euroacres,osnabruck,1,1336,840,1193,disc_harrows,iveco_4x2_b,trailer.scs_lowbed_4,trailer_def.scs.lowbed.single_4_sh.short,1,1,0
69786,_nameless.1de.2ab5.8ac0,icaria,kalamata,tras_med,genova,0,1554,570,745,chicken_meat,volvo_fh2012_4x2_420,trailer.scs_ref_s,trailer_def.scs.box.single_3.reefer,33,1,0
69786,_nameless.1de.2ab5.7a80,icaria,kalamata,icaria,chania,2,12,490,1140,metal_pipes,renault_premium_4x2_c,trailer.scs_flat_b,trailer_def.scs.flatbed.single_3.flatbed_w,2,1,0
69786,_nameless.1de.2ab5.9620,ms_stein,steinkjer,norse_rail,ostersund,2,302,0,0,volvo_ec220e,man_tgx_euro6_4x2_xxl,trailer.scs_lowbed_3,trailer_def.scs.lowbed.single_3.short,1,1,0
69786,_nameless.1de.2ab5.70c0,ms_stein,steinkjer,renar,andenes,0,988,150,132,digger500,daf_4x2_a,trailer.scs_lowlowd4,trailer_def.scs.lowloader.single_4_sh.short,1,1,0
69786,_nameless.1de.2ab5.79b0,ms_stein,steinkjer,renor,mo_i_rana,0,331,0,0,gravel,man_6x4_b,trailer.scs_dumper,trailer_def.scs.dumper.single_3.steel,16,1,0
69786,_nameless.1de.2ab5.67d0,ika_bohag,oslo,norrsken,karlstad,2,350,0,0,used_packag,scania_r2016_6x2_high_460,trailer.scs_dry_s,trailer_def.scs.box.single_3.dryvan,33,1,0
69786,_nameless.1de.2ab5.8ed0,ika_bohag,oslo,kaarfor,duisburg,0,1126,195,1052,pot_flowers,daf_xgp_4x2_530,trailer.scs_ins_s,trailer_def.scs.box.single_3.insulated,33,1,0
69786,_nameless.1de.2ab5.86b0,ika_bohag,oslo,posped,katowice,2,1590,105,404,empty_palet,renault_t_6x2,trailer.kasbhr_sbt,trailer_def.kassbohrer.sbt.single_3_13.dryvan,33,1,0
69786,_nameless.1de.2ab5.7330,renor,mikkeli,byggpro,vaasa,0,325,0,0,forklifts,scania_s2016_6x4_high_730,trailer.scs_lowbed41,trailer_def.scs.lowbed.single_41_ln.long,5,1,0
69786,_nameless.1de.2ab5.8c60,bcp,stuttgart,sal,livorno,2,931,0,0,ter_forklift,mercedes_actros_2014_4x2_a,trailer.profilinehd,trailer_def.krone.profilinerhd.single_3.flatbed,2,1,0
69786,_nameless.1de.2ab5.6700,bcp,stuttgart,lkwlog,dortmund,2,499,0,0,volvo_cars,man_6x4_b,trailer.car_trans,trailer_def.volvo_cars.car_trans,100,1,0
69786,_nameless.1de.2ab5.96f0,konstnr_wind,ostersund,konstnr_wind,vaasa,0,380,300,680,mob_stacker,"""heavy/man_6x4""",trailer.scs_lowbed_4,trailer_def.scs.lowbed.single_4_sh.short,1,1,0
69786,_nameless.1de.2ab5.9070,dfh,duisburg,eurogoodies,berlin,0,531,0,0,atl_cod_flt,"""double/man_4x2_a""",trailer.scs_ins_2,trailer_def.scs.box.double_3_2.insulated,33,1,0
69786,_nameless.1de.2ab5.8d30,dfh,duisburg,norr_food,linkoping,0,1247,0,0,roof_tiles,mercedes_4x2,trailer.scs_dry_s,trailer_def.scs.box.single_3.dryvan,32,1,0
69786,_nameless.1de.2ab5.6a40,dfh,duisburg,posped,warszawa,0,972,0,0,gummy_bears,volvo_fh16_4x2_540,trailer.profiliner17,trailer_def.krone.profiliner.single_3.curtain,33,1,0
69786,_nameless.1de.2ab5.6ff0,ai,banja_luka,ttk_bg,plovdiv,0,879,0,0,pumps,iveco_h_4x2_a,trailer.dryliner17,trailer_def.krone.dryliner.single_3.dryvan,33,1,0
69786,_nameless.1de.2ab5.7740,ai,banja_luka,posped,szeged,0,356,0,0,empty_palet,daf_xg_4x2_450,trailer.scs_dry,trailer_def.scs.box.single_3.dryvan,33,1,0
69786,_nameless.1de.2ab5.7810,blt_yacht,tallinn,renor,gavle,0,253,570,1270,empty_spool,daf_xf_euro6_6x4_c,trailer.scs_flat_b,trailer_def.scs.flatbed.single_3.flatbed_w,4,1,0
69786,_nameless.1de.2ab5.8780,bltmetal,pori,renar,skelleftea,0,377,300,680,elect_wiring,daf_xf_euro6_6x2_a,trailer.kasbhr_scs,trailer_def.kassbohrer.scs.single_3_13.curtain,34,1,0
69786,_nameless.1de.2ab5.8b90,bltmetal,pori,norse_rail,rovaniemi,0,660,0,0,wallpanels,scania_streamline_6x2_norm_440,trailer.panel_trans.wall,trailer_def.wallpanels.panel_trans.wall,85,1,0
69786,_nameless.1de.2ab5.6be0,bltmetal,pori,renar,skelleftea,1,377,300,680,largetubes,daf_xg_4x2_450,trailer.scs_flat_b,trailer_def.scs.flatbed.single_3.flatbed_w,6,1,0
69786,_nameless.1de.2ab5.9140,bltmetal,pori,konstnr,gavle,1,360,540,1170,iron_pipes,scania_streamline_6x4_top_480,trailer.scs_log,trailer_def.scs.log.single_3.steel,28,1,0
69786,_nameless.1de.2ab5.8100,tradeaux,ajaccio,posped,verona,0,887,840,1193,fish_chips,daf_xd,trailer.scs_ref_a,trailer_def.scs.box.single_3.reefer,33,1,0
69786,_nameless.1de.2ab5.8370,tradeaux,ajaccio,te_logistica,parma,2,790,840,1193,truck_rims,mercedes_4x2_a,trailer.scs_curt,trailer_def.scs.box.single_3.curtain,33,1,0
69786,_nameless.1de.2ab5.7f60,tradeaux,ajaccio,app,faro,1,1254,930,1182,post_packag,man_tgx_euro6_4x2_xl,trailer.scs_curt_a,trailer_def.scs.box.single_3.curtain,33,1,0
69786,_nameless.1de.2ab5.6cb0,tradeaux,ajaccio,globeur,montpellier,0,325,930,1182,boric_acid,scania_r_4x2_top_480,trailer.scs_dry_m,trailer_def.scs.box.single_3.dryvan_m,33,1,0
69786,_nameless.1de.2ab5.7cf0,tradeaux,ajaccio,cnp,napoli,0,260,1050,1234,motor_oil_c,mercedes_actros_2014_4x2_b,trailer.krone.boxliner220,trailer_def.krone.boxliner.single_3_220.container,30,1,0
69786,_nameless.1de.2ab5.78e0,tradeaux,ajaccio,subse,veli_tarnovo,2,1413,1620,1979,plast_film,scania_r_4x2_norm_360,trailer.scs_dry_ms,trailer_def.scs.box.single_3.dryvan_m,33,1,0
69786,_nameless.1de.2ab5.92e0,norr_food,bodo,gnt,kristiansand,1,1551,0,0,used_plast_c,daf_xf_euro6_6x2_a,trailer.scs_gosck20,trailer_def.scs.gooseneck.singl_3e_20.container,15,1,0
69786,_nameless.1de.2ab5.93b0,norr_food,bodo,nordic_ports,mo_i_rana,1,218,0,0,empty_palet,man_4x2_c,trailer.scs_dry_s,trailer_def.scs.box.single_3.dryvan,33,1,0
69786,_nameless.1de.2ab5.68a0,agregados,puertollano,sal,sassari,0,873,720,827,jcb_wload457,daf_xf_euro6_4x2_a,trailer.scs_lowbed_3,trailer_def.scs.lowbed.single_3.short,1,1,0
69786,_nameless.1de.2ab5.9480,agregados,puertollano,tras_med,catania,0,668,1557,1788,empty_spool,scania_streamline_6x4_top_480,trailer.profilinehd,trailer_def.krone.profilinerhd.single_3.flatbed,4,1,0
69786,_nameless.1de.2ab5.63c0,agregados,puertollano,wilnet_trans,lemans,1,1508,0,0,digger1000,mercedes_6x4_a,trailer.scs_lowbed_4,trailer_def.scs.lowbed.single_4_sh.short,1,1,0
69786,_nameless.1de.2ab5.6970,quarry,salzburg,gnt,helsingborg,0,1219,105,404,jcb_pw125qe,mercedes_actros_2014_4x2_a,trailer.profilinehd,trailer_def.krone.profilinerhd.single_3.flatbed,24,1,0
69786,_nameless.1de.2ab5.6e50,quarry,salzburg,quarry,katowice,0,862,0,0,mob_stacker,"""heavy/daf_6x4""",trailer.scs_lowlowd4,trailer_def.scs.lowloader.single_4_sh.short,1,1,0
69786,_nameless.1de.2ab5.8030,sanbuild_bas,koln,euroacres,brussel,0,284,0,0,watertank,iveco_sway_4x2_500,trailer.scs_lowlowd2,trailer_def.scs.lowloader.single_2_sh.short,1,1,0
69786,_nameless.1de.2ab5.8850,sanbuild_bas,koln,sanbuilders,edinburgh,2,1240,35,300,jcb_mexc19ce,mercedes_actros_2014_4x2_c,trailer.scs_flat_b,trailer_def.scs.flatbed.single_3.flatbed_w,3,1,0
69786,_nameless.1de.2ab5.7260,bhv,paris,bhv,montpellier,0,824,0,0,car_balt2,scania_streamline_4x2_norm_380,trailer.van_trans,trailer_def.car_balt2.van_trans,100,1,0
69786,_nameless.1de.2ab5.7400,renar,kobenhavn,posped,warszawa,0,832,105,404,skidder,"""heavy/scania_s2016_6x4_high_730""",trailer.scs_lowlow2e,trailer_def.scs.lowloader.single_2_ln.long,1,1,0
69786,_nameless.1de.2ab5.74d0,renar,kobenhavn,norr_food,vaxjo,1,316,0,0,icecream,man_tgx_2020_4x2,trailer.coolliner17,trailer_def.krone.coolliner.single_3.reefer,33,1,0
69786,_nameless.1de.2ab5.75a0,renar,kobenhavn,norrsken,goteborg,1,372,0,0,canned_tuna,man_6x4_b,trailer.coolliner17,trailer_def.krone.coolliner.single_3.reefer,33,1,0
69786,_nameless.1de.2ab5.7dc0,renar,kobenhavn,gnt,kalmar,0,369,0,0,oil,renault_t_4x2,trailer.scs_fueltank,trailer_def.scs.fueltank.single_3.fueltank,30,1,0
69786,_nameless.1de.2ab5.7670,renar,kobenhavn,eurogoodies,grimsby,1,402,1140,1314,tomatoes,iveco_sway_4x2_500,trailer.scs_ins_s,trailer_def.scs.box.single_3.insulated,33,1,0
69786,_nameless.1de.2ab5.8440,dimitriou,patras,icaria,rhodes,0,296,810,1889,volvo_cars,mercedes_4x2_c,trailer.car_trans,trailer_def.volvo_cars.car_trans,100,1,0
69786,_nameless.1de.2ab5.8920,dimitriou,patras,balkan_loco,skopje,0,835,0,0,car_f,volvo_fh2024_6x2_500,trailer.car_trans,trailer_def.car_f.car_trans,100,1,0
69786,_nameless.1de.2ab5.89f0,stokes,pristina,icaria,mitilini,2,572,730,1440,used_plast,renault_premium_4x2_a,trailer.dryliner17,trailer_def.krone.dryliner.single_3.dryvan,33,1,0
69786,_nameless.1de.2ab5.c950,stokes,pristina,ika_bohag,firenze,1,1485,0,0,plast_film_c,mercedes_4x2,trailer.krone.boxliner220,trailer_def.krone.boxliner.single_3_220.container,30,1,0
69786,_nameless.1de.2ab5.a660,stokes,pristina,crnodrvo,bijelo_polje,2,278,0,0,mulcher,"""heavy/mercedes_6x4""",trailer.kasbhr_slle,trailer_def.kassbohrer.sll.single_3_ln.low,1,1,0
69786,_nameless.1de.2ab5.a4c0,stokes,pristina,ttk_bg,sofia,2,306,0,0,transmis,volvo_fh2024_6x2_500,trailer.scs_dry_ms,trailer_def.scs.box.single_3.dryvan_m,33,1,0
69786,_nameless.1de.2ab5.bf90,stokes,pristina,exomar,taranto,2,422,540,420,cable_reel,"""heavy/daf_6x4""",trailer.scs_lowlow4e,trailer_def.scs.lowloader.single_4_ln.long,1,1,0
69786,_nameless.1de.2ab5.b500,renor,karlstad,byggpro,vaasa,0,620,300,680,stone_dust,daf_xgp25_4x2_530,trailer.ffb_kip60,trailer_def.feldbinder.kip.single_3_60.silo_60_3p,16,1,0
69786,_nameless.1de.2ab5.97c0,renor,karlstad,renar,parnu,0,442,570,1270,empty_spool,volvo_fh2024_4x2_420,trailer.scs_flat_b,trailer_def.scs.flatbed.single_3.flatbed_w,4,1,0
69786,_nameless.1de.2ab5.a180,vesna,banja_luka,eurogoodies,rijeka,0,323,0,0,liver_paste,iveco_6x2_a,trailer.scs_ref_a,trailer_def.scs.box.single_3.reefer,33,1,0
69786,_nameless.1de.2ab5.b6a0,vesna,banja_luka,transinet,szczecin,0,1329,0,0,sausages,mercedes_4x2_b,trailer.scs_ins_s,trailer_def.scs.box.single_3.insulated,33,1,0
69786,_nameless.1de.2ab5.c6e0,quadrelli,catania,tras_med,cagliari,1,286,720,778,tracks,mercedes_actros_2014_6x4_b,trailer.kasbhr_sla,trailer_def.kassbohrer.sla.single_3_sh.lowbed,1,1,0
69786,_nameless.1de.2ab5.b9e0,quadrelli,catania,te_logistica,cagliari,2,260,720,778,mobile_crane,"""heavy/mercedes_actros_8x4""",trailer.scs_lowlow4e,trailer_def.scs.lowloader.single_4_ln.long,1,1,0
69786,_nameless.1de.2ab5.ae80,quadrelli,catania,fallow,vlore,0,700,560,767,mob_screener,"""heavy/iveco_6x4""",trailer.scs_lowlow4e,trailer_def.scs.lowloader.single_4_ln.long,1,1,0
69786,_nameless.1de.2ab5.b5d0,tradeaux,felixstowe,gnt,kristiansand,1,1086,675,2012,empty_barr,renault_magnum_6x2_a,trailer.kasbhr_sbt,trailer_def.kassbohrer.sbt.single_3_13.dryvan,34,1,0
69786,_nameless.1de.2ab5.bab0,tradeaux,felixstowe,polarislines,kiel,0,695,480,960,scooters,scania_streamline_4x2_top_560,trailer.kasbhr_scs,trailer_def.kassbohrer.scs.single_3_13.curtain,34,1,0
69786,_nameless.1de.2ab5.a800,tradeaux,felixstowe,transinet,frankfurt,0,882,35,300,vans_id,mercedes_4x2_a,trailer.van_trans,trailer_def.vans_id.van_trans,100,1,0
69786,_nameless.1de.2ab5.9ca0,tradeaux,felixstowe,posped,rotterdam,0,129,480,960,train_part,mercedes_4x2_b,trailer.scs_flat_b,trailer_def.scs.flatbed.single_3.flatbed_w,5,1,0
69786,_nameless.1de.2ab5.bb80,aci,catanzaro,tradeaux,nice,0,1238,0,0,grapes,renault_premium_6x4_a,trailer.scs_ref,trailer_def.scs.box.single_3.reefer,33,1,0
69786,_nameless.1de.2ab5.af50,aci,catanzaro,vitas_pwr,taranto,0,330,0,0,electronics,scania_s2016_6x4_high_730,trailer.scs_dry,trailer_def.scs.box.single_3.dryvan,33,1,0
69786,_nameless.1de.2ab5.9e40,aci,catanzaro,stokes,rijeka,0,1547,0,0,cut_flowers,man_4x2_a,trailer.scs_ref_s,trailer_def.scs.box.single_3.reefer,33,1,0
69786,_nameless.1de.2ab5.bc50,aci,catanzaro,cargotras,palermo,0,384,20,347,olive_tree,daf_xf_euro6_4x2_b,trailer.profilinebm,trailer_def.krone.profilinerbm.single_3.brick,1,1,0
69786,_nameless.1de.2ab5.ca20,gnt,panevezys,rosmark_ru,kaliningrad,0,349,0,0,pesto,volvo_fh2021_4x2_750,trailer.kasbhr_sbt,trailer_def.kassbohrer.sbt.single_3_13.dryvan,34,1,0
69786,_nameless.1de.2ab5.b0f0,gnt,panevezys,cont_port,klaipeda,0,210,0,0,beverages_c,mercedes_4x2_a,trailer.krone.boxliner40,trailer_def.krone.boxliner.single_3_40.container,30,1,0
69786,_nameless.1de.2ab5.caf0,gnt,panevezys,gnt,valmiera,1,234,0,0,aircft_tires,scania_r2016_4x2_high_500,trailer.dryliner17,trailer_def.krone.dryliner.single_3.dryvan,33,1,0
69786,_nameless.1de.2ab5.bd20,kaarfor,constanta,brawen,novi_sad,0,917,0,0,empty_palet,scania_r_6x2_high_500,trailer.scs_curt_a,trailer_def.scs.box.single_3.curtain,33,1,0
69786,_nameless.1de.2ab5.b020,kaarfor,constanta,ttk_bg,plovdiv,0,445,0,0,used_packag,man_tgx_2020_6x2,trailer.scs_curt_a,trailer_def.scs.box.single_3.curtain,33,1,0
69786,_nameless.1de.2ab5.c060,kaarfor,constanta,icaria,argostoli,0,1118,460,720,used_plast,scania_r_6x4_top_620,trailer.kasbhr_scs,trailer_def.kassbohrer.scs.single_3_13.curtain,34,1,0
69786,_nameless.1de.2ab5.c7b0,globeur,bourges,wilnet_trans,lemans,1,336,0,0,comp_process,mercedes_4x2_c,trailer.scs_dry,trailer_def.scs.box.single_3.dryvan,33,1,0
69786,_nameless.1de.2ab5.b770,globeur,bourges,eurogoodies,edinburgh,0,1310,35,300,pears,daf_4x2_b,trailer.scs_curt,trailer_def.scs.box.single_3.curtain,33,1,0
69786,_nameless.1de.2ab5.a590,globeur,bourges,stokes,dijon,2,354,0,0,tracks,daf_xf_euro6_4x2_c,trailer.scs_lowbed_4,trailer_def.scs.lowbed.single_4_sh.short,1,1,0
69786,_nameless.1de.2ab5.c130,globeur,bourges,kaarfor,limoges,0,234,0,0,canned_tuna,volvo_fh2024_6x2_500,trailer.scs_ref_a,trailer_def.scs.box.single_3.reefer,33,1,0
69786,_nameless.1de.2ab5.a3f0,globeur,bourges,tradeaux,grimsby,1,952,35,300,chocolate,scania_streamline_6x2_norm_440,trailer.kasbhr_scs,trailer_def.kassbohrer.scs.single_3_13.curtain,32,1,0
69786,_nameless.1de.2ab5.c470,blt,paldiski,lkwlog,magdeburg,0,1413,0,0,windml_tube,scania_r_6x2_high_500,trailer.scs_lowlow2e,trailer_def.scs.lowloader.single_2_ln.long,1,1,0
69786,_nameless.1de.2ab5.c610,blt,paldiski,lkwlog,kosice,2,1266,0,0,bricks,scania_r_6x2_high_500,trailer.scs_brick_r,trailer_def.scs.flatbed.single_3.brick,32,1,0
69786,_nameless.1de.2ab5.a730,bhv,jonkoping,bhv,vaasa,0,817,300,680,vans_id,scania_streamline_4x2_top_560,trailer.van_trans,trailer_def.vans_id.van_trans,100,1,0
69786,_nameless.1de.2ab5.b290,bosfir,zenica,balkan_loco,sarajevo,2,189,0,0,skidder,"""heavy/iveco_6x4""",trailer.scs_lowlow4e,trailer_def.scs.lowloader.single_4_ln.long,1,1,0
69786,_nameless.1de.2ab5.c3a0,bosfir,zenica,posped,metz,0,1401,0,0,jcb_ft4220,iveco_sway_4x2_460,trailer.scs_lowlow2e,trailer_def.scs.lowloader.single_2_ln.long,1,1,0
69786,_nameless.1de.2ab5.aa70,stokes,tirana,cesare_smar,palermo,0,630,560,767,mason_jars,scania_r_4x2_top_480,trailer.scs_dry_m,trailer_def.scs.box.single_3.dryvan_m,33,1,0
69786,_nameless.1de.2ab5.c880,stokes,tirana,cargotras,pescara,2,325,540,420,vol_ew240emh,"""heavy/man_tgx_2020_8x4""",trailer.scs_lowbed_3,trailer_def.scs.lowbed.single_3.short,1,1,0
69786,_nameless.1de.2ab5.9960,stokes,tirana,cargotras,milano,0,862,540,420,locomotive,"""heavy/man_6x4""",trailer.scs_lowbed41,trailer_def.scs.lowbed.single_41_ln.long,1,1,0
69786,_nameless.1de.2ab5.ac10,ai,kassel,norr_food,uppsala,0,1458,0,0,aircond,mercedes_6x2_b,trailer.scs_lowlow2e,trailer_def.scs.lowloader.single_2_ln.long,5,1,0
69786,_nameless.1de.2ab5.bec0,ai,kassel,cargotras,livorno,0,1170,0,0,brake_pads,scania_r_6x4_top_620,trailer.scs_curt,trailer_def.scs.box.single_3.curtain,33,1,0
69786,_nameless.1de.2ab5.9890,ai,kassel,stokes,liege,1,379,0,0,seal_bearing,mercedes_actros_2014_6x4_b,trailer.dryliner17,trailer_def.krone.dryliner.single_3.dryvan,31,1,0
69786,_nameless.1de.2ab5.9a30,lkwlog,dortmund,lkwlog,nurnberg,0,494,0,0,diesel,daf_4x2_b,trailer.scs_fueltank,trailer_def.scs.fueltank.single_3.fueltank,28,1,0
69786,_nameless.1de.2ab5.9b00,lkwlog,dortmund,norrsken,malmo,1,831,0,0,kr_ecb880cv,volvo_fh2024_4x2_420,trailer.scs_lowbed41,trailer_def.scs.lowbed.single_41_ln.long,1,1,0
69786,_nameless.1de.2ab5.9bd0,lkwlog,dortmund,polarislines,kristiansand,0,808,195,1052,nylon_cord,iveco_sway_4x2_500,trailer.scs_curt_s,trailer_def.scs.box.single_3.curtain,32,1,0
69786,_nameless.1de.2ab5.c200,lkwlog,dortmund,kaarfor,lublin,0,1051,0,0,beef_meat,volvo_fh2012_4x2_750,trailer.scs_ref_a,trailer_def.scs.box.single_3.reefer,33,1,0
69786,_nameless.1de.2ab5.c2d0,blt_yacht_ru,petersburg,gnt,jonkoping,0,759,570,1270,empty_spool,daf_xf_euro6_4x2_b,trailer.scs_flat_b,trailer_def.scs.flatbed.single_3.flatbed_w,4,1,0
69786,_nameless.1de.2ab5.ace0,lisette_log,ajaccio,tras_med,cagliari,0,249,210,355,empty_barr,mercedes_actros_2014_4x2_b,trailer.kasbhr_sbt,trailer_def.kassbohrer.sbt.single_3_13.dryvan,34,1,0
69786,_nameless.1de.2ab5.9d70,lisette_log,ajaccio,tradeaux,lille,1,1179,840,1193,basil,daf_xg_4x2_450,trailer.dryliner17,trailer_def.krone.dryliner.single_3.dryvan,33,1,0
69786,_nameless.1de.2ab5.a0b0,lisette_log,ajaccio,exomar,olbia,0,151,210,355,carrots_c,mercedes_actros_2014_4x2_c,trailer.kasbhr_shg20,trailer_def.kassbohrer.shg.singl_3e_20.container,15,1,0
69786,_nameless.1de.2ab5.adb0,log_atlan,sevilla,log_atlan,a_coruna,0,1050,0,0,mason_jars,volvo_fh2024_4x2_420,trailer.scs_curt,trailer_def.scs.box.single_3.curtain,33,1,0
69786,_nameless.1de.2ab5.a320,log_atlan,sevilla,app,badajoz,0,314,0,0,backfl_prev,mercedes_6x4_a,trailer.scs_curt_s,trailer_def.scs.box.single_3.curtain,33,1,0
69786,_nameless.1de.2ab5.b910,log_atlan,sevilla,engeron,granada,2,393,0,0,diesel_gen,"""double/man_euro6_4x2_xxl""",trailer.scs_curt_b2,trailer_def.scs.box.bdouble_3_3.curtain,52,1,0
69786,_nameless.1de.2ab5.e760,chimi,larochelle,ns_chem,sines,1,1496,0,0,sodchlor,scania_r_4x2_top_480,trailer.scs_chemt,trailer_def.scs.chemtank.single_3.paint,99,1,0
69786,_nameless.1de.2ab5.f870,exomar,a_coruna,app,gijon,0,360,0,0,brake_pads,mercedes_6x2_b,trailer.scs_dry_ms,trailer_def.scs.box.single_3.dryvan_m,33,1,0
69786,_nameless.1de.2ab5.f530,exomar,a_coruna,log_atlan,salamanca,1,570,0,0,nonalco_beer,iveco_4x2_b,trailer.kasbhr_scs,trailer_def.kassbohrer.scs.single_3_13.curtain,34,1,0
69786,_nameless.1de.2ab5.d240,exomar,a_coruna,log_atlan,porto,2,328,0,0,mtl_coil,iveco_sway_4x2_580,trailer.profilinehd,trailer_def.krone.profilinerhd.single_3.flatbed,2,1,0
69786,_nameless.1de.2ab5.da60,exomar,a_coruna,engeron,ciudad_real,0,771,0,0,chem_sorbent,volvo_fh2024_4x2_780,trailer.scs_dry,trailer_def.scs.box.single_3.dryvan,33,1,0
69786,_nameless.1de.2ab5.cfd0,ika_bohag,kuopio,gnt,kristiansand,1,1329,540,1170,pot_flowers,man_tgx_euro6_6x4_xlx,trailer.scs_ins,trailer_def.scs.box.single_3.insulated,33,1,0
69786,_nameless.1de.2ab5.e350,ika_bohag,kuopio,nordic_ports,tornio,2,393,0,0,used_packag,man_4x2_c,trailer.scs_curt_s,trailer_def.scs.box.single_3.curtain,33,1,0
69786,_nameless.1de.2ab5.ec40,fjoste,tornio,sal_fi,kajaani,0,231,0,0,jcb_exc245xr,"""heavy/scania_r2016_8x4_high_730""",trailer.scs_lowbed_4,trailer_def.scs.lowbed.single_4_sh.short,1,1,0
69786,_nameless.1de.2ab5.f050,fjoste,tornio,norrsken,orebro,0,797,0,0,precast_strs,iveco_4x2_c,trailer.scs_curt_s,trailer_def.scs.box.single_3.curtain,33,1,0
69786,_nameless.1de.2ab5.fe20,fjoste,tornio,drekkar,uppsala,1,750,0,0,concr_beams2,mercedes_actros_2014_4x2_a,trailer.profilinehd,trailer_def.krone.profilinerhd.single_3.flatbed,2,1,0
69786,_nameless.1de.2ab5.db30,fjoste,tornio,gnt,ventspils,1,1256,150,430,largetubes,scania_s2016_4x2_high_590,trailer.scs_log,trailer_def.scs.log.single_3.steel,6,1,0
69786,_nameless.1de.2ab5.e420,sanbuilders,krakow,syllurgy,zenica,1,827,0,0,crawler,"""heavy/man_tgx_2020_8x4""",trailer.kasbhr_sll,trailer_def.kassbohrer.sll.single_3_sh.low,1,1,0
69786,_nameless.1de.2ab5.ede0,sanbuilders,krakow,stokes,tuzla,0,798,0,0,jcb_wload457,daf_xd_2,trailer.scs_lowbed_3,trailer_def.scs.lowbed.single_3.short,1,1,0
69786,_nameless.1de.2ab5.d7f0,kathode,zurich,quarry,lyon,1,370,0,0,emptytank,volvo_fh2024_4x2_420,trailer.profilinehd,trailer_def.krone.profilinerhd.single_3.flatbed,1,1,0
69786,_nameless.1de.2ab5.dc00,kathode,zurich,transinet,mannheim,0,316,0,0,scrap_metals,renault_magnum_6x2_a,trailer.scs_dumper,trailer_def.scs.dumper.single_3.steel,8,1,0
69786,_nameless.1de.2ab5.fd50,kathode,zurich,tradeaux,lyon,1,369,0,0,used_packag,scania_streamline_4x2_top_560,trailer.scs_curt_a,trailer_def.scs.box.single_3.curtain,33,1,0
69786,_nameless.1de.2ab5.eeb0,kathode,zurich,euroacres,dijon,2,302,0,0,fueltanker,man_6x4_b,trailer.krone.boxliner40,trailer_def.krone.boxliner.single_3_40.container,80,1,0
69786,_nameless.1de.2ab5.f940,kathode,zurich,kathode,munchen,2,353,0,0,forklifts,scania_r_6x4_top_620,trailer.scs_lowbed_3,trailer_def.scs.lowbed.single_3.short,4,1,0
69786,_nameless.1de.2ab5.f390,skog_paper,trondheim,renar,kristiansund,1,255,25,36,empty_palet,"""double/volvo_fh16_4x2_700""",trailer.scs_dry_b2,trailer_def.scs.box.bdouble_3_3.dryvan,52,1,0
69786,_nameless.1de.2ab5.ef80,skog_paper,trondheim,ika_bohag,hamar,0,445,0,0,paper,daf_xf_euro6_6x2_a,trailer.kasbhr_scs,trailer_def.kassbohrer.scs.single_3_13.curtain,34,1,0
69786,_nameless.1de.2ab5.f460,skog_paper,trondheim,nutri_molle,hamar,1,447,0,0,empty_barr,"""double/iveco_4x2_a""",trailer.scs_dry_b2,trailer_def.scs.box.bdouble_3_3.dryvan,52,1,0
69786,_nameless.1de.2ab5.de70,trainfoundry,karlovo,tras_med,roma,0,1170,570,745,czl_muv75,"""heavy/scania_streamline_8x4_top_730""",trailer.scs_lowbed_4,trailer_def.scs.lowbed.single_4_sh.short,1,1,0
69786,_nameless.1de.2ab5.d0a0,trainfoundry,karlovo,balkan_loco,veli_tarnovo,2,130,0,0,scrap_metals,daf_xf_euro6_4x2_c,trailer.scs_dumper,trailer_def.scs.dumper.single_3.steel,8,1,0
69786,_nameless.1de.2ab5.eaa0,trainfoundry,karlovo,eurogoodies,lublin,0,1408,0,0,large_cont,daf_xgp_4x2_530,trailer.scs_lowbed_4,trailer_def.scs.lowbed.single_4_sh.short,27,1,0
69786,_nameless.1de.2ab5.e0e0,trainfoundry,karlovo,brawen,thessaloniki,0,438,0,0,train_part2,daf_4x2_a,trailer.profilinehd,trailer_def.krone.profilinerhd.single_3.flatbed,3,1,0
69786,_nameless.1de.2ab5.f120,trainfoundry,karlovo,stokes,maribor,0,1083,0,0,empty_spool,renault_t_6x2,trailer.scs_lowbed_3,trailer_def.scs.lowbed.single_3.short,3,1,0
69786,_nameless.1de.2ab5.d170,trainfoundry,karlovo,costruzi_hal,sassari,2,1177,1410,1624,mat_handler,"""heavy/man_tgx_euro6_8x4_xlx""",trailer.kasbhr_slle,trailer_def.kassbohrer.sll.single_3_ln.low,1,1,0
69786,_nameless.1de.2ab5.f600,nordic_ports,trondheim,renor,kiruna,2,1110,0,0,scrap_metals,renault_premium_6x4_a,trailer.scs_dumper,trailer_def.scs.dumper.single_3.steel,10,1,0
69786,_nameless.1de.2ab5.dda0,nordic_ports,trondheim,gnt,alesund,0,290,65,82,liver_paste,renault_t_6x2,trailer.scs_ref,trailer_def.scs.box.single_3.reefer,33,1,0
69786,_nameless.1de.2ab5.e4f0,nordic_ports,trondheim,mjolnir_min,arvidsjaur,1,759,0,0,coal,iveco_4x2_a,trailer.scs_dumper,trailer_def.scs.dumper.single_3.steel,19,1,0
69786,_nameless.1de.2ab5.f6d0,nordic_ports,trondheim,renar,jyvaskyla,1,886,300,680,iron_pipes,daf_xg_4x2_450,trailer.scs_log,trailer_def.scs.log.single_3.steel,28,1,0
69786,_nameless.1de.2ab5.e5c0,euroacres,dresden,stokes,zurich,0,841,0,0,sheep_wool,volvo_fh16_4x2_420,trailer.scs_curt_a,trailer_def.scs.box.single_3.curtain,33,1,0
69786,_nameless.1de.2ab5.cd60,euroacres,dresden,euroacres,wroclaw,0,250,0,0,cont_trees,renault_etech_t,trailer.scs_dry,trailer_def.scs.box.single_3.dryvan,33,1,0
69786,_nameless.1de.2ab5.eb70,huerta,sevilla,cesta_sl,barcelona,1,954,0,0,wheat,volvo_fh2012_4x2_420,trailer.scs_silo,trailer_def.scs.silo.single_3_10.silo,30,1,0
69786,_nameless.1de.2ab5.fa10,huerta,sevilla,app,zaragoza,0,706,0,0,kr_stc1370,scania_streamline_6x4_top_480,trailer.kasbhr_slle,trailer_def.kassbohrer.sll.single_3_ln.low,1,1,0
69786,_nameless.1de.2ab5.d4b0,huerta,sevilla,exomar,burgos,2,723,0,0,straw_bales,man_tgx_2020_4x2,trailer.kasbhr_scs,trailer_def.kassbohrer.scs.single_3_13.curtain,6,1,0
69786,_nameless.1de.2ab5.d580,eviksi_a,valmiera,renar,kokkola,0,874,150,430,auger_wag,daf_xg_4x2_450,trailer.scs_lowlow2e,trailer_def.scs.lowloader.single_2_ln.long,1,1,0
69786,_nameless.1de.2ab5.d990,eviksi_a,valmiera,polarislines,paldiski,1,377,0,0,sheep_wool,renault_t_6x2,trailer.scs_dry,trailer_def.scs.box.single_3.dryvan,33,1,0
69786,_nameless.1de.2ab5.e830,eviksi_a,valmiera,nordic_ports,bodo,0,1381,450,1110,goat_cheese,volvo_fh16_4x2_540,trailer.scs_ref_s,trailer_def.scs.box.single_3.reefer,33,1,0
69786,_nameless.1de.2ab5.f1f0,eviksi_a,valmiera,agrominta_a,utena,2,368,0,0,live_pigs,volvo_fh2024_4x2_420,trailer.scs_livestk,trailer_def.scs.livestock.single_3s.str_stl,50,1,0
69786,_nameless.1de.2ab5.d650,renar,kokkola,ika_bohag,haparanda,0,258,0,0,toys,daf_xf_euro6_6x2_a,trailer.profiliner17,trailer_def.krone.profiliner.single_3.curtain,33,1,0
69786,_nameless.1de.2ab5.cbc0,renar,kokkola,norse_rail,rovaniemi,0,301,0,0,truck_rims,mercedes_6x2_b,trailer.drylineret,trailer_def.krone.edryliner.single_3.dryvan,33,1,0
69786,_nameless.1de.2ab5.fae0,renar,kokkola,rosmark_ru,vyborg,2,628,0,0,kr_gx520,mercedes_6x2_b,trailer.scs_lowlow2e,trailer_def.scs.lowloader.single_2_ln.long,1,1,0
69786,_nameless.1de.2ab5.d720,renar,kokkola,posped,lodz,0,1569,150,430,apples,renault_magnum_6x2_a,trailer.scs_dry_s,trailer_def.scs.box.single_3.dryvan,33,1,0
69786,_nameless.1de.2ab5.d8c0,euroacres,bern,stokes,erfurt,0,844,0,0,young_seed,iveco_4x2_c,trailer.kasbhr_scs,trailer_def.kassbohrer.scs.single_3_13.curtain,34,1,0
69786,_nameless.1de.2ab5.f7a0,euroacres,bern,fle,brest,0,1209,0,0,cut_flowers,mercedes_actros_2014_4x2_a,trailer.scs_ref_s,trailer_def.scs.box.single_3.reefer,33,1,0
69786,_nameless.1de.2ab5.fbb0,euroacres,bern,stokes,dijon,1,361,0,0,volvo_bucket,daf_xd_1,trailer.scs_lowbed_3,trailer_def.scs.lowbed.single_3.short,1,1,0
69786,_nameless.1de.2ab5.fc80,marina,rostock,ai,banja_luka,0,1393,0,0,large_cont,man_tgx_euro6_4x2_xl,trailer.scs_lowbed41,trailer_def.scs.lowbed.single_41_ln.long,36,1,0
69786,_nameless.1de.2ab5.ce30,renat,riga,renar,dombas,0,920,510,1110,furniture,renault_t_4x2,trailer.scs_dry_s,trailer_def.scs.box.single_3.dryvan,33,1,0
69786,_nameless.1de.2ab5.cf00,renat,riga,viln_paper,vilnius,0,307,0,0,forklifts,scania_s_2024e,trailer.kasbhr_sla,trailer_def.kassbohrer.sla.single_3_sh.lowbed,3,1,0
69786,_nameless.1de.2ab6.18f0,renat,riga,posped,katowice,1,901,0,0,empty_spool,daf_6x2_a,trailer.scs_lowbed_3,trailer_def.scs.lowbed.single_3.short,3,1,0
69786,_nameless.1de.2ab6.2040,renat,riga,muromec,pskov,1,244,0,0,large_cont,daf_xd25,trailer.scs_flat_b,trailer_def.scs.flatbed.single_3.flatbed_w,33,1,0
69786,_nameless.1de.2ab6.0bf0,sellplan,groningen,lkwlog,felixstowe,0,391,480,960,empty_palet,daf_xg_4x2_450,trailer.kasbhr_shg45,trailer_def.kassbohrer.scs.single_3_13.curtain,34,1,0
69786,_nameless.1de.2ab6.2d40,sellplan,groningen,rt_log,travemunde,0,365,0,0,used_plast_c,volvo_fh16_6x4_700,trailer.scs_gosck20,trailer_def.scs.gooseneck.singl_3e_20.container,15,1,0
69786,_nameless.1de.2ab6.26c0,sellplan,groningen,posped,lublin,2,1132,0,0,used_plast,man_6x4_b,trailer.scs_curt,trailer_def.scs.box.single_3.curtain,33,1,0
69786,_nameless.1de.2ab6.1b60,supercesta,albacete,app,madrid,2,258,0,0,used_packag,renault_t_6x2,trailer.drylineret,trailer_def.krone.edryliner.single_3.dryvan,33,1,0
69786,_nameless.1de.2ab6.0160,supercesta,albacete,rt_log,cordoba,2,392,0,0,used_plast_c,iveco_4x2_c,trailer.scs_gosck220,trailer_def.scs.gooseneck.singl_3e_220.container,30,1,0
69786,_nameless.1de.2ab6.0230,huerta,murcia,cesare_smar,sassari,0,796,720,827,cauliflower,volvo_fh2021_6x2_540,trailer.scs_ins_s,trailer_def.scs.box.single_3.insulated,33,1,0
69786,_nameless.1de.2ab6.2380,huerta,murcia,exomar,a_coruna,2,1153,0,0,carrots_c,man_tgx_2020,trailer.scs_gosck220,trailer_def.scs.gooseneck.singl_3e_220.container,30,1,0
69786,_nameless.1de.2ab6.21e0,vitas_pwr_co,sines,cantera,guarda,2,489,0,0,volvo_a25g,"""heavy/daf_6x4""",trailer.scs_lowbed_4,trailer_def.scs.lowbed.single_4_sh.short,1,1,0
69786,_nameless.1de.2ab6.2ba0,sellplan,olsztyn,lkwlog,lublin,2,318,0,0,used_packag,volvo_fh2021_4x2_750,trailer.scs_curt_s,trailer_def.scs.box.single_3.curtain,33,1,0
69786,_nameless.1de.2ab6.1d00,sellplan,olsztyn,gnt,kalmar,0,345,630,790,empty_palet,renault_t_4x2h,trailer.scs_dry_ms,trailer_def.scs.box.single_3.dryvan_m,32,1,0
69786,_nameless.1de.2ab6.1dd0,sellplan,olsztyn,transinet,bialystok,0,246,0,0,used_plast_c,volvo_fh2012_4x2_420,trailer.scs_gosck40,trailer_def.scs.gooseneck.singl_3e_40.container,30,1,0
69786,_nameless.1de.2ab6.1c30,tras_med,catania,tras_med,cagliari,0,243,720,778,tableware,daf_xg_4x2_450,trailer.scs_dry_m,trailer_def.scs.box.single_3.dryvan_m,33,1,0
69786,_nameless.1de.2ab6.2a00,tras_med,catania,lognstick,istanbul,0,1447,590,1092,smokd_eel,volvo_fh2024_4x2_780,trailer.scs_ins,trailer_def.scs.box.single_3.insulated,33,1,0
69786,_nameless.1de.2ab6.2ee0,scs_paper,madrid,supercesta,albacete,0,243,0,0,paper,daf_xd_2,trailer.kasbhr_scs,trailer_def.kassbohrer.scs.single_3_13.curtain,34,1,0
69786,_nameless.1de.2ab6.2450,scs_paper,madrid,ns_chem,puertollano,1,254,0,0,large_cont,daf_xf_electric,trailer.scs_flat_b,trailer_def.scs.flatbed.single_3.flatbed_w,33,1,0
69786,_nameless.1de.2ab6.2520,scs_paper,madrid,tradeaux,toulouse,1,865,0,0,empty_barr,scania_r_4x2_norm_360,trailer.scs_curt_s,trailer_def.scs.box.single_3.curtain,33,1,0
69786,_nameless.1de.2ab6.0e60,vitas_pwr,rostock,dfh,nurnberg,1,648,0,0,empty_palet,daf_xd_2,trailer.scs_dry_m,trailer_def.scs.box.single_3.dryvan_m,32,1,0
69786,_nameless.1de.2ab6.11a0,vitas_pwr,rostock,vitas_pwr,esbjerg,1,352,105,404,empty_spool,iveco_4x2_c,trailer.scs_lowbed41,trailer_def.scs.lowbed.single_41_ln.long,4,1,0
69786,_nameless.1de.2ab5.ffc0,scs_paper,beograd,kaarfor,hunedoara,0,329,0,0,paper,man_4x2_c,trailer.scs_curt_a,trailer_def.scs.box.single_3.curtain,33,1,0
69786,_nameless.1de.2ab6.0640,scs_paper,beograd,stokes,tirana,2,775,0,0,large_cont,scania_r2016_4x2_norm_370,trailer.scs_lowbed41,trailer_def.scs.lowbed.single_41_ln.long,36,1,0
69786,_nameless.1de.2ab6.3220,scs_paper,beograd,euroacres,brno,0,752,0,0,emptytank,volvo_fh2012_6x2_500,trailer.scs_flat_b,trailer_def.scs.flatbed.single_3.flatbed_w,1,1,0
69786,_nameless.1de.2ab6.19c0,lintukainen,tartu,sanbuild_hms,rovaniemi,0,969,150,430,log_stacker,"""heavy/daf_6x4""",trailer.scs_lowlow4e,trailer_def.scs.lowloader.single_4_ln.long,1,1,0
69786,_nameless.1de.2ab6.1270,lintukainen,tartu,egres,helsinki,0,295,150,430,digger1000,volvo_fh2021_4x2_420,trailer.kasbhr_sla,trailer_def.kassbohrer.sla.single_3_sh.lowbed,1,1,0
69786,_nameless.1de.2ab6.0300,lintukainen,tartu,zelenye,petersburg,1,394,0,0,wooden_beams,volvo_fh2012_4x2_420,trailer.scs_log,trailer_def.scs.log.single_3.steel,2,1,0
69786,_nameless.1de.2ab6.1a90,betunia,mostar,tras_med,bari,0,394,540,420,metal_pipes,scania_s2016_6x2_high_460,trailer.scs_flat_b,trailer_def.scs.flatbed.single_3.flatbed_w,2,1,0
69786,_nameless.1de.2ab6.1340,betunia,mostar,domdepo_ru,pleven,0,735,0,0,wooden_beams,man_tgx_euro6_6x4_xlx,trailer.scs_dry_m,trailer_def.scs.box.single_3.dryvan_m,2,1,0
69786,_nameless.1de.2ab6.1ea0,betunia,mostar,exomar,olbia,1,860,1380,1299,logs,man_4x2_a,trailer.scs_log,trailer_def.scs.log.single_3.steel,32,1,0
69786,_nameless.1de.2ab6.1f70,mjolnir_min,tornio,fjoste,kokkola,1,270,0,0,coal,man_tgx_2020,trailer.scs_dumper,trailer_def.scs.dumper.single_3.steel,18,1,0
69786,_nameless.1de.2ab6.25f0,mjolnir_min,tornio,mjolnir_min,karesuando,0,374,0,0,stones,volvo_fh16_6x4_700,trailer.scs_dumper,trailer_def.scs.dumper.single_3.steel,13,1,0
69786,_nameless.1de.2ab6.2790,shuttle,podgorica,subse,bitola,0,408,0,0,ter_forklift,mercedes_actros_2014_4x2_a,trailer.scs_flat_b,trailer_def.scs.flatbed.single_3.flatbed_w,2,1,0
69786,_nameless.1de.2ab6.1750,shuttle,podgorica,baltrak,istanbul,0,1112,0,0,used_plast_c,renault_premium_6x4_a,trailer.krone.boxliner40,trailer_def.krone.boxliner.single_3_40.container,30,1,0
69786,_nameless.1de.2ab6.0710,shuttle,podgorica,renar,calvi,1,732,1590,1654,used_packag,daf_xd25,trailer.profiliner17,trailer_def.krone.profiliner.single_3.curtain,33,1,0
69786,_nameless.1de.2ab6.2930,shuttle,podgorica,wilnet_trans,porto_vecchi,0,828,1590,1654,iced_coffee,daf_xd_1,trailer.scs_curt_a,trailer_def.scs.box.single_3.curtain,33,1,0
69786,_nameless.1de.2ab6.3080,shuttle,podgorica,cont_port,galati,1,987,0,0,beverages_c,mercedes_6x4_a,trailer.krone.boxliner20,trailer_def.krone.boxliner.single_3.container,15,1,0
69786,_nameless.1de.2ab6.32f0,norrsken,falun,renar,parnu,1,365,570,1270,plast_film,volvo_fh2021_4x2_750,trailer.scs_curt,trailer_def.scs.box.single_3.curtain,33,1,0
69786,_nameless.1de.2ab6.0090,norrsken,falun,agronord,mo_i_rana,2,877,0,0,kr_gx520,mercedes_actros_2014_4x2_b,trailer.kasbhr_slle,trailer_def.kassbohrer.sll.single_3_ln.low,1,1,0
69786,_nameless.1de.2ab6.1410,norrsken,falun,norrsken,goteborg,0,397,0,0,oil_filt_c,iveco_sway_4x2_580,trailer.scs_gosck20,trailer_def.scs.gooseneck.singl_3e_20.container,15,1,0
69786,_nameless.1de.2ab6.03d0,norrsken,falun,polarislines,paldiski,0,268,570,1270,mozzarela,iveco_h_4x2_a,trailer.coollineret,trailer_def.krone.ecoolliner.single_3.reefer,27,1,0
69786,_nameless.1de.2ab6.04a0,norrsken,falun,sal_fi,pori,2,373,540,1170,polyst_box,renault_magnum_6x2_a,trailer.scs_dry_s,trailer_def.scs.box.single_3.dryvan,33,1,0
69786,_nameless.1de.2ab6.07e0,nbfc,aberdeen,wgcc,glasgow,2,239,0,0,carbn_pwdr_c,mercedes_6x2_b,trailer.krone.boxliner220,trailer_def.krone.boxliner.single_3_220.container,30,1,0
69786,_nameless.1de.2ab6.08b0,nbfc,aberdeen,itcc,glasgow,0,238,0,0,motor_oil,scania_r2016_6x2_high_460,trailer.scs_curt_a,trailer_def.scs.box.single_3.curtain,33,1,0
69786,_nameless.1de.2ab6.0980,nbfc,aberdeen,wgcc,glasgow,0,239,0,0,fuel_oil,daf_xg_4x2_450,trailer.scs_fueltank,trailer_def.scs.fueltank.single_3.fueltank,27,1,0
69786,_nameless.1de.2ab6.0a50,nbfc,aberdeen,ns_chem,malmo,0,961,1140,1314,arsenic,scania_streamline_6x2_norm_440,trailer.krone.boxliner220,trailer_def.krone.boxliner.single_3_220.container,80,1,0
69786,_nameless.1de.2ab6.0b20,libellula,bologna,rt_log,geneve,2,584,0,0,motorcycles,renault_t_4x2h,trailer.kasbhr_scs,trailer_def.kassbohrer.scs.single_3_13.curtain,34,1,0
69786,_nameless.1de.2ab6.0d90,libellula,bologna,tras_med,roma,1,395,0,0,used_packag,scania_r_4x2_norm_360,trailer.profiliner17,trailer_def.krone.profiliner.single_3.curtain,33,1,0
69786,_nameless.1de.2ab6.14e0,onnelik,parnu,freyr,falun,1,396,570,1270,tractor_c,"""heavy/man_tgx_euro6_8x4_xlx""",trailer.scs_lowlow4e,trailer_def.scs.lowloader.single_4_ln.long,1,1,0
69786,_nameless.1de.2ab6.3ff0,onnelik,parnu,euroacres,bremen,1,1564,0,0,cott_harvest,"""heavy/man_tgx_euro6_8x4_xlx""",trailer.scs_lowlow4e,trailer_def.scs.lowloader.single_4_ln.long,1,1,0
69786,_nameless.1de.2ab6.3970,tree_et,soria,trans_cab,madrid,2,341,0,0,log_harvest,"""heavy/daf_6x4""",trailer.scs_lowlow2e,trailer_def.scs.lowloader.single_2_ln.long,1,1,0
69786,_nameless.1de.2ab6.38a0,tree_et,soria,tree_et,teruel,1,319,0,0,jcb_dmphtd5e,scania_streamline_4x2_top_560,trailer.scs_flat_b,trailer_def.scs.flatbed.single_3.flatbed_w,7,1,0
69786,_nameless.1de.2ab6.4b50,tree_et,soria,cargotras,palermo,0,503,1557,1788,logs,daf_4x2_b,trailer.scs_log,trailer_def.scs.log.single_3.steel,32,1,0
69786,_nameless.1de.2ab6.4190,renar,lulea,nch,turku,2,787,0,0,used_battery,daf_xg_4x2_450,trailer.scs_curt,trailer_def.scs.box.single_3.curtain,33,1,0
69786,_nameless.1de.2ab6.55e0,renar,lulea,renar,kokkola,0,351,0,0,pears,"""double/renault_t_4x2h""",trailer.scs_ins_b2,trailer_def.scs.box.bdouble_3_3.insulated,52,1,0
69786,_nameless.1de.2ab6.5440,marina,brest,tradeaux,felixstowe,2,1041,35,300,large_cont,daf_xgp_4x2_530,trailer.profilinehd,trailer_def.krone.profilinerhd.single_3.flatbed,33,1,0
69786,_nameless.1de.2ab6.51d0,te_logistica,napoli,icaria,chania,0,808,1060,1885,chicken_meat,volvo_fh2024_4x2_420,trailer.scs_ref,trailer_def.scs.box.single_3.reefer,33,1,0
69786,_nameless.1de.2ab6.37d0,te_logistica,napoli,rt_log,bern,0,1124,0,0,glass_packed,scania_r2016_4x2_high_500,trailer.gls_trailer,trailer_def.glass_packed.gls_trailer,100,1,0
69786,_nameless.1de.2ab6.3560,te_logistica,napoli,exomar,ancona,0,395,0,0,diesel_gen,mercedes_6x4_a,trailer.scs_curt,trailer_def.scs.box.single_3.curtain,33,1,0
69786,_nameless.1de.2ab6.6550,te_logistica,napoli,cargotras,olbia,0,278,840,879,wood_chipper,"""heavy/man_6x4""",trailer.scs_lowlow2e,trailer_def.scs.lowloader.single_2_ln.long,1,1,0
69786,_nameless.1de.2ab6.45a0,te_logistica,napoli,te_logistica,cagliari,0,35,840,879,maple_syrup,daf_4x2_b,trailer.scs_dry_ms,trailer_def.scs.box.single_3.dryvan_m,33,1,0
69786,_nameless.1de.2ab6.6620,ts_atlas,gijon,ts_atlas,bilbao,2,300,0,0,truck_rims_c,renault_magnum_4x2_a,trailer.scs_gosck40,trailer_def.scs.gooseneck.singl_3e_40.container,30,1,0
69786,_nameless.1de.2ab6.5510,ts_atlas,gijon,acc,a_coruna,1,325,0,0,magnesium,daf_xd_2,trailer.kasbhr_shg20,trailer_def.kassbohrer.shg.singl_3e_20.container,40,1,0
69786,_nameless.1de.2ab6.5780,ts_atlas,gijon,trans_cab,valladolid,2,374,0,0,salt_spice_c,scania_s2016_6x2_high_460,trailer.krone.boxliner40,trailer_def.krone.boxliner.single_3_40.container,30,1,0
69786,_nameless.1de.2ab6.56b0,ts_atlas,gijon,te_logistica,cagliari,0,1051,720,827,pet_food_c,scania_r2016_4x2_high_500,trailer.scs_gosck20,trailer_def.scs.gooseneck.singl_3e_20.container,15,1,0
69786,_nameless.1de.2ab6.5fa0,ts_atlas,gijon,globeur,bourges,0,1072,0,0,exhausts_c,scania_s2016_6x4_high_730,trailer.krone.boxliner20,trailer_def.krone.boxliner.single_3.container,15,1,0
69786,_nameless.1de.2ab6.3700,ts_atlas,gijon,rt_log,a_coruna,0,325,0,0,potassium,man_6x4_b,trailer.scs_gosck220,trailer_def.scs.gooseneck.singl_3e_220.container,80,1,0
69786,_nameless.1de.2ab6.52a0,baltomors_ru,vyborg,renar,narva,0,269,0,0,volvo_bucket,scania_r_6x2_high_500,trailer.scs_lowlowd2,trailer_def.scs.lowloader.single_2_sh.short,1,1,0
69786,_nameless.1de.2ab6.4740,baltomors_ru,vyborg,freyr,mikkeli,1,364,0,0,wooden_beams,volvo_fh2021_4x2_420,trailer.scs_log,trailer_def.scs.log.single_3.steel,2,1,0
69786,_nameless.1de.2ab6.5920,rimaf,bitola,aci,bari,2,252,540,420,live_cattle,volvo_fh2024_4x2_420,trailer.scs_livestk,trailer_def.scs.livestock.single_3s.str_stl,42,1,0
69786,_nameless.1de.2ab6.62e0,rimaf,bitola,icaria,argostoli,2,353,460,720,chicken_meat,daf_4x2_a,trailer.scs_ref_s,trailer_def.scs.box.single_3.reefer,33,1,0
69786,_nameless.1de.2ab6.4c20,icaria,mitilini,tradeaux,pecs,2,974,730,1440,chicken_meat,mercedes_actros_2014_6x2_a,trailer.scs_ins_a,trailer_def.scs.box.single_3.insulated,33,1,0
69786,_nameless.1de.2ab6.4260,tree_et_log,klagenfurt,stokes,rijeka,0,387,0,0,jcb_exc245xr,"""heavy/scania_streamline_8x4_top_730""",trailer.scs_lowbed_3,trailer_def.scs.lowbed.single_3.short,1,1,0
69786,_nameless.1de.2ab6.5370,tree_et_log,klagenfurt,jastuk,tirana,0,1249,0,0,wooden_beams,scania_s2016_4x2_norm_370,trailer.scs_log,trailer_def.scs.log.single_3.steel,2,1,0
69786,_nameless.1de.2ab6.5ed0,ika_bohag,valladolid,globeur,bayonne,1,386,0,0,empty_palet,iveco_sway_4x2_460,trailer.scs_dry_a,trailer_def.scs.box.single_3.dryvan,33,1,0
69786,_nameless.1de.2ab6.59f0,ika_bohag,valladolid,trans_cab,murcia,0,668,0,0,pot_flowers,man_6x4_b,trailer.coolliner17,trailer_def.krone.coolliner.single_3.reefer,33,1,0
69786,_nameless.1de.2ab6.48e0,eurogoodies,niksic,lkwlog,graz,1,952,0,0,vinegar,volvo_fh2012_6x2_500,trailer.kasbhr_shg45,trailer_def.kassbohrer.scs.single_3_13.curtain,34,1,0
69786,_nameless.1de.2ab6.5ac0,eurogoodies,niksic,stokes,warszawa,2,1445,0,0,beverages_t,volvo_fh2021_4x2_420,trailer.scs_fodt,trailer_def.scs.foodtank.single_3.paint,23,1,0
69786,_nameless.1de.2ab6.4330,eurogoodies,niksic,kaarfor,bucuresti,1,854,0,0,caviar,volvo_fh2012_4x2_750,trailer.scs_ins_a,trailer_def.scs.box.single_3.insulated,33,1,0
69786,_nameless.1de.2ab6.66f0,renar,oslo,transinet,szczecin,2,1000,105,404,used_battery,scania_streamline_4x2_norm_380,trailer.scs_curt_a,trailer_def.scs.box.single_3.curtain,33,1,0
69786,_nameless.1de.2ab6.5b90,renar,oslo,norrsken,borlange,2,340,0,0,grapes,renault_magnum_6x4_a,trailer.scs_ins_s,trailer_def.scs.box.single_3.insulated,33,1,0
69786,_nameless.1de.2ab6.5c60,tradeaux,klagenfurt,lkwlog,brno,0,347,0,0,sugar,renault_premium_6x2_a,trailer.scs_curt_s,trailer_def.scs.box.single_3.curtain,33,1,0
69786,_nameless.1de.2ab6.5d30,tradeaux,klagenfurt,piac,napoli,2,1118,0,0,elect_wiring,daf_xd_2,trailer.scs_curt_s,trailer_def.scs.box.single_3.curtain,33,1,0
69786,_nameless.1de.2ab6.4f60,tradeaux,klagenfurt,stokes,poznan,1,782,0,0,guard_rails,scania_r_4x2_top_480,trailer.scs_curt_a,trailer_def.scs.box.single_3.curtain,33,1,0
69786,_nameless.1de.2ab6.3b10,nord_crown,umea,norrsken,falun,0,377,0,0,canned_tuna,iveco_6x2_a,trailer.scs_ins_s,trailer_def.scs.box.single_3.insulated,33,1,0
69786,_nameless.1de.2ab6.33c0,nord_crown,umea,norrsken,borlange,1,392,0,0,chewing_gums,daf_xf_euro6_4x2_b,trailer.scs_dry_m,trailer_def.scs.box.single_3.dryvan_m,33,1,0
69786,_nameless.1de.2ab6.5030,nord_crown,umea,norr_food,stockholm,1,528,0,0,chocolate,daf_xgp25_4x2_530,trailer.dryliner17,trailer_def.krone.dryliner.single_3.dryvan,33,1,0
69786,_nameless.1de.2ab6.3be0,sanbuild_hms,salzburg,lkwlog,graz,0,286,0,0,log_harvest,"""heavy/daf_xgp_4x2_530""",trailer.scs_lowlow2e,trailer_def.scs.lowloader.single_2_ln.long,1,1,0
69786,_nameless.1de.2ab6.3cb0,sanbuild_hms,salzburg,itcc,linz,0,247,0,0,overweight,renault_premium_4x2_a,trailer.scs_lowbed41,trailer_def.scs.lowbed.single_41_ln.long,1,1,0
69786,_nameless.1de.2ab6.3d80,sanbuild_hms,salzburg,sanbuild_bas,stuttgart,2,412,0,0,jcb_dmphtd5e,mercedes_4x2_a,trailer.profilinehd,trailer_def.krone.profilinerhd.single_3.flatbed,7,1,0
69786,_nameless.1de.2ab6.3e50,fle,toulouse,kaarfor,ajaccio,2,396,930,1182,apples,mercedes_4x2_b,trailer.dryliner17,trailer_def.krone.dryliner.single_3.dryvan,33,1,0
69786,_nameless.1de.2ab6.3f20,fle,toulouse,kaarfor,ajaccio,1,396,930,1182,grapes,man_4x2_c,trailer.scs_ref_a,trailer_def.scs.box.single_3.reefer,33,1,0
69786,_nameless.1de.2ab6.4a80,fle,toulouse,rt_log,barcelona,0,390,0,0,air_mails,renault_t_6x2,trailer.kasbhr_sbt,trailer_def.kassbohrer.sbt.single_3_13.dryvan,34,1,0
69786,_nameless.1de.2ab6.4400,fle,toulouse,rt_log,barcelona,2,390,0,0,comp_process,man_tgx_2020,trailer.scs_curt_a,trailer_def.scs.box.single_3.curtain,33,1,0
69786,_nameless.1de.2ab6.44d0,cnp,ancona,tras_med,catania,2,1009,20,347,jcb_dmp6t2,"""heavy/daf_6x4""",trailer.scs_lowbed41,trailer_def.scs.lowbed.single_41_ln.long,1,1,0
69786,_nameless.1de.2ab6.4670,cnp,ancona,dfh,nurnberg,0,963,0,0,propane,scania_r2016_6x2_high_460,trailer.scs_gastank,trailer_def.scs.gastank.single_3.gastank,40,1,0
69786,_nameless.1de.2ab6.4cf0,cnp,ancona,icaria,argostoli,0,492,1030,1465,cable_reel,"""heavy/man_tgx_2020_8x4""",trailer.scs_lowlow4e,trailer_def.scs.lowloader.single_4_ln.long,1,1,0
69786,_nameless.1de.2ab6.4dc0,polarislines,frederikshv,drekkar,odense,2,339,0,0,scooters,"""double/volvo_fh2012_4x2_750""",trailer.scs_curt_b2,trailer_def.scs.box.bdouble_3_3.curtain,52,1,0
69786,_nameless.1de.2ab6.5100,polarislines,frederikshv,renar,vaxjo,0,308,195,677,empty_spool,mercedes_actros_2014_6x4_b,trailer.kasbhr_sla,trailer_def.kassbohrer.sla.single_3_sh.lowbed,3,1,0
69786,_nameless.1de.2ab6.89e0,bltmetal,tallinn,kivi,helsinki,0,229,150,430,jcb_pw125qe,man_tgx_euro6_4x2_xxl,trailer.profilinehd,trailer_def.krone.profilinerhd.single_3.flatbed,24,1,0
69786,_nameless.1de.2ab6.8ab0,bltmetal,tallinn,ladoga,turku,2,329,150,430,seal_bearing,mercedes_actros_2014_6x2_a,trailer.kasbhr_shg45,trailer_def.kassbohrer.scs.single_3_13.curtain,32,1,0
69786,_nameless.1de.2ab6.9200,bltmetal,tallinn,norrsken,stockholm,0,153,570,1270,emptytank,scania_r2016_6x2_high_460,trailer.profilinehd,trailer_def.krone.profilinerhd.single_3.flatbed,1,1,0
69786,_nameless.1de.2ab6.74c0,bltmetal,tallinn,gnt,bergen,0,1175,570,1270,iron_pipes,daf_xd,trailer.scs_log,trailer_def.scs.log.single_3.steel,28,1,0
69786,_nameless.1de.2ab6.7660,mvm_carriere,lemans,sanbuild_cem,frankfurt,0,1011,0,0,watertank,volvo_fh2012_6x2_500,trailer.kasbhr_sla,trailer_def.kassbohrer.sla.single_3_sh.lowbed,1,1,0
69786,_nameless.1de.2ab6.8f90,mvm_carriere,lemans,fle,nantes,0,204,0,0,empty_spool,volvo_fh2012_4x2_750,trailer.scs_lowbed_4,trailer_def.scs.lowbed.single_4_sh.short,3,1,0
69786,_nameless.1de.2ab6.8b80,mvm_carriere,lemans,globeur,bordeaux,0,554,0,0,mob_screener,"""heavy/scania_streamline_8x4_top_730""",trailer.kasbhr_slle,trailer_def.kassbohrer.sll.single_3_ln.low,1,1,0
69786,_nameless.1de.2ab6.73f0,gnt,bastia,tras_med,bari,0,630,1050,1234,basil,daf_xd,trailer.profiliner17,trailer_def.krone.profiliner.single_3.curtain,33,1,0
69786,_nameless.1de.2ab6.6e40,gnt,bastia,adrica,rijeka,2,1422,840,1193,volvo_a25g,"""heavy/daf_xgp_4x2_530""",trailer.scs_lowlow2e,trailer_def.scs.lowloader.single_2_ln.long,1,1,0
69786,_nameless.1de.2ab6.86a0,gnt,bastia,eolo_lines,sangiovanni,0,593,950,1480,comp_process,scania_r_6x2_high_500,trailer.scs_dry_a,trailer_def.scs.box.single_3.dryvan,33,1,0
69786,_nameless.1de.2ab6.6b00,bhv,narvik,renar,honningsvag,2,794,0,0,vans_id,daf_xgp25_4x2_530,trailer.van_trans,trailer_def.vans_id.van_trans,100,1,0
69786,_nameless.1de.2ab6.9060,bhv,narvik,nordic_ports,mo_i_rana,0,440,30,45,pickup_gr,volvo_fh2024_6x2_500,trailer.truck_trans,trailer_def.pickup_gr.truck_trans,100,1,0
69786,_nameless.1de.2ab6.96e0,tradeaux,nice,nucleon,alban,0,404,0,0,mtl_coil,iveco_sway_4x2_500,trailer.scs_flat_b,trailer_def.scs.flatbed.single_3.flatbed_w,2,1,0
69786,_nameless.1de.2ab6.85d0,tradeaux,nice,eolo_lines,porto_vecchi,0,249,840,1193,pet_food,scania_r2016_4x2_norm_370,trailer.scs_dry,trailer_def.scs.box.single_3.dryvan,33,1,0
69786,_nameless.1de.2ab6.6960,tradeaux,nice,eolo_lines,lile_rousse,1,444,840,1193,basil,scania_r2016_4x2_norm_370,trailer.profiliner17,trailer_def.krone.profiliner.single_3.curtain,33,1,0
69786,_nameless.1de.2ab6.8840,tradeaux,nice,wilnet_trans,porto_vecchi,0,250,840,1193,cott_cheese,volvo_fh2012_6x2_500,trailer.scs_ref_a,trailer_def.scs.box.single_3.reefer,33,1,0
69786,_nameless.1de.2ab6.93a0,tradeaux,nice,cnp_str,zadar,1,1339,0,0,empty_palet,volvo_fh2012_4x2_750,trailer.scs_curt_s,trailer_def.scs.box.single_3.curtain,33,1,0
69786,_nameless.1de.2ab6.7a70,subse,brest,lkwlog,luxembourg,2,983,0,0,large_cont,scania_r2016_6x2_high_460,trailer.scs_lowbed41,trailer_def.scs.lowbed.single_41_ln.long,36,1,0
69786,_nameless.1de.2ab6.8c50,subse,brest,globeur,lehavre,2,543,0,0,ketchup,renault_premium_6x2_a,trailer.scs_curt_s,trailer_def.scs.box.single_3.curtain,33,1,0
69786,_nameless.1de.2ab6.8910,subse,brest,trans_cab,santander,2,973,0,0,drymilk,daf_xf_euro6_4x2_a,trailer.scs_dry_a,trailer_def.scs.box.single_3.dryvan,33,1,0
69786,_nameless.1de.2ab6.9880,vitas_pwr,pamplona,huilant,bordeaux,1,367,0,0,empty_palet,volvo_fh16_4x2_540,trailer.scs_curt_a,trailer_def.scs.box.single_3.curtain,33,1,0
69786,_nameless.1de.2ab6.6a30,ns_oil,hamburg,trameri,warszawa,2,753,0,0,oil,scania_streamline_4x2_top_560,trailer.willig.fuel_cistern,trailer_def.scs.fueltank.single_3.fueltank,28,1,0
69786,_nameless.1de.2ab6.7ce0,ns_oil,hamburg,trameri,strasbourg,2,699,0,0,motor_oil_c,renault_premium_4x2_a,trailer.scs_gosck220,trailer_def.scs.gooseneck.singl_3e_220.container,30,1,0
69786,_nameless.1de.2ab6.9540,ns_oil,hamburg,cnp,nurnberg,0,569,0,0,ethane,mercedes_4x2_a,trailer.scs_gastank,trailer_def.scs.gastank.single_3.gastank,40,1,0
69786,_nameless.1de.2ab6.7730,konstnr_wind,gedser,nordic_ports,ornskoldsvik,0,1207,0,0,dozer,"""heavy/scania_s2016_8x4_high_770""",trailer.kasbhr_slle,trailer_def.kassbohrer.sll.single_3_ln.low,1,1,0
69786,_nameless.1de.2ab6.7800,quarry,cardiff,posped,birmingham,2,221,0,0,jcb_pw125qe,volvo_fh2012_6x2_500,trailer.scs_flat_b,trailer_def.scs.flatbed.single_3.flatbed_w,24,1,0
69786,_nameless.1de.2ab6.7180,quarry,cardiff,stokes,dijon,0,1064,35,300,mob_stacker,"""heavy/iveco_6x4""",trailer.kasbhr_sla,trailer_def.kassbohrer.sla.single_3_sh.lowbed,1,1,0
69786,_nameless.1de.2ab6.78d0,kaarfor,limoges,cargotras,sassari,0,681,720,827,used_packag,mercedes_6x4_a,trailer.scs_dry_s,trailer_def.scs.box.single_3.dryvan,33,1,0
69786,_nameless.1de.2ab6.80f0,kaarfor,limoges,globeur,montpellier,0,399,0,0,used_plast_c,renault_t_6x2,trailer.scs_gosck20,trailer_def.scs.gooseneck.singl_3e_20.container,15,1,0
69786,_nameless.1de.2ab6.9130,kaarfor,limoges,log_atlan,lisboa,0,1475,0,0,used_plast,renault_premium_4x2_a,trailer.scs_dry_s,trailer_def.scs.box.single_3.dryvan,33,1,0
69786,_nameless.1de.2ab6.79a0,eurogoodies,kassel,suprema_ru,pskov,0,1591,0,0,cauliflower,renault_premium_4x2_c,trailer.scs_dry_m,trailer_def.scs.box.single_3.dryvan_m,33,1,0
69786,_nameless.1de.2ab6.67c0,eurogoodies,kassel,rt_log,travemunde,0,356,0,0,sausages,volvo_fh2012_4x2_750,trailer.coolliner17,trailer_def.krone.coolliner.single_3.reefer,33,1,0
69786,_nameless.1de.2ab6.7db0,eurogoodies,kassel,sellplan,newcastle,0,1390,35,300,canned_beef,scania_streamline_4x2_top_560,trailer.scs_ins_a,trailer_def.scs.box.single_3.insulated,33,1,0
69786,_nameless.1de.2ab6.7b40,fcp,berlin,ns_oil,dresden,0,184,0,0,empty_barr,"""double/scania_s2016_6x4_high_660""",trailer.scs_dry_b2,trailer_def.scs.box.bdouble_3_3.dryvan,52,1,0
69786,_nameless.1de.2ab6.9470,fcp,berlin,stokes,maribor,2,929,0,0,used_plast_c,volvo_fh2024_6x2_500,trailer.krone.boxliner20,trailer_def.krone.boxliner.single_3.container,15,1,0
69786,_nameless.1de.2ab6.9610,fcp,berlin,renar,kobenhavn,1,387,105,404,used_plast,man_4x2_c,trailer.scs_dry_a,trailer_def.scs.box.single_3.dryvan,33,1,0
69786,_nameless.1de.2ab6.7250,fcp,berlin,bhv,vilnius,0,862,0,0,volvo_cars,iveco_4x2_b,trailer.car_trans,trailer_def.volvo_cars.car_trans,100,1,0
69786,_nameless.1de.2ab6.6890,fcp,berlin,eurogoodies,wroclaw,0,316,0,0,large_cont,man_4x2_c,trailer.scs_lowbed_3,trailer_def.scs.lowbed.single_3.short,27,1,0
69786,_nameless.1de.2ab6.6ca0,fcp,berlin,rt_log,linz,1,590,0,0,contamin,renault_premium_4x2_c,trailer.scs_gosck220,trailer_def.scs.gooseneck.singl_3e_220.container,80,1,0
69786,_nameless.1de.2ab6.8360,imp_otel,galati,sanbuild_hms,beograd,2,715,0,0,large_cont,iveco_4x2_c,trailer.scs_flat_b,trailer_def.scs.flatbed.single_3.flatbed_w,33,1,0
69786,_nameless.1de.2ab6.7c10,imp_otel,galati,trameri,szeged,0,834,0,0,empty_spool,scania_s2016_6x2_high_460,trailer.scs_lowbed41,trailer_def.scs.lowbed.single_41_ln.long,4,1,0
69786,_nameless.1de.2ab6.6d70,imp_otel,galati,stokes,bystrica,1,1160,0,0,concr_beams,"""heavy/man_tgx_2020_8x4""",trailer.scs_lowlow4e,trailer_def.scs.lowloader.single_4_ln.long,1,1,0
69786,_nameless.1de.2ab6.6f10,imp_otel,galati,ocean_sol,mangalia,2,237,30,65,iron_pipes,mercedes_6x2_b,trailer.scs_log,trailer_def.scs.log.single_3.steel,28,1,0
69786,_nameless.1de.2ab6.6fe0,fallow,targu_mures,brawen,bacau,0,274,0,0,empty_barr,iveco_sway_4x2_500,trailer.scs_curt,trailer_def.scs.box.single_3.curtain,33,1,0
69786,_nameless.1de.2ab6.70b0,fallow,targu_mures,fallow,timisoara,2,366,0,0,vans_fd,daf_4x2_a,trailer.van_trans,trailer_def.vans_fd.van_trans,100,1,0
69786,_nameless.1de.2ab6.7320,fallow,targu_mures,brawen,skopje,2,953,0,0,polyst_box,iveco_sway_4x2_580,trailer.scs_curt_a,trailer_def.scs.box.single_3.curtain,33,1,0
69786,_nameless.1de.2ab6.81c0,fallow,targu_mures,kaarfor,constanta,0,659,0,0,atl_cod_flt,scania_s2016_4x2_high_590,trailer.scs_ins,trailer_def.scs.box.single_3.insulated,33,1,0
69786,_nameless.1de.2ab6.7e80,euroacres,wien,tradeaux,prague,0,293,0,0,forage_harv,daf_4x2_b,trailer.scs_lowlow2e,trailer_def.scs.lowloader.single_2_ln.long,1,1,0
69786,_nameless.1de.2ab6.8020,euroacres,wien,tradeaux,budapest,1,395,0,0,nuts,daf_4x2_a,trailer.scs_curt,trailer_def.scs.box.single_3.curtain,33,1,0
69786,_nameless.1de.2ab6.8290,euroacres,wien,rt_log,linz,0,249,0,0,live_cattle,daf_xgp25_4x2_530,trailer.scs_livestk,trailer_def.scs.livestock.single_3s.str_stl,42,1,0
69786,_nameless.1de.2ab6.ce20,euroacres,wien,baltomorsk,kaunas,2,1045,0,0,digger1000,mercedes_4x2,trailer.scs_lowbed_3,trailer_def.scs.lowbed.single_3.short,1,1,0
69786,_nameless.1de.2ab6.cd50,bhv,galati,balkan_loco,ruse,0,302,0,0,scooters,renault_t_4x2,trailer.scs_dry_ms,trailer_def.scs.box.single_3.dryvan_m,33,1,0
69786,_nameless.1de.2ab6.bd10,ukko,loviisa,vainamoi_bas,jyvaskyla,0,322,0,0,jcb_mexc19ce,renault_magnum_6x2_a,trailer.scs_flat_b,trailer_def.scs.flatbed.single_3.flatbed_w,3,1,0
69786,_nameless.1de.2ab6.cef0,wilnet_trans,lemans,fcp,torino,0,947,0,0,oil_filt_c,mercedes_6x4_a,trailer.krone.boxliner20,trailer_def.krone.boxliner.single_3.container,15,1,0
69786,_nameless.1de.2ab6.aa60,wilnet_trans,lemans,renar,kobenhavn,1,1476,0,0,jcb_dmphtd5e,renault_magnum_6x2_a,trailer.scs_flat_b,trailer_def.scs.flatbed.single_3.flatbed_w,7,1,0
69786,_nameless.1de.2ab6.a8c0,wilnet_trans,lemans,wilnet_trans,nantes,0,255,0,0,empty_spool,scania_r_6x4_top_620,trailer.scs_lowbed_4,trailer_def.scs.lowbed.single_4_sh.short,3,1,0
69786,_nameless.1de.2ab6.b1b0,wilnet_trans,lemans,rt_log,koln,0,746,0,0,stone_wool,volvo_fh2012_6x2_500,trailer.scs_dry_s,trailer_def.scs.box.single_3.dryvan,33,1,0
69786,_nameless.1de.2ab6.c600,wilnet_trans,lemans,exomar,burgos,1,978,0,0,big_bag_seed,renault_t_4x2,trailer.profiliner17,trailer_def.krone.profiliner.single_3.curtain,32,1,0
69786,_nameless.1de.2ab6.b5c0,wilnet_trans,lemans,tree_et,bern,0,863,0,0,oil,daf_xf_euro6_6x2_a,trailer.willig.fuel_cistern,trailer_def.scs.fueltank.single_3.fueltank,28,1,0
69786,_nameless.1de.2ab6.a0a0,wilnet_trans,lemans,drekkar,malmo,1,1560,0,0,cable_reel,"""heavy/daf_xd""",trailer.kasbhr_slle,trailer_def.kassbohrer.sll.single_3_ln.low,1,1,0
69786,_nameless.1de.2ab6.a990,charmey,bern,posped,strasbourg,1,267,0,0,gummy_bears,renault_magnum_6x2_a,trailer.scs_dry_s,trailer_def.scs.box.single_3.dryvan,33,1,0
69786,_nameless.1de.2ab6.b830,charmey,bern,eurogoodies,dijon,1,212,0,0,chewing_gums,scania_r2016_4x2_norm_370,trailer.profiliner17,trailer_def.krone.profiliner.single_3.curtain,33,1,0
69786,_nameless.1de.2ab6.c6d0,charmey,bern,globeur,bordeaux,1,942,0,0,icecream,scania_r2016_6x4_high_660,trailer.scs_ref_s,trailer_def.scs.box.single_3.reefer,33,1,0
69786,_nameless.1de.2ab6.cbb0,charmey,bern,app,gijon,0,1480,0,0,iced_coffee,man_tgx_euro6_4x2_xxl,trailer.profiliner17,trailer_def.krone.profiliner.single_3.curtain,33,1,0
69786,_nameless.1de.2ab6.9bc0,cantera,a_coruna,batisse_road,bordeaux,1,1067,0,0,gravel,man_tgx_2020_4x2,trailer.scs_dumper,trailer_def.scs.dumper.single_3.steel,16,1,0
69786,_nameless.1de.2ab6.c7a0,cantera,a_coruna,rt_log,madrid,2,680,0,0,stone_dust,volvo_fh2012_6x2_500,trailer.scs_dumper,trailer_def.scs.dumper.single_3.steel,16,1,0
69786,_nameless.1de.2ab6.c940,cantera,a_coruna,cortica,porto,0,339,0,0,mat_handler,"""heavy/scania_r_6x4_top_730""",trailer.kasbhr_slle,trailer_def.kassbohrer.sll.single_3_ln.low,1,1,0
69786,_nameless.1de.2ab6.b280,cantera,a_coruna,cantera,o_barco,0,304,0,0,jcb_dmp6t2,"""heavy/daf_6x4""",trailer.scs_lowbed_3,trailer_def.scs.lowbed.single_3.short,1,1,0
69786,_nameless.1de.2ab6.9c90,cantera,a_coruna,posped,swansea,1,895,1080,1176,jcb_dmphtd5e,man_4x2_a,trailer.scs_flat_b,trailer_def.scs.flatbed.single_3.flatbed_w,7,1,0
69786,_nameless.1de.2ab6.cae0,eurogoodies,cardiff,shuttle,bremen,1,1112,35,300,barley,scania_streamline_4x2_norm_380,trailer.scs_dumper,trailer_def.scs.dumper.single_3.steel,27,1,0
69786,_nameless.1de.2ab6.ca10,konstnr,gavle,baltomorsk,klaipeda,2,391,510,1110,hipresstank,mercedes_actros_2014_4x2_c,trailer.scs_flat_b,trailer_def.scs.flatbed.single_3.flatbed_w,8,1,0
69786,_nameless.1de.2ab6.b690,polarislines,karlskrona,tradeaux,prague,0,1036,105,404,drymilk,daf_xf_euro6_6x4_c,trailer.kasbhr_shg45,trailer_def.kassbohrer.scs.single_3_13.curtain,34,1,0
69786,_nameless.1de.2ab6.bde0,polarislines,karlskrona,gnt,daugavpils,0,863,510,1110,nylon_cord,man_tgx_2020_4x2,trailer.scs_dry_a,trailer_def.scs.box.single_3.dryvan,30,1,0
69786,_nameless.1de.2ab6.9d60,mvm_carriere,montpellier,sanbuild_cem,hannover,0,1267,0,0,mob_stacker,"""heavy/mercedes_6x4""",trailer.scs_lowlow2e,trailer_def.scs.lowloader.single_2_ln.long,1,1,0
69786,_nameless.1de.2ab6.a7f0,mvm_carriere,montpellier,gnt,bastia,2,343,840,1193,jcb_mexc19ce,mercedes_6x4_a,trailer.scs_flat_b,trailer_def.scs.flatbed.single_3.flatbed_w,3,1,0
69786,_nameless.1de.2ab6.ac00,mvm_carriere,montpellier,dans_jardin,porto_vecchi,0,214,840,1193,excav_soil,man_tgx_2020_6x2,trailer.scs_dumper,trailer_def.scs.dumper.single_3.steel,21,1,0
69786,_nameless.1de.2ab6.9e30,batisse_wind,montpellier,sanbuild_bas,munchen,0,1111,0,0,dozer,"""heavy/man_tgx_2020_8x4""",trailer.scs_lowbed41,trailer_def.scs.lowbed.single_41_ln.long,1,1,0
69786,_nameless.1de.2ab6.acd0,batisse_wind,montpellier,ns_chem,puertollano,0,1114,0,0,empty_palet,daf_4x2_a,trailer.kasbhr_shg45,trailer_def.kassbohrer.scs.single_3_13.curtain,34,1,0
69786,_nameless.1de.2ab6.a720,batisse_wind,montpellier,te_logistica,napoli,0,1310,0,0,volvo_a25g,"""heavy/mercedes_6x4""",trailer.scs_lowbed_3,trailer_def.scs.lowbed.single_3.short,1,1,0
69786,_nameless.1de.2ab6.9f00,lefko,thessaloniki,subse,galati,1,860,0,0,rye,scania_r2016_6x4_high_660,trailer.scs_silo,trailer_def.scs.silo.single_3_10.silo,30,1,0
69786,_nameless.1de.2ab6.b9d0,lefko,thessaloniki,tm_istanbul,istanbul,1,597,0,0,kr_ecb880cv,iveco_6x2_a,trailer.scs_lowbed41,trailer_def.scs.lowbed.single_41_ln.long,1,1,0
69786,_nameless.1de.2ab6.9fd0,cont_port_fr,lehavre,itcc,sheffield,0,707,35,300,acetylene,scania_r_4x2_norm_360,trailer.krone.boxliner20,trailer_def.krone.boxliner.single_3.container,40,1,0
69786,_nameless.1de.2ab6.c120,cont_port_fr,lehavre,subse,nantes,2,490,0,0,apples_c,iveco_4x2_b,trailer.scs_gosck20,trailer_def.scs.gooseneck.singl_3e_20.container,15,1,0
69786,_nameless.1de.2ab6.a240,acc,terni,adrica,zadar,0,323,600,315,concr_beams2,daf_xd,trailer.profilinehd,trailer_def.krone.profilinerhd.single_3.flatbed,2,1,0
69786,_nameless.1de.2ab6.ae70,acc,terni,costruzi_bas,firenze,1,236,0,0,cement,daf_4x2_b,trailer.ffb_kip60,trailer_def.feldbinder.kip.single_3_60.silo_60_3p,19,1,0
69786,_nameless.1de.2ab6.c2c0,acc,terni,icaria,argostoli,0,515,1030,1465,iron_pipes,man_tgx_2020_6x2,trailer.scs_log,trailer_def.scs.log.single_3.steel,28,1,0
69786,_nameless.1de.2ab6.bb70,cnp,duisburg,rt_log,barcelona,1,1367,0,0,watertank,daf_xf_euro6_4x2_b,trailer.scs_lowlowd2,trailer_def.scs.lowloader.single_2_sh.short,1,1,0
69786,_nameless.1de.2ab6.c390,cnp,duisburg,itcc,ljubljana,0,961,0,0,propane,renault_premium_4x2_c,trailer.scs_gastank,trailer_def.scs.gastank.single_3.gastank,40,1,0
69786,_nameless.1de.2ab6.a310,cnp,duisburg,rt_log,hamburg,1,323,0,0,motor_oil_c,iveco_4x2_c,trailer.scs_gosck220,trailer_def.scs.gooseneck.singl_3e_220.container,30,1,0
69786,_nameless.1de.2ab6.a3e0,cnp,duisburg,rt_log,koln,1,119,0,0,motor_oil,mercedes_6x2_b,trailer.scs_dry_s,trailer_def.scs.box.single_3.dryvan,33,1,0
69786,_nameless.1de.2ab6.b4f0,kaarfor,edirne,icaria,chios,0,347,690,1521,used_plast,man_tgx_euro6_6x4_xlx,trailer.kasbhr_shg45,trailer_def.kassbohrer.scs.single_3_13.curtain,34,1,0
69786,_nameless.1de.2ab6.b0e0,kaarfor,edirne,icaria,chios,2,347,690,1521,used_plast_c,daf_4x2_a,trailer.krone.boxliner40,trailer_def.krone.boxliner.single_3_40.container,30,1,0
69786,_nameless.1de.2ab6.c460,kaarfor,edirne,balkan_loco,pleven,0,369,0,0,used_packag,man_tgx_euro6_4x2_xxl,trailer.scs_curt,trailer_def.scs.box.single_3.curtain,33,1,0
69786,_nameless.1de.2ab6.a4b0,ateria,vaasa,norr_food,gavle,2,390,300,680,can_sardines,"""double/volvo_fh2012_4x2_750""",trailer.profiline17d,trailer_def.krone.profiliner.double_3_2.curtain,52,1,0
69786,_nameless.1de.2ab6.a580,ateria,vaasa,sal_fi,oulu,2,301,0,0,icecream,scania_streamline_6x2_norm_440,trailer.coolliner17,trailer_def.krone.coolliner.single_3.reefer,33,1,0
69786,_nameless.1de.2ab6.a650,stokes,plymouth,comoto,valladolid,2,297,1076,1172,fueltanker,man_6x4_b,trailer.scs_gosck20,trailer_def.scs.gooseneck.singl_3e_20.container,40,1,0
69786,_nameless.1de.2ab6.b350,stokes,plymouth,rt_log,madrid,0,471,1076,1172,digger500,iveco_sway_4x2_580,trailer.scs_lowlowd4,trailer_def.scs.lowloader.single_4_sh.short,1,1,0
69786,_nameless.1de.2ab6.b420,stokes,plymouth,subse,nantes,2,371,420,910,beef_meat,volvo_fh2024_4x2_420,trailer.coolliner17,trailer_def.krone.coolliner.single_3.reefer,33,1,0
69786,_nameless.1de.2ab6.b760,stokes,plymouth,posped,swansea,1,306,0,0,clothes,man_tgx_2020_4x2,trailer.scs_curt_a,trailer_def.scs.box.single_3.curtain,33,1,0
69786,_nameless.1de.2ab6.baa0,ns_oil,valmiera,borealis,mikkeli,2,605,150,430,oil,mercedes_6x2_b,trailer.scs_fueltank,trailer_def.scs.fueltank.single_3.fueltank,28,1,0
69786,_nameless.1de.2ab6.b900,ns_oil,valmiera,marina,esbjerg,0,1214,510,1110,fueltanker,scania_r2016_6x2_high_460,trailer.krone.boxliner40,trailer_def.krone.boxliner.single_3_40.container,80,1,0
69786,_nameless.1de.2ab6.c530,ns_oil,valmiera,aerobalt,turku,1,544,150,430,kerosene,daf_4x2_b,trailer.scs_fueltank,trailer_def.scs.fueltank.single_3.fueltank,30,1,0
69786,_nameless.1de.2ab6.d570,ns_oil,valmiera,ns_oil,klaipeda,0,382,0,0,diesel,scania_r2016_6x2_high_460,trailer.scs_fueltank,trailer_def.scs.fueltank.single_3.fueltank,28,1,0
69786,_nameless.1de.2ab6.f6c0,vainamoi_fla,kuusamo,sanbuild_hms,rovaniemi,2,193,0,0,volvo_ec220e,daf_4x2_a,trailer.kasbhr_sla,trailer_def.kassbohrer.sla.single_3_sh.lowbed,1,1,0
69786,_nameless.1de.2ab6.e340,vainamoi_fla,kuusamo,nofeba,joensuu,1,392,0,0,watertank,daf_xf_euro6_4x2_a,trailer.scs_lowbed41,trailer_def.scs.lowbed.single_41_ln.long,2,1,0
69786,_nameless.1de.2ab6.eea0,vainamoi_fla,kuusamo,nofeba,joensuu,0,392,0,0,empty_spool,iveco_sway_4x2_580,trailer.profilinehd,trailer_def.krone.profilinerhd.single_3.flatbed,4,1,0
69786,_nameless.1de.2ab6.d710,nch_ru,petersburg,blt,tartu,2,347,0,0,milk_t,daf_xf_euro6_4x2_a,trailer.ffb_tsalm32,trailer_def.feldbinder.tsalm.single_3_32.32_3_2,23,1,0
69786,_nameless.1de.2ab6.e9c0,konstnr_wind,vaasa,renar,skelleftea,1,189,300,680,forklifts,volvo_fh2024_4x2_420,trailer.scs_lowbed_4,trailer_def.scs.lowbed.single_4_sh.short,4,1,0
69786,_nameless.1de.2ab6.e000,batisse_wind,brest,cargotras,milano,0,1492,0,0,jcb_dmp6t2,"""heavy/iveco_6x4""",trailer.kasbhr_sll,trailer_def.kassbohrer.sll.single_3_sh.low,1,1,0
69786,_nameless.1de.2ab7.0220,batisse_wind,brest,sanbuilders,birmingham,0,391,420,1000,ter_forklift,daf_4x2_b,trailer.scs_flat_b,trailer_def.scs.flatbed.single_3.flatbed_w,2,1,0
69786,_nameless.1de.2ab6.dcc0,batisse_wind,brest,rt_log,salzburg,0,1571,0,0,forklifts,iveco_sway_4x2_460,trailer.scs_lowbed41,trailer_def.scs.lowbed.single_41_ln.long,4,1,0
69786,_nameless.1de.2ab6.f790,rock_eater,tekirdag,icaria,athens,2,874,0,0,tracks,iveco_sway_4x2_460,trailer.scs_lowbed41,trailer_def.scs.lowbed.single_41_ln.long,1,1,0
69786,_nameless.1de.2ab6.e680,rock_eater,tekirdag,rock_eater,argostoli,2,768,460,720,jcb_mexc19ce,man_tgx_euro6_4x2_xl,trailer.scs_flat_b,trailer_def.scs.flatbed.single_3.flatbed_w,3,1,0
69786,_nameless.1de.2ab6.df30,ika_bohag,odense,posped,strasbourg,2,989,0,0,used_packag,renault_premium_6x4_a,trailer.scs_dry_a,trailer_def.scs.box.single_3.dryvan,33,1,0
69786,_nameless.1de.2ab6.e5b0,ika_bohag,odense,transinet,sheffield,2,331,1140,1314,empty_palet,volvo_fh2021_4x2_750,trailer.drylineret,trailer_def.krone.edryliner.single_3.dryvan,33,1,0
69786,_nameless.1de.2ab6.f1e0,ika_bohag,odense,gnt,kristiansand,2,332,195,1052,pot_flowers,"""double/volvo_fh16_4x2_700""",trailer.scs_ref_2,trailer_def.scs.box.double_3_2.reefer,52,1,0
69786,_nameless.1de.2ab6.eb60,rock_eater,galati,stokes,pristina,1,757,0,0,mob_screener,"""heavy/volvo_fh2021_6x4_540""",trailer.kasbhr_slle,trailer_def.kassbohrer.sll.single_3_ln.low,1,1,0
69786,_nameless.1de.2ab6.db20,rock_eater,galati,balkan_loco,craiova,0,393,0,0,hipresstank,scania_r_4x2_top_480,trailer.scs_flat_b,trailer_def.scs.flatbed.single_3.flatbed_w,8,1,0
69786,_nameless.1de.2ab6.fba0,rock_eater,galati,shuttle,podgorica,0,973,0,0,emptytank,daf_xf_euro6_6x4_c,trailer.profilinehd,trailer_def.krone.profilinerhd.single_3.flatbed,1,1,0
69786,_nameless.1de.2ab6.e8f0,quarry,innsbruck,itcc,maribor,0,563,0,0,crawler,"""heavy/daf_xd""",trailer.kasbhr_sla,trailer_def.kassbohrer.sla.single_3_sh.lowbed,1,1,0
69786,_nameless.1de.2ab7.02f0,quarry,innsbruck,fallow,zagreb,0,640,0,0,volvo_a25g,"""heavy/renault_6x4""",trailer.kasbhr_sla,trailer_def.kassbohrer.sla.single_3_sh.lowbed,1,1,0
69786,_nameless.1de.2ab7.0150,quarry,innsbruck,balkan_loco,sarajevo,1,1073,0,0,mat_handler,"""heavy/man_6x4""",trailer.kasbhr_slle,trailer_def.kassbohrer.sll.single_3_ln.low,1,1,0
69786,_nameless.1de.2ab6.cfc0,cnp_str,zagreb,fcp,graz,1,251,0,0,motor_oil_c,renault_premium_6x4_a,trailer.kasbhr_shg40,trailer_def.kassbohrer.shg.singl_3e_40.container,30,1,0
69786,_nameless.1de.2ab6.ef70,cnp_str,zagreb,stokes,wien,0,364,0,0,fuel_oil,scania_r_6x4_top_620,trailer.willig.fuel_cistern,trailer_def.scs.fueltank.single_3.fueltank,27,1,0
69786,_nameless.1de.2ab6.fee0,cnp_str,zagreb,nbfc,budapest,2,383,0,0,oil,renault_t_4x2h,trailer.willig.fuel_cistern,trailer_def.scs.fueltank.single_3.fueltank,28,1,0
69786,_nameless.1de.2ab6.f860,cnp_str,zagreb,kathode,klagenfurt,0,304,0,0,motor_oil,renault_t_4x2h,trailer.scs_curt_s,trailer_def.scs.box.single_3.curtain,33,1,0
69786,_nameless.1de.2ab6.d090,betunia,pristina,transinet,bialystok,0,1405,0,0,concr_stair,volvo_fh2024_6x2_500,trailer.scs_flat_b,trailer_def.scs.flatbed.single_3.flatbed_w,3,1,0
69786,_nameless.1de.2ab6.de60,betunia,pristina,balkan_loco,craiova,1,373,0,0,bricks,mercedes_4x2,trailer.scs_brick_r,trailer_def.scs.flatbed.single_3.brick,32,1,0
69786,_nameless.1de.2ab6.e270,betunia,pristina,aluxion,karakaj,0,484,0,0,cement,volvo_fh2021_6x2_540,trailer.ffb_kip60,trailer_def.feldbinder.kip.single_3_60.silo_60_3p,16,1,0
69786,_nameless.1de.2ab6.e750,huerta,albacete,te_logistica,messina,0,533,1557,1788,garlic,mercedes_4x2_c,trailer.scs_dry_m,trailer_def.scs.box.single_3.dryvan_m,33,1,0
69786,_nameless.1de.2ab6.f520,huerta,albacete,shuttle,madrid,0,320,0,0,apples_c,renault_t_4x2h,trailer.scs_gosck40,trailer_def.scs.gooseneck.singl_3e_40.container,30,1,0
69786,_nameless.1de.2ab6.fa00,huerta,albacete,lisette_log,bordeaux,2,870,0,0,kr_gx520,renault_premium_4x2_c,trailer.kasbhr_slle,trailer_def.kassbohrer.sll.single_3_ln.low,1,1,0
69786,_nameless.1de.2ab6.d3d0,villco_mkt,trikala,tradeaux,pecs,0,1094,0,0,used_packag,scania_streamline_6x4_top_480,trailer.dryliner17,trailer_def.krone.dryliner.single_3.dryvan,33,1,0
69786,_nameless.1de.2ab6.d160,stokes,stuttgart,ns_oil,wien,0,636,0,0,ibc_cont,daf_4x2_b,trailer.scs_dry_a,trailer_def.scs.box.single_3.dryvan,33,1,0
69786,_nameless.1de.2ab6.e1a0,stokes,stuttgart,rt_log,nurnberg,1,285,0,0,kr_stc1370,scania_streamline_4x2_top_560,trailer.scs_lowlow4e,trailer_def.scs.lowloader.single_4_ln.long,1,1,0
69786,_nameless.1de.2ab6.e410,quarry,bern,costruzi_hal,sassari,0,935,720,827,jcb_dmp6t2,"""heavy/daf_xgp_4x2_530""",trailer.scs_lowlowd2,trailer_def.scs.lowloader.single_2_sh.short,1,1,0
69786,_nameless.1de.2ab6.edd0,quarry,bern,rt_log,geneve,2,143,0,0,tracks,daf_4x2_b,trailer.kasbhr_sla,trailer_def.kassbohrer.sla.single_3_sh.lowbed,1,1,0
69786,_nameless.1de.2ab6.f930,volvo_fac,goteborg,drekkar,aarhus,0,262,195,677,empty_barr,man_6x4_b,trailer.profiliner17,trailer_def.krone.profiliner.single_3.curtain,33,1,0
69786,_nameless.1de.2ab6.ffb0,volvo_fac,goteborg,nch,kouvola,1,912,540,1170,volvo_tr,iveco_4x2_c,trailer.truck_trans,trailer_def.volvo_tr.truck_trans,100,1,0
69786,_nameless.1de.2ab6.f450,euroacres,groningen,posped,szeged,0,1514,0,0,drymilk,iveco_4x2_c,trailer.kasbhr_scs,trailer_def.kassbohrer.scs.single_3_13.curtain,34,1,0
69786,_nameless.1de.2ab6.d4a0,euroacres,groningen,tradeaux,brest,1,1247,0,0,tractor_au,daf_xf_euro6_4x2_a,trailer.scs_lowlow2e,trailer_def.scs.lowloader.single_2_ln.long,1,1,0
69786,_nameless.1de.2ab6.d7e0,radus,bijelo_polje,betunia,mostar,2,308,0,0,empty_spool,iveco_sway_4x2_460,trailer.scs_lowbed_4,trailer_def.scs.lowbed.single_4_sh.short,3,1,0
69786,_nameless.1de.2ab6.f110,radus,bijelo_polje,exomar,taranto,0,427,540,420,bricks,scania_r_4x2_norm_360,trailer.profilinebm,trailer_def.krone.profilinerbm.single_3.brick,32,1,0
69786,_nameless.1de.2ab6.d8b0,radus,bijelo_polje,cargotras,catanzaro,1,635,540,420,metal_center,"""heavy/volvo_fh2012_8x4_700""",trailer.kasbhr_sll,trailer_def.kassbohrer.sll.single_3_sh.low,1,1,0
69786,_nameless.1de.2ab6.d980,cont_port,aarhus,transinet,sheffield,0,317,1140,1314,carbn_pwdr_c,mercedes_actros_2014_6x4_b,trailer.kasbhr_shg20,trailer_def.kassbohrer.shg.singl_3e_20.container,15,1,0
69786,_nameless.1de.2ab6.da50,cont_port,aarhus,wgcc,kokkola,0,1534,300,680,fluorine,man_tgx_euro6_4x2_xl,trailer.scs_gosck20,trailer_def.scs.gooseneck.singl_3e_20.container,40,1,0
69786,_nameless.1de.2ab7.2ac0,cont_port,aarhus,renar,kokkola,2,1531,300,680,salt_spice_c,daf_xf_euro6_4x2_b,trailer.krone.boxliner220,trailer_def.krone.boxliner.single_3_220.container,30,1,0
69786,_nameless.1de.2ab7.0ff0,ms_stein,oslo,nch,tallinn,0,797,570,1270,stones,scania_s2016_6x4_high_730,trailer.scs_dumper,trailer_def.scs.dumper.single_3.steel,11,1,0
69786,_nameless.1de.2ab7.1740,ms_stein,oslo,sal_fi,ivalo,1,1500,0,0,mob_screener,"""heavy/scania_streamline_8x4_top_730""",trailer.kasbhr_slle,trailer_def.kassbohrer.sll.single_3_ln.low,1,1,0
69786,_nameless.1de.2ab7.08a0,ms_stein,oslo,baltomors_ru,pskov,0,1038,570,1270,jcb_exc245xr,"""heavy/renault_t_6x4""",trailer.scs_lowbed41,trailer_def.scs.lowbed.single_41_ln.long,1,1,0
69786,_nameless.1de.2ab7.25e0,ms_stein,oslo,norrsken,hamar,0,254,0,0,volvo_bucket,man_tgx_euro6_4x2_xxl,trailer.scs_lowlow2e,trailer_def.scs.lowloader.single_2_ln.long,1,1,0
69786,_nameless.1de.2ab7.3140,app,coimbra,nos_pat,lleida,1,1106,0,0,tractor_c,"""heavy/daf_xgp_4x2_530""",trailer.kasbhr_slle,trailer_def.kassbohrer.sll.single_3_ln.low,1,1,0
69786,_nameless.1de.2ab7.1400,app,coimbra,tras_med,catania,0,1300,1557,1788,train_part2,daf_4x2_a,trailer.profilinehd,trailer_def.krone.profilinerhd.single_3.flatbed,3,1,0
69786,_nameless.1de.2ab7.2440,norrsken,goteborg,tradeaux,hannover,0,944,0,0,desinfection,"""double/renault_t_4x2h""",trailer.profiline17d,trailer_def.krone.profiliner.double_3_2.curtain,37,1,0
69786,_nameless.1de.2ab7.0a40,norrsken,goteborg,polarislines,tallinn,0,621,570,1270,beverages,scania_s2016_6x4_high_730,trailer.scs_dry_m,trailer_def.scs.box.single_3.dryvan_m,30,1,0
69786,_nameless.1de.2ab7.36f0,norrsken,goteborg,sellplan,olsztyn,2,558,630,790,rice,iveco_sway_4x2_500,trailer.scs_dry_s,trailer_def.scs.box.single_3.dryvan,33,1,0
69786,_nameless.1de.2ab7.0d80,norrsken,goteborg,renar,oslo,0,283,0,0,pasta,scania_s2016_6x2_high_460,trailer.kasbhr_sbt,trailer_def.kassbohrer.sbt.single_3_13.dryvan,34,1,0
69786,_nameless.1de.2ab7.2b90,norrsken,goteborg,posped,lodz,0,1131,105,404,med_vaccine,daf_xf_euro6_4x2_c,trailer.scs_ref_s,trailer_def.scs.box.single_3.reefer,33,1,0
69786,_nameless.1de.2ab7.2c60,tradeaux,pecs,lkwlog,graz,2,345,0,0,post_packag,scania_r2016_6x4_high_660,trailer.scs_dry_s,trailer_def.scs.box.single_3.dryvan,33,1,0
69786,_nameless.1de.2ab7.2d30,tradeaux,pecs,brawen,novi_sad,1,307,0,0,vans_id,mercedes_4x2_b,trailer.van_trans,trailer_def.vans_id.van_trans,100,1,0
69786,_nameless.1de.2ab7.1670,tradeaux,pecs,stokes,zurich,2,1106,0,0,lumber,volvo_fh16_6x4_700,trailer.profilinehd,trailer_def.krone.profilinerhd.single_3.flatbed,3,1,0
69786,_nameless.1de.2ab7.0490,bhv,albacete,bhv,madrid,2,256,0,0,scooters,man_tgx_euro6_4x2_xl,trailer.kasbhr_shg45,trailer_def.kassbohrer.scs.single_3_13.curtain,34,1,0
69786,_nameless.1de.2ab7.2510,ika_bohag,munchen,cnp,napoli,2,1157,0,0,empty_palet,volvo_fh2024_4x2_780,trailer.scs_curt,trailer_def.scs.box.single_3.curtain,33,1,0
69786,_nameless.1de.2ab7.1260,ika_bohag,munchen,sellplan,wien,1,384,0,0,pot_flowers,scania_r_4x2_top_480,trailer.scs_ref,trailer_def.scs.box.single_3.reefer,33,1,0
69786,_nameless.1de.2ab7.26b0,norr_food,jonkoping,renor,kajaani,0,1346,0,0,used_packag,iveco_4x2_b,trailer.scs_dry_a,trailer_def.scs.box.single_3.dryvan,33,1,0
69786,_nameless.1de.2ab7.32e0,lkwlog,nurnberg,tradeaux,prague,1,265,0,0,vol_ew240emh,"""heavy/scania_r_6x4_top_730""",trailer.scs_lowbed_4,trailer_def.scs.lowbed.single_4_sh.short,1,1,0
69786,_nameless.1de.2ab7.0970,lkwlog,nurnberg,dfh,hamburg,0,564,0,0,pesto,daf_6x2_a,trailer.scs_dry_s,trailer_def.scs.box.single_3.dryvan,33,1,0
69786,_nameless.1de.2ab7.3210,lkwlog,nurnberg,eurogoodies,metz,0,465,0,0,froz_octopi,scania_streamline_6x2_norm_440,trailer.coolliner17,trailer_def.krone.coolliner.single_3.reefer,33,1,0
69786,_nameless.1de.2ab7.2780,cont_port,oslo,vpc,goteborg,0,266,0,0,fluorine,daf_xd_1,trailer.kasbhr_shg40,trailer_def.kassbohrer.shg.singl_3e_40.container,80,1,0
69786,_nameless.1de.2ab7.07d0,aluxion,karakaj,sanbuilders,salzburg,2,851,0,0,iron_pipes,man_6x4_b,trailer.scs_log,trailer_def.scs.log.single_3.steel,28,1,0
69786,_nameless.1de.2ab7.2850,aluxion,karakaj,dunavia,osijek,2,278,0,0,perfor_frks,daf_xf_4x2_370,trailer.drylineret,trailer_def.krone.edryliner.single_3.dryvan,33,1,0
69786,_nameless.1de.2ab7.0560,scs_paper,navia,log_atlan,leon,2,240,0,0,paper,volvo_fh2021_4x2_750,trailer.scs_dry_m,trailer_def.scs.box.single_3.dryvan_m,33,1,0
69786,_nameless.1de.2ab7.1cf0,scs_paper,navia,app,faro,1,939,0,0,empty_barr,"""double/daf_xgp_4x2_530""",trailer.profiline17d,trailer_def.krone.profiliner.double_3_2.curtain,52,1,0
69786,_nameless.1de.2ab7.0630,scs_paper,navia,fle,barcelona,1,945,0,0,large_cont,mercedes_actros_2014_6x2_a,trailer.scs_flat_b,trailer_def.scs.flatbed.single_3.flatbed_w,33,1,0
69786,_nameless.1de.2ab7.15a0,scs_paper,navia,lavish_food,huelva,2,1004,0,0,empty_palet,man_tgx_euro6_4x2_xxl,trailer.dryliner17,trailer_def.krone.dryliner.single_3.dryvan,33,1,0
69786,_nameless.1de.2ab7.2920,steinbr_str,magdeburg,ms_stein,kristiansand,0,734,195,1052,crawler,"""heavy/scania_s2016_6x4_high_730""",trailer.scs_lowlow2e,trailer_def.scs.lowloader.single_2_ln.long,1,1,0
69786,_nameless.1de.2ab7.1190,ika_bohag,bucuresti,icaria,mitilini,0,627,730,1440,pot_flowers,renault_premium_4x2_a,trailer.scs_ins,trailer_def.scs.box.single_3.insulated,33,1,0
69786,_nameless.1de.2ab7.0f20,ika_bohag,bucuresti,icaria,mitilini,2,627,730,1440,empty_palet,scania_r_6x2_high_500,trailer.scs_dry_m,trailer_def.scs.box.single_3.dryvan_m,32,1,0
69786,_nameless.1de.2ab7.2370,brawen,banja_luka,stokes,rijeka,0,328,0,0,protec_cloth,iveco_4x2_c,trailer.drylineret,trailer_def.krone.edryliner.single_3.dryvan,33,1,0
69786,_nameless.1de.2ab7.3070,brawen,banja_luka,stokes,maribor,0,314,0,0,emp_wine_bot,iveco_4x2_c,trailer.kasbhr_shg45,trailer_def.kassbohrer.scs.single_3_13.curtain,34,1,0
69786,_nameless.1de.2ab7.2e00,brawen,banja_luka,icaria,rhodes,1,1492,810,1889,caravans,man_tgx_2020_6x2,trailer.truck_trans,trailer_def.caravans.truck_trans,100,1,0
69786,_nameless.1de.2ab7.18e0,brawen,banja_luka,lkwlog,graz,0,424,0,0,truck_tyres,scania_streamline_6x4_top_480,trailer.scs_dry_s,trailer_def.scs.box.single_3.dryvan,33,1,0
69786,_nameless.1de.2ab7.19b0,shuttle,novi_sad,balkan_loco,edirne,0,883,0,0,beverages,scania_streamline_4x2_norm_380,trailer.scs_curt,trailer_def.scs.box.single_3.curtain,33,1,0
69786,_nameless.1de.2ab7.1b50,shuttle,novi_sad,fallow,timisoara,1,225,0,0,iced_coffee,volvo_fh16_4x2_420,trailer.scs_curt_a,trailer_def.scs.box.single_3.curtain,33,1,0
69786,_nameless.1de.2ab7.29f0,shuttle,novi_sad,stokes,maribor,2,535,0,0,bottle_water,renault_t_4x2h,trailer.scs_dry_ms,trailer_def.scs.box.single_3.dryvan_m,30,1,0
69786,_nameless.1de.2ab7.1c20,shuttle,novi_sad,trameri,wroclaw,1,831,0,0,forklifts,mercedes_actros_2014_6x4_b,trailer.scs_lowbed_4,trailer_def.scs.lowbed.single_4_sh.short,3,1,0
69786,_nameless.1de.2ab7.1dc0,ika_bohag,hamar,drekkar,odense,0,896,0,0,pot_flowers,daf_xd25,trailer.coolliner17,trailer_def.krone.coolliner.single_3.reefer,33,1,0
69786,_nameless.1de.2ab7.2030,ika_bohag,hamar,renar,vasteraas,1,347,0,0,empty_palet,renault_t_4x2h,trailer.profiliner17,trailer_def.krone.profiliner.single_3.curtain,33,1,0
69786,_nameless.1de.2ab7.50f0,ika_bohag,hamar,renar,mikkeli,1,858,540,1170,used_packag,"""double/scania_r_4x2_top_500""",trailer.scs_curt_b2,trailer_def.scs.box.bdouble_3_3.curtain,52,1,0
69786,_nameless.1de.2ab7.4c10,trameri,wroclaw,posped,lublin,2,371,0,0,plast_film,mercedes_4x2_b,trailer.profiliner17,trailer_def.krone.profiliner.single_3.curtain,33,1,0
69786,_nameless.1de.2ab7.63a0,trameri,wroclaw,dfh,dresden,0,231,0,0,rooflights,iveco_sway_4x2_460,trailer.scs_curt,trailer_def.scs.box.single_3.curtain,33,1,0
69786,_nameless.1de.2ab7.6200,trameri,wroclaw,euroacres,osnabruck,1,712,0,0,emptytank,renault_premium_6x4_a,trailer.scs_flat_b,trailer_def.scs.flatbed.single_3.flatbed_w,1,1,0
69786,_nameless.1de.2ab7.3960,renat,brasov,imp_otel,iasi,0,326,0,0,large_cont,scania_r2016_6x2_high_460,trailer.scs_lowbed_3,trailer_def.scs.lowbed.single_3.short,27,1,0
69786,_nameless.1de.2ab7.5df0,renat,brasov,icaria,kavala,2,814,0,0,furniture,daf_xgp25_4x2_530,trailer.scs_dry_a,trailer_def.scs.box.single_3.dryvan,33,1,0
69786,_nameless.1de.2ab7.4a70,renat,brasov,balkan_loco,veli_tarnovo,2,398,0,0,mat_handler,"""heavy/mercedes_actros_8x4""",trailer.kasbhr_slle,trailer_def.kassbohrer.sll.single_3_ln.low,1,1,0
69786,_nameless.1de.2ab7.3a30,renat,brasov,piac,kragujevac,0,543,0,0,ter_forklift,daf_xd_2,trailer.scs_flat_b,trailer_def.scs.flatbed.single_3.flatbed_w,2,1,0
69786,_nameless.1de.2ab7.4db0,quadrelli,pescara,te_logistica,cagliari,0,271,840,879,volvo_bucket,man_6x4_b,trailer.kasbhr_sla,trailer_def.kassbohrer.sla.single_3_sh.lowbed,1,1,0
69786,_nameless.1de.2ab7.5910,quadrelli,pescara,te_logistica,cagliari,2,271,840,879,jcb_mexc19ce,man_4x2_a,trailer.profilinehd,trailer_def.krone.profilinerhd.single_3.flatbed,3,1,0
69786,_nameless.1de.2ab7.3e40,quadrelli,pescara,transinet,ostrava,1,1360,0,0,gravel,man_tgx_euro6_4x2_xl,trailer.scs_dumper,trailer_def.scs.dumper.single_3.steel,16,1,0
69786,_nameless.1de.2ab7.67b0,bcp,pecs,lisette_log,nice,0,1273,0,0,forklifts,renault_t_6x2,trailer.scs_lowbed41,trailer_def.scs.lowbed.single_41_ln.long,3,1,0
69786,_nameless.1de.2ab7.62d0,tradeaux,dusseldorf,dfh,berlin,0,551,0,0,cheese,scania_r2016_6x2_high_460,trailer.scs_ref,trailer_def.scs.box.single_3.reefer,33,1,0
69786,_nameless.1de.2ab7.3bd0,tradeaux,dusseldorf,gnt,panevezys,2,1578,0,0,fuel_oil,mercedes_6x2_b,trailer.willig.fuel_cistern,trailer_def.scs.fueltank.single_3.fueltank,27,1,0
69786,_nameless.1de.2ab7.5ec0,tradeaux,dusseldorf,fle,montpellier,1,1085,0,0,comp_process,daf_xd_1,trailer.scs_curt_s,trailer_def.scs.box.single_3.curtain,33,1,0
69786,_nameless.1de.2ab7.4f50,tradeaux,dusseldorf,transinet,rotterdam,1,284,0,0,forwarder,"""heavy/renault_6x4""",trailer.scs_lowlow2e,trailer_def.scs.lowloader.single_2_ln.long,1,1,0
69786,_nameless.1de.2ab7.6130,polarislines,kapellskar,suprema_ru,pskov,1,337,570,1270,yogurt,daf_6x2_a,trailer.scs_ref_a,trailer_def.scs.box.single_3.reefer,33,1,0
69786,_nameless.1de.2ab7.51c0,polarislines,kapellskar,aerobalt,riga,1,288,510,1110,med_equip,scania_s_2024e,trailer.coolliner17,trailer_def.krone.coolliner.single_3.reefer,33,1,0
69786,_nameless.1de.2ab7.6950,eppa,olhao,gallia_ferry,bilbao,1,1097,0,0,olives,mercedes_6x2_b,trailer.scs_dry_s,trailer_def.scs.box.single_3.dryvan,33,1,0
69786,_nameless.1de.2ab7.44c0,wgcc,glasgow,bhb_raffin,lehavre,0,1087,35,300,petrol,mercedes_4x2_c,trailer.scs_fueltank,trailer_def.scs.fueltank.single_3.fueltank,30,1,0
69786,_nameless.1de.2ab7.56a0,wgcc,glasgow,trameri,liverpool,2,375,0,0,nitrogen,iveco_4x2_b,trailer.scs_gosck220,trailer_def.scs.gooseneck.singl_3e_220.container,80,1,0
69786,_nameless.1de.2ab7.4b40,wgcc,glasgow,nbfc,calais,0,809,91,384,hmetal,man_tgx_2020_6x2,trailer.krone.boxliner220,trailer_def.krone.boxliner.single_3_220.container,80,1,0
69786,_nameless.1de.2ab7.4180,wgcc,glasgow,trameri,plymouth,0,800,0,0,acetylene,mercedes_actros_2014_4x2_b,trailer.scs_gosck20,trailer_def.scs.gooseneck.singl_3e_20.container,40,1,0
69786,_nameless.1de.2ab7.6af0,norr_food,tromso,renor,kiruna,1,377,0,0,used_packag,daf_xd25,trailer.scs_dry,trailer_def.scs.box.single_3.dryvan,33,1,0
69786,_nameless.1de.2ab7.6470,norr_food,tromso,norse_rail,narvik,1,283,0,0,used_plast,volvo_fh2021_4x2_420,trailer.scs_curt,trailer_def.scs.box.single_3.curtain,33,1,0
69786,_nameless.1de.2ab7.59e0,norr_food,tromso,blt,tartu,0,1571,150,430,empty_palet,daf_xf_euro6_6x2_a,trailer.kasbhr_scs,trailer_def.kassbohrer.scs.single_3_13.curtain,34,1,0
69786,_nameless.1de.2ab7.6540,cargotras,pescara,villco,sarajevo,1,595,600,315,froz_octopi,scania_r_6x4_top_620,trailer.scs_ref,trailer_def.scs.box.single_3.reefer,33,1,0
69786,_nameless.1de.2ab7.5840,cargotras,pescara,fallow,larissa,1,622,570,745,train_part,daf_xf_euro6_4x2_c,trailer.scs_flat_b,trailer_def.scs.flatbed.single_3.flatbed_w,6,1,0
69786,_nameless.1de.2ab7.5290,cargotras,pescara,renar,calvi,0,601,1050,1234,plumb_suppl,renault_t_4x2h,trailer.profiliner17,trailer_def.krone.profiliner.single_3.curtain,33,1,0
69786,_nameless.1de.2ab7.4ce0,cargotras,pescara,tras_med,roma,2,240,0,0,truck_batt,renault_etech_t,trailer.drylineret,trailer_def.krone.edryliner.single_3.dryvan,33,1,0
69786,_nameless.1de.2ab7.37c0,cargotras,pescara,eurogoodies,podgorica,0,497,540,420,salm_fillet,man_4x2_c,trailer.scs_ref_a,trailer_def.scs.box.single_3.reefer,33,1,0
69786,_nameless.1de.2ab7.6610,shuttle,bremen,fcp,hannover,0,205,0,0,ter_forklift,mercedes_actros_2014_4x2_b,trailer.profilinehd,trailer_def.krone.profilinerhd.single_3.flatbed,2,1,0
69786,_nameless.1de.2ab7.5f90,shuttle,bremen,tradeaux,kassel,0,323,0,0,used_plast_c,iveco_6x2_a,trailer.krone.boxliner20,trailer_def.krone.boxliner.single_3.container,15,1,0
69786,_nameless.1de.2ab7.3890,shuttle,bremen,globeur,rennes,1,1098,0,0,iced_coffee,iveco_sway_4x2_500,trailer.scs_dry,trailer_def.scs.box.single_3.dryvan,33,1,0
69786,_nameless.1de.2ab7.4590,shuttle,bremen,renar,stavanger,0,782,195,1052,nonalco_beer,renault_magnum_6x4_a,trailer.kasbhr_shg45,trailer_def.kassbohrer.scs.single_3_13.curtain,34,1,0
69786,_nameless.1de.2ab7.5b80,shuttle,bremen,lkwlog,amsterdam,0,316,0,0,used_packag,daf_xd,trailer.kasbhr_sbt,trailer_def.kassbohrer.sbt.single_3_13.dryvan,34,1,0
69786,_nameless.1de.2ab7.6060,drekkar,umea,rt_log,travemunde,2,1497,105,404,logs,volvo_fh2012_4x2_420,trailer.scs_log,trailer_def.scs.log.single_3.steel,32,1,0
69786,_nameless.1de.2ab7.5ab0,drekkar,umea,drekkar,bergen,0,1218,0,0,locomotive,"""heavy/scania_r2016_8x4_high_730""",trailer.scs_lowbed41,trailer_def.scs.lowbed.single_41_ln.long,1,1,0
69786,_nameless.1de.2ab7.66e0,drekkar,umea,nosko,utena,1,1031,450,1110,hvac,mercedes_4x2,trailer.scs_lowbed_4,trailer_def.scs.lowbed.single_4_sh.short,4,1,0
69786,_nameless.1de.2ab7.3f10,drekkar,umea,norse_rail,gavle,2,335,0,0,almond,scania_s2016_6x2_high_460,trailer.profiliner17,trailer_def.krone.profiliner.single_3.curtain,33,1,0
69786,_nameless.1de.2ab7.5360,fle,montpellier,cesare_smar,sassari,1,407,720,827,oranges,volvo_fh16_6x4_700,trailer.scs_ref_s,trailer_def.scs.box.single_3.reefer,33,1,0
69786,_nameless.1de.2ab7.6880,fle,montpellier,cargotras,sassari,0,406,720,827,post_packag,iveco_h_4x2_a,trailer.scs_dry_a,trailer_def.scs.box.single_3.dryvan,33,1,0
69786,_nameless.1de.2ab7.3fe0,fle,montpellier,lisette_log,ajaccio,0,346,840,1193,fresh_fish,iveco_6x2_a,trailer.coollineret,trailer_def.krone.ecoolliner.single_3.reefer,33,1,0
69786,_nameless.1de.2ab7.4250,fle,montpellier,tradeaux,dusseldorf,0,1096,0,0,med_vaccine,scania_r2016_6x4_high_660,trailer.scs_ins,trailer_def.scs.box.single_3.insulated,33,1,0
69786,_nameless.1de.2ab7.4660,batisse_hs,paris,eurogoodies,dover,0,272,35,300,large_cont,daf_4x2_b,trailer.scs_lowbed_4,trailer_def.scs.lowbed.single_4_sh.short,27,1,0
69786,_nameless.1de.2ab7.5430,ocean_sol,vigo,trans_cab,santander,0,648,0,0,used_packag,volvo_fh2012_4x2_420,trailer.scs_dry_m,trailer_def.scs.box.single_3.dryvan_m,33,1,0
69786,_nameless.1de.2ab7.4800,ocean_sol,vigo,app,ciudad_real,1,781,0,0,cable_reel,"""heavy/scania_streamline_8x4_top_730""",trailer.scs_lowlowd4,trailer_def.scs.lowloader.single_4_sh.short,1,1,0
69786,_nameless.1de.2ab7.5500,rock_eat_str,beograd,adrica,rijeka,0,595,0,0,volvo_bucket,renault_premium_4x2_a,trailer.scs_lowbed_4,trailer_def.scs.lowbed.single_4_sh.short,1,1,0
69786,_nameless.1de.2ab7.55d0,tree_et,nurnberg,quarry,mannheim,2,241,0,0,jcb_pw125qe,iveco_sway_4x2_580,trailer.scs_flat_b,trailer_def.scs.flatbed.single_3.flatbed_w,24,1,0
69786,_nameless.1de.2ab7.49a0,tree_et,nurnberg,exomar,bologna,2,873,0,0,mob_tr_winch,"""heavy/mercedes_6x4""",trailer.kasbhr_sll,trailer_def.kassbohrer.sll.single_3_sh.low,1,1,0
69786,_nameless.1de.2ab7.5d20,sal_fi,kajaani,cont_port_ru,petersburg,0,792,0,0,lumber_p,iveco_4x2_b,trailer.profilinehd,trailer_def.krone.profilinerhd.single_3.flatbed,6,1,0
69786,_nameless.1de.2ab7.8900,sal_fi,kajaani,lintukainen,kuusamo,1,210,0,0,mob_tr_winch,"""heavy/mercedes_actros_8x4""",trailer.scs_lowbed_3,trailer_def.scs.lowbed.single_3.short,1,1,0
69786,_nameless.1de.2ab7.7cd0,sal_fi,kajaani,rosmark_ru,kaliningrad,2,1304,150,430,olive_tree,renault_premium_6x4_a,trailer.scs_brick_r,trailer_def.scs.flatbed.single_3.brick,1,1,0
69786,_nameless.1de.2ab7.74b0,byggpro,dombas,konstnr,oslo,1,351,0,0,marb_blck,volvo_fh2021_6x2_540,trailer.profilinehd,trailer_def.krone.profilinerhd.single_3.flatbed,2,1,0
69786,_nameless.1de.2ab7.77f0,byggpro,dombas,polarislines,naantali,1,700,540,1170,empty_spool,daf_xd_1,trailer.scs_lowbed_4,trailer_def.scs.lowbed.single_4_sh.short,3,1,0
69786,_nameless.1de.2ab7.8420,byggpro,dombas,sag_tre,steinkjer,2,347,0,0,logs,daf_xd_1,trailer.scs_log,trailer_def.scs.log.single_3.steel,32,1,0
69786,_nameless.1de.2ab7.7a60,ns_oil,ventspils,primel,gavle,0,261,510,1110,propane,iveco_4x2_c,trailer.scs_gastank,trailer_def.scs.gastank.single_3.gastank,40,1,0
69786,_nameless.1de.2ab7.84f0,ns_oil,ventspils,tree_et,graz,0,1589,0,0,oil,daf_xf_euro6_6x2_a,trailer.willig.fuel_cistern,trailer_def.scs.fueltank.single_3.fueltank,28,1,0
69786,_nameless.1de.2ab7.7990,ns_oil,ventspils,euroacres,erfurt,1,1398,0,0,petrol,daf_xgp_4x2_530,trailer.scs_fueltank,trailer_def.scs.fueltank.single_3.fueltank,30,1,0
69786,_nameless.1de.2ab7.8aa0,ns_oil,ventspils,bltmetal,siauliai,0,281,0,0,ethane,iveco_4x2_b,trailer.scs_gastank,trailer_def.scs.gastank.single_3.gastank,40,1,0
69786,_nameless.1de.2ab7.8c40,marina,tallinn,sal_fi,helsinki,0,86,150,430,lux_yacht,scania_s2016_4x2_norm_370,trailer.scs_lowbed_4,trailer_def.scs.lowbed.single_4_sh.short,1,1,0
69786,_nameless.1de.2ab7.8eb0,ns_oil,daugavpils,drekkar,uppsala,0,522,510,1110,diesel,daf_xgp_4x2_530,trailer.scs_fueltank,trailer_def.scs.fueltank.single_3.fueltank,28,1,0
69786,_nameless.1de.2ab7.8830,ns_oil,daugavpils,bltmetal,siauliai,0,308,0,0,ethane,man_tgx_2020_6x2,trailer.scs_gastank,trailer_def.scs.gastank.single_3.gastank,40,1,0
69786,_nameless.1de.2ab7.6d60,ns_oil,daugavpils,cnp,wien,0,1309,0,0,lpg,renault_t_4x2h,trailer.kasbhr_shg20,trailer_def.kassbohrer.shg.singl_3e_20.container,40,1,0
69786,_nameless.1de.2ab7.7b30,c_navale,olbia,eolo_lines,marseille,0,135,1178,1353,used_packag,volvo_fh16_6x4_700,trailer.scs_dry_a,trailer_def.scs.box.single_3.dryvan,33,1,0
69786,_nameless.1de.2ab7.70a0,c_navale,olbia,tradeaux,ajaccio,0,138,210,355,cable_reel,"""heavy/mercedes_actros_8x4""",trailer.scs_lowlow4e,trailer_def.scs.lowloader.single_4_ln.long,1,1,0
69786,_nameless.1de.2ab7.7da0,charmey,geneve,renar,calvi,0,732,840,1193,empty_palet,daf_xd25,trailer.scs_dry_a,trailer_def.scs.box.single_3.dryvan,33,1,0
69786,_nameless.1de.2ab7.8b70,charmey,geneve,globeur,lehavre,0,796,0,0,chewing_gums,volvo_fh16_4x2_540,trailer.kasbhr_scs,trailer_def.kassbohrer.scs.single_3_13.curtain,32,1,0
69786,_nameless.1de.2ab7.8d10,charmey,geneve,rt_log,zurich,0,260,0,0,icecream,man_4x2_c,trailer.coollineret,trailer_def.krone.ecoolliner.single_3.reefer,33,1,0
69786,_nameless.1de.2ab7.85c0,charmey,geneve,eurogoodies,leipzig,1,976,0,0,packag_food,daf_xgp25_4x2_530,trailer.kasbhr_sbt,trailer_def.kassbohrer.sbt.single_3_13.dryvan,34,1,0
69786,_nameless.1de.2ab7.8690,dfh,nurnberg,brawen,bucuresti,0,1588,0,0,jcb_exc245xr,"""heavy/scania_s2016_8x4_high_770""",trailer.scs_lowbed_3,trailer_def.scs.lowbed.single_3.short,1,1,0
69786,_nameless.1de.2ab7.8760,dfh,nurnberg,adrica,split,0,1093,0,0,glass,daf_xf_4x2_370,trailer.panel_trans.glass,trailer_def.glass.panel_trans.glass,90,1,0
69786,_nameless.1de.2ab7.81b0,byggpro,vaasa,renor,kajaani,0,356,0,0,gravel,iveco_sway_4x2_460,trailer.scs_dumper,trailer_def.scs.dumper.single_3.steel,16,1,0
69786,_nameless.1de.2ab7.7720,byggpro,vaasa,renar,lillehammer,2,716,300,680,metal_center,"""heavy/mercedes_actros_8x4""",trailer.scs_lowlow4e,trailer_def.scs.lowloader.single_4_ln.long,1,1,0
69786,_nameless.1de.2ab7.8010,byggpro,vaasa,renar,vaxjo,0,843,540,1170,guard_rails,volvo_fh16_4x2_420,trailer.dryliner17,trailer_def.krone.dryliner.single_3.dryvan,33,1,0
69786,_nameless.1de.2ab7.6bc0,byggpro,vaasa,renar,arvidsjaur,0,222,300,680,concr_beams2,renault_t_4x2,trailer.profilinehd,trailer_def.krone.profilinerhd.single_3.flatbed,2,1,0
69786,_nameless.1de.2ab7.7f40,byggpro,vaasa,onnelik_a,tartu,0,573,150,430,wooden_beams,daf_xf_4x2_370,trailer.scs_log,trailer_def.scs.log.single_3.steel,2,1,0
69786,_nameless.1de.2ab7.6c90,ai,hamburg,renar,parnu,0,1449,0,0,ter_forklift,man_tgx_2020_6x2,trailer.scs_flat_b,trailer_def.scs.flatbed.single_3.flatbed_w,2,1,0
69786,_nameless.1de.2ab7.6e30,nord_crown,kobenhavn,norrsken,borlange,0,735,0,0,yogurt,scania_streamline_6x2_norm_440,trailer.scs_ref_a,trailer_def.scs.box.single_3.reefer,33,1,0
69786,_nameless.1de.2ab7.6fd0,nord_crown,kobenhavn,gnt,daugavpils,0,1065,510,1110,limonades,iveco_sway_4x2_460,trailer.scs_dry_ms,trailer_def.scs.box.single_3.dryvan_m,30,1,0
69786,_nameless.1de.2ab7.7170,nord_crown,kobenhavn,tradeaux,pecs,0,1419,105,404,beverages,mercedes_actros_2014_6x2_a,trailer.coolliner17,trailer_def.krone.coolliner.single_3.reefer,30,1,0
69786,_nameless.1de.2ab7.7240,nord_crown,kobenhavn,exomar,bologna,0,1504,105,404,iced_coffee,scania_streamline_6x2_norm_440,trailer.kasbhr_shg45,trailer_def.kassbohrer.scs.single_3_13.curtain,34,1,0
69786,_nameless.1de.2ab7.7310,kaarfor,strasbourg,stokes,pristina,1,1588,0,0,used_packag,daf_xd,trailer.scs_dry_s,trailer_def.scs.box.single_3.dryvan,33,1,0
69786,_nameless.1de.2ab7.73e0,kaarfor,strasbourg,tradeaux,ajaccio,1,887,840,1193,used_plast,scania_s2016_4x2_high_590,trailer.scs_dry_a,trailer_def.scs.box.single_3.dryvan,33,1,0
69786,_nameless.1de.2ab3.9d90,kaarfor,strasbourg,rt_log,nurnberg,1,354,0,0,empty_palet,scania_s2016_6x4_high_730,trailer.dryliner17,trailer_def.krone.dryliner.single_3.dryvan,33,1,0
69786,_nameless.1de.2ab3.97e0,zelenye,petersburg,blt_ru,pskov,1,386,0,0,tractor_c,"""heavy/mercedes_6x4""",trailer.scs_lowlow2e,trailer_def.scs.lowloader.single_2_ln.long,1,1,0
69786,_nameless.1de.2ab3.b040,zelenye,petersburg,blt_ru,pskov,0,386,0,0,carrots,scania_r2016_4x2_norm_370,trailer.dryliner17,trailer_def.krone.dryliner.single_3.dryvan,33,1,0
69786,_nameless.1de.2ab3.ad00,nucleon,civaux,lisette_log,lemans,0,358,0,0,jcb_exc245xr,"""heavy/man_6x4""",trailer.scs_lowbed_3,trailer_def.scs.lowbed.single_3.short,1,1,0
69786,_nameless.1de.2ab3.aea0,nucleon,civaux,sanbuilders,salzburg,1,1372,0,0,digger1000,scania_r2016_6x2_high_460,trailer.kasbhr_sll,trailer_def.kassbohrer.sll.single_3_sh.low,1,1,0
69786,_nameless.1de.2ab3.bad0,nucleon,civaux,rt_log,barcelona,1,777,0,0,volvo_bucket,volvo_fh2012_6x2_500,trailer.scs_lowbed41,trailer_def.scs.lowbed.single_41_ln.long,1,1,0
69786,_nameless.1de.2ab3.b790,nucleon,civaux,trans_cab,madrid,2,1083,0,0,large_cont,daf_xd,trailer.kasbhr_sla,trailer_def.kassbohrer.sla.single_3_sh.lowbed,27,1,0
69786,_nameless.1de.2ab3.c080,cont_port_it,genova,tradeaux,kassel,0,1057,0,0,plast_film_c,renault_premium_4x2_a,trailer.krone.boxliner220,trailer_def.krone.boxliner.single_3_220.container,30,1,0
69786,_nameless.1de.2ab3.9f30,sellplan,torino,tradeaux,nice,2,262,0,0,used_packag,mercedes_4x2_a,trailer.scs_curt,trailer_def.scs.box.single_3.curtain,33,1,0
69786,_nameless.1de.2ab3.b860,sellplan,torino,brawen,ioannina,0,1087,570,745,used_plast_c,mercedes_4x2_a,trailer.scs_gosck220,trailer_def.scs.gooseneck.singl_3e_220.container,30,1,0
69786,_nameless.1de.2ab3.b1e0,sellplan,torino,rt_log,innsbruck,1,628,0,0,used_plast,iveco_sway_4x2_500,trailer.scs_curt_s,trailer_def.scs.box.single_3.curtain,33,1,0
69786,_nameless.1de.2ab3.add0,tras_med,genova,cargotras,sassari,1,906,720,827,jcb_th540180,man_tgx_euro6_4x2_xl,trailer.scs_lowlowd2,trailer_def.scs.lowloader.single_2_sh.short,1,1,0
69786,_nameless.1de.2ab3.b2b0,tras_med,genova,c_navale,olbia,2,1002,720,827,jcb_g100rs,daf_xgp_4x2_530,trailer.scs_flat_b,trailer_def.scs.flatbed.single_3.flatbed_w,4,1,0
69786,_nameless.1de.2ab3.9640,tras_med,genova,lkwlog,lodz,1,1486,0,0,coconut_milk,scania_s2016_6x2_high_460,trailer.kasbhr_scs,trailer_def.kassbohrer.scs.single_3_13.curtain,32,1,0
69786,_nameless.1de.2ab3.b380,tras_med,genova,te_logistica,firenze,2,275,0,0,protec_cloth,iveco_sway_4x2_500,trailer.dryliner17,trailer_def.krone.dryliner.single_3.dryvan,33,1,0
69786,_nameless.1de.2ab3.b930,wgcc,gdansk,gnt,valmiera,0,732,0,0,fuel_oil,renault_premium_6x2_a,trailer.willig.fuel_cistern,trailer_def.scs.fueltank.single_3.fueltank,27,1,0
69786,_nameless.1de.2ab3.9bf0,wgcc,gdansk,ns_chem,malmo,0,293,630,790,hchemicals,daf_4x2_a,trailer.scs_chemt,trailer_def.scs.chemtank.single_3.paint,99,1,0
69786,_nameless.1de.2ab3.a000,wgcc,gdansk,ns_chem,malmo,1,293,630,790,sodhydro,renault_t_4x2h,trailer.scs_gosck20,trailer_def.scs.gooseneck.singl_3e_20.container,40,1,0
69786,_nameless.1de.2ab3.b450,wgcc,gdansk,balkan_loco,sarajevo,1,1434,0,0,lead,mercedes_actros_2014_4x2_a,trailer.scs_gosck40,trailer_def.scs.gooseneck.singl_3e_40.container,80,1,0
69786,_nameless.1de.2ab3.c2f0,marmo,sassari,euroacres,zurich,0,1158,720,827,emptytank,volvo_fh2021_6x2_540,trailer.scs_flat_b,trailer_def.scs.flatbed.single_3.flatbed_w,1,1,0
69786,_nameless.1de.2ab3.bba0,skoda,prague,blt,utena,0,1081,0,0,used_battery,mercedes_actros_2014_4x2_c,trailer.scs_dry,trailer_def.scs.box.single_3.dryvan,33,1,0
69786,_nameless.1de.2ab3.9090,skoda,prague,posped,bratislava,2,346,0,0,jcb_th540180,mercedes_4x2_b,trailer.scs_lowlow2e,trailer_def.scs.lowloader.single_2_ln.long,1,1,0
69786,_nameless.1de.2ab3.b6c0,bhb_raffin,marseille,quarry,zurich,2,852,0,0,jcb_dmp6t2,"""heavy/iveco_6x4""",trailer.scs_lowbed_3,trailer_def.scs.lowbed.single_3.short,1,1,0
69786,_nameless.1de.2ab3.a340,bhb_raffin,marseille,eco,marseille,2,171,0,0,ethane,volvo_fh2021_4x2_420,trailer.scs_gastank,trailer_def.scs.gastank.single_3.gastank,40,1,0
69786,_nameless.1de.2ab3.a9c0,ateria,joensuu,renar,jyvaskyla,0,273,0,0,coconut_milk,iveco_4x2_c,trailer.profiliner17,trailer_def.krone.profiliner.single_3.curtain,33,1,0
69786,_nameless.1de.2ab3.a410,ateria,joensuu,renar,vasteraas,0,757,540,1170,fish_chips,scania_streamline_4x2_top_560,trailer.scs_ref_a,trailer_def.scs.box.single_3.reefer,33,1,0
69786,_nameless.1de.2ab3.a8f0,ateria,joensuu,suprema,lahti,1,354,0,0,pork_meat,renault_t_4x2,trailer.scs_ins_s,trailer_def.scs.box.single_3.insulated,33,1,0
69786,_nameless.1de.2ab3.a0d0,muromec,pskov,posped,bystrica,1,1353,0,0,sq_tub,scania_r2016_4x2_high_500,trailer.profilinehd,trailer_def.krone.profilinerhd.single_3.flatbed,2,1,0
69786,_nameless.1de.2ab3.ba00,muromec,pskov,renar,tallinn,0,343,0,0,concr_beams2,iveco_4x2_a,trailer.scs_flat_b,trailer_def.scs.flatbed.single_3.flatbed_w,2,1,0
69786,_nameless.1de.2ab3.b520,muromec,pskov,polarislines,kapellskar,0,350,570,1270,elect_wiring,iveco_sway_4x2_580,trailer.drylineret,trailer_def.krone.edryliner.single_3.dryvan,33,1,0
69786,_nameless.1de.2ab3.a4e0,muromec,pskov,lkwlog,kiel,2,1592,0,0,iron_pipes,daf_xf_euro6_6x2_a,trailer.scs_log,trailer_def.scs.log.single_3.steel,28,1,0
69786,_nameless.1de.2ab3.b5f0,vpc,goteborg,tradeaux,grimsby,2,506,1335,1991,scaffoldings,man_tgx_euro6_4x2_xxl,trailer.kasbhr_sbt,trailer_def.kassbohrer.sbt.single_3_13.dryvan,33,1,0
69786,_nameless.1de.2ab3.af70,fle,clermont,trans_cab,madrid,0,1129,0,0,apples_c,daf_xf_euro6_6x4_c,trailer.krone.boxliner40,trailer_def.krone.boxliner.single_3_40.container,30,1,0
69786,_nameless.1de.2ab3.a1a0,fle,clermont,aci,milano,2,724,0,0,air_mails,volvo_fh2024_6x2_500,trailer.profiliner17,trailer_def.krone.profiliner.single_3.curtain,33,1,0
69786,_nameless.1de.2ab3.bc70,fle,clermont,log_atlan,salamanca,1,1164,0,0,fresh_fish,scania_r2016_6x4_high_660,trailer.scs_ref,trailer_def.scs.box.single_3.reefer,33,1,0
69786,_nameless.1de.2ab3.be10,fle,clermont,lkwlog,kiel,1,1444,0,0,cut_flowers,volvo_fh2012_4x2_420,trailer.scs_ref,trailer_def.scs.box.single_3.reefer,33,1,0
69786,_nameless.1de.2ab3.bee0,cnp,taranto,crnodrvo_log,bijelo_polje,0,434,540,420,diesel,daf_xf_euro6_6x2_a,trailer.willig.fuel_cistern,trailer_def.scs.fueltank.single_3.fueltank,28,1,0
69786,_nameless.1de.2ab3.a5b0,cnp,taranto,marmo,olbia,1,537,840,879,volvo_a25g,"""heavy/daf_6x4""",trailer.kasbhr_sla,trailer_def.kassbohrer.sla.single_3_sh.lowbed,1,1,0
69786,_nameless.1de.2ab3.aa90,cnp,taranto,rock_eater,hunedoara,1,1006,540,420,cable_reel,"""heavy/iveco_6x4""",trailer.scs_lowlow4e,trailer_def.scs.lowloader.single_4_ln.long,1,1,0
69786,_nameless.1de.2ab3.9710,cnp,taranto,syllurgy,kragujevac,0,628,540,420,petrol,scania_streamline_4x2_top_560,trailer.willig.fuel_cistern,trailer_def.scs.fueltank.single_3.fueltank,30,1,0
69786,_nameless.1de.2ab3.93d0,scs_paper,calarasi,stokes,wien,0,1198,0,0,paper,iveco_sway_4x2_580,trailer.scs_curt,trailer_def.scs.box.single_3.curtain,33,1,0
69786,_nameless.1de.2ab3.a270,scs_paper,calarasi,balkan_loco,pleven,0,267,0,0,large_cont,iveco_4x2_b,trailer.scs_lowbed_3,trailer_def.scs.lowbed.single_3.short,27,1,0
69786,_nameless.1de.2ab3.98b0,scs_paper,calarasi,balkan_loco,veli_tarnovo,2,262,0,0,used_packag,man_tgx_2020_6x2,trailer.scs_dry_a,trailer_def.scs.box.single_3.dryvan,33,1,0
69786,_nameless.1de.2ab3.b110,villco,pristina,icaria,rhodes,1,918,810,1889,sausages,renault_premium_4x2_c,trailer.scs_ins_s,trailer_def.scs.box.single_3.insulated,33,1,0
69786,_nameless.1de.2ab3.c150,villco,pristina,cargotras,olbia,0,791,1380,1299,ketchup,scania_s2016_6x4_high_730,trailer.dryliner17,trailer_def.krone.dryliner.single_3.dryvan,33,1,0
69786,_nameless.1de.2ab3.c220,pk_medved_ru,kaliningrad,nord_crown,aalborg,0,1340,0,0,prosciutto,daf_xd_1,trailer.coolliner17,trailer_def.krone.coolliner.single_3.reefer,33,1,0
69786,_nameless.1de.2ab3.8fc0,pk_medved_ru,kaliningrad,norr_food,kalmar,2,359,630,790,drymilk,daf_xgp_4x2_530,trailer.scs_dry_a,trailer_def.scs.box.single_3.dryvan,33,1,0
69786,_nameless.1de.2ab3.9230,marina,larochelle,lisette_log,roscoff,0,471,0,0,lux_yacht,volvo_fh2021_4x2_750,trailer.scs_lowbed_3,trailer_def.scs.lowbed.single_3.short,1,1,0
69786,_nameless.1de.2ab3.94a0,gnt,kristiansand,renar,oslo,0,384,0,0,seal_bearing,scania_r2016_4x2_norm_370,trailer.scs_curt_a,trailer_def.scs.box.single_3.curtain,33,1,0
69786,_nameless.1de.2ab3.9570,gnt,kristiansand,norrsken,aalborg,0,103,195,1052,sawpanels,volvo_fh2012_4x2_750,trailer.dryliner17,trailer_def.krone.dryliner.single_3.dryvan,33,1,0
69786,_nameless.1de.2ab3.9b20,gnt,kristiansand,kaarfor,kassel,0,765,195,1052,yogurt,daf_xgp_4x2_530,trailer.scs_ref,trailer_def.scs.box.single_3.reefer,33,1,0
69786,_nameless.1de.2ab3.a820,euroacres,torino,transinet,frankfurt,0,810,0,0,cott_cheese,volvo_fh2012_4x2_750,trailer.scs_ref_s,trailer_def.scs.box.single_3.reefer,33,1,0
69786,_nameless.1de.2ab3.9cc0,euroacres,torino,posped,verona,2,310,0,0,milk_t,scania_streamline_4x2_norm_380,trailer.scs_fodt,trailer_def.scs.foodtank.single_3.paint,27,1,0
69786,_nameless.1de.2ab3.a680,villco,skopje,villco_mkt,bijelo_polje,2,383,0,0,apples,renault_premium_6x2_a,trailer.scs_curt_s,trailer_def.scs.box.single_3.curtain,33,1,0
69786,_nameless.1de.2ab3.ab60,villco,skopje,eolo_lines,napoli,1,598,540,420,packag_food,mercedes_actros_2014_6x2_a,trailer.profiliner17,trailer_def.krone.profiliner.single_3.curtain,33,1,0
69786,_nameless.1de.2ab3.d5a0,jastuk,kragujevac,ika_bohag,beograd,2,122,0,0,furniture,volvo_fh2012_6x2_500,trailer.scs_dry,trailer_def.scs.box.single_3.dryvan,33,1,0
69786,_nameless.1de.2ab3.ca40,jastuk,kragujevac,sanbuilders,salzburg,0,992,0,0,mat_handler,"""heavy/scania_r_6x4_top_730""",trailer.scs_lowlow4e,trailer_def.scs.lowloader.single_4_ln.long,1,1,0
69786,_nameless.1de.2ab3.f210,jastuk,kragujevac,stokes,pristina,0,201,0,0,ter_forklift,scania_s2016_6x2_high_460,trailer.profilinehd,trailer_def.krone.profilinerhd.single_3.flatbed,2,1,0
69786,_nameless.1de.2ab3.d0c0,jastuk,kragujevac,brawen,skopje,0,344,0,0,empty_spool,mercedes_actros_2014_4x2_b,trailer.kasbhr_sla,trailer_def.kassbohrer.sla.single_3_sh.lowbed,3,1,0
69786,_nameless.1de.2ab3.e030,shuttle,burgos,app,madrid,2,309,0,0,beverages,renault_etech_t,trailer.scs_dry_a,trailer_def.scs.box.single_3.dryvan,33,1,0
69786,_nameless.1de.2ab3.f2e0,shuttle,burgos,app,gijon,0,367,0,0,bottle_water,daf_xd_2,trailer.scs_dry_ms,trailer_def.scs.box.single_3.dryvan_m,33,1,0
69786,_nameless.1de.2ab3.ee00,shuttle,burgos,eurogoodies,dijon,0,1170,0,0,carb_water,daf_xf_euro6_4x2_a,trailer.scs_dry_m,trailer_def.scs.box.single_3.dryvan_m,33,1,0
69786,_nameless.1de.2ab3.db50,cemelt_fla,valmiera,lintukainen,rovaniemi,1,1172,150,430,volvo_bucket,iveco_sway_4x2_580,trailer.scs_lowlow4e,trailer_def.scs.lowloader.single_4_ln.long,1,1,0
69786,_nameless.1de.2ab3.f3b0,renat,resita,stokes,wien,0,706,0,0,empty_spool,daf_xf_euro6_6x4_c,trailer.scs_lowbed_3,trailer_def.scs.lowbed.single_3.short,3,1,0
69786,_nameless.1de.2ab3.eb90,renat,resita,domdepo,timisoara,2,185,0,0,mat_handler,"""heavy/renault_6x4""",trailer.kasbhr_slle,trailer_def.kassbohrer.sll.single_3_ln.low,1,1,0
69786,_nameless.1de.2ab3.c630,renat,resita,lognstick,istanbul,1,934,0,0,furniture,mercedes_4x2_a,trailer.scs_dry_s,trailer_def.scs.box.single_3.dryvan,33,1,0
69786,_nameless.1de.2ab3.cf20,renat,resita,pk_medved_ru,kaliningrad,0,1304,0,0,ter_forklift,daf_xf_euro6_4x2_c,trailer.scs_flat_b,trailer_def.scs.flatbed.single_3.flatbed_w,2,1,0
69786,_nameless.1de.2ab3.f140,fle,madrid,lavish_food,a_coruna,1,653,0,0,caviar,iveco_h_4x2_a,trailer.scs_ins_s,trailer_def.scs.box.single_3.insulated,33,1,0
69786,_nameless.1de.2ab3.d400,fle,madrid,exomar,burgos,1,250,0,0,fresh_fish,daf_xd25,trailer.scs_ref_s,trailer_def.scs.box.single_3.reefer,33,1,0
69786,_nameless.1de.2ab3.d670,fle,madrid,app,valencia,0,325,0,0,med_vaccine,mercedes_4x2_c,trailer.scs_ref_a,trailer_def.scs.box.single_3.reefer,33,1,0
69786,_nameless.1de.2ab3.f480,sanbuild_cem,hannover,tradeaux,toulouse,0,1530,0,0,jcb_dmp6t2,"""heavy/scania_r_6x4_top_730""",trailer.scs_lowlowd2,trailer_def.scs.lowloader.single_2_sh.short,1,1,0
69786,_nameless.1de.2ab3.d260,globeur,montpellier,wilnet_trans,porto_vecchi,1,239,840,1193,conc_juice_t,scania_streamline_4x2_top_560,trailer.ffb_tsalm32,trailer_def.feldbinder.tsalm.single_3_32.32_3_2,21,1,0
69786,_nameless.1de.2ab3.d4d0,globeur,montpellier,posped,linz,2,1388,0,0,soy_milk,scania_s2016_4x2_norm_370,trailer.scs_dry_m,trailer_def.scs.box.single_3.dryvan_m,33,1,0
69786,_nameless.1de.2ab3.d740,globeur,montpellier,fle,calvi,0,371,930,1182,post_packag,volvo_fh2021_4x2_420,trailer.scs_dry_ms,trailer_def.scs.box.single_3.dryvan_m,33,1,0
69786,_nameless.1de.2ab3.c700,globeur,montpellier,renar,calvi,0,374,930,1182,emptytank,scania_streamline_6x2_norm_440,trailer.profilinehd,trailer_def.krone.profilinerhd.single_3.flatbed,1,1,0
69786,_nameless.1de.2ab3.f620,globeur,montpellier,lisette_log,nice,2,387,0,0,caviar,mercedes_actros_2014_6x2_a,trailer.scs_ins_a,trailer_def.scs.box.single_3.insulated,33,1,0
69786,_nameless.1de.2ab3.e440,globeur,montpellier,lisette_log,paris,0,727,0,0,truck_rims,scania_r_4x2_norm_360,trailer.dryliner17,trailer_def.krone.dryliner.single_3.dryvan,33,1,0
69786,_nameless.1de.2ab3.d330,suprema_ru,kaliningrad,drekkar,karlskrona,0,303,630,790,used_plast,iveco_4x2_a,trailer.kasbhr_sbt,trailer_def.kassbohrer.sbt.single_3_13.dryvan,34,1,0
69786,_nameless.1de.2ab3.d9b0,suprema_ru,kaliningrad,tradeaux,budapest,2,978,0,0,used_plast_c,daf_xf_4x2_370,trailer.krone.boxliner20,trailer_def.krone.boxliner.single_3.container,15,1,0
69786,_nameless.1de.2ab3.ec60,suprema_ru,kaliningrad,blt,kaunas,1,283,0,0,empty_palet,volvo_fh16_4x2_540,trailer.scs_curt_a,trailer_def.scs.box.single_3.curtain,33,1,0
69786,_nameless.1de.2ab3.e780,shuttle,lisboa,costruzi_win,palermo,0,1152,1557,1788,ter_forklift,daf_xf_euro6_4x2_c,trailer.profilinehd,trailer_def.krone.profilinerhd.single_3.flatbed,2,1,0
69786,_nameless.1de.2ab3.e920,shuttle,lisboa,fui,catania,0,1240,1557,1788,forklifts,mercedes_actros_2014_6x4_b,trailer.kasbhr_sla,trailer_def.kassbohrer.sla.single_3_sh.lowbed,3,1,0
69786,_nameless.1de.2ab3.e850,shuttle,lisboa,app,badajoz,0,272,0,0,bottle_water,volvo_fh2021_4x2_750,trailer.scs_curt,trailer_def.scs.box.single_3.curtain,33,1,0
69786,_nameless.1de.2ab3.efa0,brawen,ioannina,stokes,tirana,1,514,0,0,caviar,volvo_fh16_4x2_420,trailer.scs_ref,trailer_def.scs.box.single_3.reefer,33,1,0
69786,_nameless.1de.2ab3.f070,brawen,ioannina,exomar,taranto,1,185,570,745,iron_pipes,scania_s_2024e,trailer.scs_log,trailer_def.scs.log.single_3.steel,28,1,0
69786,_nameless.1de.2ab3.f6f0,brawen,ioannina,cargotras,livorno,1,814,570,745,jcb_ft4220,man_tgx_euro6_4x2_xl,trailer.scs_lowlow4e,trailer_def.scs.lowloader.single_4_ln.long,1,1,0
69786,_nameless.1de.2ab3.c3c0,brawen,ioannina,cargotras,sassari,1,513,1410,1624,packag_food,man_6x4_b,trailer.scs_dry_m,trailer_def.scs.box.single_3.dryvan_m,33,1,0
69786,_nameless.1de.2ab3.dc20,brawen,ioannina,brawen,banja_luka,0,1264,0,0,hvac,scania_r_4x2_norm_360,trailer.kasbhr_sla,trailer_def.kassbohrer.sla.single_3_sh.lowbed,3,1,0
69786,_nameless.1de.2ab3.c560,sygomidi,trikala,te_logistica,cagliari,1,504,1410,1624,packag_food,mercedes_6x2_b,trailer.scs_curt_s,trailer_def.scs.box.single_3.curtain,33,1,0
69786,_nameless.1de.2ab3.e9f0,sygomidi,trikala,icaria,mitilini,0,337,675,1308,vinegar_c,scania_r2016_6x2_high_460,trailer.kasbhr_shg20,trailer_def.kassbohrer.shg.singl_3e_20.container,15,1,0
69786,_nameless.1de.2ab3.de90,sygomidi,trikala,tradeaux,budapest,0,1142,0,0,food_oil_t,mercedes_actros_2014_4x2_a,trailer.scs_fodt,trailer_def.scs.foodtank.single_3.paint,25,1,0
69786,_nameless.1de.2ab3.eac0,sygomidi,trikala,balkan_loco,ljubljana,1,1343,0,0,pet_food_c,iveco_4x2_a,trailer.scs_gosck40,trailer_def.scs.gooseneck.singl_3e_40.container,30,1,0
69786,_nameless.1de.2ab3.c7d0,eurogoodies,olsztyn,stokes,pristina,1,1460,0,0,conc_juice_t,mercedes_actros_2014_4x2_a,trailer.scs_fodt,trailer_def.scs.foodtank.single_3.paint,18,1,0
69786,_nameless.1de.2ab3.dcf0,eurogoodies,olsztyn,renar,stavanger,1,1516,195,1052,soy_milk,scania_r_4x2_top_480,trailer.scs_dry_m,trailer_def.scs.box.single_3.dryvan_m,33,1,0
69786,_nameless.1de.2ab3.cb10,ika_bohag,vilnius,tradeaux,olsztyn,2,389,0,0,used_packag,scania_r2016_4x2_high_500,trailer.kasbhr_sbt,trailer_def.kassbohrer.sbt.single_3_13.dryvan,34,1,0
69786,_nameless.1de.2ab3.ddc0,ika_bohag,vilnius,ns_oil,kotka,2,791,150,430,empty_palet,scania_r2016_4x2_norm_370,trailer.scs_dry_ms,trailer_def.scs.box.single_3.dryvan_m,32,1,0
69786,_nameless.1de.2ab3.cbe0,pp_chimica,olbia,te_logistica,messina,2,392,720,778,empty_spool,renault_t_6x2,trailer.scs_lowbed_4,trailer_def.scs.lowbed.single_4_sh.short,3,1,0
69786,_nameless.1de.2ab3.df60,sanbuild_hms,novi_sad,fallow,zenica,1,387,0,0,vol_ew240emh,"""heavy/man_6x4""",trailer.scs_lowbed_4,trailer_def.scs.lowbed.single_4_sh.short,1,1,0
69786,_nameless.1de.2ab3.ce50,villco,novi_sad,villco,pristina,0,428,0,0,can_sardines,volvo_fh16_4x2_420,trailer.scs_curt_s,trailer_def.scs.box.single_3.curtain,33,1,0
69786,_nameless.1de.2ab3.e100,villco,novi_sad,eurogoodies,niksic,1,564,0,0,flour,mercedes_4x2_a,trailer.scs_dry_a,trailer_def.scs.box.single_3.dryvan,33,1,0
69786,_nameless.1de.2ab3.e1d0,villco,novi_sad,tradeaux,pecs,1,301,0,0,garlic,scania_s2016_6x4_high_730,trailer.profiliner17,trailer_def.krone.profiliner.single_3.curtain,33,1,0
69786,_nameless.1de.4731.3fd0,itcc,bialystok,radus_ru,petersburg,1,1093,0,0,empty_spool,man_6x4_b,trailer.kasbhr_sla,trailer_def.kassbohrer.sla.single_3_sh.lowbed,3,1,0
69786,_nameless.1de.4731.5de0,nch,kouvola,drekkar,linkoping,1,662,540,1170,lavender,renault_t_4x2,trailer.profiliner17,trailer_def.krone.profiliner.single_3.curtain,33,1,0
69786,_nameless.1de.4731.4580,nch,kouvola,ateria,tallinn,0,373,150,430,aircond,mercedes_actros_2014_4x2_a,trailer.scs_lowbed_3,trailer_def.scs.lowbed.single_3.short,4,1,0
69786,_nameless.1de.4731.6ae0,nch,kouvola,wgcc,kuopio,0,287,0,0,mercuric,renault_magnum_6x2_a,trailer.krone.boxliner220,trailer_def.krone.boxliner.single_3_220.container,80,1,0
69786,_nameless.1de.4731.6a10,nch,kouvola,nordic_ports,sundsvall,0,608,300,680,truck_tyres,daf_xg_4x2_450,trailer.scs_dry,trailer_def.scs.box.single_3.dryvan,33,1,0
69786,_nameless.1de.4731.5690,marina,tromso,nordic_ports,ornskoldsvik,0,954,0,0,large_cont,scania_r2016_6x2_high_460,trailer.scs_lowbed_3,trailer_def.scs.lowbed.single_3.short,27,1,0
69786,_nameless.1de.4731.6e20,marina,tromso,norrsken,alta,1,458,0,0,yacht,volvo_fh2024_4x2_420,trailer.kasbhr_sla,trailer_def.kassbohrer.sla.single_3_sh.lowbed,1,1,0
69786,_nameless.1de.4731.6ef0,marina,tromso,marina,helsinki,0,1331,0,0,lux_yacht,daf_6x2_a,trailer.scs_lowbed41,trailer_def.scs.lowbed.single_41_ln.long,1,1,0
69786,_nameless.1de.4731.5350,slava,pristina,icaria,kalamata,2,1105,0,0,pickup_gr,man_tgx_2020,trailer.truck_trans,trailer_def.pickup_gr.truck_trans,100,1,0
69786,_nameless.1de.4731.6120,slava,pristina,bhv,edirne,0,702,0,0,car_balt2,renault_premium_4x2_a,trailer.van_trans,trailer_def.car_balt2.van_trans,100,1,0
69786,_nameless.1de.4731.6bb0,te_logistica,messina,cargotras,olbia,1,466,720,778,tableware,mercedes_6x4_a,trailer.scs_dry_a,trailer_def.scs.box.single_3.dryvan,33,1,0
69786,_nameless.1de.4731.7090,te_logistica,messina,eolo_lines,huelva,1,1018,1557,1788,natur_rubber,renault_premium_4x2_a,trailer.scs_curt_a,trailer_def.scs.box.single_3.curtain,33,1,0
69786,_nameless.1de.4731.4da0,te_logistica,messina,te_logistica,cagliari,1,223,720,778,disc_harrows,scania_s2016_4x2_high_590,trailer.scs_lowlowd2,trailer_def.scs.lowloader.single_2_sh.short,1,1,0
69786,_nameless.1de.4731.48c0,te_logistica,messina,pp_chimica,olbia,0,393,720,778,largetubes,daf_4x2_b,trailer.scs_flat_b,trailer_def.scs.flatbed.single_3.flatbed_w,6,1,0
69786,_nameless.1de.4731.6530,te_logistica,messina,te_logistica,cagliari,0,223,720,778,alu_profile,scania_r2016_6x2_high_460,trailer.scs_flat_b,trailer_def.scs.flatbed.single_3.flatbed_w,2,1,0
69786,_nameless.1de.4731.4170,polarislines,trelleborg,drekkar,aarhus,2,373,0,0,pesto,daf_xgp_4x2_530,trailer.scs_curt_s,trailer_def.scs.box.single_3.curtain,33,1,0
69786,_nameless.1de.4731.6390,polarislines,trelleborg,fle,kobenhavn,2,90,0,0,empty_spool,renault_premium_6x4_a,trailer.kasbhr_sla,trailer_def.kassbohrer.sla.single_3_sh.lowbed,3,1,0
69786,_nameless.1de.4731.5760,polarislines,trelleborg,dfh,duisburg,0,846,0,0,perfor_frks,renault_t_6x2,trailer.scs_dry_m,trailer_def.scs.box.single_3.dryvan_m,33,1,0
69786,_nameless.1de.4731.6fc0,rock_eater,bitola,ttk_bg,sofia,0,314,0,0,jcb_dmp6t2,"""heavy/mercedes_6x4""",trailer.kasbhr_slle,trailer_def.kassbohrer.sll.single_3_ln.low,1,1,0
69786,_nameless.1de.4731.6600,rock_eater,bitola,eumefa,vlore,0,386,0,0,ter_forklift,renault_magnum_4x2_a,trailer.scs_flat_b,trailer_def.scs.flatbed.single_3.flatbed_w,2,1,0
69786,_nameless.1de.4731.50e0,rock_eater,bitola,stokes,pristina,1,298,0,0,jcb_pw125qe,renault_premium_4x2_c,trailer.profilinehd,trailer_def.krone.profilinerhd.single_3.flatbed,24,1,0
69786,_nameless.1de.4731.3d60,rock_eater,bitola,ccg_bas,pristina,1,272,0,0,marb_blck2,scania_streamline_4x2_top_560,trailer.scs_flat_b,trailer_def.scs.flatbed.single_3.flatbed_w,2,1,0
69786,_nameless.1de.4731.5aa0,rock_eater,bitola,posped,szeged,0,757,0,0,jcb_th540180,volvo_fh2024_4x2_420,trailer.scs_lowlow2e,trailer_def.scs.lowloader.single_2_ln.long,1,1,0
69786,_nameless.1de.4731.4b30,exomar,olbia,eolo_lines,napoli,2,262,840,879,empty_palet,volvo_fh2024_4x2_420,trailer.scs_dry_a,trailer_def.scs.box.single_3.dryvan,33,1,0
69786,_nameless.1de.4731.5f80,exomar,olbia,globeur,montpellier,0,452,720,827,mulcher,"""heavy/volvo_fh2021_6x4_540""",trailer.scs_lowlow4e,trailer_def.scs.lowloader.single_4_ln.long,1,1,0
69786,_nameless.1de.4731.4650,exomar,olbia,lisette_log,bordeaux,2,711,720,827,big_bag_seed,scania_s2016_6x4_high_730,trailer.kasbhr_scs,trailer_def.kassbohrer.scs.single_3_13.curtain,32,1,0
69786,_nameless.1de.4731.4e70,exomar,olbia,lognstick,istanbul,0,1391,1410,1624,truck_tyres,volvo_fh2021_4x2_420,trailer.scs_curt,trailer_def.scs.box.single_3.curtain,33,1,0
69786,_nameless.1de.4731.6050,exomar,olbia,exomar,roma,2,519,840,879,vans_vt,mercedes_6x4_a,trailer.truck_trans,trailer_def.vans_vt.truck_trans,100,1,0
69786,_nameless.1de.4731.54f0,exomar,olbia,baltrak,tekirdag,2,1278,1410,1624,train_part2,volvo_fh2021_4x2_420,trailer.scs_flat_b,trailer_def.scs.flatbed.single_3.flatbed_w,3,1,0
69786,_nameless.1de.4731.43e0,exomar,olbia,exomar,taranto,0,593,840,879,precast_strs,renault_t_4x2h,trailer.kasbhr_sbt,trailer_def.kassbohrer.sbt.single_3_13.dryvan,34,1,0
69786,_nameless.1de.4731.61f0,exomar,olbia,cesta_sl,barcelona,2,141,720,827,frozen_hake,renault_etech_t,trailer.coolliner17,trailer_def.krone.coolliner.single_3.reefer,33,1,0
69786,_nameless.1de.4731.44b0,exomar,olbia,fui,roma,1,613,840,879,outdr_flr_tl,volvo_fh2012_6x2_500,trailer.scs_brick_r,trailer_def.scs.flatbed.single_3.brick,32,1,0
69786,_nameless.1de.4731.4f40,exomar,olbia,stokes,pristina,0,791,1380,1299,chimney_syst,daf_xf_euro6_4x2_a,trailer.scs_curt_a,trailer_def.scs.box.single_3.curtain,33,1,0
69786,_nameless.1de.4731.4990,blt_yacht,riga,transinet,bialystok,0,597,0,0,empty_spool,daf_xf_euro6_4x2_c,trailer.kasbhr_sla,trailer_def.kassbohrer.sla.single_3_sh.lowbed,3,1,0
69786,_nameless.1de.4731.6d50,blt_yacht,riga,sal_fi,pori,0,757,150,430,lux_yacht,volvo_fh2024_4x2_780,trailer.scs_lowbed_3,trailer_def.scs.lowbed.single_3.short,1,1,0
69786,_nameless.1de.4731.5830,ts_atlas,bilbao,posped,birmingham,0,363,1076,1172,pet_food_c,renault_t_6x2,trailer.krone.boxliner40,trailer_def.krone.boxliner.single_3_40.container,30,1,0
69786,_nameless.1de.4731.3e30,ts_atlas,bilbao,trans_cab,valladolid,2,291,0,0,carrots_c,mercedes_4x2_a,trailer.scs_gosck220,trailer_def.scs.gooseneck.singl_3e_220.container,30,1,0
69786,_nameless.1de.4731.4240,ts_atlas,bilbao,te_logistica,parma,0,1431,0,0,used_plast_c,scania_r_6x4_top_620,trailer.scs_gosck20,trailer_def.scs.gooseneck.singl_3e_20.container,15,1,0
69786,_nameless.1de.4731.62c0,ts_atlas,bilbao,gnt,bastia,0,708,930,1182,chem_sorb_c,daf_6x2_a,trailer.krone.boxliner220,trailer_def.krone.boxliner.single_3_220.container,30,1,0
69786,_nameless.1de.4731.67a0,ts_atlas,bilbao,rt_log,zaragoza,1,314,0,0,sodium,volvo_fh2012_4x2_420,trailer.krone.boxliner20,trailer_def.krone.boxliner.single_3.container,40,1,0
69786,_nameless.1de.4731.5900,renat,veli_tarnovo,baltrak,edirne,1,306,0,0,furniture,volvo_fh2024_6x2_500,trailer.kasbhr_sbt,trailer_def.kassbohrer.sbt.single_3_13.dryvan,34,1,0
69786,_nameless.1de.4731.51b0,renat,veli_tarnovo,rock_eater,targu_mures,2,588,0,0,ter_forklift,scania_r_4x2_top_480,trailer.scs_flat_b,trailer_def.scs.flatbed.single_3.flatbed_w,2,1,0
69786,_nameless.1de.4731.5b70,balkan_loco,maribor,rt_log,koln,0,951,0,0,carbn_pwdr_c,daf_xd_1,trailer.scs_gosck20,trailer_def.scs.gooseneck.singl_3e_20.container,15,1,0
69786,_nameless.1de.4731.6460,balkan_loco,maribor,fallow,targu_mures,1,930,0,0,emp_wine_bot,man_tgx_euro6_4x2_xxl,trailer.scs_curt,trailer_def.scs.box.single_3.curtain,33,1,0
69786,_nameless.1de.4731.47f0,balkan_loco,maribor,kaarfor,budapest,1,357,0,0,pet_food,scania_r_4x2_top_480,trailer.scs_dry_ms,trailer_def.scs.box.single_3.dryvan_m,33,1,0
69786,_nameless.1de.4731.6c80,balkan_loco,maribor,sanbuild_hms,salzburg,0,328,0,0,mob_stacker,"""heavy/man_tgx_2020_8x4""",trailer.scs_lowbed41,trailer_def.scs.lowbed.single_41_ln.long,1,1,0
69786,_nameless.1de.4731.3f00,nos_pat,clermont,wilnet_trans,porto_vecchi,0,357,840,1193,kr_bigm450,mercedes_actros_2014_4x2_c,trailer.kasbhr_slle,trailer_def.kassbohrer.sll.single_3_ln.low,1,1,0
69786,_nameless.1de.4731.4310,cnp,napoli,rt_log,salzburg,0,1197,0,0,lpg,mercedes_actros_2014_4x2_b,trailer.scs_gosck220,trailer_def.scs.gooseneck.singl_3e_220.container,80,1,0
69786,_nameless.1de.4731.5420,cnp,napoli,cargotras,catanzaro,1,361,0,0,carbn_pwdr_c,mercedes_4x2_a,trailer.krone.boxliner20,trailer_def.krone.boxliner.single_3.container,15,1,0
69786,_nameless.1de.4731.55c0,cnp,napoli,elcano_fla,barcelona,2,21,1300,1500,watertank,man_6x4_b,trailer.scs_lowlow4e,trailer_def.scs.lowloader.single_4_ln.long,2,1,0
69786,_nameless.1de.4731.4c00,tesore_gust,milano,villco_mkt,ljubljana,0,681,0,0,olive_oil_t,renault_magnum_6x2_a,trailer.ffb_tsalm32,trailer_def.feldbinder.tsalm.single_3_32.32_3_2,25,1,0
69786,_nameless.1de.4731.5010,tesore_gust,milano,posped,london,0,1234,35,300,pasta,scania_r_4x2_norm_360,trailer.scs_dry,trailer_def.scs.box.single_3.dryvan,33,1,0
69786,_nameless.1de.4731.5d10,posped,katowice,kaarfor,lublin,1,311,0,0,canned_beans,mercedes_4x2_a,trailer.scs_curt_s,trailer_def.scs.box.single_3.curtain,33,1,0
69786,_nameless.1de.4731.8750,posped,katowice,dfh,dresden,0,374,0,0,kr_stc1370,scania_r_6x4_top_620,trailer.kasbhr_slle,trailer_def.kassbohrer.sll.single_3_ln.low,1,1,0
69786,_nameless.1de.4731.85b0,canteras_ds,almeria,domdepo,burgos,2,735,0,0,sand,renault_t_4x2h,trailer.scs_silo,trailer_def.scs.silo.single_3_10.silo,18,1,0
69786,_nameless.1de.4731.7980,canteras_ds,almeria,mvm_carriere,ajaccio,0,956,930,1182,jcb_pw125qe,mercedes_actros_2014_6x4_b,trailer.profilinehd,trailer_def.krone.profilinerhd.single_3.flatbed,24,1,0
69786,_nameless.1de.4731.8270,canteras_ds,almeria,cnp,tarragona,0,804,0,0,jcb_dmp6t2,"""heavy/renault_6x4""",trailer.scs_lowlowd2,trailer_def.scs.lowloader.single_2_sh.short,1,1,0
69786,_nameless.1de.4731.88f0,canteras_ds,almeria,batisse_base,calvi,0,952,930,1182,marb_blck,scania_r2016_4x2_high_500,trailer.profilinehd,trailer_def.krone.profilinerhd.single_3.flatbed,2,1,0
69786,_nameless.1de.4731.9860,bjork,borlange,freyr,lillehammer,2,285,0,0,lumber,renault_etech_t,trailer.profilinehd,trailer_def.krone.profilinerhd.single_3.flatbed,3,1,0
69786,_nameless.1de.4731.9450,bjork,borlange,sag_tre,lillehammer,0,208,0,0,forwarder,"""heavy/volvo_fh16_6x4_750""",trailer.scs_lowlow2e,trailer_def.scs.lowloader.single_2_ln.long,1,1,0
69786,_nameless.1de.4731.9c70,bjork,borlange,norse_rail,rovaniemi,2,882,0,0,wooden_beams,scania_r_6x4_top_620,trailer.profiliner17,trailer_def.krone.profiliner.single_3.curtain,2,1,0
69786,_nameless.1de.4731.9e10,bjork,borlange,rosmark_ru,vyborg,0,900,540,1170,log_harvest,"""heavy/man_6x4""",trailer.scs_lowlow4e,trailer_def.scs.lowloader.single_4_ln.long,1,1,0
69786,_nameless.1de.4731.8b60,euroacres,krakow,sal_fi,helsinki,0,1292,150,430,kr_stc1370,daf_xf_euro6_4x2_b,trailer.scs_lowlow2e,trailer_def.scs.lowloader.single_2_ln.long,1,1,0
69786,_nameless.1de.4731.8680,euroacres,krakow,balkan_loco,sarajevo,2,934,0,0,honey,daf_xgp_4x2_530,trailer.scs_dry,trailer_def.scs.box.single_3.dryvan,33,1,0
69786,_nameless.1de.4731.9ee0,polarislines,oslo,gnt,klaipeda,0,784,510,1110,fresh_fish,scania_s2016_4x2_norm_370,trailer.scs_ref_a,trailer_def.scs.box.single_3.reefer,33,1,0
69786,_nameless.1de.4731.8820,polarislines,oslo,renar,kristiansund,2,590,40,46,drymilk,man_4x2_a,trailer.kasbhr_scs,trailer_def.kassbohrer.scs.single_3_13.curtain,34,1,0
69786,_nameless.1de.4731.7f30,polarislines,oslo,norse_rail,kiruna,0,1237,0,0,natur_rubber,"""double/volvo_fh2021_4x2_750""",trailer.profiline17d,trailer_def.krone.profiliner.double_3_2.curtain,52,1,0
69786,_nameless.1de.4731.84e0,cont_port,hamburg,ika_bohag,paris,2,783,0,0,clothes_c,iveco_h_4x2_a,trailer.kasbhr_shg40,trailer_def.kassbohrer.shg.singl_3e_40.container,30,1,0
69786,_nameless.1de.4731.7570,cont_port,hamburg,euroacres,krakow,2,929,0,0,potassium,daf_xf_euro6_4x2_c,trailer.scs_gosck20,trailer_def.scs.gooseneck.singl_3e_20.container,40,1,0
69786,_nameless.1de.4731.89c0,cont_port,hamburg,trameri,amsterdam,0,371,0,0,sulfuric,renault_premium_4x2_a,trailer.krone.boxliner40,trailer_def.krone.boxliner.single_3_40.container,80,1,0
69786,_nameless.1de.4731.8000,elcano_fla,barcelona,cargotras,olbia,0,158,720,827,digger1000,renault_premium_6x4_a,trailer.kasbhr_sll,trailer_def.kassbohrer.sll.single_3_sh.low,1,1,0
69786,_nameless.1de.4731.a150,elcano_fla,barcelona,te_logistica,sassari,0,65,720,827,jcb_wload457,iveco_6x2_a,trailer.scs_lowbed_3,trailer_def.scs.lowbed.single_3.short,1,1,0
69786,_nameless.1de.4731.81a0,spinelli,milano,posped,warszawa,0,1465,0,0,moto_tires,renault_t_4x2,trailer.scs_curt_s,trailer_def.scs.box.single_3.curtain,33,1,0
69786,_nameless.1de.4731.7d90,spinelli,milano,posped,strasbourg,2,450,0,0,aircft_tires,iveco_4x2_c,trailer.scs_dry_ms,trailer_def.scs.box.single_3.dryvan_m,33,1,0
69786,_nameless.1de.4731.8ea0,ika_bohag,lisboa,trans_cab,vigo,1,330,0,0,empty_palet,daf_xf_euro6_4x2_b,trailer.profiliner17,trailer_def.krone.profiliner.single_3.curtain,33,1,0
69786,_nameless.1de.4731.95f0,ika_bohag,lisboa,stokes,plymouth,0,889,1076,1172,used_packag,volvo_fh2012_4x2_750,trailer.scs_dry_a,trailer_def.scs.box.single_3.dryvan,33,1,0
69786,_nameless.1de.4731.77e0,ika_bohag,lisboa,eolo_lines,almeria,0,963,0,0,pot_flowers,man_6x4_b,trailer.scs_ins,trailer_def.scs.box.single_3.insulated,33,1,0
69786,_nameless.1de.4731.a3c0,polarislines,nynashamn,bltmetal,tallinn,1,157,570,1270,motor_oil,man_tgx_2020_6x2,trailer.kasbhr_sbt,trailer_def.kassbohrer.sbt.single_3_13.dryvan,34,1,0
69786,_nameless.1de.4731.92b0,polarislines,nynashamn,krone,werlte,1,1302,0,0,electronics,mercedes_4x2,trailer.kasbhr_sbt,trailer_def.kassbohrer.sbt.single_3_13.dryvan,34,1,0
69786,_nameless.1de.4731.96c0,polarislines,nynashamn,rosmark_ru,luga,1,550,570,1270,desinfection,scania_r2016_6x2_high_460,trailer.scs_dry_ms,trailer_def.scs.box.single_3.dryvan_m,33,1,0
69786,_nameless.1de.4731.9fb0,baltrak,istanbul,tras_med,roma,2,1340,570,745,cott_harvest,"""heavy/mercedes_6x4""",trailer.kasbhr_slle,trailer_def.kassbohrer.sll.single_3_ln.low,1,1,0
69786,_nameless.1de.4731.7300,rimaf,galati,brawen,bucuresti,2,157,0,0,horse_tr,iveco_4x2_a,trailer.truck_trans,trailer_def.horse_tr.truck_trans,100,1,0
69786,_nameless.1de.4731.80d0,rimaf,galati,dobr_ferm_bg,pleven,0,322,0,0,kr_gx520,mercedes_actros_2014_4x2_a,trailer.scs_lowlow2e,trailer_def.scs.lowloader.single_2_ln.long,1,1,0
69786,_nameless.1de.4731.9930,rimaf,galati,adrica,rijeka,0,1309,0,0,drymilk,mercedes_4x2,trailer.scs_dry_s,trailer_def.scs.box.single_3.dryvan,33,1,0
69786,_nameless.1de.4731.8340,rimaf,galati,ttk_bg,varna,2,322,30,65,tractor,scania_r2016_4x2_high_500,trailer.scs_lowbed_3,trailer_def.scs.lowbed.single_3.short,1,1,0
69786,_nameless.1de.4731.a080,konstnr_hs,vasteraas,renar,lillehammer,0,398,0,0,jcb_pw125qe,daf_4x2_b,trailer.profilinehd,trailer_def.krone.profilinerhd.single_3.flatbed,24,1,0
69786,_nameless.1de.4731.7b20,konstnr_hs,vasteraas,stokes,poznan,1,1331,105,404,volvo_bucket,man_tgx_euro6_6x4_xlx,trailer.scs_lowlowd4,trailer_def.scs.lowloader.single_4_sh.short,1,1,0
69786,_nameless.1de.4731.a490,konstnr_hal,umea,nord_sten,vaxjo,1,957,0,0,jcb_dmphtd5e,volvo_fh2012_4x2_750,trailer.profilinehd,trailer_def.krone.profilinerhd.single_3.flatbed,7,1,0
69786,_nameless.1de.4731.9790,konstnr_hal,umea,renar,vaxjo,0,922,0,0,digger500,man_tgx_2020_6x2,trailer.scs_lowbed_3,trailer_def.scs.lowbed.single_3.short,1,1,0
69786,_nameless.1de.4731.8a90,suprema,lappeenranta,gnt,daugavpils,0,957,0,0,used_plast_c,daf_xd_1,trailer.kasbhr_shg20,trailer_def.kassbohrer.shg.singl_3e_20.container,15,1,0
69786,_nameless.1de.4731.8410,suprema,lappeenranta,polarislines,liepaja,2,857,150,430,used_plast,daf_xf_euro6_4x2_c,trailer.kasbhr_shg45,trailer_def.kassbohrer.scs.single_3_13.curtain,34,1,0
69786,_nameless.1de.4731.73d0,suprema,lappeenranta,renor,kajaani,0,357,0,0,used_packag,daf_xf_euro6_6x2_a,trailer.scs_curt,trailer_def.scs.box.single_3.curtain,33,1,0
69786,_nameless.1de.4731.7160,polarislines,vaasa,drekkar,uppsala,1,446,300,680,corks,"""double/renault_t_4x2h""",trailer.scs_dry_2,trailer_def.scs.box.double_3_2.dryvan,52,1,0
69786,_nameless.1de.4731.78b0,polarislines,vaasa,ns_chem,stockholm,2,538,300,680,wrk_cloth,scania_streamline_6x4_top_480,trailer.scs_dry_a,trailer_def.scs.box.single_3.dryvan,33,1,0
69786,_nameless.1de.4731.8f70,eurogoodies,wien,renar,oslo,0,1595,105,404,olive_oil_t,volvo_fh16_6x4_700,trailer.scs_fodt,trailer_def.scs.foodtank.single_3.paint,30,1,0
69786,_nameless.1de.4731.7230,eurogoodies,wien,exomar,olbia,0,1563,840,879,basil,scania_s2016_6x2_high_460,trailer.scs_dry,trailer_def.scs.box.single_3.dryvan,33,1,0
69786,_nameless.1de.4731.8c30,eurogoodies,wien,stokes,katowice,1,385,0,0,chewing_gums,scania_r_4x2_top_480,trailer.scs_curt_a,trailer_def.scs.box.single_3.curtain,33,1,0
69786,_nameless.1de.4731.8dd0,balkan_loco,sarajevo,eurogoodies,koper,0,724,0,0,beans,man_6x4_b,trailer.dryliner17,trailer_def.krone.dryliner.single_3.dryvan,33,1,0
69786,_nameless.1de.4731.9040,balkan_loco,sarajevo,icaria,chios,0,791,690,1521,car_it,scania_r2016_4x2_norm_370,trailer.car_trans,trailer_def.car_it.car_trans,100,1,0
69786,_nameless.1de.4731.7a50,balkan_loco,sarajevo,betunia,vlore,0,600,0,0,cable_reel,"""heavy/renault_6x4""",trailer.kasbhr_sll,trailer_def.kassbohrer.sll.single_3_sh.low,1,1,0
69786,_nameless.1de.4731.7bf0,ts_atlas,malaga,ts_atlas,tarragona,1,947,0,0,apples_c,daf_xf_euro6_4x2_b,trailer.krone.boxliner20,trailer_def.krone.boxliner.single_3.container,15,1,0
69786,_nameless.1de.4731.7cc0,ts_atlas,malaga,ns_chem,setubal,2,696,0,0,chlorine,iveco_sway_4x2_500,trailer.krone.boxliner220,trailer_def.krone.boxliner.single_3_220.container,80,1,0
69786,_nameless.1de.4731.91e0,ts_atlas,malaga,ts_atlas,lisboa,1,740,0,0,phosphor,daf_xf_euro6_4x2_a,trailer.scs_gosck20,trailer_def.scs.gooseneck.singl_3e_20.container,40,1,0
69786,_nameless.1de.4731.c780,ts_atlas,malaga,ns_chem,setubal,0,696,0,0,fluorine,volvo_fh16_4x2_420,trailer.krone.boxliner220,trailer_def.krone.boxliner.single_3_220.container,80,1,0
69786,_nameless.1de.4731.ad80,ts_atlas,malaga,tras_med,catania,0,890,1557,1788,oil_filt_c,scania_r_4x2_top_480,trailer.kasbhr_shg40,trailer_def.kassbohrer.shg.singl_3e_40.container,30,1,0
69786,_nameless.1de.4731.c5e0,bhv,gavle,nordic_ports,mo_i_rana,0,977,0,0,car_balt2,mercedes_actros_2014_6x4_b,trailer.van_trans,trailer_def.car_balt2.van_trans,100,1,0
69786,_nameless.1de.4731.b8e0,bhv,gavle,lkwlog,gdansk,1,209,1140,531,mondeos,daf_xd_2,trailer.car_trans,trailer_def.mondeos.car_trans,100,1,0
69786,_nameless.1de.4731.d2e0,bhv,gavle,gnt,bergen,0,949,0,0,vans_id,scania_s2016_4x2_high_590,trailer.van_trans,trailer_def.vans_id.van_trans,100,1,0
69786,_nameless.1de.4731.d7c0,cnp_str,mitilini,ai,sarajevo,0,851,730,1440,oil,scania_r2016_6x4_high_660,trailer.scs_fueltank,trailer_def.scs.fueltank.single_3.fueltank,28,1,0
69786,_nameless.1de.4731.c370,cnp_str,mitilini,ai,nis,0,521,730,1440,ethane,volvo_fh2021_6x2_540,trailer.scs_gastank,trailer_def.scs.gastank.single_3.gastank,40,1,0
69786,_nameless.1de.4731.c440,cnp_str,mitilini,balkan_loco,edirne,0,386,730,1440,petrol,scania_s2016_4x2_norm_370,trailer.willig.fuel_cistern,trailer_def.scs.fueltank.single_3.fueltank,30,1,0
69786,_nameless.1de.4731.a700,ns_oil,stavanger,transinet,munchen,2,1390,195,1052,diesel,renault_t_4x2h,trailer.scs_fueltank,trailer_def.scs.fueltank.single_3.fueltank,28,1,0
69786,_nameless.1de.4731.b5a0,ns_oil,stavanger,primel,odense,0,515,195,1052,petrol,daf_xgp25_4x2_530,trailer.willig.fuel_cistern,trailer_def.scs.fueltank.single_3.fueltank,30,1,0
69786,_nameless.1de.4731.d890,fui,catania,cargotras,catanzaro,1,278,20,347,olives,man_tgx_euro6_4x2_xxl,trailer.kasbhr_shg45,trailer_def.kassbohrer.scs.single_3_13.curtain,34,1,0
69786,_nameless.1de.4731.abe0,fui,catania,log_atlan,albacete,1,408,1557,1788,cott_harvest,"""heavy/renault_6x4""",trailer.scs_lowlow4e,trailer_def.scs.lowloader.single_4_ln.long,1,1,0
69786,_nameless.1de.4731.b330,fui,catania,shuttle,vlore,0,632,560,767,watermelons,mercedes_6x4_a,trailer.scs_ins_s,trailer_def.scs.box.single_3.insulated,33,1,0
69786,_nameless.1de.4731.d480,rock_eater,sofia,posped,lublin,0,1234,0,0,tracks,mercedes_actros_2014_6x4_b,trailer.kasbhr_sla,trailer_def.kassbohrer.sla.single_3_sh.lowbed,1,1,0
69786,_nameless.1de.4731.c510,rock_eater,sofia,icaria,kavala,1,381,0,0,ore,daf_xd,trailer.scs_dumper,trailer_def.scs.dumper.single_3.steel,12,1,0
69786,_nameless.1de.4731.c6b0,rock_eater,sofia,tras_med,cagliari,0,956,1410,1624,dozer,"""heavy/scania_s2016_8x4_high_770""",trailer.scs_lowlowd4,trailer_def.scs.lowloader.single_4_sh.short,1,1,0
69786,_nameless.1de.4731.be90,polar_fish,goteborg,renar,mikkeli,0,931,540,1170,can_sardines,"""double/man_4x2_a""",trailer.scs_curt_2,trailer_def.scs.box.double_3_2.curtain,52,1,0
69786,_nameless.1de.4731.ae50,polar_fish,goteborg,dfh,hamburg,2,554,195,677,used_plast,daf_xd_2,trailer.kasbhr_scs,trailer_def.kassbohrer.scs.single_3_13.curtain,34,1,0
69786,_nameless.1de.4731.bc20,fle,brest,fle,paris,2,653,0,0,air_mails,daf_xd25,trailer.scs_curt_s,trailer_def.scs.box.single_3.curtain,33,1,0
69786,_nameless.1de.4731.bcf0,fle,brest,fle,toulouse,2,865,0,0,fresh_fish,volvo_fh2024_4x2_780,trailer.scs_ref_s,trailer_def.scs.box.single_3.reefer,33,1,0
69786,_nameless.1de.4731.cfa0,fjoste,mo_i_rana,renor,kristiansund,1,668,25,36,vol_ew240emh,"""heavy/man_tgx_euro6_8x4_xlx""",trailer.scs_lowbed_3,trailer_def.scs.lowbed.single_3.short,1,1,0
69786,_nameless.1de.4731.c920,fjoste,mo_i_rana,renar,narva,1,1171,450,1110,cement,volvo_fh2024_4x2_780,trailer.ffb_eut35,trailer_def.feldbinder.eut.single_3_35.silo_35_3p,17,1,0
69786,_nameless.1de.4731.cac0,fjoste,mo_i_rana,borealis,bodo,2,218,0,0,iron_pipes,man_tgx_2020,trailer.scs_log,trailer_def.scs.log.single_3.steel,28,1,0
69786,_nameless.1de.4731.bdc0,tree_et,poznan,tradeaux,olsztyn,2,280,0,0,log_harvest,"""heavy/scania_s2016_8x4_high_770""",trailer.scs_lowlow2e,trailer_def.scs.lowloader.single_2_ln.long,1,1,0
69786,_nameless.1de.4731.c2a0,tree_et,poznan,gnt,ventspils,1,809,0,0,jcb_dmphtd5e,volvo_fh2012_4x2_750,trailer.scs_flat_b,trailer_def.scs.flatbed.single_3.flatbed_w,7,1,0
69786,_nameless.1de.4731.a8a0,suprema,parnu,ns_oil,kobenhavn,2,885,570,1270,empty_palet,volvo_fh2012_4x2_420,trailer.dryliner17,trailer_def.krone.dryliner.single_3.dryvan,33,1,0
69786,_nameless.1de.4731.cb90,suprema,parnu,rosmark,rezekne,0,384,0,0,used_plast_c,scania_s2016_6x4_high_730,trailer.scs_gosck20,trailer_def.scs.gooseneck.singl_3e_20.container,15,1,0
69786,_nameless.1de.4731.b400,radus,nis,euroacres,debrecen,1,696,0,0,volvo_bucket,scania_streamline_4x2_top_560,trailer.scs_lowlowd4,trailer_def.scs.lowloader.single_4_sh.short,1,1,0
69786,_nameless.1de.4731.cd30,dobr_ferm_bg,sofia,lognstick,bucuresti,0,366,0,0,ffb_tsalm32,scania_r_4x2_norm_360,trailer.ffb_tsalm32,trailer_def.ffb_tsalm32.ffb_tsalm32,100,1,0
69786,_nameless.1de.4731.a970,cont_port,duisburg,syschema,osijek,1,1408,0,0,arsenic,volvo_fh2021_4x2_420,trailer.kasbhr_shg40,trailer_def.kassbohrer.shg.singl_3e_40.container,80,1,0
69786,_nameless.1de.4731.bf60,cont_port,duisburg,quarry,hannover,0,268,0,0,lumber_p,mercedes_6x4_a,trailer.profilinehd,trailer_def.krone.profilinerhd.single_3.flatbed,6,1,0
69786,_nameless.1de.4731.b810,cont_port,duisburg,cargotras,milano,1,990,0,0,vinegar_c,scania_streamline_4x2_top_560,trailer.scs_gosck220,trailer_def.scs.gooseneck.singl_3e_220.container,30,1,0
69786,_nameless.1de.4731.c030,wilnet_trans,nantes,lisette_log,lemans,0,249,0,0,beverages_c,volvo_fh2024_4x2_780,trailer.kasbhr_shg20,trailer_def.kassbohrer.shg.singl_3e_20.container,15,1,0
69786,_nameless.1de.4731.b9b0,wilnet_trans,nantes,exomar,a_coruna,1,1317,0,0,czl_es300,"""heavy/volvo_fh2012_8x4_700""",trailer.scs_lowbed41,trailer_def.scs.lowbed.single_41_ln.long,1,1,0
69786,_nameless.1de.4731.aa40,wilnet_trans,nantes,app,madrid,2,1092,0,0,volvo_cars,mercedes_actros_2014_6x4_b,trailer.car_trans,trailer_def.volvo_cars.car_trans,100,1,0
69786,_nameless.1de.4731.d070,wilnet_trans,nantes,tradeaux,ajaccio,2,952,930,1182,harvest_bins,daf_xd_2,trailer.scs_dry_a,trailer_def.scs.box.single_3.dryvan,33,1,0
