game_time,job_ID,company_from,city_from,company_to,city_to,urgency,shortest_distance_km,ferry_time,ferry_price,cargo,company_truck,trailer_variant,trailer_definition,units_count,fill_ratio,trailer_place
69261,_nameless.183.4601.b450,artemia,chios,eolo_lines,sangiovanni,1,931,1110,1585,used_plast,iveco_4x2_a,trailer.scs_curt_a,trailer_def.scs.box.single_3.curtain,33,1,0
69261,_nameless.183.4601.9d90,eolo_lines,athens,icaria,mitilini,0,11,675,1308,froz_octopi,iveco_h_4x2_a,trailer.scs_ref_a,trailer_def.scs.box.single_3.reefer,33,1,0
69261,_nameless.183.4601.9090,eolo_lines,athens,fallow,timisoara,1,1307,0,0,protec_cloth,mercedes_6x2_b,trailer.kasbhr_sbt,trailer_def.kassbohrer.sbt.single_3_13.dryvan,34,1,0
69261,_nameless.183.4601.a4e0,eolo_lines,athens,kaarfor,pitesti,1,1237,0,0,yogurt,man_4x2_a,trailer.scs_ins_a,trailer_def.scs.box.single_3.insulated,33,1,0
69261,_nameless.183.4601.9e60,eolo_lines,athens,exomar,taranto,2,620,570,745,tableware,daf_xf_euro6_4x2_a,trailer.scs_dry_a,trailer_def.scs.box.single_3.dryvan,33,1,0
69261,_nameless.183.4601.8530,artemia,chania,tras_med,roma,0,1046,1110,1571,used_packag,daf_xf_euro6_4x2_b,trailer.kasbhr_scs,trailer_def.kassbohrer.scs.single_3_13.curtain,34,1,0
69261,_nameless.183.4601.8ef0,artemia,chania,fallow,vlore,1,887,540,826,used_plast,scania_streamline_4x2_norm_380,trailer.scs_dry,trailer_def.scs.box.single_3.dryvan,33,1,0
69261,_nameless.183.4601.ad00,artemia,argostoli,exomar,olbia,0,510,1900,2384,used_plast,scania_r2016_4x2_high_500,trailer.kasbhr_scs,trailer_def.kassbohrer.scs.single_3_13.curtain,34,1,0
69261,_nameless.183.4601.9300,marina,kalamata,marina,ancona,0,1068,570,745,lux_yacht,daf_xgp_4x2_530,trailer.kasbhr_sla,trailer_def.kassbohrer.sla.single_3_sh.lowbed,1,1,0
69261,_nameless.183.4601.8ae0,marina,kalamata,marina,ancona,0,1068,570,745,yacht,scania_s2016_4x2_high_590,trailer.scs_lowbed_4,trailer_def.scs.lowbed.single_4_sh.short,1,1,0
69261,_nameless.183.4601.9f30,artemia,rhodes,brawen,lamia,2,222,810,1889,used_packag,daf_xgp25_4x2_530,trailer.scs_curt,trailer_def.scs.box.single_3.curtain,33,1,0
69261,_nameless.183.4601.9160,artemia,rhodes,subse,edirne,1,979,810,1889,empty_palet,mercedes_actros_2014_4x2_b,trailer.scs_dry,trailer_def.scs.box.single_3.dryvan,33,1,0
69261,_nameless.183.4601.98b0,low_field,argostoli,te_logistica,parma,0,798,1060,1505,onion,man_tgx_euro6_4x2_xl,trailer.kasbhr_scs,trailer_def.kassbohrer.scs.single_3_13.curtain,34,1,0
69261,_nameless.183.4601.9230,low_field,argostoli,fallow,zenica,1,1206,490,760,kr_vpv190xc,renault_premium_4x2_c,trailer.scs_lowbed_4,trailer_def.scs.lowbed.single_4_sh.short,1,1,0
69261,_nameless.183.4601.af70,low_field,argostoli,cesare_smar,pescara,2,348,1060,1505,apples_c,mercedes_actros_2014_6x2_a,trailer.kasbhr_shg40,trailer_def.kassbohrer.shg.singl_3e_40.container,30,1,0
69261,_nameless.183.4601.add0,low_field,argostoli,villco,skopje,1,660,490,760,rye,renault_magnum_6x2_a,trailer.ffb_kip60,trailer_def.feldbinder.kip.single_3_60.silo_60_3p,33,1,0
69261,_nameless.183.4601.a340,artemia,mitilini,shuttle,vlore,0,761,730,1440,empty_palet,daf_xgp_4x2_530,trailer.scs_curt_a,trailer_def.scs.box.single_3.curtain,33,1,0
69261,_nameless.183.4601.94a0,artemia,mitilini,eolo_lines,porto_vecchi,0,1210,2295,3287,used_plast,volvo_fh2024_4x2_420,trailer.profiliner17,trailer_def.krone.profiliner.single_3.curtain,33,1,0
69261,_nameless.183.4601.a000,low_field,mitilini,shuttle,novi_sad,1,857,730,1440,barley,renault_premium_6x4_a,trailer.scs_silo,trailer_def.scs.silo.single_3_10.silo,30,1,0
69261,_nameless.183.4601.8460,low_field,mitilini,tm_istanbul,istanbul,0,486,730,1440,kr_stc1370,volvo_fh16_6x4_700,trailer.scs_lowlow2e,trailer_def.scs.lowloader.single_2_ln.long,1,1,0
69261,_nameless.183.4601.8120,low_field,mitilini,balkan_loco,pleven,1,598,730,1440,oranges,scania_streamline_4x2_top_560,trailer.coolliner17,trailer_def.krone.coolliner.single_3.reefer,33,1,0
69261,_nameless.183.4601.9640,low_field,mitilini,kaarfor,ostrava,0,1546,730,1440,garlic,scania_r_6x4_top_620,trailer.profiliner17,trailer_def.krone.profiliner.single_3.curtain,33,1,0
69261,_nameless.183.4601.9710,low_field,mitilini,te_logistica,firenze,1,1259,1245,2053,onion,daf_xf_euro6_6x4_c,trailer.scs_curt_a,trailer_def.scs.box.single_3.curtain,33,1,0
69261,_nameless.183.4601.8600,rock_eater,argostoli,cnp,catania,2,619,1050,1812,jcb_dmp6t2,"""heavy/iveco_6x4""",trailer.scs_lowbed_3,trailer_def.scs.lowbed.single_3.short,1,1,0
69261,_nameless.183.4601.ab60,rock_eater,argostoli,fui,catania,1,552,1050,1812,excav_soil,iveco_sway_4x2_460,trailer.scs_dumper,trailer_def.scs.dumper.single_3.steel,21,1,0
69261,_nameless.183.4601.a5b0,rock_eater,argostoli,balkan_loco,maribor,0,1521,460,720,mob_crusher,"""heavy/renault_6x4""",trailer.scs_lowlow4e,trailer_def.scs.lowloader.single_4_ln.long,1,1,0
69261,_nameless.183.4601.81f0,rock_eater,argostoli,balkan_loco,skopje,0,624,460,720,granite_cube,mercedes_6x4_a,trailer.scs_dumper,trailer_def.scs.dumper.single_3.steel,10,1,0
69261,_nameless.183.4601.86d0,rock_eater,athens,te_logistica,parma,0,1296,570,745,driller,renault_premium_4x2_a,trailer.scs_lowbed41,trailer_def.scs.lowbed.single_41_ln.long,1,1,0
69261,_nameless.183.4601.aea0,rock_eater,athens,st_roza_bg,pernik,1,771,0,0,ore,renault_magnum_6x2_a,trailer.scs_dumper,trailer_def.scs.dumper.single_3.steel,12,1,0
69261,_nameless.183.4601.a410,rock_eater,athens,icaria,mitilini,2,63,675,1308,coal,daf_xg_4x2_450,trailer.scs_dumper,trailer_def.scs.dumper.single_3.steel,18,1,0
69261,_nameless.183.4601.82c0,rock_eater,athens,christopoulo,heraklion,2,60,540,760,sand,scania_r_4x2_top_480,trailer.ffb_eut35,trailer_def.feldbinder.eut.single_3_35.silo_35_3p,20,1,0
69261,_nameless.183.4601.a750,rock_eater,athens,fallow,istanbul,2,1063,0,0,crawler,"""heavy/renault_t_6x4""",trailer.kasbhr_sll,trailer_def.kassbohrer.sll.single_3_sh.low,1,1,0
69261,_nameless.183.4601.a0d0,bjork_hrv,falun,renar,kokkola,0,484,300,680,log_stacker,"""heavy/scania_r_6x4_top_730""",trailer.scs_lowlow4e,trailer_def.scs.lowloader.single_4_ln.long,1,1,0
69261,_nameless.183.4601.b040,bjork_hrv,falun,renar,kuusamo,2,934,0,0,mob_tr_winch,"""heavy/scania_r2016_8x4_high_730""",trailer.scs_lowbed41,trailer_def.scs.lowbed.single_41_ln.long,1,1,0
69261,_nameless.183.4601.97e0,bjork_hrv,falun,gnt,vilnius,2,684,510,1110,logs,volvo_fh16_4x2_420,trailer.scs_log,trailer_def.scs.log.single_3.steel,32,1,0
69261,_nameless.183.4601.9980,freyr,falun,onnelik_a,tartu,0,439,570,1270,kr_vpv190xc,renault_t_4x2,trailer.scs_lowlowd2,trailer_def.scs.lowloader.single_2_sh.short,1,1,0
69261,_nameless.183.4601.9a50,freyr,falun,nord_crown,umea,1,360,0,0,goat_cheese,volvo_fh16_4x2_420,trailer.scs_ins,trailer_def.scs.box.single_3.insulated,33,1,0
69261,_nameless.183.4601.a270,freyr,falun,aerobalt,tallinn,2,335,570,1270,live_cattle,renault_magnum_6x4_a,trailer.scs_livestk,trailer_def.scs.livestock.single_3s.str_stl,42,1,0
69261,_nameless.183.4601.b110,freyr,falun,lateds,daugavpils,1,651,510,1110,milk_t,volvo_fh2021_4x2_420,trailer.ffb_tsalm32,trailer_def.feldbinder.tsalm.single_3_32.32_3_2,23,1,0
69261,_nameless.183.4601.a680,egres,kokkola,gnt,panevezys,0,973,150,430,kr_vpv190xc,volvo_fh16_6x4_700,trailer.scs_lowbed_4,trailer_def.scs.lowbed.single_4_sh.short,1,1,0
69261,_nameless.183.4601.87a0,egres,kokkola,ateria,lahti,0,387,0,0,rye,mercedes_4x2_b,trailer.scs_dumper,trailer_def.scs.dumper.single_3.steel,27,1,0
69261,_nameless.183.4601.a820,egres,kokkola,blt,tartu,0,735,150,430,cont_trees,volvo_fh2012_4x2_750,trailer.scs_ins_a,trailer_def.scs.box.single_3.insulated,33,1,0
69261,_nameless.183.4601.a8f0,egres,kokkola,renar,arvidsjaur,2,507,0,0,beans,mercedes_actros_2014_6x2_a,trailer.scs_curt_s,trailer_def.scs.box.single_3.curtain,33,1,0
69261,_nameless.183.4601.a9c0,agronord,borlange,baltomorsk,kaunas,2,585,510,1110,tractors,man_tgx_2020_6x2,trailer.scs_lowbed_3,trailer_def.scs.lowbed.single_3.short,1,1,0
69261,_nameless.183.4601.de90,agronord,borlange,rt_log,koln,0,1554,0,0,honey,man_tgx_2020_4x2,trailer.kasbhr_scs,trailer_def.kassbohrer.scs.single_3_13.curtain,34,1,0
69261,_nameless.183.4601.d8e0,agronord,borlange,nord_crown,aarhus,1,681,195,677,rye,scania_s2016_6x4_high_730,trailer.ffb_kip60,trailer_def.feldbinder.kip.single_3_60.silo_60_3p,36,1,0
69261,_nameless.183.4601.e5e0,agronord,borlange,norse_rail,ostersund,1,401,0,0,tractor_c,"""heavy/volvo_fh2021_6x4_540""",trailer.kasbhr_slle,trailer_def.kassbohrer.sll.single_3_ln.low,1,1,0
69261,_nameless.183.4601.df60,agronord,borlange,agronord,kalmar,2,461,0,0,young_seed,iveco_sway_4x2_460,trailer.kasbhr_shg45,trailer_def.kassbohrer.scs.single_3_13.curtain,34,1,0
69261,_nameless.183.4601.d0c0,bjork_hrv,kiruna,norrsken,alta,0,680,0,0,log_stacker,"""heavy/volvo_fh16_6x4_750""",trailer.scs_lowlow4e,trailer_def.scs.lowloader.single_4_ln.long,1,1,0
69261,_nameless.183.4601.d190,bjork_hrv,kiruna,renar,kokkola,1,588,0,0,jcb_bhl4cx,iveco_4x2_a,trailer.scs_lowlow2e,trailer_def.scs.lowloader.single_2_ln.long,1,1,0
69261,_nameless.183.4601.e440,bjork_hrv,kiruna,byggpro,falun,2,891,0,0,wshavings,daf_xgp25_4x2_530,trailer.ffb_kip60,trailer_def.feldbinder.kip.single_3_60.silo_60_3p,60,1,0
69261,_nameless.183.4601.b5f0,bjork_hrv,kiruna,blt,tartu,2,1248,150,430,logs,renault_magnum_6x4_a,trailer.scs_log,trailer_def.scs.log.single_3.steel,32,1,0
69261,_nameless.183.4601.e030,freyr,lillehammer,drekkar,vaxjo,2,722,0,0,tractor,daf_xf_euro6_4x2_a,trailer.kasbhr_slle,trailer_def.kassbohrer.sll.single_3_ln.low,1,1,0
69261,_nameless.183.4601.bd40,freyr,lillehammer,kaarfor,kassel,0,1581,0,0,cheese,"""double/scania_r_4x2_top_500""",trailer.scs_ref_b2,trailer_def.scs.box.bdouble_3_3.reefer,26,1,0
69261,_nameless.183.4601.d260,freyr,lillehammer,norse_rail,gavle,1,438,0,0,live_cattle,scania_r_4x2_norm_360,trailer.scs_livestk,trailer_def.scs.livestock.single_3s.str_stl,42,1,0
69261,_nameless.183.4601.d810,freyr,lillehammer,nordic_ports,bodo,2,979,0,0,forage_harv,scania_s2016_6x2_high_460,trailer.scs_lowlow4e,trailer_def.scs.lowloader.single_4_ln.long,1,1,0
69261,_nameless.183.4601.b790,freyr,bodo,egres,kokkola,1,857,0,0,square_baler,scania_r2016_6x2_high_460,trailer.scs_lowlow4e,trailer_def.scs.lowloader.single_4_ln.long,1,1,0
69261,_nameless.183.4601.b6c0,freyr,bodo,norrsken,alta,2,861,30,45,horse_tr,scania_streamline_4x2_norm_380,trailer.truck_trans,trailer_def.horse_tr.truck_trans,100,1,0
69261,_nameless.183.4601.be10,freyr,bodo,norse_rail,kiruna,2,437,30,45,live_cattle,renault_t_4x2h,trailer.scs_livestk,trailer_def.scs.livestock.single_3s.str_stl,42,1,0
69261,_nameless.183.4601.ddc0,freyr,joensuu,nch,turku,2,584,0,0,live_cattle,volvo_fh16_4x2_540,trailer.scs_livestk,trailer_def.scs.livestock.single_3s.str_stl,42,1,0
69261,_nameless.183.4601.d400,freyr,joensuu,norrsken,orebro,0,842,540,1170,drymilk,scania_r2016_4x2_norm_370,trailer.kasbhr_scs,trailer_def.kassbohrer.scs.single_3_13.curtain,34,1,0
69261,_nameless.183.4601.e6b0,freyr,joensuu,norr_food,linkoping,1,898,540,1170,milk_t,mercedes_4x2_b,trailer.ffb_tsalm32,trailer_def.feldbinder.tsalm.single_3_32.32_3_2,27,1,0
69261,_nameless.183.4601.ccb0,freyr,joensuu,nordic_ports,bodo,2,1088,0,0,planter,scania_r2016_4x2_norm_370,trailer.scs_lowlow4e,trailer_def.scs.lowloader.single_4_ln.long,1,1,0
69261,_nameless.183.4601.e370,egres,kajaani,nutri_molle,hamar,2,1136,0,0,carrots,daf_xf_euro6_6x4_c,trailer.scs_curt,trailer_def.scs.box.single_3.curtain,33,1,0
69261,_nameless.183.4601.e510,egres,kajaani,nosko,vilnius,0,1172,150,430,wheat,man_tgx_2020_4x2,trailer.ffb_eut35,trailer_def.feldbinder.eut.single_3_35.silo_35_3p,35,1,0
69261,_nameless.183.4601.b860,egres,kajaani,agronord,umea,2,473,0,0,young_seed,man_tgx_euro6_4x2_xl,trailer.profiliner17,trailer_def.krone.profiliner.single_3.curtain,33,1,0
69261,_nameless.183.4601.cf20,egres,kajaani,sal_fi,helsinki,0,573,0,0,kr_stc1370,iveco_sway_4x2_500,trailer.scs_lowlow4e,trailer_def.scs.lowloader.single_4_ln.long,1,1,0
69261,_nameless.183.4601.d4d0,agronord,umea,posped,warszawa,2,1290,510,1110,garlic,scania_s2016_4x2_norm_370,trailer.scs_dry_a,trailer_def.scs.box.single_3.dryvan,33,1,0
69261,_nameless.183.4601.c490,agronord,umea,freyr,lillehammer,0,785,0,0,wheat,renault_t_6x2,trailer.ffb_kip60,trailer_def.feldbinder.kip.single_3_60.silo_60_3p,42,1,0
69261,_nameless.183.4601.b930,agronord,umea,norr_food,karlskrona,2,1006,0,0,tomatoes,man_tgx_euro6_6x4_xlx,trailer.scs_ins_s,trailer_def.scs.box.single_3.insulated,33,1,0
69261,_nameless.183.4601.bee0,agronord,umea,nordic_ports,trondheim,1,687,0,0,tractor_c,"""heavy/daf_6x4""",trailer.kasbhr_slle,trailer_def.kassbohrer.sll.single_3_ln.low,1,1,0
69261,_nameless.183.4601.c700,lintukai_hrv,jyvaskyla,onnelik,narva,0,542,150,430,lumber,volvo_fh2024_6x2_500,trailer.profilinehd,trailer_def.krone.profilinerhd.single_3.flatbed,3,1,0
69261,_nameless.183.4601.ba00,lintukai_hrv,jyvaskyla,drekkar,malmo,2,1043,540,1170,log_harvest,"""heavy/mercedes_6x4""",trailer.scs_lowlow4e,trailer_def.scs.lowloader.single_4_ln.long,1,1,0
69261,_nameless.183.4601.c560,lintukai_hrv,jyvaskyla,byggpro,kajaani,2,297,0,0,logs,volvo_fh2012_6x2_500,trailer.scs_log,trailer_def.scs.log.single_3.steel,32,1,0
69261,_nameless.183.4601.dc20,lintukai_hrv,jyvaskyla,byggpro,skelleftea,0,604,0,0,wshavings,volvo_fh2021_4x2_750,trailer.scs_silo,trailer_def.scs.silo.single_3_10.silo,30,1,0
69261,_nameless.183.4601.e780,lintukai_hrv,kuusamo,onnelik,parnu,2,902,150,430,wood_bark,volvo_fh2024_4x2_420,trailer.scs_dumper,trailer_def.scs.dumper.single_3.steel,27,1,0
69261,_nameless.183.4601.d5a0,lintukai_hrv,kuusamo,gnt,ventspils,1,1249,150,430,exc_craw,"""heavy/volvo_fh2012_8x4_700""",trailer.scs_lowlow2e,trailer_def.scs.lowloader.single_2_ln.long,1,1,0
69261,_nameless.183.4601.c630,lintukai_hrv,kuusamo,norse_rail,ostersund,0,879,0,0,wshavings,man_6x4_b,trailer.scs_dumper,trailer_def.scs.dumper.single_3.steel,27,1,0
69261,_nameless.183.4601.e1d0,lintukai_hrv,kuusamo,freyr,lillehammer,0,1319,0,0,logs,man_4x2_a,trailer.scs_log,trailer_def.scs.log.single_3.steel,32,1,0
69261,_nameless.183.4601.e850,lintukai_hrv,tornio,renar,narva,2,977,150,430,logs,volvo_fh2012_4x2_420,trailer.scs_log,trailer_def.scs.log.single_3.steel,32,1,0
69261,_nameless.183.4601.b520,lintukai_hrv,tornio,egres,kokkola,2,296,0,0,wood_bark,scania_streamline_4x2_norm_380,trailer.scs_dumper,trailer_def.scs.dumper.single_3.steel,27,1,0
69261,_nameless.183.4601.bad0,lintukai_hrv,ivalo,nordic_ports,bodo,0,924,0,0,wshavings,renault_t_4x2h,trailer.scs_dumper,trailer_def.scs.dumper.single_3.steel,27,1,0
69261,_nameless.183.4601.bba0,lintukai_hrv,ivalo,sal_fi,kouvola,2,874,0,0,crawler,"""heavy/scania_s2016_8x4_high_770""",trailer.scs_lowlow2e,trailer_def.scs.lowloader.single_2_ln.long,1,1,0
69261,_nameless.183.4601.d9b0,lintukai_hrv,ivalo,renar,turku,2,961,0,0,logs,renault_t_4x2h,trailer.scs_log,trailer_def.scs.log.single_3.steel,32,1,0
69261,_nameless.183.4601.c7d0,bjork_hrv,ostersund,renar,dombas,0,589,0,0,jcb_exc245xr,"""heavy/mercedes_actros_8x4""",trailer.scs_lowlow4e,trailer_def.scs.lowloader.single_4_ln.long,1,1,0
69261,_nameless.183.4601.db50,bjork_hrv,ostersund,lintukainen,kouvola,0,754,300,680,forwarder,"""heavy/scania_r_6x4_top_730""",trailer.scs_lowlow4e,trailer_def.scs.lowloader.single_4_ln.long,1,1,0
69261,_nameless.183.4601.bc70,bjork_hrv,ostersund,byggpro,andenes,2,1179,150,132,logs,scania_r2016_6x4_high_660,trailer.scs_log,trailer_def.scs.log.single_3.steel,32,1,0
69261,_nameless.183.4601.c8a0,bjork_hrv,ostersund,freyr,lillehammer,0,687,0,0,wshavings,mercedes_actros_2014_4x2_c,trailer.ffb_kip60,trailer_def.feldbinder.kip.single_3_60.silo_60_3p,60,1,0
69261,_nameless.183.4601.c150,freyr,mikkeli,sellplan,olsztyn,0,1158,150,430,sheep_wool,scania_r_4x2_top_480,trailer.scs_dry_s,trailer_def.scs.box.single_3.dryvan,33,1,0
69261,_nameless.183.4601.c220,freyr,mikkeli,blt,kaunas,0,873,150,430,milk_t,renault_magnum_4x2_a,trailer.scs_fodt,trailer_def.scs.foodtank.single_3.paint,23,1,0
69261,_nameless.183.4601.c2f0,freyr,mikkeli,aerobalt,helsinki,1,232,0,0,live_cattle,volvo_fh2012_4x2_750,trailer.scs_livestk,trailer_def.scs.livestock.single_3s.str_stl,42,1,0
69261,_nameless.183.4601.dcf0,freyr,mikkeli,renar,tallinn,1,369,150,430,kr_stc1370,man_tgx_euro6_4x2_xxl,trailer.scs_lowlow4e,trailer_def.scs.lowloader.single_4_ln.long,1,1,0
69261,_nameless.183.4601.ce50,freyr,mikkeli,onnelik_a,tartu,0,431,150,430,live_pigs,daf_xf_euro6_4x2_b,trailer.scs_livestk,trailer_def.scs.livestock.single_3s.str_stl,50,1,0
69261,_nameless.183.4601.cb10,agronord,mo_i_rana,norse_rail,ostersund,0,647,0,0,barley,scania_s2016_6x2_high_460,trailer.scs_dumper,trailer_def.scs.dumper.single_3.steel,27,1,0
69261,_nameless.183.4601.cbe0,agronord,mo_i_rana,shuttle,alesund,2,754,65,82,pears,"""double/iveco_4x2_a""",trailer.scs_dry_2,trailer_def.scs.box.double_3_2.dryvan,52,1,0
69261,_nameless.183.4601.cff0,agronord,mo_i_rana,polarislines,nynashamn,0,1030,0,0,apples,man_4x2_a,trailer.profiliner17,trailer_def.krone.profiliner.single_3.curtain,33,1,0
69261,_nameless.183.4602.0590,agronord,mo_i_rana,agronord,kristiansand,0,1434,0,0,forklifts,scania_s2016_4x2_norm_370,trailer.kasbhr_sla,trailer_def.kassbohrer.sla.single_3_sh.lowbed,3,1,0
69261,_nameless.183.4602.0250,nord_sten,kiruna,nch,kouvola,1,970,0,0,volvo_ec220e,mercedes_actros_2014_4x2_b,trailer.kasbhr_sla,trailer_def.kassbohrer.sla.single_3_sh.lowbed,1,1,0
69261,_nameless.183.4601.ec60,nord_sten,kiruna,byggpro,andenes,2,557,0,0,excav_soil,scania_s2016_6x2_high_460,trailer.scs_dumper,trailer_def.scs.dumper.single_3.steel,21,1,0
69261,_nameless.183.4601.f550,nord_sten,kiruna,bjork,goteborg,0,1267,0,0,volvo_bucket,man_tgx_2020_4x2,trailer.scs_lowlowd2,trailer_def.scs.lowloader.single_2_sh.short,1,1,0
69261,_nameless.183.4601.fa30,nord_sten,kiruna,fjoste,borlange,0,909,0,0,gravel,man_6x4_b,trailer.scs_dumper,trailer_def.scs.dumper.single_3.steel,16,1,0
69261,_nameless.183.4601.fbd0,nord_sten,kiruna,nordic_ports,ornskoldsvik,1,587,0,0,stone_dust,daf_6x2_a,trailer.ffb_eut35,trailer_def.feldbinder.eut.single_3_35.silo_35_3p,17,1,0
69261,_nameless.183.4601.ed30,ocean_sol,athens,cargotras,catanzaro,0,828,570,745,mat_handler,"""heavy/man_6x4""",trailer.scs_lowlow4e,trailer_def.scs.lowloader.single_4_ln.long,1,1,0
69261,_nameless.183.4602.1500,ocean_sol,athens,icaria,chios,2,6,540,840,empty_palet,mercedes_6x2_b,trailer.profiliner17,trailer_def.krone.profiliner.single_3.curtain,33,1,0
69261,_nameless.183.4601.eb90,ocean_sol,athens,balkan_loco,ruse,2,1080,0,0,scrap_metals,mercedes_4x2_a,trailer.scs_dumper,trailer_def.scs.dumper.single_3.steel,8,1,0
69261,_nameless.183.4601.eac0,ocean_sol,athens,itcc,skopje,1,732,0,0,cable_reel,"""heavy/iveco_6x4""",trailer.scs_lowlowd4,trailer_def.scs.lowloader.single_4_sh.short,1,1,0
69261,_nameless.183.4602.16a0,norr_food,karlskrona,renor,karlstad,1,510,0,0,used_packag,iveco_4x2_b,trailer.profiliner17,trailer_def.krone.profiliner.single_3.curtain,33,1,0
69261,_nameless.183.4602.11c0,domdepo,valmiera,tree_et,bratislava,2,1329,0,0,logs,daf_xd_1,trailer.scs_log,trailer_def.scs.log.single_3.steel,32,1,0
69261,_nameless.183.4601.f6f0,domdepo,valmiera,agronord,karlstad,0,652,510,1110,sawpanels,renault_t_6x2,trailer.scs_dry_a,trailer_def.scs.box.single_3.dryvan,33,1,0
69261,_nameless.183.4601.f210,domdepo,valmiera,sal_fi,kajaani,2,912,150,430,iron_pipes,volvo_fh2024_4x2_780,trailer.scs_log,trailer_def.scs.log.single_3.steel,28,1,0
69261,_nameless.183.4602.00b0,tesore_gust,napoli,icaria,heraklion,0,750,1110,1505,beverages,daf_xg_4x2_450,trailer.kasbhr_shg45,trailer_def.kassbohrer.scs.single_3_13.curtain,34,1,0
69261,_nameless.183.4602.0180,tesore_gust,napoli,icaria,chania,2,808,1060,1885,olive_oil_t,scania_s2016_4x2_high_590,trailer.scs_fodt,trailer_def.scs.foodtank.single_3.paint,30,1,0
69261,_nameless.183.4601.e920,engeron,puertollano,lisette_log,bordeaux,0,894,0,0,ter_forklift,volvo_fh2012_4x2_420,trailer.scs_flat_b,trailer_def.scs.flatbed.single_3.flatbed_w,2,1,0
69261,_nameless.183.4602.08d0,domdepo,bailen,scs_paper,setubal,0,675,0,0,wshavings,scania_s2016_6x2_high_460,trailer.ffb_kip60,trailer_def.feldbinder.kip.single_3_60.silo_60_3p,60,1,0
69261,_nameless.183.4602.09a0,domdepo,bailen,exomar,burgos,1,529,0,0,copp_rf_gutt,daf_xgp_4x2_530,trailer.scs_curt,trailer_def.scs.box.single_3.curtain,33,1,0
69261,_nameless.183.4602.0a70,domdepo,bailen,app,badajoz,1,506,0,0,iron_pipes,scania_s2016_4x2_high_590,trailer.scs_log,trailer_def.scs.log.single_3.steel,28,1,0
69261,_nameless.183.4601.fb00,ika_bohag,napoli,tras_med,genova,0,749,0,0,empty_palet,mercedes_actros_2014_4x2_a,trailer.kasbhr_shg45,trailer_def.kassbohrer.scs.single_3_13.curtain,34,1,0
69261,_nameless.183.4601.fd70,ika_bohag,napoli,fallow,larissa,0,543,570,745,used_packag,scania_s2016_6x4_high_730,trailer.dryliner17,trailer_def.krone.dryliner.single_3.dryvan,33,1,0
69261,_nameless.183.4602.03f0,ika_bohag,napoli,brawen,skopje,2,598,540,420,pot_flowers,daf_xd_2,trailer.scs_ins,trailer_def.scs.box.single_3.insulated,33,1,0
69261,_nameless.183.4601.ee00,acc,catania,low_field,patras,0,950,590,1092,ter_forklift,scania_r_4x2_norm_360,trailer.scs_flat_b,trailer_def.scs.flatbed.single_3.flatbed_w,2,1,0
69261,_nameless.183.4602.15d0,acc,catania,ccg_fla,thessaloniki,2,875,590,1092,iron_pipes,scania_streamline_6x4_top_480,trailer.scs_log,trailer_def.scs.log.single_3.steel,28,1,0
69261,_nameless.183.4602.0c10,acc,catania,exomar,roma,0,794,20,347,jcb_dmphtd5e,daf_xf_euro6_6x2_a,trailer.scs_flat_b,trailer_def.scs.flatbed.single_3.flatbed_w,7,1,0
69261,_nameless.183.4602.0db0,acc,catania,exomar,cordoba,1,777,1557,1788,largetubes,scania_r_6x4_top_620,trailer.scs_log,trailer_def.scs.log.single_3.steel,6,1,0
69261,_nameless.183.4602.0730,polar_fish,svolvaer,renar,steinkjer,0,679,150,132,used_plast,"""double/mercedes_4x2_a""",trailer.profiline17d,trailer_def.krone.profiliner.double_3_2.curtain,52,1,0
69261,_nameless.183.4601.fe40,polar_fish,svolvaer,sal_fi,pori,0,1367,0,0,used_packag,iveco_4x2_a,trailer.scs_dry_a,trailer_def.scs.box.single_3.dryvan,33,1,0
69261,_nameless.183.4601.efa0,subse,nantes,kaarfor,swansea,1,1075,35,300,canned_tuna,daf_6x2_a,trailer.scs_ref_a,trailer_def.scs.box.single_3.reefer,33,1,0
69261,_nameless.183.4602.0800,subse,nantes,trans_cab,santander,0,844,0,0,chicken_meat,volvo_fh2024_6x2_500,trailer.scs_ins_a,trailer_def.scs.box.single_3.insulated,33,1,0
69261,_nameless.183.4601.f070,subse,nantes,rt_log,zaragoza,2,902,0,0,concen_juice,iveco_sway_4x2_460,trailer.kasbhr_scs,trailer_def.kassbohrer.scs.single_3_13.curtain,34,1,0
69261,_nameless.183.4601.f140,subse,nantes,sellplan,geneve,2,879,0,0,can_sardines,scania_r2016_6x4_high_660,trailer.kasbhr_sbt,trailer_def.kassbohrer.sbt.single_3_13.dryvan,34,1,0
69261,_nameless.183.4601.f7c0,subse,nantes,tradeaux,dusseldorf,0,978,0,0,soy_milk_t,mercedes_actros_2014_6x4_b,trailer.ffb_tsalm32,trailer_def.feldbinder.tsalm.single_3_32.32_3_2,23,1,0
69261,_nameless.183.4602.04c0,bhv,linkoping,blt,kaunas,2,517,510,1110,caravans,scania_streamline_6x2_norm_440,trailer.truck_trans,trailer_def.caravans.truck_trans,100,1,0
69261,_nameless.183.4602.1290,tree_et,bialystok,tradeaux,klagenfurt,1,1054,0,0,exc_craw,"""heavy/daf_xgp_4x2_530""",trailer.scs_lowlow4e,trailer_def.scs.lowloader.single_4_ln.long,1,1,0
69261,_nameless.183.4602.0b40,tree_et,bialystok,tree_et,metz,2,1426,0,0,forwarder,"""heavy/man_tgx_euro6_8x4_xlx""",trailer.scs_lowlow4e,trailer_def.scs.lowloader.single_4_ln.long,1,1,0
69261,_nameless.183.4601.f890,tree_et,bialystok,baltomors_ru,pskov,0,778,0,0,forklifts,man_tgx_2020_6x2,trailer.scs_lowbed41,trailer_def.scs.lowbed.single_41_ln.long,3,1,0
69261,_nameless.183.4602.0e80,tree_et,bialystok,vainamoi_fla,kuusamo,0,1585,150,430,lumber,man_tgx_2020,trailer.scs_flat_b,trailer_def.scs.flatbed.single_3.flatbed_w,3,1,0
69261,_nameless.183.4602.10f0,engeron,badajoz,elcano_hms,madrid,2,436,0,0,transformat,"""heavy/scania_s2016_8x4_high_770""",trailer.scs_lowlowd4,trailer_def.scs.lowloader.single_4_sh.short,1,1,0
69261,_nameless.183.4602.1360,engeron,badajoz,gnt,bastia,1,1023,930,1182,cable_reel,"""heavy/scania_s2016_8x4_high_770""",trailer.kasbhr_slle,trailer_def.kassbohrer.sll.single_3_ln.low,1,1,0
69261,_nameless.183.4602.1770,engeron,badajoz,app,valencia,0,499,0,0,empty_palet,"""double/renault_magnum_4x2_a""",trailer.scs_dry_b2,trailer_def.scs.box.bdouble_3_3.dryvan,52,1,0
69261,_nameless.183.4601.e9f0,itcc,luxembourg,lisette_log,larochelle,0,929,0,0,outdr_flr_tl,mercedes_6x4_a,trailer.scs_dry_m,trailer_def.scs.box.single_3.dryvan_m,32,1,0
69261,_nameless.183.4601.f2e0,itcc,luxembourg,sanbuild_bas,munchen,1,568,0,0,re_bars,mercedes_6x4_a,trailer.profilinehd,trailer_def.krone.profilinerhd.single_3.flatbed,2,1,0
69261,_nameless.183.4601.f480,itcc,luxembourg,transinet,southampton,2,571,35,300,alu_ingot,scania_streamline_4x2_norm_380,trailer.scs_flat_b,trailer_def.scs.flatbed.single_3.flatbed_w,30,1,0
69261,_nameless.183.4601.f960,renar,narva,renar,turku,0,427,150,430,tableware,daf_xgp_4x2_530,trailer.scs_dry_ms,trailer_def.scs.box.single_3.dryvan_m,33,1,0
69261,_nameless.183.4601.1ed0,renar,narva,transinet,ostrava,0,1447,0,0,log_stacker,"""heavy/scania_r2016_8x4_high_730""",trailer.scs_lowlow4e,trailer_def.scs.lowloader.single_4_ln.long,1,1,0
69261,_nameless.183.4601.3590,eurogoodies,metz,transinet,southampton,0,647,35,300,milk_t,renault_premium_6x2_a,trailer.scs_fodt,trailer_def.scs.foodtank.single_3.paint,23,1,0
69261,_nameless.183.4601.3a70,eurogoodies,metz,rosmark_ru,kaliningrad,0,1438,0,0,coconut_milk,volvo_fh2012_6x2_500,trailer.scs_curt_a,trailer_def.scs.box.single_3.curtain,33,1,0
69261,_nameless.183.4601.4290,euroacres,plymouth,shuttle,sevilla,2,897,1076,1172,carrots_c,scania_r2016_4x2_high_500,trailer.krone.boxliner40,trailer_def.krone.boxliner.single_3_40.container,30,1,0
69261,_nameless.183.4601.1b90,euroacres,plymouth,nord_crown,odense,0,1496,35,300,beef_meat,iveco_sway_4x2_460,trailer.scs_ref_a,trailer_def.scs.box.single_3.reefer,33,1,0
69261,_nameless.183.4601.1920,ns_oil,oslo,tqg,karlstad,0,266,0,0,ethane,man_4x2_c,trailer.scs_gastank,trailer_def.scs.gastank.single_3.gastank,40,1,0
69261,_nameless.183.4601.4c50,ns_oil,oslo,stokes,katowice,2,1535,105,404,oil,scania_streamline_4x2_norm_380,trailer.willig.fuel_cistern,trailer_def.scs.fueltank.single_3.fueltank,28,1,0
69261,_nameless.183.4601.2480,cesare_smar,palermo,balkan_loco,veli_tarnovo,1,1543,590,1092,used_packag,renault_premium_4x2_c,trailer.scs_dry_m,trailer_def.scs.box.single_3.dryvan_m,33,1,0
69261,_nameless.183.4601.3db0,cesare_smar,palermo,exomar,taranto,0,618,20,347,used_plast,daf_xd_1,trailer.scs_dry_m,trailer_def.scs.box.single_3.dryvan_m,33,1,0
69261,_nameless.183.4601.3660,cesare_smar,palermo,rt_log,cordoba,1,576,1557,1788,used_plast_c,volvo_fh2012_6x2_500,trailer.scs_gosck20,trailer_def.scs.gooseneck.singl_3e_20.container,15,1,0
69261,_nameless.183.4601.3e80,bhv,bastia,bhv,montpellier,1,388,840,1193,vans_vt,scania_s2016_6x4_high_730,trailer.truck_trans,trailer_def.vans_vt.truck_trans,100,1,0
69261,_nameless.183.4601.34c0,app,malaga,tradeaux,ajaccio,2,1014,930,1182,metal_cans,volvo_fh2021_6x2_540,trailer.kasbhr_shg45,trailer_def.kassbohrer.scs.single_3_13.curtain,34,1,0
69261,_nameless.183.4601.4360,app,malaga,trans_cab,santander,0,967,0,0,brake_pads,"""double/scania_s2016_6x4_high_660""",trailer.scs_dry_b2,trailer_def.scs.box.bdouble_3_3.dryvan,52,1,0
69261,_nameless.183.4601.3ce0,sal_fi,oulu,onnelik,parnu,1,818,150,430,tractor_c,"""heavy/scania_r2016_8x4_high_730""",trailer.scs_lowlow2e,trailer_def.scs.lowloader.single_2_ln.long,1,1,0
69261,_nameless.183.4601.3320,sal_fi,oulu,drekkar,malmo,0,1470,0,0,used_plast_c,mercedes_6x2_b,trailer.kasbhr_shg40,trailer_def.kassbohrer.shg.singl_3e_40.container,30,1,0
69261,_nameless.183.4601.4430,sal_fi,oulu,transinet,bialystok,0,1432,150,430,caravans,renault_premium_6x4_a,trailer.truck_trans,trailer_def.caravans.truck_trans,100,1,0
69261,_nameless.183.4601.4500,sal_fi,oulu,tradeaux,olsztyn,0,1512,150,430,protec_cloth,renault_t_4x2,trailer.scs_curt_s,trailer_def.scs.box.single_3.curtain,33,1,0
69261,_nameless.183.4601.27c0,lkwlog,osnabruck,gnt,kalmar,0,992,0,0,pasta,scania_streamline_6x4_top_480,trailer.scs_dry,trailer_def.scs.box.single_3.dryvan,33,1,0
69261,_nameless.183.4601.3f50,lkwlog,osnabruck,te_logistica,sassari,0,1580,720,827,natur_rubber,mercedes_4x2_c,trailer.scs_dry_s,trailer_def.scs.box.single_3.dryvan,33,1,0
69261,_nameless.183.4601.33f0,lkwlog,osnabruck,gnt,uppsala,0,1364,0,0,chem_sorb_c,volvo_fh16_4x2_420,trailer.krone.boxliner40,trailer_def.krone.boxliner.single_3_40.container,30,1,0
69261,_nameless.183.4601.3c10,lkwlog,osnabruck,rosmark,liepaja,2,1352,0,0,oil_filters,daf_xg_4x2_450,trailer.kasbhr_shg45,trailer_def.kassbohrer.scs.single_3_13.curtain,34,1,0
69261,_nameless.183.4601.22e0,marina,valencia,fle,montpellier,2,803,0,0,large_cont,man_4x2_a,trailer.scs_lowbed41,trailer_def.scs.lowbed.single_41_ln.long,36,1,0
69261,_nameless.183.4601.2b00,nofeba,hamar,kivisydan,lappeenranta,1,892,540,1170,volvo_bucket,renault_magnum_6x4_a,trailer.scs_lowlowd4,trailer_def.scs.lowloader.single_4_sh.short,1,1,0
69261,_nameless.183.4601.2d70,nofeba,hamar,renar,kokkola,0,747,300,680,metal_center,"""heavy/volvo_fh16_6x4_750""",trailer.scs_lowlow4e,trailer_def.scs.lowloader.single_4_ln.long,1,1,0
69261,_nameless.183.4601.19f0,sanbuilders,edinburgh,stokes,liege,0,1121,35,300,emptytank,daf_4x2_a,trailer.scs_flat_b,trailer_def.scs.flatbed.single_3.flatbed_w,1,1,0
69261,_nameless.183.4601.41c0,sanbuilders,edinburgh,renar,turku,0,1468,1680,2484,roller,iveco_4x2_b,trailer.scs_lowbed_4,trailer_def.scs.lowbed.single_4_sh.short,1,1,0
69261,_nameless.183.4601.3b40,christopoulo,chios,ccg_fla,tirana,0,600,690,1521,concr_cent,scania_s2016_4x2_high_590,trailer.profilinehd,trailer_def.krone.profilinerhd.single_3.flatbed,7,1,0
69261,_nameless.183.4601.2070,christopoulo,chios,cargotras,pescara,1,819,1110,1585,glass_packed,scania_r2016_4x2_high_500,trailer.gls_trailer,trailer_def.glass_packed.gls_trailer,100,1,0
69261,_nameless.183.4601.3250,christopoulo,chios,domdepo,iasi,1,992,690,1521,marb_slab,volvo_fh2024_4x2_420,trailer.profilinehd,trailer_def.krone.profilinerhd.single_3.flatbed,2,1,0
69261,_nameless.183.4601.2140,christopoulo,chios,cargotras,catanzaro,2,834,1110,1585,logs,scania_streamline_6x4_top_480,trailer.scs_log,trailer_def.scs.log.single_3.steel,32,1,0
69261,_nameless.183.4601.4770,tradeaux,krakow,eurogoodies,venezia,2,1007,0,0,pesto,scania_streamline_6x2_norm_440,trailer.scs_curt,trailer_def.scs.box.single_3.curtain,33,1,0
69261,_nameless.183.4601.45d0,tradeaux,krakow,fallow,zagreb,0,747,0,0,med_equip,scania_r2016_4x2_high_500,trailer.dryliner17,trailer_def.krone.dryliner.single_3.dryvan,33,1,0
69261,_nameless.183.4601.2ca0,tradeaux,krakow,balkan_loco,maribor,1,684,0,0,apples_c,volvo_fh2024_6x2_500,trailer.krone.boxliner40,trailer_def.krone.boxliner.single_3_40.container,30,1,0
69261,_nameless.183.4601.2890,sanbuild_hms,narvik,gnt,svolvaer,0,351,0,0,empty_palet,"""double/man_tgx_2020""",trailer.scs_curt_2,trailer_def.scs.box.double_3_2.curtain,52,1,0
69261,_nameless.183.4601.23b0,sanbuild_hms,narvik,konstnr_hs,vasteraas,0,1223,0,0,crawler,"""heavy/mercedes_actros_8x4""",trailer.scs_lowlowd2,trailer_def.scs.lowloader.single_2_sh.short,1,1,0
69261,_nameless.183.4601.1c60,sanbuild_hms,narvik,renar,mikkeli,2,1014,0,0,czl_muv75,"""heavy/scania_r2016_8x4_high_730""",trailer.scs_lowbed41,trailer_def.scs.lowbed.single_41_ln.long,1,1,0
69261,_nameless.183.4601.2e40,cont_port_it,napoli,app,zaragoza,1,322,1300,1500,clothes_c,daf_xd_1,trailer.krone.boxliner20,trailer_def.krone.boxliner.single_3.container,15,1,0
69261,_nameless.183.4601.2550,cont_port_it,napoli,cont_port,durres,1,234,540,420,chlorine,daf_xf_4x2_370,trailer.krone.boxliner220,trailer_def.krone.boxliner.single_3_220.container,80,1,0
69261,_nameless.183.4601.4020,nordic_ports,tornio,sal_fi,helsinki,0,718,0,0,battery,mercedes_actros_2014_4x2_b,trailer.kasbhr_sbt,trailer_def.kassbohrer.sbt.single_3_13.dryvan,34,1,0
69261,_nameless.183.4601.1d30,nordic_ports,tornio,renar,lillehammer,0,988,0,0,polyst_box,renault_magnum_6x4_a,trailer.scs_curt,trailer_def.scs.box.single_3.curtain,33,1,0
69261,_nameless.183.4601.1e00,nordic_ports,tornio,konstnr_hs,helsingborg,0,1332,0,0,wooden_beams,man_tgx_2020_6x2,trailer.scs_log,trailer_def.scs.log.single_3.steel,2,1,0
69261,_nameless.183.4601.39a0,slava,osijek,slava,pristina,1,601,0,0,car_balt2,volvo_fh2024_4x2_780,trailer.van_trans,trailer_def.car_balt2.van_trans,100,1,0
69261,_nameless.183.4601.4910,slava,osijek,dfh,dresden,0,816,0,0,car_ibe,renault_premium_6x2_a,trailer.car_trans,trailer_def.car_ibe.car_trans,100,1,0
69261,_nameless.183.4601.2f10,st_roza_bg,pirdop,exomar,taranto,2,887,570,745,alu_ingot,daf_xg_4x2_450,trailer.scs_flat_b,trailer_def.scs.flatbed.single_3.flatbed_w,30,1,0
69261,_nameless.183.4601.30b0,st_roza_bg,pirdop,rt_log,linz,1,1280,0,0,empty_spool,man_tgx_euro6_6x4_xlx,trailer.kasbhr_sla,trailer_def.kassbohrer.sla.single_3_sh.lowbed,3,1,0
69261,_nameless.183.4601.3180,st_roza_bg,pirdop,rock_eater,istanbul,2,452,0,0,ter_forklift,iveco_4x2_a,trailer.scs_flat_b,trailer_def.scs.flatbed.single_3.flatbed_w,2,1,0
69261,_nameless.183.4601.40f0,st_roza_bg,pirdop,stokes,tuzla,1,738,0,0,iron_pipes,daf_xd25,trailer.scs_log,trailer_def.scs.log.single_3.steel,28,1,0
69261,_nameless.183.4601.46a0,sellplan,nurnberg,drekkar,vaxjo,2,1079,105,404,used_plast,daf_6x2_a,trailer.scs_dry_m,trailer_def.scs.box.single_3.dryvan_m,33,1,0
69261,_nameless.183.4601.4ab0,sellplan,nurnberg,norrsken,aalborg,1,955,0,0,empty_palet,scania_r2016_6x4_high_660,trailer.profiliner17,trailer_def.krone.profiliner.single_3.curtain,33,1,0
69261,_nameless.183.4601.4840,sellplan,nurnberg,te_logistica,parma,1,771,0,0,used_packag,renault_premium_6x4_a,trailer.scs_dry_s,trailer_def.scs.box.single_3.dryvan,33,1,0
69261,_nameless.183.4601.4b80,cemelt_fla,edirne,fallow,larissa,1,623,0,0,forklifts,renault_magnum_6x2_a,trailer.scs_lowbed_4,trailer_def.scs.lowbed.single_4_sh.short,3,1,0
69261,_nameless.183.4601.5c90,cemelt_fla,edirne,low_field,mitilini,1,406,730,1440,excav_soil,renault_t_6x2,trailer.scs_dumper,trailer_def.scs.dumper.single_3.steel,17,1,0
69261,_nameless.183.4601.7420,kaarfor,verona,lkwlog,brno,0,782,0,0,used_packag,man_4x2_a,trailer.kasbhr_shg45,trailer_def.kassbohrer.scs.single_3_13.curtain,34,1,0
69261,_nameless.183.4601.7760,kaarfor,verona,cont_port_fr,marseille,0,730,0,0,used_plast_c,mercedes_6x4_a,trailer.krone.boxliner220,trailer_def.krone.boxliner.single_3_220.container,30,1,0
69261,_nameless.183.4601.6cd0,kaarfor,verona,tradeaux,lyon,0,640,0,0,empty_palet,man_tgx_euro6_4x2_xxl,trailer.scs_curt_a,trailer_def.scs.box.single_3.curtain,33,1,0
69261,_nameless.183.4601.6720,eurogoodies,koper,rt_log,innsbruck,0,610,0,0,beverages_t,iveco_4x2_c,trailer.ffb_tsalm32,trailer_def.feldbinder.tsalm.single_3_32.32_3_2,23,1,0
69261,_nameless.183.4601.5fd0,eurogoodies,koper,polarislines,kiel,0,1361,0,0,salt_spices,renault_t_6x2,trailer.kasbhr_scs,trailer_def.kassbohrer.scs.single_3_13.curtain,34,1,0
69261,_nameless.183.4601.67f0,lkwlog,kosice,kaarfor,targu_mures,1,600,0,0,pot_flowers,scania_r2016_4x2_norm_370,trailer.coolliner17,trailer_def.krone.coolliner.single_3.reefer,33,1,0
69261,_nameless.183.4601.6c00,lkwlog,kosice,lkwlog,nurnberg,0,939,0,0,goat_cheese,mercedes_4x2_a,trailer.scs_ref_a,trailer_def.scs.box.single_3.reefer,33,1,0
69261,_nameless.183.4601.5950,lkwlog,kosice,norr_food,karlskrona,0,768,630,790,mozzarela,man_tgx_2020_4x2,trailer.scs_ins_s,trailer_def.scs.box.single_3.insulated,33,1,0
69261,_nameless.183.4601.8050,lkwlog,kosice,rosmark,liepaja,0,1024,0,0,alu_profile,daf_xd_2,trailer.scs_flat_b,trailer_def.scs.flatbed.single_3.flatbed_w,2,1,0
69261,_nameless.183.4601.6a60,lkwlog,kosice,dfh,rostock,1,1112,0,0,air_mails,mercedes_actros_2014_6x2_a,trailer.scs_dry_m,trailer_def.scs.box.single_3.dryvan_m,33,1,0
69261,_nameless.183.4601.5060,lkwlog,kosice,blt,paldiski,1,1317,0,0,med_vaccine,iveco_sway_4x2_500,trailer.scs_ref_a,trailer_def.scs.box.single_3.reefer,33,1,0
69261,_nameless.183.4601.7d10,polarislines,tallinn,kaarfor,ostrava,0,1272,0,0,chicken_meat,scania_s2016_6x4_high_730,trailer.scs_ins_s,trailer_def.scs.box.single_3.insulated,33,1,0
69261,_nameless.183.4601.6240,polarislines,tallinn,gnt,uppsala,0,183,570,1270,used_packag,daf_xg_4x2_450,trailer.drylineret,trailer_def.krone.edryliner.single_3.dryvan,33,1,0
69261,_nameless.183.4601.5d60,polarislines,tallinn,gnt,svolvaer,1,1520,150,430,spher_valves,renault_t_6x2,trailer.scs_dry_m,trailer_def.scs.box.single_3.dryvan_m,32,1,0
69261,_nameless.183.4601.5610,aaa,cagliari,aaa,pescara,0,298,840,879,car_ibe,mercedes_actros_2014_6x2_a,trailer.car_trans,trailer_def.car_ibe.car_trans,100,1,0
69261,_nameless.183.4601.5f00,aaa,cagliari,balkan_loco,edirne,0,1057,1410,1624,car_balt1,volvo_fh16_4x2_420,trailer.car_trans,trailer_def.car_balt1.car_trans,100,1,0
69261,_nameless.183.4601.5200,cargotras,palermo,mvm_carriere,bastia,2,357,930,1133,hipresstank,daf_xgp_4x2_530,trailer.profilinehd,trailer_def.krone.profilinerhd.single_3.flatbed,8,1,0
69261,_nameless.183.4601.6da0,cargotras,palermo,tras_med,catania,2,193,0,0,post_packag,scania_s_2024e,trailer.scs_dry_m,trailer_def.scs.box.single_3.dryvan_m,33,1,0
69261,_nameless.183.4601.6b30,cargotras,palermo,iberatomica,vandellos,2,299,1557,1788,vol_ew240emh,"""heavy/man_tgx_euro6_8x4_xlx""",trailer.scs_lowbed_4,trailer_def.scs.lowbed.single_4_sh.short,1,1,0
69261,_nameless.183.4601.7900,cargotras,palermo,app,coimbra,0,1049,1557,1788,plast_pipes,volvo_fh2012_6x2_500,trailer.scs_flat_b,trailer_def.scs.flatbed.single_3.flatbed_w,4,1,0
69261,_nameless.183.4601.5af0,cargotras,palermo,acc,sevilla,0,655,1557,1788,motor_oil,daf_xg_4x2_450,trailer.scs_dry,trailer_def.scs.box.single_3.dryvan,33,1,0
69261,_nameless.183.4601.6f40,cargotras,palermo,baltrak,edirne,0,1424,590,1092,fireworks,iveco_4x2_c,trailer.kasbhr_scs,trailer_def.kassbohrer.scs.single_3_13.curtain,34,1,0
69261,_nameless.183.4601.7010,konstnr,stockholm,sanbuilders,gdansk,1,35,1140,531,volvo_ec220e,man_4x2_c,trailer.scs_lowbed_3,trailer_def.scs.lowbed.single_3.short,1,1,0
69261,_nameless.183.4601.7830,konstnr,stockholm,posped,lodz,0,1433,105,404,jcb_exc245xr,"""heavy/mercedes_6x4""",trailer.scs_lowbed41,trailer_def.scs.lowbed.single_41_ln.long,1,1,0
69261,_nameless.183.4601.6310,tradeaux,brest,eurogoodies,edinburgh,0,869,420,1000,canned_beef,mercedes_actros_2014_4x2_a,trailer.scs_ref,trailer_def.scs.box.single_3.reefer,32,1,0
69261,_nameless.183.4601.5540,tradeaux,brest,lkwlog,manchester,0,582,420,1000,shock_absorb,renault_premium_4x2_c,trailer.kasbhr_shg45,trailer_def.kassbohrer.scs.single_3_13.curtain,34,1,0
69261,_nameless.183.4601.6650,tradeaux,brest,trans_cab,vigo,1,1533,0,0,spher_valves,daf_xf_euro6_4x2_c,trailer.dryliner17,trailer_def.krone.dryliner.single_3.dryvan,33,1,0
69261,_nameless.183.4601.7280,tradeaux,brest,posped,rotterdam,1,996,0,0,aircft_tires,scania_streamline_6x4_top_480,trailer.scs_curt_s,trailer_def.scs.box.single_3.curtain,33,1,0
69261,_nameless.183.4601.74f0,tradeaux,brest,exomar,a_coruna,2,1568,0,0,emptytank,daf_xd_2,trailer.scs_flat_b,trailer_def.scs.flatbed.single_3.flatbed_w,1,1,0
69261,_nameless.183.4601.56e0,eurogoodies,liege,eurogoodies,newcastle,0,963,35,300,milk_t,scania_r_4x2_top_480,trailer.scs_fodt,trailer_def.scs.foodtank.single_3.paint,23,1,0
69261,_nameless.183.4601.7690,eurogoodies,liege,lisette_log,bordeaux,2,1148,0,0,limonades,scania_r2016_6x4_high_660,trailer.scs_dry_m,trailer_def.scs.box.single_3.dryvan_m,33,1,0
69261,_nameless.183.4601.7aa0,renor,kristiansund,gnt,ventspils,0,971,550,1156,mob_crusher,"""heavy/man_tgx_2020_8x4""",trailer.scs_lowbed_4,trailer_def.scs.lowbed.single_4_sh.short,1,1,0
69261,_nameless.183.4601.5bc0,renor,kristiansund,sal_fi,oulu,2,1352,25,36,battery,"""double/volvo_fh2024_4x2_780""",trailer.scs_curt_2,trailer_def.scs.box.double_3_2.curtain,52,1,0
69261,_nameless.183.4601.70e0,huerta,el_ejido,huerta,beja,0,624,0,0,cott_harvest,"""heavy/mercedes_actros_8x4""",trailer.kasbhr_slle,trailer_def.kassbohrer.sll.single_3_ln.low,1,1,0
69261,_nameless.183.4601.4ec0,huerta,el_ejido,cortica,sines,2,828,0,0,digger1000,volvo_fh16_4x2_540,trailer.scs_lowlowd2,trailer_def.scs.lowloader.single_2_sh.short,1,1,0
69261,_nameless.183.4601.5a20,huerta,el_ejido,kaarfor,larochelle,0,1294,0,0,nuts,man_4x2_c,trailer.scs_dry_a,trailer_def.scs.box.single_3.dryvan,33,1,0
69261,_nameless.183.4601.7350,jastuk,nis,icaria,heraklion,1,796,540,760,empty_spool,volvo_fh2024_4x2_780,trailer.scs_lowbed_3,trailer_def.scs.lowbed.single_3.short,3,1,0
69261,_nameless.183.4601.4f90,jastuk,nis,cesare_smar,sassari,0,974,1380,1299,furniture,daf_xd,trailer.profiliner17,trailer_def.krone.profiliner.single_3.curtain,33,1,0
69261,_nameless.183.4601.57b0,jastuk,nis,lefko,larissa,1,541,0,0,ter_forklift,scania_streamline_6x4_top_480,trailer.profilinehd,trailer_def.krone.profilinerhd.single_3.flatbed,2,1,0
69261,_nameless.183.4601.68c0,sag_tre_pln,trondheim,sal_fi,pori,2,860,300,680,mat_handler,"""heavy/mercedes_actros_8x4""",trailer.scs_lowlow4e,trailer_def.scs.lowloader.single_4_ln.long,1,1,0
69261,_nameless.183.4601.75c0,sag_tre_pln,trondheim,renor,kajaani,2,1262,0,0,furniture,"""double/renault_premium_4x2_a""",trailer.scs_dry_b2,trailer_def.scs.box.bdouble_3_3.dryvan,52,1,0
69261,_nameless.183.4601.5e30,sag_tre_pln,trondheim,bltmetal,tallinn,1,910,570,1270,ter_forklift,renault_magnum_6x2_a,trailer.profilinehd,trailer_def.krone.profilinerhd.single_3.flatbed,2,1,0
69261,_nameless.183.4601.7b70,sag_tre_pln,trondheim,gnt,svolvaer,0,803,150,132,empty_spool,iveco_4x2_a,trailer.scs_flat_b,trailer_def.scs.flatbed.single_3.flatbed_w,4,1,0
69261,_nameless.183.4601.7c40,ns_oil,klaipeda,vpc,goteborg,2,719,510,1110,fueltanker,man_tgx_euro6_6x4_xlx,trailer.scs_gosck220,trailer_def.scs.gooseneck.singl_3e_220.container,80,1,0
69261,_nameless.183.4601.7de0,ns_oil,klaipeda,rt_log,rostock,0,997,0,0,ethane,daf_xf_euro6_4x2_b,trailer.scs_gastank,trailer_def.scs.gastank.single_3.gastank,40,1,0
69261,_nameless.183.4601.7eb0,ns_oil,klaipeda,cont_port,oulu,0,1260,150,430,motor_oil_c,daf_xf_euro6_6x4_c,trailer.scs_gosck20,trailer_def.scs.gooseneck.singl_3e_20.container,15,1,0
69261,_nameless.183.4601.4d20,ns_oil,klaipeda,primel,gavle,2,397,510,1110,petrol,volvo_fh2024_6x2_500,trailer.willig.fuel_cistern,trailer_def.scs.fueltank.single_3.fueltank,30,1,0
69261,_nameless.183.4601.64b0,ortiz,zaragoza,tradeaux,lyon,1,963,0,0,empty_palet,volvo_fh16_4x2_420,trailer.dryliner17,trailer_def.krone.dryliner.single_3.dryvan,33,1,0
69261,_nameless.183.4601.6990,ortiz,zaragoza,exomar,a_coruna,2,836,0,0,volvo_cars,daf_4x2_b,trailer.car_trans,trailer_def.volvo_cars.car_trans,100,1,0
69261,_nameless.183.4601.4df0,marina,kavala,brawen,skopje,1,419,0,0,lux_yacht,renault_t_4x2h,trailer.kasbhr_sla,trailer_def.kassbohrer.sla.single_3_sh.lowbed,1,1,0
69261,_nameless.183.4601.5130,marina,kavala,crnodrvo,bijelo_polje,2,824,0,0,large_cont,daf_xf_euro6_4x2_b,trailer.kasbhr_sla,trailer_def.kassbohrer.sla.single_3_sh.lowbed,27,1,0
69261,_nameless.183.4601.53a0,marina,kavala,te_logistica,messina,0,908,590,1092,yacht,volvo_fh2021_4x2_420,trailer.scs_lowbed41,trailer_def.scs.lowbed.single_41_ln.long,1,1,0
69261,_nameless.183.4601.5880,lkwlog,calais,drekkar,vaxjo,0,1494,0,0,metal_cans,renault_t_4x2h,trailer.scs_curt,trailer_def.scs.box.single_3.curtain,33,1,0
69261,_nameless.17f.7a09.5dc0,lkwlog,calais,eurogoodies,liverpool,0,478,91,384,drymilk,iveco_h_4x2_a,trailer.scs_curt,trailer_def.scs.box.single_3.curtain,33,1,0
69261,_nameless.17f.7a09.7480,lkwlog,calais,lisette_log,lemans,0,482,0,0,silica,man_tgx_euro6_4x2_xl,trailer.scs_curt_a,trailer_def.scs.box.single_3.curtain,33,1,0
69261,_nameless.17f.7a09.76f0,lkwlog,calais,gnt,kristiansand,0,1244,195,1052,roller,iveco_6x2_a,trailer.scs_lowlowd4,trailer_def.scs.lowloader.single_4_sh.short,1,1,0
69261,_nameless.17f.7a09.8660,lkwlog,calais,eurogoodies,lublin,2,1527,0,0,carb_water,mercedes_4x2_a,trailer.scs_dry,trailer_def.scs.box.single_3.dryvan,30,1,0
69261,_nameless.17f.7a09.5e90,lkwlog,calais,rt_log,linz,2,1101,0,0,chocolate,mercedes_4x2_b,trailer.scs_curt,trailer_def.scs.box.single_3.curtain,33,1,0
69261,_nameless.17f.7a09.8730,fle,tromso,renar,steinkjer,0,1046,30,45,comp_process,daf_xgp25_4x2_530,trailer.kasbhr_scs,trailer_def.kassbohrer.scs.single_3_13.curtain,34,1,0
69261,_nameless.17f.7a09.7960,fle,tromso,sal_fi,lappeenranta,1,1276,0,0,oranges,scania_r2016_6x4_high_660,trailer.scs_ref_s,trailer_def.scs.box.single_3.reefer,33,1,0
69261,_nameless.17f.7a09.5740,fle,tromso,renor,skelleftea,1,778,0,0,large_cont,daf_xd25,trailer.profilinehd,trailer_def.krone.profilinerhd.single_3.flatbed,33,1,0
69261,_nameless.17f.7a09.7a30,tradeaux,hannover,marina,klaipeda,1,1138,0,0,yacht,man_tgx_euro6_4x2_xl,trailer.scs_lowbed_3,trailer_def.scs.lowbed.single_3.short,1,1,0
69261,_nameless.17f.7a09.7140,tradeaux,hannover,eurogoodies,olsztyn,0,766,0,0,frsh_herbs,iveco_sway_4x2_500,trailer.scs_ref,trailer_def.scs.box.single_3.reefer,33,1,0
69261,_nameless.17f.7a09.8250,tradeaux,hannover,fle,brest,1,1291,0,0,watermelons,daf_xf_4x2_370,trailer.scs_ins_s,trailer_def.scs.box.single_3.insulated,33,1,0
69261,_nameless.17f.7a09.6ac0,tradeaux,hannover,gnt,daugavpils,0,1343,0,0,frozen_hake,daf_xgp25_4x2_530,trailer.coolliner17,trailer_def.krone.coolliner.single_3.reefer,33,1,0
69261,_nameless.17f.7a09.58e0,tradeaux,hannover,sanbuilders,krakow,2,796,0,0,jcb_mexc19ce,scania_r_6x4_top_620,trailer.scs_flat_b,trailer_def.scs.flatbed.single_3.flatbed_w,3,1,0
69261,_nameless.17f.7a09.6fa0,ika_bohag,uppsala,tradeaux,grimsby,2,1138,1140,1314,empty_palet,renault_t_6x2,trailer.kasbhr_shg45,trailer_def.kassbohrer.scs.single_3_13.curtain,34,1,0
69261,_nameless.17f.7a09.5f60,ika_bohag,uppsala,renor,kiruna,1,968,0,0,used_packag,daf_xf_4x2_370,trailer.scs_curt,trailer_def.scs.box.single_3.curtain,33,1,0
69261,_nameless.17f.7a09.6780,ika_bohag,uppsala,lkwlog,manchester,1,1195,1140,1314,pot_flowers,daf_xg_4x2_450,trailer.coolliner17,trailer_def.krone.coolliner.single_3.reefer,33,1,0
69261,_nameless.17f.7a09.6d30,itcc,liege,tradeaux,krakow,1,1123,0,0,concr_beams,"""heavy/daf_6x4""",trailer.scs_lowbed41,trailer_def.scs.lowbed.single_41_ln.long,1,1,0
69261,_nameless.17f.7a09.72e0,itcc,liege,te_logistica,parma,2,1009,0,0,alu_ingot,iveco_sway_4x2_500,trailer.scs_flat_b,trailer_def.scs.flatbed.single_3.flatbed_w,33,1,0
69261,_nameless.17f.7a09.73b0,itcc,liege,te_logistica,cagliari,0,1510,720,827,outdr_flr_tl,mercedes_actros_2014_6x4_b,trailer.scs_dry_s,trailer_def.scs.box.single_3.dryvan,32,1,0
69261,_nameless.17f.7a09.6100,kaarfor,edinburgh,blt,paldiski,1,1435,1710,2584,used_plast_c,scania_s2016_4x2_high_590,trailer.kasbhr_shg20,trailer_def.kassbohrer.shg.singl_3e_20.container,15,1,0
69261,_nameless.17f.7a09.62a0,kaarfor,edinburgh,rt_log,koln,0,1246,35,300,empty_palet,daf_xd25,trailer.scs_curt_a,trailer_def.scs.box.single_3.curtain,33,1,0
69261,_nameless.17f.7a09.5b50,skog_paper,borlange,posped,lublin,1,1022,510,1110,empty_barr,iveco_6x2_a,trailer.scs_curt_a,trailer_def.scs.box.single_3.curtain,33,1,0
69261,_nameless.17f.7a09.7070,skog_paper,borlange,rosmark,riga,0,489,510,1110,used_packag,renault_premium_6x2_a,trailer.scs_dry_m,trailer_def.scs.box.single_3.dryvan_m,33,1,0
69261,_nameless.17f.7a09.6510,skog_paper,borlange,renar,dombas,0,442,0,0,emptytank,volvo_fh16_4x2_420,trailer.profilinehd,trailer_def.krone.profilinerhd.single_3.flatbed,1,1,0
69261,_nameless.17f.7a09.7f10,skog_paper,borlange,polarislines,tallinn,0,327,570,1270,large_cont,volvo_fh2021_4x2_750,trailer.scs_flat_b,trailer_def.scs.flatbed.single_3.flatbed_w,33,1,0
69261,_nameless.17f.7a09.5a80,skog_paper,borlange,drekkar,uppsala,2,203,0,0,watertank,man_tgx_euro6_4x2_xl,trailer.scs_lowlowd4,trailer_def.scs.lowloader.single_4_sh.short,1,1,0
69261,_nameless.17f.7a09.7550,aaa,pescara,icaria,athens,2,803,570,745,car_it,scania_r2016_4x2_norm_370,trailer.car_trans,trailer_def.car_it.car_trans,100,1,0
69261,_nameless.17f.7a09.77c0,aaa,pescara,rt_log,linz,0,1063,0,0,car_balt1,mercedes_6x4_a,trailer.car_trans,trailer_def.car_balt1.car_trans,100,1,0
69261,_nameless.17f.7a09.7620,euroacres,debrecen,rt_log,graz,0,537,0,0,straw_bales,mercedes_6x4_a,trailer.scs_dry_ms,trailer_def.scs.box.single_3.dryvan_m,6,1,0
69261,_nameless.17f.7a09.7b00,euroacres,debrecen,dfh,hamburg,1,1311,0,0,apples_c,renault_magnum_4x2_a,trailer.krone.boxliner220,trailer_def.krone.boxliner.single_3_220.container,30,1,0
69261,_nameless.17f.7a09.7bd0,kaarfor,lyon,transinet,mannheim,1,589,0,0,used_plast,scania_streamline_6x4_top_480,trailer.scs_dry,trailer_def.scs.box.single_3.dryvan,33,1,0
69261,_nameless.17f.7a09.5cf0,kaarfor,lyon,stokes,plymouth,1,1103,35,300,used_packag,man_tgx_euro6_4x2_xl,trailer.scs_dry_ms,trailer_def.scs.box.single_3.dryvan_m,33,1,0
69261,_nameless.17f.7a09.7ca0,kaarfor,lyon,lkwlog,dortmund,0,824,0,0,used_plast_c,volvo_fh2021_6x2_540,trailer.kasbhr_shg40,trailer_def.kassbohrer.shg.singl_3e_40.container,30,1,0
69261,_nameless.17f.7a09.7e40,kathode,nurnberg,posped,warszawa,2,850,0,0,truck_batt,scania_r2016_4x2_high_500,trailer.scs_dry,trailer_def.scs.box.single_3.dryvan,33,1,0
69261,_nameless.17f.7a09.59b0,kathode,nurnberg,lkwlog,gdansk,0,901,0,0,used_plast,daf_xf_euro6_4x2_a,trailer.kasbhr_shg45,trailer_def.kassbohrer.scs.single_3_13.curtain,34,1,0
69261,_nameless.17f.7a09.7fe0,kathode,nurnberg,exomar,ancona,1,1007,0,0,elect_wiring,daf_xd,trailer.kasbhr_shg45,trailer_def.kassbohrer.scs.single_3_13.curtain,34,1,0
69261,_nameless.17f.7a09.6e00,supercesta,badajoz,lisette_log,bordeaux,1,998,0,0,used_plast_c,iveco_6x2_a,trailer.scs_gosck40,trailer_def.scs.gooseneck.singl_3e_40.container,30,1,0
69261,_nameless.17f.7a09.80b0,supercesta,badajoz,log_atlan,bilbao,1,805,0,0,used_packag,daf_xd25,trailer.profiliner17,trailer_def.krone.profiliner.single_3.curtain,33,1,0
69261,_nameless.17f.7a09.8590,supercesta,badajoz,cargotras,olbia,1,1126,720,827,used_plast,mercedes_actros_2014_6x4_b,trailer.scs_curt,trailer_def.scs.box.single_3.curtain,33,1,0
69261,_nameless.17f.7a09.8800,ns_oil,berlin,tree_et,graz,0,791,0,0,ethane,iveco_sway_4x2_500,trailer.scs_gastank,trailer_def.scs.gastank.single_3.gastank,40,1,0
69261,_nameless.17f.7a09.8320,ns_oil,berlin,ns_oil,wien,0,613,0,0,lpg_t,volvo_fh2012_6x2_500,trailer.scs_gastank,trailer_def.scs.gastank.single_3.gastank,40,1,0
69261,_nameless.17f.7a09.88d0,ns_oil,berlin,ai,skopje,0,1587,0,0,diesel,volvo_fh2021_4x2_420,trailer.scs_fueltank,trailer_def.scs.fueltank.single_3.fueltank,28,1,0
69261,_nameless.17f.7a09.5670,cont_port_ru,petersburg,fjoste,borlange,2,595,570,1270,nitrogen,iveco_4x2_c,trailer.krone.boxliner40,trailer_def.krone.boxliner.single_3_40.container,80,1,0
69261,_nameless.17f.7a09.55a0,cont_port_ru,petersburg,norse_rail,ostersund,1,890,570,1270,neon,iveco_sway_4x2_460,trailer.krone.boxliner40,trailer_def.krone.boxliner.single_3_40.container,80,1,0
69261,_nameless.17f.7a09.5c20,cont_port_ru,petersburg,nch,riga,0,584,0,0,fluorine,daf_xd_2,trailer.krone.boxliner20,trailer_def.krone.boxliner.single_3.container,40,1,0
69261,_nameless.17f.7a09.6030,sellplan,klagenfurt,ttk_bg,sofia,1,1065,0,0,used_plast_c,iveco_sway_4x2_460,trailer.scs_gosck20,trailer_def.scs.gooseneck.singl_3e_20.container,15,1,0
69261,_nameless.17f.7a09.61d0,sellplan,klagenfurt,rt_log,koln,0,930,0,0,empty_palet,scania_s2016_6x2_high_460,trailer.scs_dry_m,trailer_def.scs.box.single_3.dryvan_m,32,1,0
69261,_nameless.17f.7a09.6440,cemelt_win,klaipeda,norrsken,stockholm,1,189,510,1110,mob_screener,"""heavy/renault_t_6x4""",trailer.scs_lowlow4e,trailer_def.scs.lowloader.single_4_ln.long,1,1,0
69261,_nameless.17f.7a09.65e0,cemelt_win,klaipeda,norrsken,stockholm,1,189,510,1110,empty_spool,renault_premium_4x2_a,trailer.profilinehd,trailer_def.krone.profilinerhd.single_3.flatbed,4,1,0
69261,_nameless.17f.7a09.66b0,cantera,vigo,tradeaux,clermont,2,1282,0,0,jcb_exc245xr,"""heavy/volvo_fh16_6x4_750""",trailer.scs_lowbed_3,trailer_def.scs.lowbed.single_3.short,1,1,0
69261,_nameless.17f.7a09.6850,cantera,vigo,canteras_ds,murcia,1,1076,0,0,jcb_dmp6t2,"""heavy/volvo_fh16_6x4_750""",trailer.kasbhr_sla,trailer_def.kassbohrer.sla.single_3_sh.lowbed,1,1,0
69261,_nameless.17f.7a09.6920,cantera,vigo,canteras_ds,murcia,1,1076,0,0,excavator,iveco_4x2_b,trailer.scs_lowbed_4,trailer_def.scs.lowbed.single_4_sh.short,1,1,0
69261,_nameless.17f.7a09.a130,cantera,vigo,acc,madrid,1,574,0,0,ore,iveco_sway_4x2_500,trailer.scs_dumper,trailer_def.scs.dumper.single_3.steel,15,1,0
69261,_nameless.17f.7a09.9d20,cantera,vigo,mvm_carriere,bordeaux,0,920,0,0,crawler,"""heavy/scania_r_6x4_top_730""",trailer.scs_lowbed41,trailer_def.scs.lowbed.single_41_ln.long,1,1,0
69261,_nameless.17f.7a09.9770,konstnr_hs,helsingborg,baltomorsk,valmiera,1,811,510,1110,digger1000,volvo_fh2021_4x2_750,trailer.kasbhr_sla,trailer_def.kassbohrer.sla.single_3_sh.lowbed,1,1,0
69261,_nameless.17f.7a09.8e80,konstnr_hs,helsingborg,nucleon,paluel,0,1424,0,0,jcb_pw125qe,renault_magnum_6x4_a,trailer.profilinehd,trailer_def.krone.profilinerhd.single_3.flatbed,24,1,0
69261,_nameless.17f.7a09.a060,konstnr_hs,helsingborg,lkwlog,lodz,0,910,105,404,vol_ew240emh,"""heavy/man_6x4""",trailer.scs_lowbed_3,trailer_def.scs.lowbed.single_3.short,1,1,0
69261,_nameless.17f.7a09.ae30,marina,ancona,balkan_loco,ljubljana,1,701,0,0,lux_yacht,man_tgx_2020_6x2,trailer.scs_lowbed41,trailer_def.scs.lowbed.single_41_ln.long,1,1,0
69261,_nameless.17f.7a09.9ec0,eurogoodies,lodz,posped,lublin,0,245,0,0,almond,renault_t_6x2,trailer.scs_curt_s,trailer_def.scs.box.single_3.curtain,33,1,0
69261,_nameless.17f.7a09.afd0,eurogoodies,lodz,posped,szeged,1,717,0,0,rice,volvo_fh2012_4x2_420,trailer.dryliner17,trailer_def.krone.dryliner.single_3.dryvan,33,1,0
69261,_nameless.17f.7a09.8db0,ika_bohag,milano,trans_cab,madrid,0,1599,0,0,empty_palet,renault_premium_6x2_a,trailer.scs_curt_s,trailer_def.scs.box.single_3.curtain,33,1,0
69261,_nameless.17f.7a09.a610,ika_bohag,milano,sellplan,prague,2,992,0,0,pot_flowers,daf_xd25,trailer.scs_ref_s,trailer_def.scs.box.single_3.reefer,33,1,0
69261,_nameless.17f.7a09.b0a0,ika_bohag,milano,posped,szeged,0,1167,0,0,used_packag,scania_r_4x2_top_480,trailer.scs_curt_a,trailer_def.scs.box.single_3.curtain,33,1,0
69261,_nameless.17f.7a09.9910,sellplan,sheffield,tradeaux,brest,0,538,420,910,used_packag,mercedes_4x2,trailer.kasbhr_shg45,trailer_def.kassbohrer.scs.single_3_13.curtain,34,1,0
69261,_nameless.17f.7a09.8ce0,sellplan,sheffield,transinet,szczecin,2,1560,35,300,used_plast,volvo_fh2024_6x2_500,trailer.kasbhr_scs,trailer_def.kassbohrer.scs.single_3_13.curtain,34,1,0
69261,_nameless.17f.7a09.b650,sellplan,sheffield,lkwlog,felixstowe,1,332,0,0,used_plast_c,daf_xgp_4x2_530,trailer.krone.boxliner20,trailer_def.krone.boxliner.single_3.container,15,1,0
69261,_nameless.17f.7a09.af00,cortica,sines,rt_log,madrid,0,641,0,0,lumber,scania_s2016_4x2_high_590,trailer.profilinehd,trailer_def.krone.profilinerhd.single_3.flatbed,3,1,0
69261,_nameless.17f.7a09.8b40,cortica,sines,eolo_lines,lile_rousse,0,1303,930,1182,lumber_p,daf_xf_euro6_4x2_c,trailer.profilinehd,trailer_def.krone.profilinerhd.single_3.flatbed,6,1,0
69261,_nameless.17f.7a09.a7b0,cortica,sines,eolo_lines,porto_vecchi,2,1368,930,1182,empty_palet,scania_r2016_6x4_high_660,trailer.dryliner17,trailer_def.krone.dryliner.single_3.dryvan,33,1,0
69261,_nameless.17f.7a09.8c10,cortica,sines,rt_log,madrid,0,641,0,0,wooden_beams,iveco_h_4x2_a,trailer.scs_log,trailer_def.scs.log.single_3.steel,2,1,0
69261,_nameless.17f.7a09.b720,renor,kobenhavn,dfh,dresden,0,584,105,404,stone_dust,renault_premium_6x2_a,trailer.ffb_eut35,trailer_def.feldbinder.eut.single_3_35.silo_35_3p,15,1,0
69261,_nameless.17f.7a09.b240,kaarfor,munchen,eolo_lines,marseille,0,1086,0,0,empty_palet,scania_r2016_6x4_high_660,trailer.profiliner17,trailer_def.krone.profiliner.single_3.curtain,33,1,0
69261,_nameless.17f.7a09.b4b0,kaarfor,munchen,lkwlog,lublin,1,932,0,0,used_plast_c,daf_xd_1,trailer.scs_gosck20,trailer_def.scs.gooseneck.singl_3e_20.container,15,1,0
69261,_nameless.17f.7a09.b310,cortica,corticadas,tradeaux,ajaccio,1,1115,930,1182,mob_tr_winch,"""heavy/man_tgx_euro6_8x4_xlx""",trailer.scs_lowbed_4,trailer_def.scs.lowbed.single_4_sh.short,1,1,0
69261,_nameless.17f.7a09.b580,cortica,corticadas,app,zaragoza,2,796,0,0,large_cont,scania_r_6x2_high_500,trailer.profilinehd,trailer_def.krone.profilinerhd.single_3.flatbed,33,1,0
69261,_nameless.17f.7a09.b7f0,cortica,corticadas,tree_et,soria,1,810,0,0,mulcher,"""heavy/renault_t_6x4""",trailer.kasbhr_sll,trailer_def.kassbohrer.sll.single_3_sh.low,1,1,0
69261,_nameless.17f.7a09.b3e0,subse,sofia,sellplan,salzburg,0,1213,0,0,pasta,volvo_fh2012_4x2_750,trailer.kasbhr_scs,trailer_def.kassbohrer.scs.single_3_13.curtain,34,1,0
69261,_nameless.17f.7a09.9b80,subse,sofia,tras_med,bari,1,681,570,745,canned_tuna,scania_r2016_4x2_norm_370,trailer.scs_ref_s,trailer_def.scs.box.single_3.reefer,33,1,0
69261,_nameless.17f.7a09.a200,domdepo,utena,norrsken,borlange,0,669,510,1110,plastic_gra,scania_r_6x2_high_500,trailer.ffb_eut35,trailer_def.feldbinder.eut.single_3_35.silo_35_3p,19,1,0
69261,_nameless.17f.7a09.a2d0,domdepo,utena,drekkar,linkoping,1,586,510,1110,outdr_flr_tl,renault_t_4x2,trailer.scs_dry_a,trailer_def.scs.box.single_3.dryvan,32,1,0
69261,_nameless.17f.7a09.9020,domdepo,utena,domdepo,frankfurt,2,1443,0,0,concr_stair,scania_r_6x2_high_500,trailer.scs_flat_b,trailer_def.scs.flatbed.single_3.flatbed_w,3,1,0
69261,_nameless.17f.7a09.a470,domdepo,utena,fallow,timisoara,1,1412,0,0,logs,iveco_4x2_a,trailer.scs_log,trailer_def.scs.log.single_3.steel,32,1,0
69261,_nameless.17f.7a09.95d0,shuttle,timisoara,stokes,katowice,0,775,0,0,limonades,scania_r_4x2_top_480,trailer.scs_curt_a,trailer_def.scs.box.single_3.curtain,32,1,0
69261,_nameless.17f.7a09.90f0,shuttle,timisoara,norrsken,malmo,0,1564,105,404,beverages_t,iveco_sway_4x2_580,trailer.ffb_tsalm32,trailer_def.feldbinder.tsalm.single_3_32.32_3_2,23,1,0
69261,_nameless.17f.7a09.aaf0,shuttle,timisoara,tree_et,bystrica,0,555,0,0,ter_forklift,daf_xf_euro6_4x2_b,trailer.scs_flat_b,trailer_def.scs.flatbed.single_3.flatbed_w,2,1,0
69261,_nameless.17f.7a09.9840,shuttle,timisoara,trameri,budapest,1,325,0,0,forklifts,scania_r_4x2_top_480,trailer.kasbhr_sla,trailer_def.kassbohrer.sla.single_3_sh.lowbed,3,1,0
69261,_nameless.17f.7a09.9500,shuttle,timisoara,lkwlog,nurnberg,0,1082,0,0,used_plast,daf_xgp25_4x2_530,trailer.scs_dry,trailer_def.scs.box.single_3.dryvan,33,1,0
69261,_nameless.17f.7a09.a3a0,elcano_fla,malaga,lisette_log,ajaccio,1,955,930,1182,jcb_bhl4cx,volvo_fh2024_4x2_780,trailer.scs_lowbed_3,trailer_def.scs.lowbed.single_3.short,1,1,0
69261,_nameless.17f.7a09.a6e0,radus,tampere,gnt,valmiera,2,628,150,430,concr_cent,volvo_fh2024_4x2_420,trailer.scs_flat_b,trailer_def.scs.flatbed.single_3.flatbed_w,7,1,0
69261,_nameless.17f.7a09.ad60,radus,tampere,rosmark,rezekne,0,739,150,430,empty_barr,mercedes_actros_2014_4x2_c,trailer.kasbhr_shg45,trailer_def.kassbohrer.scs.single_3_13.curtain,34,1,0
69261,_nameless.17f.7a09.9290,radus,tampere,muromec,pskov,1,580,150,430,empty_spool,man_tgx_2020,trailer.kasbhr_sla,trailer_def.kassbohrer.sla.single_3_sh.lowbed,3,1,0
69261,_nameless.17f.7a09.9360,vainamoi_bas,jyvaskyla,blt,siauliai,0,802,150,430,dozer,"""heavy/mercedes_6x4""",trailer.scs_lowlow4e,trailer_def.scs.lowloader.single_4_ln.long,1,1,0
69261,_nameless.17f.7a09.9430,vainamoi_bas,jyvaskyla,renar,arvidsjaur,0,666,0,0,jcb_exc245xr,"""heavy/scania_s2016_8x4_high_770""",trailer.scs_lowbed_3,trailer_def.scs.lowbed.single_3.short,1,1,0
69261,_nameless.17f.7a09.a540,rt_log,sevilla,rt_log,a_coruna,0,1009,0,0,marb_blck,volvo_fh2021_4x2_420,trailer.scs_flat_b,trailer_def.scs.flatbed.single_3.flatbed_w,2,1,0
69261,_nameless.17f.7a09.9ab0,rt_log,sevilla,fle,nantes,1,1513,0,0,grapes,volvo_fh16_4x2_420,trailer.coolliner17,trailer_def.krone.coolliner.single_3.reefer,33,1,0
69261,_nameless.17f.7a09.9c50,rt_log,sevilla,trans_cab,lisboa,0,567,0,0,olives,"""double/scania_r2016_6x2_high_590""",trailer.scs_dry_b2,trailer_def.scs.box.bdouble_3_3.dryvan,52,1,0
69261,_nameless.17f.7a09.a950,rt_log,sevilla,tradeaux,toulouse,0,1289,0,0,press_sl_val,renault_magnum_6x4_a,trailer.scs_dry,trailer_def.scs.box.single_3.dryvan,33,1,0
69261,_nameless.17f.7a09.47d0,aci,roma,rt_log,graz,1,1022,0,0,air_mails,iveco_h_4x2_a,trailer.kasbhr_scs,trailer_def.kassbohrer.scs.single_3_13.curtain,34,1,0
69261,_nameless.17f.7a09.3ee0,aci,roma,fle,leipzig,1,1359,0,0,med_vaccine,daf_xf_euro6_4x2_c,trailer.scs_ins_s,trailer_def.scs.box.single_3.insulated,33,1,0
69261,_nameless.17f.7a09.31e0,aci,roma,tradeaux,ajaccio,2,558,1050,1234,large_cont,man_tgx_euro6_4x2_xxl,trailer.scs_lowbed41,trailer_def.scs.lowbed.single_41_ln.long,36,1,0
69261,_nameless.17f.7a09.24e0,aci,roma,acc,terni,1,197,0,0,empty_spool,mercedes_4x2,trailer.kasbhr_sla,trailer_def.kassbohrer.sla.single_3_sh.lowbed,3,1,0
69261,_nameless.17f.7a09.3ad0,ladoga_ru,kaliningrad,ika_bohag,borlange,1,730,510,1110,ter_forklift,man_4x2_c,trailer.profilinehd,trailer_def.krone.profilinerhd.single_3.flatbed,2,1,0
69261,_nameless.17f.7a09.2340,ladoga_ru,kaliningrad,vpc,goteborg,1,686,630,790,cable_reel,"""heavy/man_6x4""",trailer.scs_lowlowd4,trailer_def.scs.lowloader.single_4_sh.short,1,1,0
69261,_nameless.17f.7a09.50c0,ladoga_ru,kaliningrad,nch,turku,2,988,150,430,car_balt2,mercedes_actros_2014_6x2_a,trailer.van_trans,trailer_def.car_balt2.van_trans,100,1,0
69261,_nameless.17f.7a09.3a00,ladoga_ru,kaliningrad,tradeaux,krakow,1,580,0,0,used_plast_c,man_tgx_euro6_6x4_xlx,trailer.scs_gosck220,trailer_def.scs.gooseneck.singl_3e_220.container,30,1,0
69261,_nameless.17f.7a09.35f0,ladoga_ru,kaliningrad,renar,steinkjer,1,1330,510,1110,vans_vt,renault_t_6x2,trailer.truck_trans,trailer_def.vans_vt.truck_trans,100,1,0
69261,_nameless.17f.7a09.2dd0,ladoga_ru,kaliningrad,ns_chem,malmo,1,919,105,404,contamin,scania_streamline_6x2_norm_440,trailer.krone.boxliner40,trailer_def.krone.boxliner.single_3_40.container,80,1,0
69261,_nameless.17f.7a09.4490,ladoga_ru,kaliningrad,slava,osijek,0,1247,0,0,car_balt1,scania_s2016_6x2_high_460,trailer.car_trans,trailer_def.car_balt1.car_trans,100,1,0
69261,_nameless.17f.7a09.4ff0,sellplan,salzburg,dfh,hamburg,0,865,0,0,used_plast_c,scania_s2016_6x4_high_730,trailer.kasbhr_shg40,trailer_def.kassbohrer.shg.singl_3e_40.container,30,1,0
69261,_nameless.17f.7a09.3520,sellplan,salzburg,wilnet_trans,marseille,2,1188,0,0,used_plast,daf_xf_4x2_370,trailer.scs_dry_s,trailer_def.scs.box.single_3.dryvan,33,1,0
69261,_nameless.17f.7a09.2ea0,cont_port,burgas,shuttle,sofia,0,466,0,0,apples_c,renault_t_4x2,trailer.kasbhr_shg40,trailer_def.kassbohrer.shg.singl_3e_40.container,30,1,0
69261,_nameless.17f.7a09.2410,cont_port,burgas,bcp,kosice,2,1309,0,0,exhausts_c,volvo_fh2012_6x2_500,trailer.krone.boxliner40,trailer_def.krone.boxliner.single_3_40.container,30,1,0
69261,_nameless.17f.7a09.25b0,cont_port,burgas,euroacres,szeged,0,981,0,0,potassium,scania_s2016_4x2_norm_370,trailer.krone.boxliner40,trailer_def.krone.boxliner.single_3_40.container,80,1,0
69261,_nameless.17f.7a09.36c0,log_atlan,leon,log_atlan,salamanca,1,292,0,0,truck_rims_c,man_4x2_c,trailer.scs_gosck40,trailer_def.scs.gooseneck.singl_3e_40.container,30,1,0
69261,_nameless.17f.7a09.3ba0,log_atlan,leon,tradeaux,ajaccio,1,790,930,1182,kr_stc1370,daf_xf_euro6_4x2_a,trailer.scs_lowlow4e,trailer_def.scs.lowloader.single_4_ln.long,1,1,0
69261,_nameless.17f.7a09.4220,log_atlan,leon,eolo_lines,palermo,0,780,1557,1788,canned_beef,volvo_fh2021_4x2_750,trailer.scs_ref,trailer_def.scs.box.single_3.reefer,33,1,0
69261,_nameless.17f.7a09.5330,log_atlan,leon,eolo_lines,lile_rousse,0,878,930,1182,canned_beans,volvo_fh16_4x2_540,trailer.scs_dry_ms,trailer_def.scs.box.single_3.dryvan_m,33,1,0
69261,_nameless.17f.7a09.42f0,ai,sarajevo,libellula,bologna,1,1112,0,0,oil_filters,iveco_4x2_b,trailer.scs_dry_a,trailer_def.scs.box.single_3.dryvan,33,1,0
69261,_nameless.17f.7a09.2f70,ai,sarajevo,exomar,roma,1,1501,0,0,spher_valves,renault_magnum_4x2_a,trailer.kasbhr_shg45,trailer_def.kassbohrer.scs.single_3_13.curtain,34,1,0
69261,_nameless.17f.7a09.32b0,stokes,liege,stokes,cardiff,0,736,35,300,truck_rims_c,man_tgx_2020,trailer.krone.boxliner20,trailer_def.krone.boxliner.single_3.container,15,1,0
69261,_nameless.17f.7a09.3110,stokes,liege,posped,bratislava,0,1043,0,0,emp_wine_bar,man_tgx_2020_4x2,trailer.scs_dry_s,trailer_def.scs.box.single_3.dryvan,33,1,0
69261,_nameless.17f.7a09.4630,bhb_raffin,lehavre,tradeaux,nice,2,1107,0,0,fuel_oil,renault_premium_4x2_a,trailer.scs_fueltank,trailer_def.scs.fueltank.single_3.fueltank,30,1,0
69261,_nameless.17f.7a09.3380,bhb_raffin,lehavre,trameri,strasbourg,1,686,0,0,empty_spool,iveco_4x2_b,trailer.scs_flat_b,trailer_def.scs.flatbed.single_3.flatbed_w,4,1,0
69261,_nameless.17f.7a09.4700,nucleon,laurent,tradeaux,klagenfurt,0,1509,0,0,volvo_a25g,"""heavy/mercedes_6x4""",trailer.scs_lowbed_4,trailer_def.scs.lowbed.single_4_sh.short,1,1,0
69261,_nameless.17f.7a09.48a0,nucleon,laurent,dfh,duisburg,0,849,0,0,empty_palet,iveco_4x2_b,trailer.dryliner17,trailer_def.krone.dryliner.single_3.dryvan,33,1,0
69261,_nameless.17f.7a09.4a40,nucleon,laurent,tree_et,salzburg,2,1202,0,0,jcb_dmphtd5e,man_tgx_2020_4x2,trailer.scs_flat_b,trailer_def.scs.flatbed.single_3.flatbed_w,7,1,0
69261,_nameless.17f.7a09.4b10,fjoste,kajaani,byggpro,falun,0,698,300,680,concr_cent,daf_xgp25_4x2_530,trailer.profilinehd,trailer_def.krone.profilinerhd.single_3.flatbed,7,1,0
69261,_nameless.17f.7a09.4be0,fjoste,kajaani,nord_sten,kiruna,0,569,0,0,volvo_ec220e,scania_r_4x2_top_480,trailer.scs_lowlow4e,trailer_def.scs.lowloader.single_4_ln.long,1,1,0
69261,_nameless.17f.7a09.4d80,fjoste,kajaani,sal_fi,pori,0,563,0,0,outdr_flr_tl,renault_t_4x2,trailer.profiliner17,trailer_def.krone.profiliner.single_3.curtain,32,1,0
69261,_nameless.17f.7a09.5400,fjoste,kajaani,konstnr,gavle,2,679,300,680,largetubes,scania_streamline_4x2_top_560,trailer.scs_log,trailer_def.scs.log.single_3.steel,6,1,0
69261,_nameless.17f.7a09.4f20,eumefa,vlore,tras_med,genova,2,1059,540,420,ter_forklift,volvo_fh16_4x2_540,trailer.profilinehd,trailer_def.krone.profilinerhd.single_3.flatbed,2,1,0
69261,_nameless.17f.7a09.54d0,eumefa,vlore,fallow,zenica,0,724,0,0,used_plast,daf_xf_euro6_4x2_b,trailer.scs_dry,trailer_def.scs.box.single_3.dryvan,33,1,0
69261,_nameless.182.29a5.66d0,marina,vigo,fle,nantes,0,1330,0,0,large_cont,daf_xf_euro6_4x2_b,trailer.scs_lowbed_4,trailer_def.scs.lowbed.single_4_sh.short,27,1,0
69261,_nameless.182.29a5.6870,villco,nis,sellplan,klagenfurt,0,908,0,0,liver_paste,volvo_fh2012_6x2_500,trailer.scs_ins,trailer_def.scs.box.single_3.insulated,33,1,0
69261,_nameless.17f.7463.8da0,villco,nis,exomar,bologna,1,1327,0,0,pnut_butter,man_4x2_a,trailer.kasbhr_sbt,trailer_def.kassbohrer.sbt.single_3_13.dryvan,34,1,0
69261,_nameless.183.4512.1010,villco,nis,posped,strasbourg,1,1540,0,0,iced_coffee,daf_6x2_a,trailer.scs_dry_ms,trailer_def.scs.box.single_3.dryvan_m,33,1,0
69261,_nameless.183.4512.2a10,transinet,sheffield,subse,clermont,1,1156,35,300,smokd_sprats,renault_magnum_6x4_a,trailer.kasbhr_shg45,trailer_def.kassbohrer.scs.single_3_13.curtain,34,1,0
69261,_nameless.183.4512.14f0,transinet,sheffield,nch,turku,0,1268,1680,2484,concr_cent,daf_xf_euro6_4x2_a,trailer.profilinehd,trailer_def.krone.profilinerhd.single_3.flatbed,7,1,0
69261,_nameless.183.4512.1eb0,transinet,sheffield,drekkar,vaxjo,2,771,1140,1314,roller,volvo_fh2024_4x2_780,trailer.scs_lowbed_3,trailer_def.scs.lowbed.single_3.short,1,1,0
69261,_nameless.183.4512.2050,radus_ru,varna,cemelt_fla,bucuresti,1,236,0,0,watertank,renault_magnum_6x4_a,trailer.kasbhr_slle,trailer_def.kassbohrer.sll.single_3_ln.low,2,1,0
69261,_nameless.183.4512.1de0,radus_ru,varna,balkan_loco,sarajevo,0,844,0,0,concr_beams2,scania_r2016_4x2_norm_370,trailer.profilinehd,trailer_def.krone.profilinerhd.single_3.flatbed,2,1,0
69261,_nameless.183.4512.1f80,wgcc,oulu,wgcc,sundsvall,1,542,0,0,chlorine_t,man_tgx_2020_6x2,trailer.scs_gastank,trailer_def.scs.gastank.single_3.gastank,17,1,0
69261,_nameless.183.4512.2870,wgcc,oulu,ns_oil,daugavpils,0,1192,150,430,kerosene,volvo_fh2021_4x2_420,trailer.willig.fuel_cistern,trailer_def.scs.fueltank.single_3.fueltank,30,1,0
69261,_nameless.183.4512.1350,wgcc,oulu,primel,helsingborg,1,1433,0,0,lpg_t,renault_t_6x2,trailer.scs_gastank,trailer_def.scs.gastank.single_3.gastank,40,1,0
69261,_nameless.183.4512.3300,bcp,birmingham,dfh,dresden,0,1373,35,300,cars_fr,iveco_4x2_c,trailer.car_trans,trailer_def.cars_fr.car_trans,100,1,0
69261,_nameless.183.4512.3710,bcp,birmingham,tradeaux,lille,2,483,35,300,volvo_cars,volvo_fh2012_4x2_420,trailer.car_trans,trailer_def.volvo_cars.car_trans,100,1,0
69261,_nameless.183.4512.1690,ai,beograd,kathode,nurnberg,0,1058,0,0,ter_forklift,daf_xgp25_4x2_530,trailer.scs_flat_b,trailer_def.scs.flatbed.single_3.flatbed_w,2,1,0
69261,_nameless.183.4512.2460,ai,beograd,lkwlog,koln,1,1445,0,0,press_sl_val,daf_xf_euro6_4x2_b,trailer.scs_dry,trailer_def.scs.box.single_3.dryvan,33,1,0
69261,_nameless.183.4512.0c00,domdepo,bucuresti,fallow,patras,0,1218,0,0,precast_strs,man_tgx_2020_4x2,trailer.dryliner17,trailer_def.krone.dryliner.single_3.dryvan,33,1,0
69261,_nameless.183.4512.21f0,domdepo,bucuresti,brawen,skopje,0,576,0,0,glass_packed,man_tgx_euro6_4x2_xxl,trailer.gls_trailer,trailer_def.glass_packed.gls_trailer,100,1,0
69261,_nameless.183.4512.22c0,domdepo,bucuresti,balkan_loco,skopje,0,575,0,0,plumb_suppl,daf_xd25,trailer.kasbhr_scs,trailer_def.kassbohrer.scs.single_3_13.curtain,34,1,0
69261,_nameless.183.4512.2ae0,domdepo,bucuresti,euroacres,szeged,0,687,0,0,wshavings,daf_xf_euro6_6x4_c,trailer.ffb_eut35,trailer_def.feldbinder.eut.single_3_35.silo_35_3p,35,1,0
69261,_nameless.183.4512.2c80,domdepo,bucuresti,sanbuild_bas,munchen,1,1506,0,0,largetubes,scania_r2016_6x2_high_460,trailer.scs_log,trailer_def.scs.log.single_3.steel,6,1,0
69261,_nameless.183.4512.26d0,tree_et,olsztyn,tree_et,metz,1,1343,0,0,mat_handler,"""heavy/renault_t_6x4""",trailer.scs_lowlow4e,trailer_def.scs.lowloader.single_4_ln.long,1,1,0
69261,_nameless.183.4512.0e70,tree_et,olsztyn,norse_rail,gavle,0,778,510,1110,volvo_ec220e,iveco_4x2_b,trailer.scs_lowbed_3,trailer_def.scs.lowbed.single_3.short,1,1,0
69261,_nameless.183.4512.11b0,tree_et,olsztyn,sal_fi,kajaani,1,1395,150,430,log_stacker,"""heavy/volvo_fh2021_6x4_540""",trailer.scs_lowlow4e,trailer_def.scs.lowloader.single_4_ln.long,1,1,0
69261,_nameless.183.4512.2530,cemelt_fl_ru,sofia,timberturtle,kragujevac,1,263,0,0,jcb_dmphtd5e,scania_r2016_6x2_high_460,trailer.profilinehd,trailer_def.krone.profilinerhd.single_3.flatbed,7,1,0
69261,_nameless.183.4512.2600,cemelt_fl_ru,sofia,balkan_loco,edirne,1,412,0,0,excav_soil,renault_t_4x2h,trailer.scs_dumper,trailer_def.scs.dumper.single_3.steel,17,1,0
69261,_nameless.183.4512.3cc0,subse,edirne,brawen,novi_sad,2,903,0,0,vinegar_c,volvo_fh2012_4x2_420,trailer.krone.boxliner40,trailer_def.krone.boxliner.single_3_40.container,30,1,0
69261,_nameless.183.4512.27a0,tras_med,cagliari,log_atlan,albacete,0,809,720,827,iced_coffee,scania_r2016_4x2_norm_370,trailer.scs_dry_s,trailer_def.scs.box.single_3.dryvan,33,1,0
69261,_nameless.183.4512.2bb0,tras_med,cagliari,rt_log,zaragoza,1,501,720,827,truck_tyres,mercedes_4x2,trailer.kasbhr_shg45,trailer_def.kassbohrer.scs.single_3_13.curtain,34,1,0
69261,_nameless.183.4512.37e0,tras_med,cagliari,cargotras,catanzaro,2,411,740,1125,gnocchi,daf_4x2_b,trailer.scs_ref,trailer_def.scs.box.single_3.reefer,33,1,0
69261,_nameless.183.4512.38b0,tras_med,cagliari,cont_port,durres,0,276,1380,1299,brake_fluid,daf_xd_2,trailer.krone.boxliner220,trailer_def.krone.boxliner.single_3_220.container,30,1,0
69261,_nameless.183.4512.2d50,tras_med,cagliari,cargotras,palermo,0,46,720,778,used_plast_c,scania_streamline_6x4_top_480,trailer.scs_gosck20,trailer_def.scs.gooseneck.singl_3e_20.container,15,1,0
69261,_nameless.183.4512.3b20,mvm_carriere,ajaccio,costruzi_hal,genova,0,510,840,1193,gravel,volvo_fh2024_4x2_420,trailer.scs_dumper,trailer_def.scs.dumper.single_3.steel,16,1,0
69261,_nameless.183.4512.2e20,mvm_carriere,ajaccio,lkwlog,luxembourg,2,876,840,1193,jcb_exc245xr,"""heavy/mercedes_actros_8x4""",trailer.kasbhr_slle,trailer_def.kassbohrer.sll.single_3_ln.low,1,1,0
69261,_nameless.183.4512.2ef0,mvm_carriere,ajaccio,rt_log,barcelona,1,75,930,1182,granite_cube,iveco_h_4x2_a,trailer.scs_dumper,trailer_def.scs.dumper.single_3.steel,11,1,0
69261,_nameless.183.4512.3570,cnp,nurnberg,eco,bordeaux,2,1405,0,0,lpg_t,volvo_fh16_4x2_540,trailer.scs_gastank,trailer_def.scs.gastank.single_3.gastank,40,1,0
69261,_nameless.183.4512.2fc0,cnp,nurnberg,transinet,ostrava,0,597,0,0,petrol,scania_s2016_6x2_high_460,trailer.scs_fueltank,trailer_def.scs.fueltank.single_3.fueltank,30,1,0
69261,_nameless.183.4512.0cd0,cnp,nurnberg,pp_chimica,terni,0,1034,0,0,kerosene,daf_4x2_a,trailer.scs_fueltank,trailer_def.scs.fueltank.single_3.fueltank,30,1,0
69261,_nameless.183.4512.3090,cnp,nurnberg,fcp,poznan,1,621,0,0,motor_oil,scania_r_6x2_high_500,trailer.kasbhr_shg45,trailer_def.kassbohrer.scs.single_3_13.curtain,34,1,0
69261,_nameless.183.4512.0da0,borealis,bodo,nordic_ports,tornio,1,635,0,0,overweight,man_4x2_a,trailer.scs_lowbed41,trailer_def.scs.lowbed.single_41_ln.long,1,1,0
69261,_nameless.183.4512.1280,borealis,bodo,norse_rail,gavle,0,885,0,0,scaffoldings,"""double/scania_r2016_6x2_high_590""",trailer.profiline17d,trailer_def.krone.profiliner.double_3_2.curtain,52,1,0
69261,_nameless.183.4512.1830,cont_port,galati,fallow,vlore,0,1218,0,0,lumber_p,volvo_fh16_6x4_700,trailer.profilinehd,trailer_def.krone.profilinerhd.single_3.flatbed,6,1,0
69261,_nameless.183.4512.0f40,cont_port,galati,eurogoodies,lodz,0,1571,0,0,carrots_c,daf_4x2_b,trailer.scs_gosck40,trailer_def.scs.gooseneck.singl_3e_40.container,30,1,0
69261,_nameless.183.4512.1760,cont_port,galati,ns_chem,chios,2,807,690,1521,sulfuric,daf_xd25,trailer.scs_gosck220,trailer_def.scs.gooseneck.singl_3e_220.container,80,1,0
69261,_nameless.183.4512.3160,cemelt_fla,cluj_napoca,cemelt_win,liepaja,0,1588,0,0,forklifts,scania_r_4x2_top_480,trailer.scs_lowbed_3,trailer_def.scs.lowbed.single_3.short,4,1,0
69261,_nameless.183.4512.1900,eurogoodies,koln,stokes,erfurt,2,398,0,0,soy_milk,volvo_fh2012_4x2_750,trailer.scs_curt,trailer_def.scs.box.single_3.curtain,33,1,0
69261,_nameless.183.4512.15c0,eurogoodies,koln,eurogoodies,lodz,0,935,0,0,chewing_gums,scania_r2016_6x4_high_660,trailer.kasbhr_shg45,trailer_def.kassbohrer.scs.single_3_13.curtain,32,1,0
69261,_nameless.183.4512.19d0,eurogoodies,koln,brawen,ljubljana,0,934,0,0,carrots_c,volvo_fh16_4x2_420,trailer.scs_gosck20,trailer_def.scs.gooseneck.singl_3e_20.container,15,1,0
69261,_nameless.183.4512.33d0,cgla,kragujevac,rock_eater,bitola,1,373,0,0,large_cont,scania_s2016_6x2_high_460,trailer.scs_lowbed_4,trailer_def.scs.lowbed.single_4_sh.short,27,1,0
69261,_nameless.183.4512.34a0,cgla,kragujevac,icaria,chania,0,956,540,826,glass_packed,mercedes_6x4_a,trailer.gls_trailer,trailer_def.glass_packed.gls_trailer,100,1,0
69261,_nameless.183.4512.1aa0,cgla,kragujevac,te_logistica,parma,2,1343,0,0,glass,man_tgx_euro6_4x2_xl,trailer.panel_trans.glass,trailer_def.glass.panel_trans.glass,90,1,0
69261,_nameless.183.4512.3a50,marina,olbia,adrica,zadar,0,1034,1440,1194,yacht,man_tgx_euro6_6x4_xlx,trailer.kasbhr_sla,trailer_def.kassbohrer.sla.single_3_sh.lowbed,1,1,0
69261,_nameless.183.4512.3bf0,kaarfor,duisburg,exomar,bologna,1,1216,0,0,used_packag,scania_r_6x4_top_620,trailer.scs_dry_a,trailer_def.scs.box.single_3.dryvan,33,1,0
69261,_nameless.183.4512.1c40,kaarfor,duisburg,dunavia,novi_sad,0,1455,0,0,used_plast,scania_s2016_6x4_high_730,trailer.scs_dry_m,trailer_def.scs.box.single_3.dryvan_m,33,1,0
69261,_nameless.183.4512.0990,kaarfor,duisburg,stokes,bystrica,0,1220,0,0,used_plast_c,iveco_h_4x2_a,trailer.krone.boxliner20,trailer_def.krone.boxliner.single_3.container,15,1,0
69261,_nameless.183.4512.0b30,tree_et,leipzig,lkwlog,graz,2,685,0,0,jcb_mexc19ce,mercedes_4x2_c,trailer.scs_flat_b,trailer_def.scs.flatbed.single_3.flatbed_w,3,1,0
69261,_nameless.183.4512.5e10,tree_et,leipzig,transinet,southampton,2,1130,35,300,logs,scania_streamline_4x2_top_560,trailer.scs_log,trailer_def.scs.log.single_3.steel,32,1,0
69261,_nameless.183.4512.5ba0,transinet,southampton,transinet,sheffield,1,401,0,0,nuts,daf_xf_euro6_4x2_a,trailer.kasbhr_scs,trailer_def.kassbohrer.scs.single_3_13.curtain,34,1,0
69261,_nameless.183.4512.5fb0,cesta_sl,sevilla,wilnet_trans,nantes,1,1525,0,0,used_plast,daf_4x2_b,trailer.scs_dry_s,trailer_def.scs.box.single_3.dryvan,33,1,0
69261,_nameless.183.4512.6080,cesta_sl,sevilla,eolo_lines,napoli,1,971,1300,1500,used_packag,iveco_4x2_a,trailer.kasbhr_scs,trailer_def.kassbohrer.scs.single_3_13.curtain,34,1,0
69261,_nameless.183.4512.4340,cesta_sl,sevilla,huilant,lacq,2,1045,0,0,empty_palet,iveco_h_4x2_a,trailer.scs_dry_s,trailer_def.scs.box.single_3.dryvan,33,1,0
69261,_nameless.183.4512.5930,cesta_sl,sevilla,renar,calvi,1,1033,930,1182,used_plast_c,mercedes_actros_2014_4x2_b,trailer.scs_gosck20,trailer_def.scs.gooseneck.singl_3e_20.container,15,1,0
69261,_nameless.183.4512.62f0,bhv,kajaani,bhv,jonkoping,1,1001,540,1170,car_balt1,scania_s2016_4x2_norm_370,trailer.car_trans,trailer_def.car_balt1.car_trans,100,1,0
69261,_nameless.183.4512.6700,bhv,kajaani,blt,siauliai,0,1013,150,430,volvo_cars,iveco_4x2_b,trailer.car_trans,trailer_def.volvo_cars.car_trans,100,1,0
69261,_nameless.183.4512.4c30,bhv,kajaani,dfh,rostock,0,1493,645,1574,car_ibe,iveco_4x2_c,trailer.car_trans,trailer_def.car_ibe.car_trans,100,1,0
69261,_nameless.183.4512.67d0,ocean_sol,gijon,agregados,puertollano,2,761,0,0,scrap_metals,daf_xf_euro6_6x4_c,trailer.scs_dumper,trailer_def.scs.dumper.single_3.steel,10,1,0
69261,_nameless.183.4512.5a00,ocean_sol,gijon,app,zaragoza,1,575,0,0,empty_palet,"""double/iveco_sway_4x2_580""",trailer.scs_dry_b2,trailer_def.scs.box.bdouble_3_3.dryvan,52,1,0
69261,_nameless.183.4512.68a0,ocean_sol,gijon,lisette_log,larochelle,1,873,0,0,cable_reel,"""heavy/scania_r_6x4_top_730""",trailer.scs_lowlow4e,trailer_def.scs.lowloader.single_4_ln.long,1,1,0
69261,_nameless.183.4512.51e0,metallis,ostersund,nordic_ports,mo_i_rana,1,608,0,0,scrap_metals,daf_xd_1,trailer.scs_dumper,trailer_def.scs.dumper.single_3.steel,10,1,0
69261,_nameless.183.4512.48f0,metallis,ostersund,norse_rail,rovaniemi,0,800,0,0,jcb_wload457,volvo_fh16_6x4_700,trailer.scs_lowbed_3,trailer_def.scs.lowbed.single_3.short,1,1,0
69261,_nameless.183.4512.6150,metallis,ostersund,renar,parnu,0,683,570,1270,large_cont,daf_xd_1,trailer.scs_flat_b,trailer_def.scs.flatbed.single_3.flatbed_w,33,1,0
69261,_nameless.183.4512.5860,metallis,ostersund,konstnr,oslo,0,771,0,0,digger1000,scania_r_4x2_top_480,trailer.scs_lowbed41,trailer_def.scs.lowbed.single_41_ln.long,1,1,0
69261,_nameless.183.4512.55f0,low_field,lamia,te_logistica,napoli,1,629,570,745,apples,renault_premium_4x2_a,trailer.scs_dry_a,trailer_def.scs.box.single_3.dryvan,33,1,0
69261,_nameless.183.4512.49c0,low_field,lamia,te_logistica,cagliari,2,638,1410,1624,straw_bales,daf_xgp_4x2_530,trailer.scs_dry_s,trailer_def.scs.box.single_3.dryvan,6,1,0
69261,_nameless.183.4512.6220,low_field,lamia,lognstick,hunedoara,1,1163,0,0,square_baler,mercedes_actros_2014_6x2_a,trailer.scs_lowlow2e,trailer_def.scs.lowloader.single_2_ln.long,1,1,0
69261,_nameless.183.4512.4d00,low_field,lamia,balkan_loco,veli_tarnovo,0,886,0,0,potatoes,scania_r_6x2_high_500,trailer.profiliner17,trailer_def.krone.profiliner.single_3.curtain,33,1,0
69261,_nameless.183.4512.63c0,low_field,lamia,transinet,torino,1,1391,570,745,cott_harvest,"""heavy/man_tgx_2020_8x4""",trailer.scs_lowlow4e,trailer_def.scs.lowloader.single_4_ln.long,1,1,0
69261,_nameless.183.4512.6970,konstnr_hs,trondheim,blt,kunda,2,1051,570,1270,jcb_mexc19ce,iveco_sway_4x2_580,trailer.scs_flat_b,trailer_def.scs.flatbed.single_3.flatbed_w,3,1,0
69261,_nameless.183.4512.3d90,konstnr_hs,trondheim,renor,mikkeli,1,991,300,680,jcb_th540180,volvo_fh2012_4x2_420,trailer.kasbhr_slle,trailer_def.kassbohrer.sll.single_3_ln.low,1,1,0
69261,_nameless.183.4512.4410,konstnr_hs,trondheim,nord_sten,sundsvall,0,505,0,0,vol_ew240emh,"""heavy/volvo_fh2012_8x4_700""",trailer.scs_lowbed_4,trailer_def.scs.lowbed.single_4_sh.short,1,1,0
69261,_nameless.183.4512.44e0,trameri,swansea,tradeaux,lyon,1,1197,35,300,roof_tiles,daf_xgp25_4x2_530,trailer.scs_curt_s,trailer_def.scs.box.single_3.curtain,32,1,0
69261,_nameless.183.4512.52b0,trameri,swansea,sanbuilders,newcastle,2,524,0,0,rooflights,scania_r_6x4_top_620,trailer.scs_dry_a,trailer_def.scs.box.single_3.dryvan,33,1,0
69261,_nameless.183.4512.6f20,trameri,swansea,rt_log,koln,0,900,35,300,used_plast,volvo_fh2012_6x2_500,trailer.scs_dry,trailer_def.scs.box.single_3.dryvan,33,1,0
69261,_nameless.183.4512.5380,batisse_wind,larochelle,dfh,nurnberg,0,1253,0,0,volvo_a25g,"""heavy/renault_t_6x4""",trailer.scs_lowbed_4,trailer_def.scs.lowbed.single_4_sh.short,1,1,0
69261,_nameless.183.4512.4b60,batisse_wind,larochelle,transinet,cambridge,1,979,35,300,mob_screener,"""heavy/scania_r_6x4_top_730""",trailer.scs_lowbed41,trailer_def.scs.lowbed.single_41_ln.long,1,1,0
69261,_nameless.183.4512.6490,batisse_wind,larochelle,lkwlog,calais,0,789,0,0,mob_crusher,"""heavy/man_tgx_2020_8x4""",trailer.scs_lowbed_4,trailer_def.scs.lowbed.single_4_sh.short,1,1,0
69261,_nameless.183.4512.5450,ns_chem,barcelona,tree_et,salzburg,1,1461,0,0,pesticide,iveco_6x2_a,trailer.krone.boxliner40,trailer_def.krone.boxliner.single_3_40.container,80,1,0
69261,_nameless.183.4512.4dd0,ns_chem,barcelona,scs_paper,navia,0,937,0,0,chlorine,volvo_fh16_4x2_540,trailer.scs_gosck40,trailer_def.scs.gooseneck.singl_3e_40.container,80,1,0
69261,_nameless.183.4512.45b0,ns_chem,barcelona,globeur,bourges,0,730,0,0,graph_grease,mercedes_4x2_a,trailer.scs_curt_a,trailer_def.scs.box.single_3.curtain,33,1,0
69261,_nameless.183.4512.6560,ns_chem,barcelona,rt_log,koln,1,1330,0,0,lead,daf_xf_euro6_4x2_c,trailer.scs_gosck40,trailer_def.scs.gooseneck.singl_3e_40.container,80,1,0
69261,_nameless.183.4512.6630,lateds,valmiera,lkwlog,frankfurt,0,1594,0,0,fish_chips,scania_s2016_4x2_norm_370,trailer.scs_ref_a,trailer_def.scs.box.single_3.reefer,33,1,0
69261,_nameless.183.4512.6a40,lateds,valmiera,posped,bystrica,0,1215,0,0,cott_cheese,daf_xd_1,trailer.scs_ins_a,trailer_def.scs.box.single_3.insulated,33,1,0
69261,_nameless.183.4512.6b10,acc,a_coruna,globeur,bourges,2,1409,0,0,cement,scania_s2016_6x2_high_460,trailer.ffb_eut35,trailer_def.feldbinder.eut.single_3_35.silo_35_3p,20,1,0
69261,_nameless.183.4512.4a90,acc,a_coruna,trans_cab,lisboa,1,522,0,0,outdr_flr_tl,iveco_4x2_b,trailer.scs_dry_s,trailer_def.scs.box.single_3.dryvan,32,1,0
69261,_nameless.183.4512.4ea0,acc,a_coruna,globeur,rennes,2,1463,0,0,large_cont,scania_r_6x4_top_620,trailer.profilinehd,trailer_def.krone.profilinerhd.single_3.flatbed,33,1,0
69261,_nameless.183.4512.5520,acc,a_coruna,lisette_log,rennes,1,1462,0,0,iron_pipes,volvo_fh2021_4x2_750,trailer.scs_log,trailer_def.scs.log.single_3.steel,28,1,0
69261,_nameless.183.4512.6cb0,ts_atlas,lisboa,kaarfor,limoges,2,1385,0,0,rice_c,iveco_sway_4x2_500,trailer.kasbhr_shg20,trailer_def.kassbohrer.shg.singl_3e_20.container,15,1,0
69261,_nameless.183.4512.6d80,ts_atlas,lisboa,scs_paper,navia,1,668,0,0,sodhydro,scania_r_6x4_top_620,trailer.scs_gosck220,trailer_def.scs.gooseneck.singl_3e_220.container,80,1,0
69261,_nameless.183.4512.6e50,ts_atlas,lisboa,engeron,granada,0,891,0,0,potassium,daf_6x2_a,trailer.scs_gosck20,trailer_def.scs.gooseneck.singl_3e_20.container,40,1,0
69261,_nameless.183.4512.70c0,ts_atlas,lisboa,rt_log,barcelona,0,1189,0,0,chlorine,iveco_sway_4x2_500,trailer.kasbhr_shg40,trailer_def.kassbohrer.shg.singl_3e_40.container,80,1,0
69261,_nameless.183.4512.3e60,ts_atlas,lisboa,tradeaux,ajaccio,1,1199,930,1182,salt_spice_c,man_4x2_c,trailer.krone.boxliner220,trailer_def.krone.boxliner.single_3_220.container,30,1,0
69261,_nameless.183.4512.4000,tradeaux,olsztyn,sanbuilders,debrecen,2,782,0,0,jcb_pw125qe,iveco_6x2_a,trailer.profilinehd,trailer_def.krone.profilinerhd.single_3.flatbed,24,1,0
69261,_nameless.183.4512.40d0,tradeaux,olsztyn,gnt,klaipeda,0,407,0,0,mondeos,mercedes_actros_2014_6x2_a,trailer.car_trans,trailer_def.mondeos.car_trans,100,1,0
69261,_nameless.183.4512.41a0,tradeaux,olsztyn,sanbuild_bas,leipzig,1,673,0,0,plast_pipes,scania_s2016_6x4_high_730,trailer.profilinehd,trailer_def.krone.profilinerhd.single_3.flatbed,4,1,0
69261,_nameless.183.4512.4270,stokes,poznan,gnt,kristiansand,0,1050,195,1052,used_battery,daf_xg_4x2_450,trailer.scs_dry_s,trailer_def.scs.box.single_3.dryvan,33,1,0
69261,_nameless.183.4512.4750,stokes,poznan,fallow,targu_mures,0,1253,0,0,peas,man_tgx_2020_4x2,trailer.scs_curt_s,trailer_def.scs.box.single_3.curtain,33,1,0
69261,_nameless.183.4512.4f70,stokes,poznan,transinet,cambridge,0,1425,35,300,used_packag,scania_streamline_6x4_top_480,trailer.scs_dry_s,trailer_def.scs.box.single_3.dryvan,33,1,0
69261,_nameless.183.4512.4820,stokes,poznan,tradeaux,budapest,0,749,0,0,ketchup,daf_xf_euro6_6x2_a,trailer.scs_dry,trailer_def.scs.box.single_3.dryvan,33,1,0
69261,_nameless.183.4512.5110,tradeaux,budapest,villco,beograd,0,300,0,0,prosciutto,mercedes_actros_2014_4x2_c,trailer.scs_ref,trailer_def.scs.box.single_3.reefer,33,1,0
69261,_nameless.183.4512.5040,tradeaux,budapest,blt_ru,pskov,0,1564,0,0,med_vaccine,scania_r2016_6x4_high_660,trailer.scs_ins,trailer_def.scs.box.single_3.insulated,33,1,0
69261,_nameless.183.4512.85e0,tradeaux,budapest,ttk_bg,varna,1,1153,0,0,transmis,mercedes_4x2_b,trailer.kasbhr_sbt,trailer_def.kassbohrer.sbt.single_3_13.dryvan,34,1,0
69261,_nameless.183.4512.78e0,tradeaux,budapest,fallow,targu_mures,0,605,0,0,tracks,iveco_sway_4x2_460,trailer.scs_lowbed_4,trailer_def.scs.lowbed.single_4_sh.short,1,1,0
69261,_nameless.183.4512.75a0,balkan_loco,craiova,ttk_bg,varna,2,448,0,0,dryers,mercedes_actros_2014_6x4_b,trailer.dryliner17,trailer_def.krone.dryliner.single_3.dryvan,33,1,0
69261,_nameless.183.4512.7e90,balkan_loco,craiova,icaria,kavala,1,662,0,0,volvo_bucket,mercedes_actros_2014_4x2_a,trailer.kasbhr_sla,trailer_def.kassbohrer.sla.single_3_sh.lowbed,1,1,0
69261,_nameless.183.4512.8440,balkan_loco,craiova,stokes,wien,0,877,0,0,goat_cheese,man_tgx_euro6_4x2_xl,trailer.scs_ins,trailer_def.scs.box.single_3.insulated,33,1,0
69261,_nameless.183.4512.93b0,adrica,rijeka,cargotras,milano,0,728,0,0,czl_muv75,"""heavy/volvo_fh16_6x4_750""",trailer.scs_lowbed_3,trailer_def.scs.lowbed.single_3.short,1,1,0
69261,_nameless.183.4512.8030,suprema,rezekne,posped,bystrica,2,1173,0,0,empty_palet,daf_xd_1,trailer.scs_dry,trailer_def.scs.box.single_3.dryvan,33,1,0
69261,_nameless.183.4512.9d70,suprema,rezekne,dfh,berlin,0,1159,0,0,used_plast_c,daf_xd_1,trailer.kasbhr_shg40,trailer_def.kassbohrer.shg.singl_3e_40.container,30,1,0
69261,_nameless.183.4512.8e00,ika_bohag,stockholm,transinet,sheffield,0,1102,1140,1314,pot_flowers,volvo_fh2012_4x2_750,trailer.scs_ins,trailer_def.scs.box.single_3.insulated,33,1,0
69261,_nameless.183.4512.8ac0,ika_bohag,stockholm,polarislines,oslo,0,590,0,0,used_packag,iveco_4x2_a,trailer.kasbhr_shg45,trailer_def.kassbohrer.scs.single_3_13.curtain,34,1,0
69261,_nameless.183.4512.9210,ika_bohag,stockholm,posped,linz,2,1590,105,404,empty_palet,mercedes_actros_2014_6x4_b,trailer.dryliner17,trailer_def.krone.dryliner.single_3.dryvan,33,1,0
69261,_nameless.183.4512.9e40,brawen,trikala,piac,beograd,2,937,0,0,press_sl_val,mercedes_4x2_b,trailer.scs_dry,trailer_def.scs.box.single_3.dryvan,33,1,0
69261,_nameless.183.4512.8510,brawen,trikala,stokes,maribor,0,1338,0,0,plant_substr,daf_xf_euro6_6x2_a,trailer.scs_dry_m,trailer_def.scs.box.single_3.dryvan_m,32,1,0
69261,_nameless.183.4512.9140,brawen,trikala,tradeaux,klagenfurt,2,1475,0,0,beverages,man_4x2_a,trailer.scs_dry_m,trailer_def.scs.box.single_3.dryvan_m,33,1,0
69261,_nameless.183.4512.7cf0,brawen,trikala,gnt,bastia,1,881,1620,1979,jcb_bhl4cx,daf_xf_euro6_4x2_c,trailer.kasbhr_sll,trailer_def.kassbohrer.sll.single_3_sh.low,1,1,0
69261,_nameless.183.4512.8ed0,euroacres,pecs,eviksi,riga,1,1516,0,0,auger_wag,scania_r_6x2_high_500,trailer.kasbhr_slle,trailer_def.kassbohrer.sll.single_3_ln.low,1,1,0
69261,_nameless.183.4512.7740,marina,rhodes,lkwlog,venezia,2,1267,1380,2634,yacht,daf_xf_euro6_4x2_c,trailer.scs_lowbed_4,trailer_def.scs.lowbed.single_4_sh.short,1,1,0
69261,_nameless.183.4512.9480,marina,rhodes,posped,verona,0,1302,1380,2634,lux_yacht,man_4x2_c,trailer.kasbhr_slle,trailer_def.kassbohrer.sll.single_3_ln.low,1,1,0
69261,_nameless.183.4512.7810,marina,rhodes,subse,edirne,1,956,810,1889,large_cont,daf_xf_euro6_6x2_a,trailer.scs_lowbed_3,trailer_def.scs.lowbed.single_3.short,27,1,0
69261,_nameless.183.4512.9ca0,lkwlog,dover,sanbuild_bas,koln,0,451,91,384,sq_tub,volvo_fh2021_4x2_420,trailer.scs_flat_b,trailer_def.scs.flatbed.single_3.flatbed_w,2,1,0
69261,_nameless.183.4512.9550,lkwlog,dover,sellplan,geneve,1,871,35,300,peas,iveco_h_4x2_a,trailer.scs_dry_a,trailer_def.scs.box.single_3.dryvan,33,1,0
69261,_nameless.183.4512.96f0,lkwlog,dover,eurogoodies,prague,1,1049,91,384,basil,man_tgx_2020,trailer.kasbhr_sbt,trailer_def.kassbohrer.sbt.single_3_13.dryvan,34,1,0
69261,_nameless.183.4512.9620,lkwlog,dover,stokes,bystrica,0,1543,91,384,shock_absorb,mercedes_actros_2014_4x2_b,trailer.scs_dry,trailer_def.scs.box.single_3.dryvan,33,1,0
69261,_nameless.183.4512.86b0,lkwlog,dover,tradeaux,felixstowe,1,228,0,0,nuts,scania_s2016_4x2_norm_370,trailer.drylineret,trailer_def.krone.edryliner.single_3.dryvan,33,1,0
69261,_nameless.183.4512.79b0,lisette_log,lemans,rt_log,barcelona,0,1022,0,0,truck_tyres,renault_t_4x2,trailer.scs_curt,trailer_def.scs.box.single_3.curtain,33,1,0
69261,_nameless.183.4512.a250,lisette_log,lemans,eolo_lines,marseille,1,855,0,0,rooflights,man_tgx_euro6_4x2_xl,trailer.profiliner17,trailer_def.krone.profiliner.single_3.curtain,33,1,0
69261,_nameless.183.4512.97c0,lisette_log,lemans,euroacres,plymouth,0,388,420,1000,fueltanker,volvo_fh2012_6x2_500,trailer.krone.boxliner40,trailer_def.krone.boxliner.single_3_40.container,80,1,0
69261,_nameless.183.4512.a4c0,lisette_log,lemans,rt_log,travemunde,2,1152,0,0,beans,renault_premium_6x4_a,trailer.scs_curt_a,trailer_def.scs.box.single_3.curtain,33,1,0
69261,_nameless.183.4512.7a80,fle,sofia,te_logistica,napoli,1,923,570,745,caviar,scania_r_4x2_norm_360,trailer.scs_ref,trailer_def.scs.box.single_3.reefer,33,1,0
69261,_nameless.183.4512.8850,fle,sofia,tradeaux,klagenfurt,0,1079,0,0,post_packag,scania_r2016_4x2_norm_370,trailer.scs_curt_s,trailer_def.scs.box.single_3.curtain,33,1,0
69261,_nameless.183.4512.8780,fle,sofia,villco_mkt,trikala,0,546,0,0,watermelons,scania_s2016_6x2_high_460,trailer.scs_ref_s,trailer_def.scs.box.single_3.reefer,33,1,0
69261,_nameless.183.4512.9b00,fle,sofia,villco_mkt,larissa,0,506,0,0,frsh_herbs,daf_xf_euro6_6x4_c,trailer.coolliner17,trailer_def.krone.coolliner.single_3.reefer,33,1,0
69261,_nameless.183.4512.9070,ika_bohag,kiel,norse_rail,gavle,0,1242,0,0,pot_flowers,scania_s2016_4x2_norm_370,trailer.scs_ref_a,trailer_def.scs.box.single_3.reefer,33,1,0
69261,_nameless.183.4512.89f0,ika_bohag,kiel,drekkar,vaxjo,0,722,0,0,empty_palet,scania_streamline_4x2_top_560,trailer.scs_dry_a,trailer_def.scs.box.single_3.dryvan,33,1,0
69261,_nameless.183.4512.7b50,ika_bohag,kiel,renar,vaxjo,1,723,0,0,used_packag,"""double/man_euro6_4x2_xxl""",trailer.profiline17d,trailer_def.krone.profiliner.double_3_2.curtain,30,1,0
69261,_nameless.183.4512.a320,huilant,ajaccio,acc,madrid,1,608,930,1182,motor_oil_c,iveco_sway_4x2_580,trailer.scs_gosck40,trailer_def.scs.gooseneck.singl_3e_40.container,30,1,0
69261,_nameless.183.4512.8b90,huilant,ajaccio,ini,catania,0,447,930,1133,propane,volvo_fh2024_4x2_780,trailer.scs_gastank,trailer_def.scs.gastank.single_3.gastank,40,1,0
69261,_nameless.183.4512.7400,fjoste,skelleftea,stokes,warszawa,2,1367,510,1110,mobile_crane,"""heavy/scania_s2016_6x4_high_730""",trailer.scs_lowbed_4,trailer_def.scs.lowbed.single_4_sh.short,1,1,0
69261,_nameless.183.4512.9fe0,fjoste,skelleftea,rosmark,riga,1,877,450,1110,concr_beams,"""heavy/iveco_6x4""",trailer.scs_lowbed41,trailer_def.scs.lowbed.single_41_ln.long,1,1,0
69261,_nameless.183.4512.7c20,fjoste,skelleftea,tradeaux,olsztyn,0,1222,510,1110,mtl_coil,scania_r_6x2_high_500,trailer.profilinehd,trailer_def.krone.profilinerhd.single_3.flatbed,1,1,0
69261,_nameless.183.4512.7330,fjoste,skelleftea,renar,narva,2,769,450,1110,iron_pipes,daf_xgp25_4x2_530,trailer.scs_log,trailer_def.scs.log.single_3.steel,28,1,0
69261,_nameless.183.4512.82a0,lintukainen,ivalo,renor,ornskoldsvik,0,704,0,0,empty_spool,scania_r2016_4x2_norm_370,trailer.profilinehd,trailer_def.krone.profilinerhd.single_3.flatbed,4,1,0
69261,_nameless.183.4512.7260,lintukainen,ivalo,norrsken,goteborg,2,1415,0,0,forwarder,"""heavy/iveco_6x4""",trailer.kasbhr_slle,trailer_def.kassbohrer.sll.single_3_ln.low,1,1,0
69261,_nameless.183.4512.8c60,lintukainen,ivalo,skog_paper,borlange,0,1037,0,0,wshavings,volvo_fh2024_6x2_500,trailer.ffb_kip60,trailer_def.feldbinder.kip.single_3_60.silo_60_3p,60,1,0
69261,_nameless.183.4512.9890,lintukainen,ivalo,baltomors_ru,petersburg,0,1357,0,0,tractors,scania_r2016_4x2_high_500,trailer.scs_lowlowd4,trailer_def.scs.lowloader.single_4_sh.short,1,1,0
69261,_nameless.183.4512.7dc0,lintukainen,ivalo,baltomorsk,ventspils,0,1572,150,430,mat_handler,"""heavy/iveco_6x4""",trailer.kasbhr_slle,trailer_def.kassbohrer.sll.single_3_ln.low,1,1,0
69261,_nameless.183.4512.81d0,lintukainen,ivalo,renar,lahti,0,878,0,0,logs,volvo_fh2012_6x2_500,trailer.scs_log,trailer_def.scs.log.single_3.steel,32,1,0
69261,_nameless.183.4512.7190,freyr,aalborg,stokes,dijon,1,1338,0,0,kr_bigm450,volvo_fh2021_6x2_540,trailer.scs_lowlow2e,trailer_def.scs.lowloader.single_2_ln.long,1,1,0
69261,_nameless.183.4512.7f60,freyr,aalborg,gnt,jonkoping,0,354,195,677,pork_meat,"""double/daf_xd""",trailer.scs_ref_b2,trailer_def.scs.box.bdouble_3_3.reefer,52,1,0
69261,_nameless.183.4512.a0b0,freyr,aalborg,renar,vaxjo,1,659,0,0,square_baler,daf_xf_euro6_4x2_b,trailer.scs_lowbed_3,trailer_def.scs.lowbed.single_3.short,1,1,0
69261,_nameless.183.4512.9960,freyr,aalborg,lkwlog,dover,2,1133,91,384,tractor_au,renault_premium_6x4_a,trailer.scs_lowbed_4,trailer_def.scs.lowbed.single_4_sh.short,1,1,0
69261,_nameless.183.4512.9a30,cemelt_bas,kaunas,tradeaux,klagenfurt,0,1335,0,0,jcb_dmp6t2,"""heavy/man_6x4""",trailer.kasbhr_slle,trailer_def.kassbohrer.sll.single_3_ln.low,1,1,0
69261,_nameless.183.4512.c2d0,cemelt_bas,kaunas,dfh,duisburg,0,1437,0,0,crawler,"""heavy/daf_xgp_4x2_530""",trailer.kasbhr_sll,trailer_def.kassbohrer.sll.single_3_sh.low,1,1,0
69261,_nameless.183.4512.c880,eurogoodies,wroclaw,kaarfor,strasbourg,1,792,0,0,sausages,man_tgx_euro6_4x2_xxl,trailer.scs_ins_s,trailer_def.scs.box.single_3.insulated,33,1,0
69261,_nameless.183.4512.b290,lkwlog,gdansk,nosko,vilnius,0,512,0,0,apples_c,volvo_fh2021_4x2_750,trailer.kasbhr_shg20,trailer_def.kassbohrer.shg.singl_3e_20.container,15,1,0
69261,_nameless.183.4512.b840,lkwlog,gdansk,lkwlog,luxembourg,1,1278,0,0,lamb_stom,mercedes_6x4_a,trailer.scs_ref_s,trailer_def.scs.box.single_3.reefer,33,1,0
69261,_nameless.183.4512.bec0,lkwlog,gdansk,brawen,banja_luka,2,1350,0,0,alu_ingot,renault_premium_6x2_a,trailer.scs_flat_b,trailer_def.scs.flatbed.single_3.flatbed_w,30,1,0
69261,_nameless.183.4512.ce30,lkwlog,gdansk,blt,kunda,2,983,0,0,used_plast_c,scania_s2016_4x2_high_590,trailer.kasbhr_shg20,trailer_def.kassbohrer.shg.singl_3e_20.container,15,1,0
69261,_nameless.183.4512.b910,lkwlog,gdansk,sal_fi,oulu,2,1549,150,430,tomatoes,daf_xf_euro6_4x2_c,trailer.scs_ins_a,trailer_def.scs.box.single_3.insulated,33,1,0
69261,_nameless.183.4512.b360,lkwlog,gdansk,lkwlog,kosice,2,725,0,0,disc_harrows,daf_xd25,trailer.scs_lowlowd2,trailer_def.scs.lowloader.single_2_sh.short,1,1,0
69261,_nameless.183.4512.bab0,cantera,guarda,rt_log,sevilla,0,655,0,0,emptytank,daf_xd25,trailer.scs_flat_b,trailer_def.scs.flatbed.single_3.flatbed_w,1,1,0
69261,_nameless.183.4512.b430,cantera,guarda,trans_cab,murcia,2,888,0,0,jcb_th540180,iveco_4x2_b,trailer.scs_lowbed_3,trailer_def.scs.lowbed.single_3.short,1,1,0
69261,_nameless.183.4512.cfd0,cantera,guarda,ocean_sol,setubal,2,400,0,0,mat_handler,"""heavy/iveco_6x4""",trailer.kasbhr_slle,trailer_def.kassbohrer.sll.single_3_ln.low,1,1,0
69261,_nameless.183.4512.c470,cantera,guarda,fui,catania,1,1072,1557,1788,volvo_bucket,scania_streamline_6x2_norm_440,trailer.scs_lowbed_3,trailer_def.scs.lowbed.single_3.short,1,1,0
69261,_nameless.183.4512.b5d0,cantera,guarda,app,ciudad_real,0,659,0,0,volvo_ec220e,renault_t_6x2,trailer.kasbhr_sla,trailer_def.kassbohrer.sla.single_3_sh.lowbed,1,1,0
69261,_nameless.183.4512.c3a0,fallow,zenica,cargotras,pescara,1,1387,0,0,packag_food,volvo_fh2024_6x2_500,trailer.scs_dry_s,trailer_def.scs.box.single_3.dryvan,33,1,0
69261,_nameless.183.4512.d240,fallow,zenica,subse,galati,0,928,0,0,nuts,daf_4x2_b,trailer.scs_curt_s,trailer_def.scs.box.single_3.curtain,33,1,0
69261,_nameless.183.4512.c540,fallow,zenica,te_logistica,parma,0,1124,0,0,glass,daf_xf_euro6_6x4_c,trailer.panel_trans.glass,trailer_def.glass.panel_trans.glass,90,1,0
69261,_nameless.183.4512.cc90,huilant,bordeaux,tradeaux,prague,2,1574,0,0,diesel,scania_s2016_4x2_norm_370,trailer.willig.fuel_cistern,trailer_def.scs.fueltank.single_3.fueltank,30,1,0
69261,_nameless.183.4512.a800,huilant,bordeaux,globeur,montpellier,2,530,0,0,fueltanker,volvo_fh2012_4x2_750,trailer.krone.boxliner20,trailer_def.krone.boxliner.single_3.container,40,1,0
69261,_nameless.183.4512.b500,gnt,valmiera,sal_fi,joensuu,2,902,150,430,forwarder,"""heavy/daf_xd""",trailer.scs_lowlow4e,trailer_def.scs.lowloader.single_4_ln.long,1,1,0
69261,_nameless.183.4512.af50,gnt,valmiera,euroacres,wroclaw,0,1126,0,0,roofing_felt,mercedes_6x4_a,trailer.scs_dry_ms,trailer_def.scs.box.single_3.dryvan_m,33,1,0
69261,_nameless.183.4512.c6e0,gnt,valmiera,ateria,vaasa,0,816,150,430,tomatoes,iveco_sway_4x2_460,trailer.scs_ins_s,trailer_def.scs.box.single_3.insulated,33,1,0
69261,_nameless.183.4512.bf90,gnt,valmiera,kaarfor,magdeburg,0,1296,0,0,cheese,scania_r2016_6x2_high_460,trailer.scs_ins_a,trailer_def.scs.box.single_3.insulated,33,1,0
69261,_nameless.183.4512.a8d0,bhv,kristiansand,transinet,kassel,1,767,195,1052,caravans,scania_s2016_4x2_norm_370,trailer.truck_trans,trailer_def.caravans.truck_trans,100,1,0
69261,_nameless.183.4512.cbc0,engeron,sevilla,wilnet_trans,toulouse,0,1243,0,0,used_packag,renault_magnum_4x2_a,trailer.kasbhr_scs,trailer_def.kassbohrer.scs.single_3_13.curtain,34,1,0
69261,_nameless.183.4512.caf0,engeron,sevilla,iberatomica,vandellos,0,780,0,0,mobile_crane,"""heavy/renault_t_6x4""",trailer.scs_lowbed41,trailer_def.scs.lowbed.single_41_ln.long,1,1,0
69261,_nameless.183.4512.a730,engeron,sevilla,nucleon,civaux,1,1453,0,0,cable_reel,"""heavy/volvo_fh16_6x4_750""",trailer.scs_lowlowd4,trailer_def.scs.lowloader.single_4_sh.short,1,1,0
69261,_nameless.183.4512.a9a0,vitas_pwr,leon,log_atlan,albacete,2,590,0,0,windml_tube,renault_premium_6x4_a,trailer.scs_lowbed_3,trailer_def.scs.lowbed.single_3.short,1,1,0
69261,_nameless.183.4512.ac10,vitas_pwr,leon,domdepo,bailen,1,620,0,0,empty_spool,daf_xg_4x2_450,trailer.scs_flat_b,trailer_def.scs.flatbed.single_3.flatbed_w,4,1,0
69261,_nameless.183.4512.cd60,vitas_pwr,leon,lisette_log,nice,0,1313,0,0,empty_palet,renault_premium_4x2_c,trailer.scs_dry_ms,trailer_def.scs.box.single_3.dryvan_m,33,1,0
69261,_nameless.183.4512.cf00,huilant,lacq,euroacres,verona,2,1305,0,0,oil,renault_magnum_6x4_a,trailer.scs_fueltank,trailer_def.scs.fueltank.single_3.fueltank,30,1,0
69261,_nameless.183.4512.c610,villco_mkt,larissa,eolo_lines,napoli,0,553,570,745,used_plast,volvo_fh2021_4x2_750,trailer.scs_dry_m,trailer_def.scs.box.single_3.dryvan_m,33,1,0
69261,_nameless.183.4512.b6a0,villco_mkt,larissa,icaria,rhodes,2,345,810,1889,used_packag,scania_r2016_6x4_high_660,trailer.kasbhr_shg45,trailer_def.kassbohrer.scs.single_3_13.curtain,34,1,0
69261,_nameless.183.4512.c7b0,log_atlan,salamanca,rt_log,cordoba,2,636,0,0,vans_id,iveco_sway_4x2_460,trailer.van_trans,trailer_def.vans_id.van_trans,100,1,0
69261,_nameless.183.4512.ca20,log_atlan,salamanca,exomar,olbia,2,1023,720,827,smokd_sprats,volvo_fh2024_6x2_500,trailer.dryliner17,trailer_def.krone.dryliner.single_3.dryvan,33,1,0
69261,_nameless.183.4512.c060,lisette_log,bordeaux,transinet,munchen,1,1400,0,0,frozen_hake,mercedes_actros_2014_4x2_a,trailer.scs_ref,trailer_def.scs.box.single_3.reefer,33,1,0
69261,_nameless.183.4512.d170,lisette_log,bordeaux,stokes,plymouth,0,710,420,1000,pears,volvo_fh16_4x2_540,trailer.scs_dry_m,trailer_def.scs.box.single_3.dryvan_m,33,1,0
69261,_nameless.183.4512.d310,lisette_log,bordeaux,log_atlan,salamanca,0,705,0,0,scooters,scania_r_4x2_top_480,trailer.scs_dry_a,trailer_def.scs.box.single_3.dryvan,33,1,0
69261,_nameless.183.4512.d3e0,lisette_log,bordeaux,transinet,munchen,2,1400,0,0,sandwch_pnls,scania_s2016_4x2_high_590,trailer.scs_dry_ms,trailer_def.scs.box.single_3.dryvan_m,33,1,0
69261,_nameless.183.4512.a590,euroacres,wroclaw,granoro,magdeburg,2,481,0,0,peas,mercedes_4x2_b,trailer.scs_dry,trailer_def.scs.box.single_3.dryvan,33,1,0
69261,_nameless.183.4512.aa70,nofeba,kuopio,nordic_ports,mo_i_rana,0,985,0,0,volvo_bucket,volvo_fh16_6x4_700,trailer.scs_lowlow4e,trailer_def.scs.lowloader.single_4_ln.long,1,1,0
69261,_nameless.183.4512.ab40,nofeba,kuopio,byggpro,ivalo,2,826,0,0,concr_cent,iveco_6x2_a,trailer.profilinehd,trailer_def.krone.profilinerhd.single_3.flatbed,7,1,0
69261,_nameless.183.4512.ace0,euroacres,cambridge,globeur,lehavre,0,477,35,300,kr_stc1370,man_tgx_euro6_6x4_xlx,trailer.scs_lowlow4e,trailer_def.scs.lowloader.single_4_ln.long,1,1,0
69261,_nameless.183.4512.b770,betunia,tirana,stokes,rijeka,0,922,0,0,sq_tub,volvo_fh2024_4x2_420,trailer.profilinehd,trailer_def.krone.profilinerhd.single_3.flatbed,2,1,0
69261,_nameless.183.4512.ae80,betunia,tirana,balkan_loco,craiova,0,695,0,0,granite_cube,daf_xgp_4x2_530,trailer.scs_dumper,trailer_def.scs.dumper.single_3.steel,10,1,0
69261,_nameless.183.4512.b0f0,betunia,tirana,cemelt_fla,timisoara,1,870,0,0,re_bars,mercedes_actros_2014_6x4_b,trailer.scs_flat_b,trailer_def.scs.flatbed.single_3.flatbed_w,2,1,0
69261,_nameless.183.4512.b1c0,betunia,tirana,sanbuilders,salzburg,2,1346,0,0,largetubes,daf_xf_euro6_6x2_a,trailer.scs_log,trailer_def.scs.log.single_3.steel,6,1,0
69261,_nameless.183.4512.b9e0,norr_food,kalmar,rt_log,graz,0,1573,105,404,used_plast,volvo_fh2024_6x2_500,trailer.scs_dry_m,trailer_def.scs.box.single_3.dryvan_m,33,1,0
69261,_nameless.183.4512.bb80,subse,galati,subse,bitola,2,886,0,0,pasta,man_6x4_b,trailer.dryliner17,trailer_def.krone.dryliner.single_3.dryvan,33,1,0
69261,_nameless.183.4512.bc50,subse,galati,vesna,bihac,1,1262,0,0,soy_milk,renault_magnum_6x4_a,trailer.scs_dry_s,trailer_def.scs.box.single_3.dryvan,33,1,0
69261,_nameless.183.4512.bdf0,costruzi_fla,catanzaro,batisse_base,calvi,0,679,950,1480,jcb_exc245xr,"""heavy/daf_6x4""",trailer.kasbhr_slle,trailer_def.kassbohrer.sll.single_3_ln.low,1,1,0
69261,_nameless.183.4511.f540,balkan_loco,veli_tarnovo,stokes,tirana,1,832,0,0,pumps,scania_s2016_6x4_high_730,trailer.scs_curt_a,trailer_def.scs.box.single_3.curtain,33,1,0
69261,_nameless.183.4512.04b0,balkan_loco,veli_tarnovo,rt_log,salzburg,0,1401,0,0,limonades,mercedes_6x4_a,trailer.scs_dry_m,trailer_def.scs.box.single_3.dryvan_m,30,1,0
69261,_nameless.183.4511.e6a0,balkan_loco,veli_tarnovo,fle,skopje,1,473,0,0,apples_c,mercedes_4x2_b,trailer.krone.boxliner40,trailer_def.krone.boxliner.single_3_40.container,30,1,0
69261,_nameless.183.4511.d9a0,balkan_loco,veli_tarnovo,fallow,zenica,1,764,0,0,volvo_cars,mercedes_4x2,trailer.car_trans,trailer_def.volvo_cars.car_trans,100,1,0
69261,_nameless.183.4511.f3a0,posped,warszawa,adrica,split,0,1425,0,0,shock_absorb,mercedes_4x2,trailer.kasbhr_shg45,trailer_def.kassbohrer.scs.single_3_13.curtain,34,1,0
69261,_nameless.183.4511.e360,posped,warszawa,dfh,nurnberg,1,834,0,0,grapes,volvo_fh16_4x2_540,trailer.scs_ref_s,trailer_def.scs.box.single_3.reefer,33,1,0
69261,_nameless.183.4511.f7b0,posped,warszawa,villco_mkt,zagreb,1,1055,0,0,oranges,mercedes_actros_2014_6x4_b,trailer.scs_ins_a,trailer_def.scs.box.single_3.insulated,33,1,0
69261,_nameless.183.4511.f610,norr_food,oslo,transinet,rotterdam,1,1260,195,1052,used_plast,man_tgx_2020_6x2,trailer.scs_curt_s,trailer_def.scs.box.single_3.curtain,33,1,0
69261,_nameless.183.4511.f2d0,cont_port_it,ancona,itcc,dusseldorf,0,1395,0,0,carbn_pwdr_c,renault_magnum_4x2_a,trailer.scs_gosck40,trailer_def.scs.gooseneck.singl_3e_40.container,30,1,0
69261,_nameless.183.4512.0580,cont_port_it,ancona,brawen,lamia,0,906,570,745,beverages_c,renault_t_6x2,trailer.krone.boxliner220,trailer_def.krone.boxliner.single_3_220.container,30,1,0
69261,_nameless.183.4511.e430,cont_port_it,ancona,cont_port_it,trieste,0,617,0,0,sulfuric,scania_r_4x2_norm_360,trailer.krone.boxliner220,trailer_def.krone.boxliner.single_3_220.container,80,1,0
69261,_nameless.183.4511.e500,zelenye_a,kaliningrad,villco,novi_sad,0,1245,0,0,chicken_meat,scania_streamline_4x2_top_560,trailer.coolliner17,trailer_def.krone.coolliner.single_3.reefer,33,1,0
69261,_nameless.183.4511.e910,zelenye_a,kaliningrad,baltomorsk,valmiera,0,534,0,0,jcb_ft4220,renault_premium_4x2_a,trailer.kasbhr_slle,trailer_def.kassbohrer.sll.single_3_ln.low,1,1,0
69261,_nameless.183.4511.ef90,zelenye_a,kaliningrad,drekkar,vaxjo,0,485,630,790,cheese,volvo_fh2021_4x2_420,trailer.coolliner17,trailer_def.krone.coolliner.single_3.reefer,33,1,0
69261,_nameless.183.4511.ff00,renar,kuusamo,polarislines,tallinn,1,763,150,430,onion,renault_premium_4x2_c,trailer.kasbhr_shg45,trailer_def.kassbohrer.scs.single_3_13.curtain,34,1,0
69261,_nameless.183.4512.0650,renar,kuusamo,renar,honningsvag,0,800,0,0,med_equip,iveco_4x2_b,trailer.kasbhr_scs,trailer_def.kassbohrer.scs.single_3_13.curtain,34,1,0
69261,_nameless.183.4511.e290,posped,strasbourg,agregados,valladolid,1,1510,0,0,empty_spool,daf_xd,trailer.kasbhr_sla,trailer_def.kassbohrer.sla.single_3_sh.lowbed,3,1,0
69261,_nameless.183.4511.e5d0,posped,strasbourg,artemia,argostoli,1,1495,1030,1465,garlic,iveco_4x2_b,trailer.profiliner17,trailer_def.krone.profiliner.single_3.curtain,33,1,0
69261,_nameless.183.4512.03e0,sanbuilders,luxembourg,cargotras,pescara,0,1325,0,0,mob_screener,"""heavy/man_6x4""",trailer.kasbhr_slle,trailer_def.kassbohrer.sll.single_3_ln.low,1,1,0
69261,_nameless.183.4511.fc90,sanbuilders,luxembourg,euroacres,brussel,2,227,0,0,digger500,volvo_fh2021_4x2_750,trailer.kasbhr_slle,trailer_def.kassbohrer.sll.single_3_ln.low,1,1,0
69261,_nameless.183.4511.faf0,viljo_paper,kuopio,fjoste,borlange,1,770,300,680,empty_spool,scania_r_4x2_norm_360,trailer.profilinehd,trailer_def.krone.profilinerhd.single_3.flatbed,4,1,0
69261,_nameless.183.4511.e9e0,viljo_paper,kuopio,blt_ru,pskov,0,720,150,430,empty_barr,daf_xf_euro6_6x4_c,trailer.scs_dry,trailer_def.scs.box.single_3.dryvan,33,1,0
69261,_nameless.183.4511.da70,viljo_paper,kuopio,polar_fish,alta,0,1088,0,0,large_cont,volvo_fh2012_4x2_420,trailer.scs_lowbed41,trailer_def.scs.lowbed.single_41_ln.long,36,1,0
69261,_nameless.183.4511.db40,viljo_paper,kuopio,renar,narva,0,604,150,430,emptytank,man_tgx_euro6_6x4_xlx,trailer.profilinehd,trailer_def.krone.profilinerhd.single_3.flatbed,1,1,0
69261,_nameless.183.4511.fbc0,viljo_paper,kuopio,renar,turku,2,442,0,0,empty_palet,iveco_h_4x2_a,trailer.scs_dry,trailer_def.scs.box.single_3.dryvan,33,1,0
69261,_nameless.183.4511.ddb0,marina,catania,tm_istanbul,istanbul,0,1440,590,1092,large_cont,iveco_4x2_a,trailer.kasbhr_sla,trailer_def.kassbohrer.sla.single_3_sh.lowbed,27,1,0
69261,_nameless.183.4512.07f0,sanbuild_cem,aarhus,dfh,berlin,0,669,0,0,ore,renault_premium_6x2_a,trailer.scs_dumper,trailer_def.scs.dumper.single_3.steel,12,1,0
69261,_nameless.183.4512.08c0,sanbuild_cem,aarhus,itcc,szczecin,0,755,0,0,cement,iveco_h_4x2_a,trailer.ffb_kip60,trailer_def.feldbinder.kip.single_3_60.silo_60_3p,16,1,0
69261,_nameless.183.4511.dc10,fle,istanbul,exomar,taranto,1,1019,570,745,apples_c,man_tgx_2020_4x2,trailer.kasbhr_shg40,trailer_def.kassbohrer.shg.singl_3e_40.container,30,1,0
69261,_nameless.183.4511.eec0,fle,istanbul,cnp,taranto,0,960,570,745,large_cont,renault_premium_4x2_a,trailer.scs_lowbed_3,trailer_def.scs.lowbed.single_3.short,27,1,0
69261,_nameless.183.4511.dce0,fle,istanbul,eolo_lines,palermo,0,1518,590,1092,empty_spool,scania_r_6x4_top_620,trailer.kasbhr_sla,trailer_def.kassbohrer.sla.single_3_sh.lowbed,3,1,0
69261,_nameless.183.4511.f470,fle,istanbul,artemia,argostoli,1,1025,460,720,electronics,scania_s2016_6x4_high_730,trailer.kasbhr_scs,trailer_def.kassbohrer.scs.single_3_13.curtain,34,1,0
69261,_nameless.183.4511.f060,casa_olivera,cordoba,kaarfor,larochelle,2,1266,0,0,tomatoes,daf_6x2_a,trailer.scs_ins_a,trailer_def.scs.box.single_3.insulated,33,1,0
69261,_nameless.183.4511.fd60,casa_olivera,cordoba,cargotras,sassari,0,957,720,827,carrots,volvo_fh2024_6x2_500,trailer.scs_curt,trailer_def.scs.box.single_3.curtain,33,1,0
69261,_nameless.183.4511.f6e0,casa_olivera,cordoba,cesare_smar,palermo,0,616,1557,1788,carrots_c,daf_xf_euro6_6x2_a,trailer.krone.boxliner20,trailer_def.krone.boxliner.single_3.container,15,1,0
69261,_nameless.183.4511.de80,casa_olivera,cordoba,cesta_sl,leon,2,784,0,0,plums,"""double/volvo_fh2024_4x2_780""",trailer.scs_ins_b2,trailer_def.scs.box.bdouble_3_3.insulated,52,1,0
69261,_nameless.183.4511.ffd0,casa_olivera,cordoba,app,zaragoza,1,655,0,0,apples,volvo_fh2012_4x2_750,trailer.scs_dry_s,trailer_def.scs.box.single_3.dryvan,33,1,0
69261,_nameless.183.4511.eab0,ccg_bas,pristina,cnp,ancona,2,770,540,420,hipresstank,volvo_fh2012_4x2_750,trailer.profilinehd,trailer_def.krone.profilinerhd.single_3.flatbed,8,1,0
69261,_nameless.183.4511.f130,gnt,helsingborg,nch_ru,petersburg,2,1022,570,1270,stone_wool,volvo_fh2021_6x2_540,trailer.scs_curt_s,trailer_def.scs.box.single_3.curtain,33,1,0
69261,_nameless.183.4511.f880,gnt,helsingborg,drekkar,linkoping,0,341,0,0,maple_syrup,scania_s_2024e,trailer.scs_curt_a,trailer_def.scs.box.single_3.curtain,33,1,0
69261,_nameless.183.4511.d800,gnt,helsingborg,nch,turku,1,662,540,1170,windml_tube,iveco_4x2_b,trailer.kasbhr_sll,trailer_def.kassbohrer.sll.single_3_sh.low,1,1,0
69261,_nameless.183.4511.eb80,itcc,ostrava,balkan_loco,ljubljana,2,636,0,0,crawler,"""heavy/volvo_fh16_6x4_750""",trailer.kasbhr_sll,trailer_def.kassbohrer.sll.single_3_sh.low,1,1,0
69261,_nameless.183.4511.e0f0,cemelt_hal,panevezys,egres,kouvola,1,701,150,430,volvo_bucket,man_tgx_2020_4x2,trailer.scs_lowbed_3,trailer_def.scs.lowbed.single_3.short,1,1,0
69261,_nameless.183.4511.e770,cemelt_hal,panevezys,posped,katowice,2,771,0,0,empty_spool,man_tgx_euro6_4x2_xxl,trailer.scs_lowbed_3,trailer_def.scs.lowbed.single_3.short,3,1,0
69261,_nameless.183.4511.e840,bhv,kaunas,renar,vasteraas,1,515,510,1110,mondeos,volvo_fh2024_4x2_420,trailer.car_trans,trailer_def.mondeos.car_trans,100,1,0
69261,_nameless.183.4511.e1c0,bhv,kaunas,bhv,falun,0,642,510,1110,car_it,volvo_fh16_4x2_420,trailer.car_trans,trailer_def.car_it.car_trans,100,1,0
69261,_nameless.183.4511.f950,aerobalt,helsinki,norr_food,odense,1,1127,540,1170,apples,daf_6x2_a,trailer.scs_curt,trailer_def.scs.box.single_3.curtain,33,1,0
69261,_nameless.183.4511.ec50,aerobalt,helsinki,lkwlog,manchester,2,1462,1680,2484,olive_tree,iveco_sway_4x2_460,trailer.profilinebm,trailer_def.krone.profilinerbm.single_3.brick,1,1,0
69261,_nameless.183.4511.ed20,aerobalt,helsinki,polarislines,frederikshv,0,842,735,1847,frsh_herbs,volvo_fh2024_6x2_500,trailer.scs_ref_a,trailer_def.scs.box.single_3.reefer,33,1,0
69261,_nameless.183.4511.edf0,aerobalt,helsinki,norr_food,uppsala,1,338,540,1170,oranges,"""double/scania_streamline_4x2_top_560""",trailer.scs_ins_2,trailer_def.scs.box.double_3_2.insulated,52,1,0
69261,_nameless.183.4512.0170,cnp,catania,syllurgy,nis,2,1012,560,767,empty_spool,daf_xg_4x2_450,trailer.kasbhr_sla,trailer_def.kassbohrer.sla.single_3_sh.lowbed,3,1,0
69261,_nameless.183.4512.0310,cnp,catania,comoto,madrid,2,603,1557,1788,diesel,mercedes_actros_2014_6x2_a,trailer.scs_fueltank,trailer_def.scs.fueltank.single_3.fueltank,30,1,0
69261,_nameless.182.29a5.7090,cnp,catania,cnp,napoli,0,633,20,347,cable_reel,"""heavy/volvo_fh2012_8x4_700""",trailer.scs_lowlow4e,trailer_def.scs.lowloader.single_4_ln.long,1,1,0
69261,_nameless.182.29a5.81a0,ns_oil,tromso,primel,honningsvag,2,653,0,0,lpg,daf_xgp25_4x2_530,trailer.kasbhr_shg40,trailer_def.kassbohrer.shg.singl_3e_40.container,80,1,0
69261,_nameless.182.29a5.7570,ns_oil,tromso,nch,tallinn,0,1441,150,430,kerosene,scania_r_4x2_norm_360,trailer.scs_fueltank,trailer_def.scs.fueltank.single_3.fueltank,30,1,0
69261,_nameless.182.29a5.8b60,ns_oil,tromso,fjoste,mo_i_rana,0,721,30,45,ethane,scania_streamline_6x4_top_480,trailer.scs_gastank,trailer_def.scs.gastank.single_3.gastank,40,1,0
69261,_nameless.182.29a5.6460,ns_oil,tromso,nch,turku,2,1344,0,0,motor_oil_c,mercedes_actros_2014_4x2_a,trailer.scs_gosck20,trailer_def.scs.gooseneck.singl_3e_20.container,15,1,0
69261,_nameless.182.29a5.8340,villco,beograd,lkwlog,kiel,0,1496,0,0,frozen_hake,renault_t_4x2h,trailer.scs_ref_s,trailer_def.scs.box.single_3.reefer,33,1,0
69261,_nameless.182.29a5.9110,villco,beograd,shuttle,bremen,0,1504,0,0,basil,daf_xg_4x2_450,trailer.scs_dry_m,trailer_def.scs.box.single_3.dryvan_m,33,1,0
69261,_nameless.182.29a5.8c30,villco,beograd,shuttle,iasi,0,760,0,0,pears,iveco_sway_4x2_500,trailer.scs_ref,trailer_def.scs.box.single_3.reefer,33,1,0
69261,_nameless.183.3d29.dc60,jastuk,tirana,imp_otel,resita,1,904,0,0,empty_spool,scania_streamline_6x4_top_480,trailer.profilinehd,trailer_def.krone.profilinerhd.single_3.flatbed,4,1,0
69261,_nameless.183.3d29.e960,jastuk,tirana,ai,banja_luka,1,786,0,0,forklifts,scania_r2016_6x2_high_460,trailer.scs_lowbed_3,trailer_def.scs.lowbed.single_3.short,4,1,0
69261,_nameless.183.3d29.e890,jastuk,tirana,posped,lublin,0,1518,0,0,ter_forklift,scania_r2016_4x2_high_500,trailer.scs_flat_b,trailer_def.scs.flatbed.single_3.flatbed_w,2,1,0
69261,_nameless.183.3d29.ea30,sellplan,erfurt,polarislines,tallinn,0,1589,0,0,empty_palet,renault_premium_6x2_a,trailer.kasbhr_sbt,trailer_def.kassbohrer.sbt.single_3_13.dryvan,33,1,0
69261,_nameless.183.3d2a.0360,sellplan,erfurt,tradeaux,pecs,0,1029,0,0,used_plast_c,man_tgx_euro6_4x2_xl,trailer.krone.boxliner20,trailer_def.krone.boxliner.single_3.container,15,1,0
69261,_nameless.183.3d29.e7c0,sellplan,erfurt,stokes,wien,0,675,0,0,used_packag,daf_xf_euro6_6x2_a,trailer.kasbhr_shg45,trailer_def.kassbohrer.scs.single_3_13.curtain,34,1,0
69261,_nameless.183.3d29.f4c0,subse,bitola,balkan_loco,edirne,0,697,0,0,concen_juice,man_tgx_euro6_4x2_xxl,trailer.scs_dry_s,trailer_def.scs.box.single_3.dryvan,30,1,0
69261,_nameless.183.3d29.dd30,lavish_food,madrid,app,badajoz,0,422,0,0,packag_food,iveco_sway_4x2_580,trailer.dryliner17,trailer_def.krone.dryliner.single_3.dryvan,33,1,0
69261,_nameless.183.3d2a.09e0,lavish_food,madrid,globeur,bayonne,0,525,0,0,beef_meat,daf_xf_4x2_370,trailer.coolliner17,trailer_def.krone.coolliner.single_3.reefer,33,1,0
69261,_nameless.183.3d2a.05d0,aci,bari,subse,skopje,1,373,540,420,fresh_fish,volvo_fh2024_4x2_780,trailer.scs_ref,trailer_def.scs.box.single_3.reefer,33,1,0
69261,_nameless.183.3d2a.06a0,aci,bari,aci,bologna,0,656,0,0,air_mails,scania_r_4x2_top_480,trailer.kasbhr_sbt,trailer_def.kassbohrer.sbt.single_3_13.dryvan,34,1,0
69261,_nameless.183.3d29.db90,aci,bari,stokes,pristina,0,306,540,420,med_vaccine,iveco_4x2_c,trailer.coollineret,trailer_def.krone.ecoolliner.single_3.reefer,33,1,0
69261,_nameless.183.3d29.efe0,aci,bari,tras_med,cagliari,0,273,840,879,med_equip,renault_t_6x2,trailer.scs_curt_s,trailer_def.scs.box.single_3.curtain,33,1,0
69261,_nameless.183.3d29.dfa0,sellplan,koln,lkwlog,osnabruck,0,222,0,0,used_plast_c,daf_xd25,trailer.krone.boxliner40,trailer_def.krone.boxliner.single_3_40.container,30,1,0
69261,_nameless.183.3d2a.0770,sellplan,koln,posped,lodz,1,936,0,0,used_packag,renault_premium_4x2_c,trailer.dryliner17,trailer_def.krone.dryliner.single_3.dryvan,33,1,0
69261,_nameless.183.3d2a.0ab0,drekkar,karlskrona,lisette_log,paris,0,1558,0,0,czl_es300,"""heavy/scania_s2016_6x4_high_730""",trailer.scs_lowbed_4,trailer_def.scs.lowbed.single_4_sh.short,1,1,0
69261,_nameless.183.3d29.f0b0,drekkar,karlskrona,transinet,rotterdam,0,1206,0,0,beverages_c,renault_magnum_4x2_a,trailer.scs_gosck20,trailer_def.scs.gooseneck.singl_3e_20.container,15,1,0
69261,_nameless.183.3d29.f590,drekkar,karlskrona,sal_fi,ivalo,0,1596,0,0,garlic,volvo_fh2024_6x2_500,trailer.kasbhr_shg45,trailer_def.kassbohrer.scs.single_3_13.curtain,34,1,0
69261,_nameless.183.3d2a.0910,drekkar,karlskrona,lkwlog,lodz,2,370,630,790,forwarder,"""heavy/volvo_fh16_6x4_750""",trailer.kasbhr_slle,trailer_def.kassbohrer.sll.single_3_ln.low,1,1,0
69261,_nameless.183.3d29.ef10,drekkar,karlskrona,stokes,aberdeen,2,1203,1140,1314,chewing_gums,mercedes_actros_2014_4x2_b,trailer.scs_curt_s,trailer_def.scs.box.single_3.curtain,33,1,0
69261,_nameless.183.3d29.ed70,brawen,lamia,stokes,maribor,0,1440,0,0,paper,scania_r_4x2_norm_360,trailer.scs_dry_a,trailer_def.scs.box.single_3.dryvan,33,1,0
69261,_nameless.183.3d29.e2e0,brawen,lamia,fallow,vlore,0,667,0,0,med_vaccine,daf_xgp_4x2_530,trailer.scs_ref_a,trailer_def.scs.box.single_3.reefer,33,1,0
69261,_nameless.183.3d29.dac0,brawen,lamia,domdepo,iasi,1,1384,0,0,metal_pipes,daf_xd_2,trailer.profilinehd,trailer_def.krone.profilinerhd.single_3.flatbed,1,1,0
69261,_nameless.183.3d29.de00,ika_bohag,linkoping,tradeaux,hannover,1,1085,0,0,used_packag,daf_xf_euro6_6x4_c,trailer.kasbhr_shg45,trailer_def.kassbohrer.scs.single_3_13.curtain,34,1,0
69261,_nameless.183.3d29.e070,ika_bohag,linkoping,polarislines,kokkola,0,804,300,680,pot_flowers,scania_s2016_4x2_high_590,trailer.scs_ins_s,trailer_def.scs.box.single_3.insulated,33,1,0
69261,_nameless.183.3d29.eca0,ika_bohag,linkoping,posped,warszawa,0,647,630,790,empty_palet,iveco_4x2_b,trailer.kasbhr_sbt,trailer_def.kassbohrer.sbt.single_3_13.dryvan,33,1,0
69261,_nameless.183.3d29.e140,rosmark_ru,vyborg,stokes,warszawa,1,1367,0,0,pesto,renault_magnum_4x2_a,trailer.scs_dry_ms,trailer_def.scs.box.single_3.dryvan_m,33,1,0
69261,_nameless.183.3d2a.0020,rosmark_ru,vyborg,sal_fi,lappeenranta,0,320,0,0,concr_stair,scania_r2016_4x2_norm_370,trailer.scs_flat_b,trailer_def.scs.flatbed.single_3.flatbed_w,3,1,0
69261,_nameless.183.3d2a.0c50,rosmark_ru,vyborg,sal_fi,oulu,0,756,0,0,jcb_pw125qe,man_tgx_2020_6x2,trailer.scs_flat_b,trailer_def.scs.flatbed.single_3.flatbed_w,24,1,0
69261,_nameless.183.3d29.e210,cgla,ruse,transinet,ostrava,1,1414,0,0,glass_packed,man_tgx_euro6_6x4_xlx,trailer.gls_trailer,trailer_def.glass_packed.gls_trailer,100,1,0
69261,_nameless.183.3d29.fdb0,cgla,ruse,kaarfor,munchen,1,1520,0,0,tableware,scania_r2016_4x2_norm_370,trailer.scs_curt,trailer_def.scs.box.single_3.curtain,33,1,0
69261,_nameless.183.3d29.e3b0,cgla,ruse,rt_log,graz,1,1247,0,0,glass,scania_s2016_6x2_high_460,trailer.panel_trans.glass,trailer_def.glass.panel_trans.glass,90,1,0
69261,_nameless.183.3d29.f3f0,cgla,ruse,posped,linz,1,1425,0,0,emp_wine_bot,man_6x4_b,trailer.scs_dry,trailer_def.scs.box.single_3.dryvan,33,1,0
69261,_nameless.183.3d2a.0d20,iberatomica,almaraz,rt_log,zaragoza,2,535,0,0,excav_soil,scania_s2016_4x2_high_590,trailer.scs_dumper,trailer_def.scs.dumper.single_3.steel,21,1,0
69261,_nameless.183.3d29.e480,iberatomica,almaraz,domdepo,o_barco,1,644,0,0,scaffoldings,volvo_fh2024_4x2_420,trailer.scs_curt_a,trailer_def.scs.box.single_3.curtain,33,1,0
69261,_nameless.183.3d29.fe80,iberatomica,almaraz,gnt,bastia,0,929,930,1182,jcb_dmphtd5e,scania_r2016_6x2_high_460,trailer.profilinehd,trailer_def.krone.profilinerhd.single_3.flatbed,7,1,0
69261,_nameless.183.3d29.fc10,tree_et,bern,euroacres,dresden,1,1026,0,0,tractor,mercedes_4x2_c,trailer.kasbhr_slle,trailer_def.kassbohrer.sll.single_3_ln.low,1,1,0
69261,_nameless.183.3d29.f660,tree_et,bern,wilnet_trans,limoges,2,931,0,0,digger500,renault_premium_6x4_a,trailer.scs_lowbed_4,trailer_def.scs.lowbed.single_4_sh.short,1,1,0
69261,_nameless.183.3d29.ff50,tree_et,bern,trans_cab,barcelona,1,1089,0,0,logs,mercedes_6x4_a,trailer.scs_log,trailer_def.scs.log.single_3.steel,32,1,0
69261,_nameless.183.3d29.f180,eviksi,riga,polarislines,esbjerg,1,1547,0,0,young_seed,daf_xd,trailer.kasbhr_sbt,trailer_def.kassbohrer.sbt.single_3_13.dryvan,34,1,0
69261,_nameless.183.3d2a.00f0,eviksi,riga,gnt,kristiansand,0,1066,510,1110,potatoes,renault_magnum_6x2_a,trailer.scs_dry_s,trailer_def.scs.box.single_3.dryvan,33,1,0
69261,_nameless.183.3d29.f250,eviksi,riga,sal_fi,helsinki,0,449,150,430,beans,daf_xf_euro6_4x2_b,trailer.scs_curt,trailer_def.scs.box.single_3.curtain,33,1,0
69261,_nameless.183.3d29.fb40,stokes,rijeka,dfh,nurnberg,2,738,0,0,floorpanels,daf_xg_4x2_450,trailer.panel_trans.floor,trailer_def.floorpanels.panel_trans.floor,82,1,0
69261,_nameless.183.3d29.e550,stokes,rijeka,wilnet_trans,marseille,0,1285,0,0,bricks,iveco_sway_4x2_460,trailer.scs_brick_r,trailer_def.scs.flatbed.single_3.brick,32,1,0
69261,_nameless.183.3d29.f320,stokes,rijeka,lognstick,hunedoara,0,868,0,0,jcb_exc245xr,"""heavy/renault_6x4""",trailer.scs_lowbed_3,trailer_def.scs.lowbed.single_3.short,1,1,0
69261,_nameless.183.3d29.f730,fle,skopje,aci,bari,2,418,540,420,med_equip,renault_magnum_6x4_a,trailer.kasbhr_scs,trailer_def.kassbohrer.scs.single_3_13.curtain,34,1,0
69261,_nameless.183.3d2a.0df0,fle,skopje,lkwlog,graz,0,1083,0,0,med_vaccine,mercedes_6x2_b,trailer.scs_ins,trailer_def.scs.box.single_3.insulated,33,1,0
69261,_nameless.183.3d29.f800,fle,skopje,kaarfor,ostrava,0,1252,0,0,watermelons,scania_streamline_4x2_norm_380,trailer.scs_ref_a,trailer_def.scs.box.single_3.reefer,33,1,0
69261,_nameless.183.3d2a.01c0,fle,skopje,kaarfor,iasi,2,951,0,0,frsh_herbs,renault_magnum_6x2_a,trailer.scs_ref_a,trailer_def.scs.box.single_3.reefer,33,1,0
69261,_nameless.183.3d2a.0290,syllurgy,zenica,sanbuilders,bern,2,1374,0,0,jcb_th540180,mercedes_6x4_a,trailer.kasbhr_slle,trailer_def.kassbohrer.sll.single_3_ln.low,1,1,0
69261,_nameless.183.3d29.f9a0,syllurgy,zenica,fallow,cluj_napoca,1,813,0,0,alu_ingot,daf_xd25,trailer.profilinehd,trailer_def.krone.profilinerhd.single_3.flatbed,28,1,0
69261,_nameless.183.3d29.e620,syllurgy,zenica,sanbuilders,debrecen,2,626,0,0,iron_pipes,scania_r_4x2_norm_360,trailer.scs_log,trailer_def.scs.log.single_3.steel,28,1,0
69261,_nameless.183.3d29.e6f0,sal_fi,ivalo,sal_fi,kouvola,1,923,0,0,iced_coffee,scania_streamline_6x2_norm_440,trailer.kasbhr_shg45,trailer_def.kassbohrer.scs.single_3_13.curtain,34,1,0
69261,_nameless.183.3d29.fa70,sal_fi,ivalo,norse_rail,rovaniemi,0,266,0,0,honey,scania_r2016_6x4_high_660,trailer.drylineret,trailer_def.krone.edryliner.single_3.dryvan,33,1,0
69261,_nameless.183.3d2a.1fd0,sal_fi,ivalo,gnt,panevezys,0,1475,150,430,scooters,volvo_fh2021_4x2_420,trailer.profiliner17,trailer_def.krone.profiliner.single_3.curtain,33,1,0
69261,_nameless.183.3d2a.3aa0,nch,vilnius,brawen,novi_sad,2,1295,0,0,jcb_mexc19ce,daf_xf_euro6_6x2_a,trailer.profilinehd,trailer_def.krone.profilinerhd.single_3.flatbed,3,1,0
69261,_nameless.183.3d2a.1d60,nch,vilnius,renar,jyvaskyla,0,893,150,430,kr_stc1370,mercedes_4x2_a,trailer.scs_lowlow2e,trailer_def.scs.lowloader.single_2_ln.long,1,1,0
69261,_nameless.183.3d2a.23e0,nch,vilnius,brawen,ljubljana,0,1424,0,0,diesel_gen,mercedes_actros_2014_6x2_a,trailer.scs_curt_s,trailer_def.scs.box.single_3.curtain,33,1,0
69261,_nameless.183.3d2a.3280,nch,vilnius,posped,bystrica,0,909,0,0,mondeos,man_tgx_euro6_6x4_xlx,trailer.car_trans,trailer_def.mondeos.car_trans,100,1,0
69261,_nameless.183.3d2a.16e0,rt_log,graz,freyr,esbjerg,0,1311,0,0,tractors,mercedes_4x2_a,trailer.scs_lowlowd2,trailer_def.scs.lowloader.single_2_sh.short,1,1,0
69261,_nameless.183.3d2a.20a0,rt_log,graz,eolo_lines,cagliari,1,1200,840,879,soy_milk,volvo_fh2024_6x2_500,trailer.scs_dry_ms,trailer_def.scs.box.single_3.dryvan_m,33,1,0
69261,_nameless.183.3d2a.3b70,rt_log,graz,ns_chem,malmo,1,1200,105,404,arsenic,scania_r_6x4_top_620,trailer.scs_gosck20,trailer_def.scs.gooseneck.singl_3e_20.container,40,1,0
69261,_nameless.183.3d2a.1e30,rt_log,graz,viln_paper,vilnius,1,1236,0,0,ammonia,renault_t_6x2,trailer.scs_gastank,trailer_def.scs.gastank.single_3.gastank,31,1,0
69261,_nameless.183.3d2a.1c90,suprema_ru,pskov,drekkar,linkoping,0,623,570,1270,used_plast,iveco_sway_4x2_580,trailer.profiliner17,trailer_def.krone.profiliner.single_3.curtain,33,1,0
69261,_nameless.183.3d2a.1bc0,suprema_ru,pskov,renor,karlstad,0,689,570,1270,empty_palet,daf_xf_euro6_6x4_c,trailer.scs_curt_s,trailer_def.scs.box.single_3.curtain,33,1,0
69261,_nameless.183.3d2a.3c40,kaarfor,ostrava,rt_log,travemunde,0,856,0,0,used_plast_c,daf_xf_euro6_6x2_a,trailer.scs_gosck20,trailer_def.scs.gooseneck.singl_3e_20.container,15,1,0
69261,_nameless.183.3d2a.1f00,kaarfor,ostrava,polarislines,paldiski,0,1287,0,0,used_packag,daf_xd25,trailer.profiliner17,trailer_def.krone.profiliner.single_3.curtain,33,1,0
69261,_nameless.183.3d2a.2170,kamen_ru,vyborg,lkwlog,lodz,0,1507,0,0,jcb_dmphtd5e,renault_premium_4x2_a,trailer.profilinehd,trailer_def.krone.profilinerhd.single_3.flatbed,7,1,0
69261,_nameless.183.3d2a.41f0,kamen_ru,vyborg,gnt,jonkoping,0,950,540,1170,digger1000,scania_s2016_6x2_high_460,trailer.scs_lowbed_4,trailer_def.scs.lowbed.single_4_sh.short,1,1,0
69261,_nameless.183.3d2a.2240,stokes,zurich,cargotras,pescara,1,969,0,0,brake_pads,volvo_fh2012_4x2_420,trailer.scs_dry_ms,trailer_def.scs.box.single_3.dryvan_m,33,1,0
69261,_nameless.183.3d2a.1610,stokes,zurich,ai,kassel,0,608,0,0,electronics,man_6x4_b,trailer.scs_dry_a,trailer_def.scs.box.single_3.dryvan,33,1,0
69261,_nameless.183.3d2a.1880,posped,bystrica,tradeaux,olsztyn,1,665,0,0,onion,man_6x4_b,trailer.profiliner17,trailer_def.krone.profiliner.single_3.curtain,33,1,0
69261,_nameless.183.3d2a.3de0,posped,bystrica,eurogoodies,bijelo_polje,0,807,0,0,canned_pork,scania_r2016_6x2_high_460,trailer.scs_ref_s,trailer_def.scs.box.single_3.reefer,31,1,0
69261,_nameless.183.3d2a.4120,acc,coimbra,globeur,bordeaux,0,1191,0,0,train_part,mercedes_actros_2014_4x2_a,trailer.profilinehd,trailer_def.krone.profilinerhd.single_3.flatbed,5,1,0
69261,_nameless.183.3d2a.2310,acc,coimbra,lavish_food,madrid,0,716,0,0,vent_tube,daf_xgp25_4x2_530,trailer.profilinehd,trailer_def.krone.profilinerhd.single_3.flatbed,2,1,0
69261,_nameless.183.3d2a.2580,acc,coimbra,exomar,a_coruna,1,416,0,0,outdr_flr_tl,daf_xf_euro6_4x2_c,trailer.scs_dry,trailer_def.scs.box.single_3.dryvan,32,1,0
69261,_nameless.183.3d2a.1130,acc,coimbra,tradeaux,toulouse,1,1235,0,0,iron_pipes,daf_xd_1,trailer.scs_log,trailer_def.scs.log.single_3.steel,28,1,0
69261,_nameless.183.3d2a.2650,nucleon,golfech,transinet,munchen,1,1395,0,0,volvo_bucket,scania_streamline_4x2_top_560,trailer.scs_lowlowd4,trailer_def.scs.lowloader.single_4_sh.short,1,1,0
69261,_nameless.183.3d2a.4050,nucleon,golfech,cnp,livorno,1,1092,0,0,empty_palet,daf_xf_euro6_6x2_a,trailer.kasbhr_shg45,trailer_def.kassbohrer.scs.single_3_13.curtain,34,1,0
69261,_nameless.183.3d2a.28c0,nucleon,golfech,ortiz,valencia,0,953,0,0,scaffoldings,scania_s2016_4x2_norm_370,trailer.kasbhr_sbt,trailer_def.kassbohrer.sbt.single_3_13.dryvan,34,1,0
69261,_nameless.183.3d2a.13a0,rt_log,zaragoza,wilnet_trans,limoges,0,687,0,0,corks,volvo_fh2024_4x2_420,trailer.scs_dry_s,trailer_def.scs.box.single_3.dryvan,33,1,0
69261,_nameless.183.3d2a.2990,rt_log,zaragoza,log_atlan,almeria,0,771,0,0,yacht,renault_t_6x2,trailer.scs_lowbed41,trailer_def.scs.lowbed.single_41_ln.long,1,1,0
69261,_nameless.183.3d2a.1a20,rt_log,zaragoza,bhb_raffin,lehavre,1,1235,0,0,lpg_t,renault_t_6x2,trailer.scs_gastank,trailer_def.scs.gastank.single_3.gastank,40,1,0
69261,_nameless.183.3d2a.3900,villco_mkt,ioannina,balkan_loco,maribor,0,1437,0,0,empty_palet,daf_xf_euro6_4x2_c,trailer.kasbhr_scs,trailer_def.kassbohrer.scs.single_3_13.curtain,34,1,0
69261,_nameless.183.3d2a.1af0,villco_mkt,ioannina,cargotras,olbia,0,554,1410,1624,used_packag,volvo_fh2012_6x2_500,trailer.scs_dry_ms,trailer_def.scs.box.single_3.dryvan_m,33,1,0
69261,_nameless.183.3d2a.2f40,villco_mkt,ioannina,rt_log,bern,0,1307,570,745,used_plast_c,renault_premium_6x2_a,trailer.krone.boxliner20,trailer_def.krone.boxliner.single_3.container,15,1,0
69261,_nameless.183.3d2a.2b30,villco_mkt,ioannina,balkan_loco,ljubljana,0,1439,0,0,used_plast,daf_xf_euro6_6x2_a,trailer.kasbhr_scs,trailer_def.kassbohrer.scs.single_3_13.curtain,34,1,0
69261,_nameless.183.3d2a.2c00,pk_medved_ru,petersburg,nch,riga,1,581,0,0,pet_food,scania_s2016_4x2_norm_370,trailer.profiliner17,trailer_def.krone.profiliner.single_3.curtain,33,1,0
69261,_nameless.183.3d2a.2cd0,pk_medved_ru,petersburg,norr_food,helsingborg,0,977,570,1270,beverages,daf_xgp_4x2_530,trailer.scs_curt,trailer_def.scs.box.single_3.curtain,33,1,0
69261,_nameless.183.3d2a.3010,lkwlog,amsterdam,wilnet_trans,lemans,0,754,0,0,med_equip,scania_streamline_4x2_top_560,trailer.scs_ins,trailer_def.scs.box.single_3.insulated,33,1,0
69261,_nameless.183.3d2a.30e0,lkwlog,amsterdam,euroacres,wien,2,1153,0,0,ter_forklift,renault_magnum_6x2_a,trailer.scs_flat_b,trailer_def.scs.flatbed.single_3.flatbed_w,2,1,0
69261,_nameless.183.3d2a.3f80,lkwlog,amsterdam,stokes,wien,2,1084,0,0,diesel,renault_premium_6x2_a,trailer.scs_fueltank,trailer_def.scs.fueltank.single_3.fueltank,30,1,0
69261,_nameless.183.3d2a.31b0,lkwlog,amsterdam,stokes,aberdeen,1,722,660,995,transmis,renault_magnum_4x2_a,trailer.dryliner17,trailer_def.krone.dryliner.single_3.dryvan,33,1,0
69261,_nameless.183.3d2a.3350,lkwlog,amsterdam,stokes,maribor,2,1154,0,0,drymilk,daf_xf_euro6_6x4_c,trailer.dryliner17,trailer_def.krone.dryliner.single_3.dryvan,33,1,0
69261,_nameless.183.3d2a.3690,lkwlog,amsterdam,rt_log,bern,1,878,0,0,ibc_cont,volvo_fh2024_6x2_500,trailer.kasbhr_sbt,trailer_def.kassbohrer.sbt.single_3_13.dryvan,34,1,0
69261,_nameless.183.3d2a.3420,tree_et,manchester,drekkar,odense,1,362,1140,1314,skidder,"""heavy/volvo_fh2021_6x4_540""",trailer.kasbhr_slle,trailer_def.kassbohrer.sll.single_3_ln.low,1,1,0
69261,_nameless.183.3d2a.3eb0,tree_et,manchester,euroacres,reims,0,871,35,300,wooden_beams,scania_r2016_6x4_high_660,trailer.scs_dry,trailer_def.scs.box.single_3.dryvan,2,1,0
69261,_nameless.183.3d2a.0ec0,tree_et,manchester,dfh,dresden,0,1536,35,300,tractors,man_4x2_a,trailer.kasbhr_slle,trailer_def.kassbohrer.sll.single_3_ln.low,1,1,0
69261,_nameless.183.3d2a.3830,voitureux,rennes,fcp,dusseldorf,0,968,0,0,ibc_cont,mercedes_4x2,trailer.kasbhr_scs,trailer_def.kassbohrer.scs.single_3_13.curtain,34,1,0
69261,_nameless.183.3d2a.35c0,voitureux,rennes,ortiz,zaragoza,0,867,0,0,ter_forklift,mercedes_4x2_b,trailer.profilinehd,trailer_def.krone.profilinerhd.single_3.flatbed,2,1,0
69261,_nameless.183.3d2a.0f90,voitureux,rennes,bhv,limoges,0,406,0,0,mondeos,scania_r_6x4_top_620,trailer.car_trans,trailer_def.mondeos.car_trans,100,1,0
69261,_nameless.183.3d2a.1060,voitureux,rennes,rt_log,bern,0,888,0,0,car_balt1,daf_xf_euro6_6x2_a,trailer.car_trans,trailer_def.car_balt1.car_trans,100,1,0
69261,_nameless.183.3d2a.1200,voitureux,rennes,transinet,frankfurt,0,1048,0,0,vans_fd,daf_xf_euro6_4x2_c,trailer.van_trans,trailer_def.vans_fd.van_trans,100,1,0
69261,_nameless.183.3d2a.12d0,voitureux,rennes,transinet,mannheim,1,906,0,0,car_ibe,scania_r_6x2_high_500,trailer.car_trans,trailer_def.car_ibe.car_trans,100,1,0
69261,_nameless.183.3d2a.1470,voitureux,rennes,rt_log,a_coruna,2,1358,0,0,car_balt2,iveco_4x2_b,trailer.van_trans,trailer_def.car_balt2.van_trans,100,1,0
69261,_nameless.183.3d2a.1540,supercesta,sevilla,ts_atlas,bilbao,1,940,0,0,used_plast_c,volvo_fh16_4x2_420,trailer.krone.boxliner20,trailer_def.krone.boxliner.single_3.container,15,1,0
69261,_nameless.183.3d2a.6b60,supercesta,sevilla,log_atlan,leon,0,701,0,0,empty_palet,man_tgx_2020_4x2,trailer.profiliner17,trailer_def.krone.profiliner.single_3.curtain,33,1,0
69261,_nameless.183.3d2a.7380,lefko,trikala,dunavia,osijek,0,1069,0,0,peas,man_tgx_2020_6x2,trailer.kasbhr_sbt,trailer_def.kassbohrer.sbt.single_3_13.dryvan,34,1,0
69261,_nameless.183.3d2a.61a0,lefko,trikala,villco,nis,0,623,0,0,wheat,iveco_4x2_b,trailer.scs_silo,trailer_def.scs.silo.single_3_10.silo,30,1,0
69261,_nameless.183.3d2a.4a10,lefko,trikala,tradeaux,pecs,2,1095,0,0,carrots,volvo_fh2012_4x2_420,trailer.kasbhr_sbt,trailer_def.kassbohrer.sbt.single_3_13.dryvan,34,1,0
69261,_nameless.183.3d2a.64e0,lefko,trikala,vesna,beograd,0,976,0,0,rye,man_tgx_2020_4x2,trailer.scs_silo,trailer_def.scs.silo.single_3_10.silo,30,1,0
69261,_nameless.183.3d2a.4870,engeron,ciudad_real,eolo_lines,sangiovanni,0,595,1577,2135,empty_palet,iveco_h_4x2_a,trailer.scs_dry_ms,trailer_def.scs.box.single_3.dryvan_m,33,1,0
69261,_nameless.183.3d2a.6340,engeron,ciudad_real,cargotras,sassari,0,730,720,827,used_packag,volvo_fh2021_6x2_540,trailer.scs_dry_s,trailer_def.scs.box.single_3.dryvan,33,1,0
69261,_nameless.183.3d2a.5d90,engeron,ciudad_real,app,gijon,0,641,0,0,transformat,"""heavy/renault_t_6x4""",trailer.scs_lowlow4e,trailer_def.scs.lowloader.single_4_ln.long,1,1,0
69261,_nameless.183.3d2a.53d0,nord_crown,aarhus,nord_crown,bergen,2,733,195,1052,olive_oil_t,volvo_fh2024_4x2_780,trailer.scs_fodt,trailer_def.scs.foodtank.single_3.paint,28,1,0
69261,_nameless.183.3d2a.4530,nord_crown,aarhus,drekkar,karlskrona,0,554,0,0,carb_water,mercedes_actros_2014_6x4_b,trailer.kasbhr_sbt,trailer_def.kassbohrer.sbt.single_3_13.dryvan,33,1,0
69261,_nameless.183.3d2a.5640,nord_crown,aarhus,dfh,dresden,2,822,0,0,soy_milk_t,mercedes_4x2_c,trailer.scs_fodt,trailer_def.scs.foodtank.single_3.paint,23,1,0
69261,_nameless.183.3d2a.72b0,nord_crown,aarhus,dfh,nurnberg,0,891,0,0,vinegar_c,volvo_fh2012_4x2_420,trailer.krone.boxliner40,trailer_def.krone.boxliner.single_3_40.container,30,1,0
69261,_nameless.183.3d2a.5e60,eurogoodies,dijon,norr_food,odense,2,1276,0,0,salm_fillet,volvo_fh2024_4x2_780,trailer.scs_ins,trailer_def.scs.box.single_3.insulated,33,1,0
69261,_nameless.183.3d2a.5a50,baltomorsk,rezekne,sanbuild_cem,aarhus,0,1385,510,1110,digger500,volvo_fh2021_4x2_750,trailer.scs_lowbed_4,trailer_def.scs.lowbed.single_4_sh.short,1,1,0
69261,_nameless.183.3d2a.6820,baltomorsk,rezekne,norse_rail,rovaniemi,1,1250,150,430,volvo_bucket,mercedes_4x2,trailer.scs_lowlowd2,trailer_def.scs.lowloader.single_2_sh.short,1,1,0
69261,_nameless.183.3d2a.54a0,baltomorsk,rezekne,stokes,poznan,2,996,0,0,logs,scania_s2016_4x2_norm_370,trailer.scs_log,trailer_def.scs.log.single_3.steel,32,1,0
69261,_nameless.183.3d2a.6c30,renat,leipzig,transinet,cambridge,1,1220,35,300,large_cont,mercedes_4x2,trailer.scs_lowbed41,trailer_def.scs.lowbed.single_41_ln.long,36,1,0
69261,_nameless.183.3d2a.57e0,renat,leipzig,posped,lodz,0,544,0,0,ter_forklift,iveco_sway_4x2_500,trailer.scs_flat_b,trailer_def.scs.flatbed.single_3.flatbed_w,2,1,0
69261,_nameless.183.3d2a.6dd0,renat,leipzig,stokes,rijeka,2,967,0,0,empty_spool,mercedes_actros_2014_6x4_b,trailer.scs_lowbed_3,trailer_def.scs.lowbed.single_3.short,3,1,0
69261,_nameless.183.3d2a.6270,cantera,o_barco,stokes,dijon,0,1581,0,0,tracks,man_tgx_2020_4x2,trailer.kasbhr_sla,trailer_def.kassbohrer.sla.single_3_sh.lowbed,1,1,0
69261,_nameless.183.3d2a.6ea0,cantera,o_barco,acc,gijon,2,402,0,0,ore,mercedes_4x2,trailer.scs_dumper,trailer_def.scs.dumper.single_3.steel,15,1,0
69261,_nameless.183.3d2a.4940,domdepo,linz,nch,vilnius,0,1154,0,0,roofing_felt,man_4x2_a,trailer.kasbhr_shg45,trailer_def.kassbohrer.scs.single_3_13.curtain,34,1,0
69261,_nameless.183.3d2a.6f70,domdepo,linz,brawen,ljubljana,2,447,0,0,bricks,daf_xg_4x2_450,trailer.profilinebm,trailer_def.krone.profilinerbm.single_3.brick,32,1,0
69261,_nameless.183.3d2a.6d00,domdepo,linz,balkan_loco,sarajevo,1,878,0,0,iron_pipes,scania_r2016_6x2_high_460,trailer.scs_log,trailer_def.scs.log.single_3.steel,28,1,0
69261,_nameless.183.3d2a.4600,domdepo,linz,posped,szeged,0,560,0,0,concr_beams2,man_tgx_euro6_4x2_xxl,trailer.scs_flat_b,trailer_def.scs.flatbed.single_3.flatbed_w,2,1,0
69261,_nameless.183.3d2a.7520,norrsken,malmo,rt_log,bern,0,1434,0,0,vans_fd,volvo_fh16_4x2_540,trailer.van_trans,trailer_def.vans_fd.van_trans,100,1,0
69261,_nameless.183.3d2a.7040,norrsken,malmo,tradeaux,olsztyn,0,846,105,404,salt_spices,mercedes_actros_2014_4x2_a,trailer.scs_curt,trailer_def.scs.box.single_3.curtain,33,1,0
69261,_nameless.183.3d2a.5b20,norrsken,malmo,blt,kaunas,0,923,510,1110,bricks,renault_t_4x2h,trailer.scs_brick_r,trailer_def.scs.flatbed.single_3.brick,32,1,0
69261,_nameless.183.3d2a.6410,norrsken,malmo,transinet,sheffield,0,519,1140,1314,used_plast,scania_s2016_6x2_high_460,trailer.scs_dry_s,trailer_def.scs.box.single_3.dryvan,33,1,0
69261,_nameless.183.3d2a.5bf0,norrsken,malmo,rt_log,linz,0,1084,105,404,toys,daf_xd25,trailer.scs_curt_a,trailer_def.scs.box.single_3.curtain,33,1,0
69261,_nameless.183.3d2a.75f0,norrsken,malmo,renar,vaxjo,0,217,0,0,atl_cod_flt,"""double/man_4x2_a""",trailer.scs_ins_2,trailer_def.scs.box.double_3_2.insulated,52,1,0
69261,_nameless.183.3d2a.65b0,marmo,palermo,rt_log,zaragoza,1,457,1557,1788,granite_cube,man_tgx_euro6_4x2_xxl,trailer.scs_dumper,trailer_def.scs.dumper.single_3.steel,11,1,0
69261,_nameless.183.3d2a.4460,marmo,palermo,rt_log,madrid,1,424,1557,1788,marb_blck2,scania_r_4x2_norm_360,trailer.scs_flat_b,trailer_def.scs.flatbed.single_3.flatbed_w,2,1,0
69261,_nameless.183.3d2a.5090,marina,tekirdag,renat,resita,0,929,0,0,large_cont,iveco_sway_4x2_580,trailer.scs_lowbed_3,trailer_def.scs.lowbed.single_3.short,27,1,0
69261,_nameless.183.3d2a.5cc0,eumefa,heraklion,ai,sarajevo,0,1225,540,760,fueltanker,scania_r_6x4_top_620,trailer.krone.boxliner220,trailer_def.krone.boxliner.single_3_220.container,80,1,0
69261,_nameless.183.3d2a.7110,eumefa,heraklion,eolo_lines,sassari,2,984,1950,2384,hi_volt_cabl,man_tgx_euro6_4x2_xxl,trailer.scs_dry_m,trailer_def.scs.box.single_3.dryvan_m,33,1,0
69261,_nameless.183.3d2a.4ae0,eumefa,heraklion,balkan_loco,ruse,2,1087,540,760,used_plast,scania_r_6x4_top_620,trailer.scs_dry,trailer_def.scs.box.single_3.dryvan,33,1,0
69261,_nameless.183.3d2a.6000,eumefa,heraklion,fallow,istanbul,1,1052,540,760,empty_barr,daf_xgp25_4x2_530,trailer.scs_dry,trailer_def.scs.box.single_3.dryvan,33,1,0
69261,_nameless.183.3d2a.68f0,eumefa,heraklion,cargotras,sassari,0,955,1950,2384,used_packag,volvo_fh16_4x2_540,trailer.scs_dry_ms,trailer_def.scs.box.single_3.dryvan_m,33,1,0
69261,_nameless.183.3d2a.4bb0,transinet,mannheim,lognstick,hunedoara,0,1425,0,0,pot_flowers,mercedes_actros_2014_4x2_c,trailer.scs_ins_a,trailer_def.scs.box.single_3.insulated,33,1,0
69261,_nameless.183.3d2a.71e0,transinet,mannheim,piac,kragujevac,1,1416,0,0,ter_forklift,daf_xf_euro6_4x2_b,trailer.scs_flat_b,trailer_def.scs.flatbed.single_3.flatbed_w,2,1,0
69261,_nameless.183.3d2a.60d0,transinet,mannheim,dfh,berlin,0,624,0,0,honey,"""double/mercedes_actros_2014_4x2_a""",trailer.scs_dry_b2,trailer_def.scs.box.bdouble_3_3.dryvan,25,1,0
69261,_nameless.183.3d2a.42c0,cortica,ponte_de_sor,tradeaux,ajaccio,1,1170,930,1182,log_stacker,"""heavy/daf_xd""",trailer.scs_lowlow4e,trailer_def.scs.lowloader.single_4_ln.long,1,1,0
69261,_nameless.183.3d2a.4c80,cortica,ponte_de_sor,stokes,plymouth,0,799,1076,1172,exc_craw,"""heavy/scania_r2016_8x4_high_730""",trailer.scs_lowlow4e,trailer_def.scs.lowloader.single_4_ln.long,1,1,0
69261,_nameless.183.3d2a.5710,cortica,ponte_de_sor,casa_olivera,cordoba,0,806,0,0,wooden_beams,mercedes_actros_2014_6x4_b,trailer.scs_log,trailer_def.scs.log.single_3.steel,2,1,0
69261,_nameless.183.3d2a.4d50,eurogoodies,berlin,rt_log,graz,1,816,0,0,garlic,volvo_fh2021_4x2_420,trailer.dryliner17,trailer_def.krone.dryliner.single_3.dryvan,33,1,0
69261,_nameless.183.3d2a.47a0,eurogoodies,berlin,nord_crown,ostersund,0,1511,105,404,lamb_stom,daf_4x2_a,trailer.scs_ref_a,trailer_def.scs.box.single_3.reefer,33,1,0
69261,_nameless.183.3d2a.6a90,eurogoodies,berlin,lkwlog,calais,0,958,0,0,fish_chips,scania_r_4x2_norm_360,trailer.scs_ref,trailer_def.scs.box.single_3.reefer,33,1,0
69261,_nameless.183.3d2a.4e20,ns_chem,riga,wgcc,lulea,0,1140,150,430,chemicals,scania_s2016_4x2_norm_370,trailer.ffb_tsaadr22,trailer_def.feldbinder.tsaadr.single_3_22a.22_3_1,73,1,0
69261,_nameless.183.3d2a.5160,ns_chem,riga,bcp,pecs,0,1530,0,0,fluorine,scania_s2016_4x2_norm_370,trailer.krone.boxliner40,trailer_def.krone.boxliner.single_3_40.container,80,1,0
69261,_nameless.183.3d2a.5230,ns_chem,riga,ns_chem,stockholm,2,298,510,1110,potahydro,volvo_fh2024_6x2_500,trailer.kasbhr_stc,trailer_def.kassbohrer.stc.single_3.chemtank,99,1,0
69261,_nameless.183.3d2a.58b0,ns_chem,riga,norse_rail,kiruna,1,1374,150,430,mercuric,mercedes_actros_2014_4x2_a,trailer.krone.boxliner20,trailer_def.krone.boxliner.single_3.container,40,1,0
69261,_nameless.183.3d2a.5570,bhv,ruse,lkwlog,szeged,0,766,0,0,vans_id,daf_xd25,trailer.van_trans,trailer_def.vans_id.van_trans,100,1,0
69261,_nameless.183.3d2a.4ef0,bhv,ruse,icaria,chios,1,478,690,1521,pickup_gr,scania_streamline_4x2_top_560,trailer.truck_trans,trailer_def.pickup_gr.truck_trans,100,1,0
69261,_nameless.183.3d2a.4fc0,dimitriou,chania,dimitriou,athens,0,26,540,826,car_balt1,daf_xf_euro6_4x2_a,trailer.car_trans,trailer_def.car_balt1.car_trans,100,1,0
69261,_nameless.183.3d2a.5300,dimitriou,chania,balkan_loco,pleven,0,1010,540,826,car_d,volvo_fh2012_6x2_500,trailer.car_trans,trailer_def.car_d.car_trans,100,1,0
69261,_nameless.183.3d2a.9330,dimitriou,chania,slava,mostar,0,1377,540,826,volvo_cars,daf_xf_euro6_6x2_a,trailer.car_trans,trailer_def.volvo_cars.car_trans,100,1,0
69261,_nameless.183.3d2a.8be0,bhv,iasi,tradeaux,prague,1,1382,0,0,vans_fd,iveco_6x2_a,trailer.van_trans,trailer_def.vans_fd.van_trans,100,1,0
69261,_nameless.183.3d2a.8220,bhv,iasi,slava,tuzla,0,948,0,0,car_it,mercedes_4x2_a,trailer.car_trans,trailer_def.car_it.car_trans,100,1,0
69261,_nameless.183.3d2a.7c70,euroacres,bremen,fallow,timisoara,0,1448,0,0,digger500,mercedes_4x2_b,trailer.scs_lowbed_3,trailer_def.scs.lowbed.single_3.short,1,1,0
69261,_nameless.183.3d2a.9740,euroacres,bremen,lkwlog,lublin,2,906,0,0,carrots_c,volvo_fh2021_4x2_750,trailer.kasbhr_shg40,trailer_def.kassbohrer.shg.singl_3e_40.container,30,1,0
69261,_nameless.183.3d2a.9f60,cemelt_fla,timisoara,exomar,bologna,2,1215,0,0,large_cont,scania_s2016_4x2_high_590,trailer.kasbhr_sla,trailer_def.kassbohrer.sla.single_3_sh.lowbed,27,1,0
69261,_nameless.183.3d2a.9260,cemelt_fla,timisoara,bosfir,zenica,0,613,0,0,jcb_exc245xr,"""heavy/renault_6x4""",trailer.kasbhr_slle,trailer_def.kassbohrer.sll.single_3_ln.low,1,1,0
69261,_nameless.183.3d2a.87d0,exomar,evora,log_atlan,porto,0,384,0,0,mob_stacker,"""heavy/mercedes_6x4""",trailer.scs_lowlowd2,trailer_def.scs.lowloader.single_2_sh.short,1,1,0
69261,_nameless.183.3d2a.a6b0,exomar,evora,cnp,tarragona,1,1058,0,0,watertank,scania_s2016_4x2_high_590,trailer.scs_lowlow2e,trailer_def.scs.lowloader.single_2_ln.long,2,1,0
69261,_nameless.183.3d2a.83c0,exomar,evora,lisette_log,ajaccio,1,1094,930,1182,oil_filt_c,iveco_4x2_b,trailer.krone.boxliner40,trailer_def.krone.boxliner.single_3_40.container,30,1,0
69261,_nameless.183.3d2a.a100,exomar,evora,exomar,burgos,0,755,0,0,truck_rims,daf_xf_euro6_4x2_c,trailer.scs_dry_ms,trailer_def.scs.box.single_3.dryvan_m,33,1,0
69261,_nameless.183.3d2a.a030,nordic_ports,sundsvall,norse_rail,narvik,0,848,0,0,carrots_c,mercedes_actros_2014_4x2_a,trailer.scs_gosck20,trailer_def.scs.gooseneck.singl_3e_20.container,15,1,0
69261,_nameless.183.3d2a.9a80,nordic_ports,sundsvall,polarislines,oslo,1,574,0,0,large_cont,daf_xgp_4x2_530,trailer.scs_lowbed_4,trailer_def.scs.lowbed.single_4_sh.short,27,1,0
69261,_nameless.183.3d2a.a780,nordic_ports,sundsvall,gnt,uppsala,2,304,0,0,logs,scania_r_6x4_top_620,trailer.scs_log,trailer_def.scs.log.single_3.steel,32,1,0
69261,_nameless.183.3d2a.a1d0,gallia_ferry,bilbao,app,coimbra,0,825,0,0,carrots,volvo_fh2021_6x2_540,trailer.kasbhr_shg45,trailer_def.kassbohrer.scs.single_3_13.curtain,34,1,0
69261,_nameless.183.3d2a.a920,gallia_ferry,bilbao,lisette_log,ajaccio,0,576,930,1182,truck_rims,daf_xf_euro6_4x2_c,trailer.profiliner17,trailer_def.krone.profiliner.single_3.curtain,33,1,0
69261,_nameless.183.3d2a.8560,gallia_ferry,bilbao,wilnet_trans,marseille,1,895,0,0,truck_batt,scania_streamline_4x2_top_560,trailer.kasbhr_scs,trailer_def.kassbohrer.scs.single_3_13.curtain,34,1,0
69261,_nameless.183.3d2a.8490,gallia_ferry,bilbao,posped,birmingham,0,361,1076,1172,emp_wine_bar,renault_magnum_4x2_a,trailer.scs_dry,trailer_def.scs.box.single_3.dryvan,33,1,0
69261,_nameless.183.3d2a.9c20,kaarfor,poznan,transinet,mannheim,0,787,0,0,used_packag,mercedes_actros_2014_6x4_b,trailer.scs_curt,trailer_def.scs.box.single_3.curtain,33,1,0
69261,_nameless.183.3d2a.a850,kaarfor,poznan,polarislines,esbjerg,2,834,0,0,used_plast,scania_r2016_4x2_high_500,trailer.scs_curt,trailer_def.scs.box.single_3.curtain,33,1,0
69261,_nameless.183.3d2a.8630,kaarfor,poznan,renar,kobenhavn,0,580,105,404,used_plast_c,daf_xd_1,trailer.scs_gosck20,trailer_def.scs.gooseneck.singl_3e_20.container,15,1,0
69261,_nameless.183.3d2a.a9f0,villco_mkt,zenica,dfh,rostock,2,1404,0,0,used_plast,daf_xd,trailer.scs_dry_m,trailer_def.scs.box.single_3.dryvan_m,33,1,0
69261,_nameless.183.3d2a.7e10,villco_mkt,zenica,tradeaux,olsztyn,0,1276,0,0,empty_palet,scania_r_6x2_high_500,trailer.kasbhr_sbt,trailer_def.kassbohrer.sbt.single_3_13.dryvan,33,1,0
69261,_nameless.183.3d2a.9810,villco_mkt,zenica,dfh,hamburg,0,1450,0,0,used_packag,daf_xf_euro6_6x2_a,trailer.scs_curt,trailer_def.scs.box.single_3.curtain,33,1,0
69261,_nameless.183.3d2a.8700,villco_mkt,zenica,te_logistica,firenze,0,1123,0,0,used_plast_c,scania_r_6x4_top_620,trailer.scs_gosck220,trailer_def.scs.gooseneck.singl_3e_220.container,30,1,0
69261,_nameless.183.3d2a.8cb0,ns_oil,aalborg,trameri,warszawa,2,1212,0,0,fueltanker,renault_magnum_6x4_a,trailer.krone.boxliner40,trailer_def.krone.boxliner.single_3_40.container,80,1,0
69261,_nameless.183.3d2a.9cf0,ns_oil,aalborg,ns_oil,dresden,0,847,0,0,propane,daf_xd25,trailer.scs_gastank,trailer_def.scs.gastank.single_3.gastank,40,1,0
69261,_nameless.183.3d2a.99b0,eolo_lines,cagliari,sellplan,koln,0,1564,720,827,pesto,mercedes_actros_2014_6x4_b,trailer.scs_dry_s,trailer_def.scs.box.single_3.dryvan,33,1,0
69261,_nameless.183.3d2a.7ee0,eolo_lines,cagliari,tras_med,roma,0,271,840,879,sheep_wool,iveco_4x2_a,trailer.kasbhr_sbt,trailer_def.kassbohrer.sbt.single_3_13.dryvan,34,1,0
69261,_nameless.183.3d2a.8d80,eolo_lines,cagliari,lkwlog,venezia,1,762,840,879,maple_syrup,mercedes_actros_2014_4x2_b,trailer.scs_dry_a,trailer_def.scs.box.single_3.dryvan,33,1,0
69261,_nameless.183.3d2a.7930,log_atlan,albacete,lisette_log,larochelle,0,1127,0,0,dryers,daf_xf_euro6_6x4_c,trailer.scs_curt,trailer_def.scs.box.single_3.curtain,33,1,0
69261,_nameless.183.3d2a.8e50,log_atlan,albacete,rt_log,geneve,1,1351,0,0,air_mails,daf_xg_4x2_450,trailer.profiliner17,trailer_def.krone.profiliner.single_3.curtain,33,1,0
69261,_nameless.183.3d2a.8f20,log_atlan,albacete,te_logistica,messina,0,480,1557,1788,lumber_p,daf_4x2_a,trailer.scs_flat_b,trailer_def.scs.flatbed.single_3.flatbed_w,6,1,0
69261,_nameless.183.3d2a.88a0,bjork,kristiansand,agronord,karlstad,1,623,0,0,wood_bark,daf_xgp25_4x2_530,trailer.scs_dumper,trailer_def.scs.dumper.single_3.steel,27,1,0
69261,_nameless.183.3d2a.9670,bjork,kristiansand,tradeaux,dusseldorf,1,845,195,1052,empty_spool,iveco_sway_4x2_500,trailer.scs_lowbed41,trailer_def.scs.lowbed.single_41_ln.long,4,1,0
69261,_nameless.183.3d2a.9b50,bjork,kristiansand,nch_ru,petersburg,0,1337,570,1270,wooden_beams,scania_r2016_6x4_high_660,trailer.scs_log,trailer_def.scs.log.single_3.steel,2,1,0
69261,_nameless.183.3d2a.90c0,bjork,kristiansand,wilnet_trans,lemans,0,1549,195,1052,digger500,man_4x2_a,trailer.scs_lowbed41,trailer_def.scs.lowbed.single_41_ln.long,1,1,0
69261,_nameless.183.3d2a.7790,bjork,kristiansand,stokes,liege,2,1028,195,1052,logs,scania_r2016_4x2_norm_370,trailer.scs_log,trailer_def.scs.log.single_3.steel,32,1,0
69261,_nameless.183.3d2a.9e90,ibp,mazeikiai,itcc,szczecin,1,816,0,0,petrol,daf_xf_euro6_6x2_a,trailer.scs_fueltank,trailer_def.scs.fueltank.single_3.fueltank,30,1,0
69261,_nameless.183.3d2a.76c0,ibp,mazeikiai,eurogoodies,dortmund,2,1389,0,0,large_cont,mercedes_actros_2014_4x2_c,trailer.scs_lowbed41,trailer_def.scs.lowbed.single_41_ln.long,36,1,0
69261,_nameless.183.3d2a.7fb0,ibp,mazeikiai,trameri,warszawa,0,591,0,0,ethane,renault_premium_6x4_a,trailer.scs_gastank,trailer_def.scs.gastank.single_3.gastank,40,1,0
69261,_nameless.183.3d2a.a440,ibp,mazeikiai,gnt,uppsala,1,365,510,1110,empty_spool,daf_xg_4x2_450,trailer.scs_flat_b,trailer_def.scs.flatbed.single_3.flatbed_w,4,1,0
69261,_nameless.183.3d2a.7860,sanbuild_hms,mannheim,stokes,rijeka,0,927,0,0,tracks,daf_4x2_b,trailer.kasbhr_sla,trailer_def.kassbohrer.sla.single_3_sh.lowbed,1,1,0
69261,_nameless.183.3d2a.7ad0,sanbuild_hms,mannheim,bhb_raffin,marseille,2,907,0,0,watertank,man_tgx_euro6_6x4_xlx,trailer.kasbhr_sla,trailer_def.kassbohrer.sla.single_3_sh.lowbed,1,1,0
69261,_nameless.183.3d2a.8970,sanbuild_hms,mannheim,rosmark_ru,kaliningrad,2,1190,0,0,mob_tr_winch,"""heavy/daf_6x4""",trailer.scs_lowbed41,trailer_def.scs.lowbed.single_41_ln.long,1,1,0
69261,_nameless.183.3d2a.a510,ms_stein,kristiansand,dfh,bremen,1,595,195,1052,granite_cube,mercedes_4x2_a,trailer.scs_dumper,trailer_def.scs.dumper.single_3.steel,10,1,0
69261,_nameless.183.3d2a.7ba0,ms_stein,kristiansand,sal_fi,kouvola,2,1239,540,1170,empty_spool,renault_magnum_6x4_a,trailer.profilinehd,trailer_def.krone.profilinerhd.single_3.flatbed,4,1,0
69261,_nameless.183.3d2a.8080,transinet,rotterdam,rt_log,nurnberg,2,667,0,0,crawler,"""heavy/volvo_fh16_6x4_750""",trailer.scs_lowlowd2,trailer_def.scs.lowloader.single_2_sh.short,1,1,0
69261,_nameless.183.3d2a.94d0,transinet,rotterdam,cont_port_it,ancona,0,1481,0,0,chem_sorb_c,man_4x2_a,trailer.kasbhr_shg40,trailer_def.kassbohrer.shg.singl_3e_40.container,30,1,0
69261,_nameless.183.3d2a.8b10,transinet,rotterdam,tradeaux,lille,0,224,0,0,mondeos,man_tgx_euro6_4x2_xl,trailer.car_trans,trailer_def.mondeos.car_trans,100,1,0
69261,_nameless.183.3d2a.9400,transinet,rotterdam,lkwlog,nurnberg,0,667,0,0,oil_filters,scania_s2016_4x2_norm_370,trailer.dryliner17,trailer_def.krone.dryliner.single_3.dryvan,33,1,0
69261,_nameless.183.3d2a.95a0,exomar,bologna,stokes,zurich,0,594,0,0,cauliflower,renault_t_4x2h,trailer.scs_dry_m,trailer_def.scs.box.single_3.dryvan_m,33,1,0
69261,_nameless.183.3d2a.98e0,exomar,bologna,tree_et,katowice,0,1059,0,0,mob_tr_winch,"""heavy/volvo_fh2021_6x4_540""",trailer.scs_lowlowd4,trailer_def.scs.lowloader.single_4_sh.short,1,1,0
69261,_nameless.183.3d2a.8150,exomar,bologna,cargotras,olbia,0,946,840,879,alu_ingot,daf_xd_2,trailer.scs_flat_b,trailer_def.scs.flatbed.single_3.flatbed_w,33,1,0
69261,_nameless.183.3d2a.dc50,exomar,bologna,posped,metz,1,933,0,0,backfl_prev,volvo_fh2021_4x2_420,trailer.scs_dry_a,trailer_def.scs.box.single_3.dryvan,33,1,0
69261,_nameless.183.3d2a.d360,exomar,bologna,globeur,bayonne,0,1393,0,0,graph_grease,scania_s2016_4x2_norm_370,trailer.kasbhr_sbt,trailer_def.kassbohrer.sbt.single_3_13.dryvan,34,1,0
69261,_nameless.183.3d2a.b7c0,exomar,bologna,lisette_log,bordeaux,0,1324,0,0,perfor_frks,daf_xd_1,trailer.kasbhr_sbt,trailer_def.kassbohrer.sbt.single_3_13.dryvan,34,1,0
69261,_nameless.183.3d2a.ad30,exomar,bologna,trameri,brno,1,824,0,0,wrk_cloth,volvo_fh2024_4x2_420,trailer.kasbhr_shg45,trailer_def.kassbohrer.scs.single_3_13.curtain,34,1,0
69261,_nameless.183.3d2a.ddf0,exomar,bologna,lkwlog,brno,0,821,0,0,mulcher,"""heavy/man_6x4""",trailer.scs_lowlowd2,trailer_def.scs.lowloader.single_2_sh.short,1,1,0
69261,_nameless.183.3d2a.c0b0,exomar,bologna,eurogoodies,dusseldorf,0,1215,0,0,beverages,iveco_4x2_b,trailer.scs_ref,trailer_def.scs.box.single_3.reefer,30,1,0
69261,_nameless.183.3d2a.ab90,exomar,bologna,posped,metz,2,933,0,0,med_equip,volvo_fh16_4x2_420,trailer.scs_curt_s,trailer_def.scs.box.single_3.curtain,33,1,0
69261,_nameless.183.3d2a.b140,exomar,bologna,lisette_log,paris,2,1261,0,0,guard_rails,mercedes_6x4_a,trailer.profiliner17,trailer_def.krone.profiliner.single_3.curtain,33,1,0
69261,_nameless.183.3d2a.b210,trameri,vaasa,blt,siauliai,2,914,150,430,roof_tiles,daf_xd_1,trailer.scs_curt,trailer_def.scs.box.single_3.curtain,32,1,0
69261,_nameless.183.3d2a.bca0,trameri,vaasa,renar,vasteraas,1,468,540,1170,roofing_felt,volvo_fh16_4x2_420,trailer.scs_dry_ms,trailer_def.scs.box.single_3.dryvan_m,33,1,0
69261,_nameless.183.3d2a.d910,trameri,vaasa,wgcc,grimsby,0,1493,1680,2484,hvac,daf_xf_euro6_6x2_a,trailer.scs_lowbed_3,trailer_def.scs.lowbed.single_3.short,4,1,0
69261,_nameless.183.3d2a.d430,trameri,vaasa,renor,karlstad,0,628,300,680,empty_barr,daf_xgp25_4x2_530,trailer.kasbhr_shg45,trailer_def.kassbohrer.scs.single_3_13.curtain,34,1,0
69261,_nameless.183.3d2a.b960,suprema,tartu,lkwlog,brno,1,1454,0,0,used_packag,mercedes_actros_2014_6x4_b,trailer.scs_dry_a,trailer_def.scs.box.single_3.dryvan,33,1,0
69261,_nameless.183.3d2a.ba30,suprema,tartu,tradeaux,prague,0,1471,0,0,used_plast,mercedes_4x2,trailer.scs_curt_a,trailer_def.scs.box.single_3.curtain,33,1,0
69261,_nameless.183.3d2a.c660,suprema,tartu,renar,dombas,2,921,570,1270,used_plast_c,mercedes_4x2_a,trailer.scs_gosck40,trailer_def.scs.gooseneck.singl_3e_40.container,30,1,0
69261,_nameless.183.3d2a.d500,cnp,tarragona,tras_med,cagliari,1,390,720,827,dozer,"""heavy/renault_6x4""",trailer.scs_lowbed41,trailer_def.scs.lowbed.single_41_ln.long,1,1,0
69261,_nameless.183.3d2a.ca70,cnp,tarragona,lavish_food,badajoz,2,949,0,0,large_cont,daf_6x2_a,trailer.scs_lowbed_3,trailer_def.scs.lowbed.single_3.short,27,1,0
69261,_nameless.183.3d2a.b620,cnp,tarragona,huilant,ajaccio,1,152,930,1182,propane,volvo_fh2021_4x2_750,trailer.scs_gastank,trailer_def.scs.gastank.single_3.gastank,40,1,0
69261,_nameless.183.3d2a.cb40,cnp,tarragona,wilnet_trans,toulouse,0,563,0,0,fueltanker,daf_xf_euro6_4x2_b,trailer.scs_gosck20,trailer_def.scs.gooseneck.singl_3e_20.container,40,1,0
69261,_nameless.183.3d2a.c8d0,renor,skelleftea,drekkar,vaxjo,0,1045,0,0,empty_spool,man_tgx_euro6_4x2_xxl,trailer.scs_lowbed41,trailer_def.scs.lowbed.single_41_ln.long,4,1,0
69261,_nameless.183.3d2a.d9e0,cnp_well,fier,rt_log,salzburg,0,1526,0,0,oil,man_tgx_euro6_4x2_xl,trailer.willig.fuel_cistern,trailer_def.scs.fueltank.single_3.fueltank,28,1,0
69261,_nameless.183.3d2a.c590,cnp_well,fier,cnp,napoli,0,362,540,420,propane,renault_t_4x2,trailer.scs_gastank,trailer_def.scs.gastank.single_3.gastank,40,1,0
69261,_nameless.183.3d2a.cdb0,cnp_well,fier,rt_log,zurich,0,1331,540,420,motor_oil_c,mercedes_actros_2014_4x2_c,trailer.scs_gosck220,trailer_def.scs.gooseneck.singl_3e_220.container,30,1,0
69261,_nameless.183.3d2a.dab0,cnp_well,fier,exomar,ancona,2,556,540,420,fuel_oil,daf_6x2_a,trailer.scs_fueltank,trailer_def.scs.fueltank.single_3.fueltank,27,1,0
69261,_nameless.183.3d2a.cc10,sellplan,lodz,sal_fi,kuopio,0,1452,150,430,empty_palet,mercedes_4x2_a,trailer.scs_dry_a,trailer_def.scs.box.single_3.dryvan,33,1,0
69261,_nameless.183.3d2a.b890,sellplan,lodz,blt,kunda,0,1143,0,0,used_packag,volvo_fh2021_4x2_750,trailer.scs_curt,trailer_def.scs.box.single_3.curtain,33,1,0
69261,_nameless.183.3d2a.bb00,sellplan,lodz,transinet,southampton,2,1523,35,300,used_plast,scania_streamline_4x2_norm_380,trailer.kasbhr_shg45,trailer_def.kassbohrer.scs.single_3_13.curtain,34,1,0
69261,_nameless.183.3d2a.db80,cont_port,koper,fallow,zenica,0,627,0,0,brake_fluid,volvo_fh16_6x4_700,trailer.krone.boxliner220,trailer_def.krone.boxliner.single_3_220.container,30,1,0
69261,_nameless.183.3d2a.ac60,cont_port,koper,rt_log,nurnberg,0,681,0,0,vinegar_c,volvo_fh16_6x4_700,trailer.kasbhr_shg40,trailer_def.kassbohrer.shg.singl_3e_40.container,30,1,0
69261,_nameless.183.3d2a.b2e0,cont_port,koper,transinet,torino,2,761,0,0,exhausts_c,man_tgx_euro6_4x2_xl,trailer.kasbhr_shg20,trailer_def.kassbohrer.shg.singl_3e_20.container,15,1,0
69261,_nameless.183.3d2a.cce0,cont_port,koper,sellplan,rostock,0,1233,0,0,salt_spice_c,volvo_fh16_6x4_700,trailer.kasbhr_shg20,trailer_def.kassbohrer.shg.singl_3e_20.container,15,1,0
69261,_nameless.183.3d2a.bbd0,cont_port,koper,wgcc,mannheim,0,874,0,0,sulfuric,volvo_fh2024_4x2_420,trailer.krone.boxliner220,trailer_def.krone.boxliner.single_3_220.container,80,1,0
69261,_nameless.183.3d2a.d5d0,cont_port,koper,nbfc,budapest,0,616,0,0,chlorine,renault_premium_6x4_a,trailer.scs_gosck20,trailer_def.scs.gooseneck.singl_3e_20.container,40,1,0
69261,_nameless.183.3d2a.d6a0,eurogoodies,liverpool,lkwlog,koln,1,966,35,300,olives,iveco_sway_4x2_580,trailer.kasbhr_shg45,trailer_def.kassbohrer.scs.single_3_13.curtain,34,1,0
69261,_nameless.183.3d2a.ce80,eurogoodies,liverpool,norr_food,karlskrona,1,803,1140,1314,iced_coffee,daf_xg_4x2_450,trailer.kasbhr_sbt,trailer_def.kassbohrer.sbt.single_3_13.dryvan,34,1,0
69261,_nameless.183.3d2a.d770,marina,lisboa,trans_cab,murcia,0,999,0,0,yacht,mercedes_actros_2014_4x2_c,trailer.scs_lowbed41,trailer_def.scs.lowbed.single_41_ln.long,1,1,0
69261,_nameless.183.3d2a.cf50,ocean_sol,ruse,adrica,rijeka,0,1125,0,0,mat_handler,"""heavy/renault_t_6x4""",trailer.kasbhr_slle,trailer_def.kassbohrer.sll.single_3_ln.low,1,1,0
69261,_nameless.183.3d2a.dd20,ocean_sol,ruse,acc,taranto,2,978,570,745,empty_spool,man_4x2_a,trailer.scs_lowbed_4,trailer_def.scs.lowbed.single_4_sh.short,3,1,0
69261,_nameless.183.3d2a.d840,ocean_sol,ruse,tradeaux,klagenfurt,2,1218,0,0,empty_barr,iveco_sway_4x2_500,trailer.scs_dry_m,trailer_def.scs.box.single_3.dryvan_m,33,1,0
69261,_nameless.183.3d2a.b3b0,sag_tre,lillehammer,transinet,bialystok,0,1064,510,1110,jcb_exc245xr,"""heavy/daf_6x4""",trailer.scs_lowbed_4,trailer_def.scs.lowbed.single_4_sh.short,1,1,0
69261,_nameless.183.3d2a.be40,sag_tre,lillehammer,freyr,trelleborg,2,740,0,0,wood_bark,volvo_fh16_4x2_420,trailer.scs_dumper,trailer_def.scs.dumper.single_3.steel,27,1,0
69261,_nameless.183.3d2a.aac0,sag_tre,lillehammer,drekkar,aarhus,2,680,195,677,cott_harvest,"""heavy/man_6x4""",trailer.scs_lowlow4e,trailer_def.scs.lowloader.single_4_ln.long,1,1,0
69261,_nameless.183.3d2a.ae00,sag_tre,lillehammer,nch,riga,0,746,510,1110,wood_chipper,"""heavy/volvo_fh16_6x4_750""",trailer.scs_lowlow2e,trailer_def.scs.lowloader.single_2_ln.long,1,1,0
69261,_nameless.183.3d2a.d020,renar,karesuando,aerobalt,tallinn,1,1103,150,430,air_mails,daf_xf_euro6_4x2_a,trailer.dryliner17,trailer_def.krone.dryliner.single_3.dryvan,33,1,0
69261,_nameless.183.3d2a.bf10,eurogoodies,glasgow,eurogoodies,groningen,0,746,660,995,olives,iveco_4x2_b,trailer.scs_dry,trailer_def.scs.box.single_3.dryvan,33,1,0
69261,_nameless.183.3d2a.bfe0,eurogoodies,glasgow,dfh,bremen,1,910,660,995,froz_octopi,daf_xgp_4x2_530,trailer.scs_ref_a,trailer_def.scs.box.single_3.reefer,33,1,0
69261,_nameless.183.3d2a.c180,imp_otel,hunedoara,sanbuilders,debrecen,2,472,0,0,floorpanels,daf_xd,trailer.panel_trans.floor,trailer_def.floorpanels.panel_trans.floor,82,1,0
69261,_nameless.183.3d2a.c3f0,imp_otel,hunedoara,exomar,taranto,0,1058,540,420,precast_strs,man_tgx_euro6_6x4_xlx,trailer.scs_dry,trailer_def.scs.box.single_3.dryvan,33,1,0
69261,_nameless.183.3d2a.c4c0,imp_otel,hunedoara,tras_med,catania,2,1487,560,767,hipresstank,daf_xd,trailer.profilinehd,trailer_def.krone.profilinerhd.single_3.flatbed,8,1,0
69261,_nameless.183.3d2a.d0f0,imp_otel,hunedoara,tradeaux,klagenfurt,1,886,0,0,largetubes,scania_streamline_6x2_norm_440,trailer.scs_log,trailer_def.scs.log.single_3.steel,6,1,0
69261,_nameless.183.3d2a.c250,norrsken,karlstad,nordic_ports,bodo,0,1149,0,0,tableware,scania_s2016_6x4_high_730,trailer.kasbhr_shg45,trailer_def.kassbohrer.scs.single_3_13.curtain,34,1,0
69261,_nameless.183.3d2a.d1c0,norrsken,karlstad,fcp,poznan,2,1264,105,404,hi_volt_cabl,daf_4x2_b,trailer.profiliner17,trailer_def.krone.profiliner.single_3.curtain,33,1,0
69261,_nameless.183.3d2a.d290,norrsken,karlstad,dfh,bremen,1,1184,0,0,post_packag,scania_s2016_4x2_high_590,trailer.scs_dry,trailer_def.scs.box.single_3.dryvan,33,1,0
69261,_nameless.183.3d2a.c9a0,onnelik,narva,sellplan,olsztyn,1,988,0,0,apples,volvo_fh16_4x2_420,trailer.profiliner17,trailer_def.krone.profiliner.single_3.curtain,33,1,0
69261,_nameless.183.3d2a.b550,betunia,tuzla,itcc,skopje,2,676,0,0,largetubes,daf_xf_euro6_4x2_b,trailer.scs_log,trailer_def.scs.log.single_3.steel,6,1,0
69261,_nameless.183.3d2a.b6f0,betunia,tuzla,steinbr_str,erfurt,1,1265,0,0,stones,man_tgx_euro6_4x2_xl,trailer.scs_dumper,trailer_def.scs.dumper.single_3.steel,11,1,0
69261,_nameless.183.3d2a.c730,betunia,tuzla,posped,bratislava,1,553,0,0,wallpanels,scania_s2016_4x2_high_590,trailer.panel_trans.wall,trailer_def.wallpanels.panel_trans.wall,85,1,0
69261,_nameless.183.3d2a.c320,betunia,tuzla,lognstick,tekirdag,0,1119,0,0,cable_reel,"""heavy/man_tgx_2020_8x4""",trailer.scs_lowlow4e,trailer_def.scs.lowloader.single_4_ln.long,1,1,0
69261,_nameless.183.3d2a.e880,cont_port,thessaloniki,kathode,munchen,0,1568,0,0,magnesium,volvo_fh2024_6x2_500,trailer.scs_gosck220,trailer_def.scs.gooseneck.singl_3e_220.container,80,1,0
69261,_nameless.183.3d2b.04f0,cont_port,thessaloniki,lognstick,istanbul,2,598,0,0,pet_food_c,man_tgx_2020_6x2,trailer.scs_gosck40,trailer_def.scs.gooseneck.singl_3e_40.container,30,1,0
69261,_nameless.183.3d2a.f170,cont_port,thessaloniki,cont_port,constanta,0,817,0,0,sodium,renault_t_4x2h,trailer.kasbhr_shg20,trailer_def.kassbohrer.shg.singl_3e_20.container,40,1,0
69261,_nameless.183.3d2a.ef00,cont_port,thessaloniki,cont_port,constanta,0,817,0,0,salt_spice_c,mercedes_6x2_b,trailer.scs_gosck20,trailer_def.scs.gooseneck.singl_3e_20.container,15,1,0
69261,_nameless.183.3d2b.0f80,drekkar,malmo,dfh,dresden,0,638,105,404,skidder,"""heavy/renault_6x4""",trailer.scs_lowlow2e,trailer_def.scs.lowloader.single_2_ln.long,1,1,0
69261,_nameless.183.3d2a.df90,drekkar,malmo,bcp,verona,1,1373,105,404,overweight,volvo_fh16_6x4_700,trailer.scs_lowbed41,trailer_def.scs.lowbed.single_41_ln.long,1,1,0
69261,_nameless.183.3d2a.e540,drekkar,malmo,posped,carlisle,0,631,1140,1314,wallpanels,daf_6x2_a,trailer.panel_trans.wall,trailer_def.wallpanels.panel_trans.wall,93,1,0
69261,_nameless.183.3d2b.05c0,drekkar,malmo,euroacres,zurich,0,1384,0,0,fueltanker,scania_r_6x2_high_500,trailer.scs_gosck220,trailer_def.scs.gooseneck.singl_3e_220.container,80,1,0
69261,_nameless.183.3d2a.eaf0,drekkar,malmo,skog_paper,borlange,1,640,0,0,diesel_gen,daf_4x2_b,trailer.scs_dry_m,trailer_def.scs.box.single_3.dryvan_m,33,1,0
69261,_nameless.183.3d2b.11f0,drekkar,malmo,renar,narva,0,924,570,1270,precast_strs,daf_xgp_4x2_530,trailer.scs_curt,trailer_def.scs.box.single_3.curtain,33,1,0
69261,_nameless.183.3d2a.ed60,villco_mkt,kalamata,balkan_loco,sarajevo,0,1446,0,0,used_packag,daf_xd_1,trailer.kasbhr_sbt,trailer_def.kassbohrer.sbt.single_3_13.dryvan,34,1,0
69261,_nameless.183.3d2b.01b0,villco_mkt,kalamata,tradeaux,ajaccio,2,1079,1620,1979,used_plast,daf_4x2_a,trailer.scs_curt_a,trailer_def.scs.box.single_3.curtain,33,1,0
69261,_nameless.183.3d2b.0420,villco_mkt,kalamata,te_logistica,napoli,1,827,570,745,used_plast_c,daf_xf_euro6_4x2_b,trailer.scs_gosck220,trailer_def.scs.gooseneck.singl_3e_220.container,30,1,0
69261,_nameless.183.3d2a.f3e0,polar_fish,bergen,suprema,rezekne,2,1500,510,1110,canned_tuna,mercedes_4x2_b,trailer.scs_ref_a,trailer_def.scs.box.single_3.reefer,33,1,0
69261,_nameless.183.3d2a.f720,polar_fish,bergen,eurogoodies,glasgow,0,1325,1335,2366,frozen_hake,volvo_fh2012_6x2_500,trailer.coolliner17,trailer_def.krone.coolliner.single_3.reefer,33,1,0
69261,_nameless.183.3d2b.0830,itcc,duisburg,renar,kobenhavn,2,760,0,0,train_part,iveco_6x2_a,trailer.profilinehd,trailer_def.krone.profilinerhd.single_3.flatbed,4,1,0
69261,_nameless.183.3d2a.f580,itcc,duisburg,polarislines,goteborg,1,817,195,677,empty_spool,iveco_4x2_b,trailer.scs_flat_b,trailer_def.scs.flatbed.single_3.flatbed_w,4,1,0
69261,_nameless.183.3d2a.f310,itcc,duisburg,rt_log,linz,2,795,0,0,iron_pipes,volvo_fh16_6x4_700,trailer.scs_log,trailer_def.scs.log.single_3.steel,28,1,0
69261,_nameless.183.3d2a.e200,ibp,helsinki,lkwlog,manchester,0,1524,1680,2484,fuel_oil,daf_xgp_4x2_530,trailer.scs_fueltank,trailer_def.scs.fueltank.single_3.fueltank,27,1,0
69261,_nameless.183.3d2a.dec0,ibp,helsinki,gnt,daugavpils,0,710,150,430,large_cont,daf_xf_euro6_6x4_c,trailer.kasbhr_sla,trailer_def.kassbohrer.sla.single_3_sh.lowbed,27,1,0
69261,_nameless.183.3d2a.f4b0,ibp,helsinki,nord_sten,kiruna,1,1034,0,0,watertank,renault_premium_6x2_a,trailer.profilinehd,trailer_def.krone.profilinerhd.single_3.flatbed,2,1,0
69261,_nameless.183.3d2b.0010,kathode,oulu,nordic_ports,mo_i_rana,0,702,0,0,hvac,scania_r2016_6x4_high_660,trailer.kasbhr_sla,trailer_def.kassbohrer.sla.single_3_sh.lowbed,3,1,0
69261,_nameless.183.3d2b.0280,kathode,oulu,borealis,mikkeli,0,414,0,0,rooflights,volvo_fh16_6x4_700,trailer.scs_dry_m,trailer_def.scs.box.single_3.dryvan_m,33,1,0
69261,_nameless.183.3d2a.e7b0,kathode,oulu,gnt,uppsala,1,843,0,0,emptytank,daf_xf_euro6_6x2_a,trailer.profilinehd,trailer_def.krone.profilinerhd.single_3.flatbed,1,1,0
69261,_nameless.183.3d2a.fe70,kathode,oulu,nordic_ports,bodo,1,726,0,0,overweight,mercedes_4x2_b,trailer.scs_lowbed41,trailer_def.scs.lowbed.single_41_ln.long,1,1,0
69261,_nameless.183.3d2b.0690,costruzi_win,taranto,rock_eater,sofia,0,780,570,745,mob_stacker,"""heavy/daf_6x4""",trailer.scs_lowbed_3,trailer_def.scs.lowbed.single_3.short,1,1,0
69261,_nameless.183.3d2a.fda0,elcano_hms,madrid,rt_log,sevilla,0,534,0,0,fert_spread,daf_xf_euro6_4x2_a,trailer.scs_lowlow2e,trailer_def.scs.lowloader.single_2_ln.long,1,1,0
69261,_nameless.183.3d2a.e060,elcano_hms,madrid,cantera,vigo,2,651,0,0,digger1000,daf_xd,trailer.scs_lowbed41,trailer_def.scs.lowbed.single_41_ln.long,1,1,0
69261,_nameless.183.3d2a.fcd0,elcano_hms,madrid,tradeaux,lyon,2,1256,0,0,tractor_au,scania_r_6x4_top_620,trailer.kasbhr_sla,trailer_def.kassbohrer.sla.single_3_sh.lowbed,1,1,0
69261,_nameless.183.3d2b.0de0,stokes,katowice,ika_bohag,helsinki,0,1286,150,430,plant_substr,scania_s2016_4x2_high_590,trailer.scs_dry,trailer_def.scs.box.single_3.dryvan,32,1,0
69261,_nameless.183.3d2a.fa60,stokes,katowice,transinet,szczecin,0,512,0,0,sheep_wool,scania_streamline_6x2_norm_440,trailer.scs_curt_a,trailer_def.scs.box.single_3.curtain,33,1,0
69261,_nameless.183.3d2a.ee30,stokes,katowice,rt_log,salzburg,1,588,0,0,wallpanels,mercedes_6x4_a,trailer.panel_trans.wall,trailer_def.wallpanels.panel_trans.wall,85,1,0
69261,_nameless.183.3d2a.f650,stokes,katowice,blt,kunda,2,1301,0,0,horse_tr,daf_xgp_4x2_530,trailer.truck_trans,trailer_def.horse_tr.truck_trans,100,1,0
69261,_nameless.183.3d2b.0350,fcp,brussel,tras_med,roma,2,1471,0,0,vans_vt,scania_r2016_4x2_high_500,trailer.truck_trans,trailer_def.vans_vt.truck_trans,100,1,0
69261,_nameless.183.3d2a.e3a0,euroacres,dijon,wilnet_trans,toulouse,2,720,0,0,apples_c,man_tgx_2020_6x2,trailer.scs_gosck220,trailer_def.scs.gooseneck.singl_3e_220.container,30,1,0
69261,_nameless.183.3d2a.f7f0,euroacres,dijon,tradeaux,felixstowe,0,918,35,300,planter,volvo_fh2021_4x2_420,trailer.scs_lowlow2e,trailer_def.scs.lowloader.single_2_ln.long,1,1,0
69261,_nameless.183.3d2a.e950,cont_port,durres,aci,bologna,2,658,540,420,apples_c,volvo_fh2012_4x2_420,trailer.kasbhr_shg20,trailer_def.kassbohrer.shg.singl_3e_20.container,15,1,0
69261,_nameless.183.3d2a.e610,cont_port,durres,icaria,chania,2,785,540,826,exhausts_c,iveco_4x2_a,trailer.krone.boxliner220,trailer_def.krone.boxliner.single_3_220.container,30,1,0
69261,_nameless.183.3d2a.ec90,cont_port,durres,chimi,montpellier,0,1427,540,420,fluorine,volvo_fh2021_4x2_750,trailer.kasbhr_shg40,trailer_def.kassbohrer.shg.singl_3e_40.container,80,1,0
69261,_nameless.183.3d2b.1050,cont_port,durres,transinet,debrecen,0,1097,0,0,brake_fluid,renault_premium_6x2_a,trailer.kasbhr_shg40,trailer_def.kassbohrer.shg.singl_3e_40.container,30,1,0
69261,_nameless.183.3d2a.e470,ns_chem,kristiansand,rt_log,geneve,0,1536,195,1052,sodium,daf_xd25,trailer.scs_gosck20,trailer_def.scs.gooseneck.singl_3e_20.container,40,1,0
69261,_nameless.183.3d2a.e6e0,ns_chem,kristiansand,nbfc,liverpool,0,567,1335,2366,arsenic,daf_xg_4x2_450,trailer.scs_gosck20,trailer_def.scs.gooseneck.singl_3e_20.container,40,1,0
69261,_nameless.183.3d2b.00e0,te_logistica,firenze,dfh,nurnberg,2,809,0,0,natur_rubber,renault_t_6x2,trailer.scs_dry_a,trailer_def.scs.box.single_3.dryvan,33,1,0
69261,_nameless.183.3d2a.ea20,te_logistica,firenze,rt_log,travemunde,0,1430,0,0,press_sl_val,iveco_4x2_a,trailer.kasbhr_shg45,trailer_def.kassbohrer.scs.single_3_13.curtain,34,1,0
69261,_nameless.183.3d2a.f990,te_logistica,firenze,trans_cab,santander,2,1487,0,0,vans_fd,iveco_6x2_a,trailer.van_trans,trailer_def.vans_fd.van_trans,100,1,0
69261,_nameless.183.3d2a.f0a0,te_logistica,firenze,lkwlog,dortmund,0,1287,0,0,metal_pipes,daf_4x2_b,trailer.scs_flat_b,trailer_def.scs.flatbed.single_3.flatbed_w,2,1,0
69261,_nameless.183.3d2a.fc00,te_logistica,firenze,tradeaux,clermont,0,896,0,0,plums,scania_streamline_6x4_top_480,trailer.scs_ins,trailer_def.scs.box.single_3.insulated,33,1,0
69261,_nameless.183.3d2a.ebc0,te_logistica,firenze,mvm_carriere,limoges,1,1176,0,0,mobile_crane,"""heavy/volvo_fh2024_6x4_600""",trailer.scs_lowlow4e,trailer_def.scs.lowloader.single_4_ln.long,1,1,0
69261,_nameless.183.3d2a.f240,te_logistica,firenze,dans_jardin,porto_vecchi,0,667,840,1193,lumber,daf_xg_4x2_450,trailer.scs_flat_b,trailer_def.scs.flatbed.single_3.flatbed_w,3,1,0
69261,_nameless.183.3d2b.0eb0,transinet,bialystok,tradeaux,budapest,0,756,0,0,czl_es300,"""heavy/man_tgx_2020_8x4""",trailer.scs_lowbed41,trailer_def.scs.lowbed.single_41_ln.long,1,1,0
69261,_nameless.183.3d2b.0aa0,transinet,bialystok,dfh,nurnberg,1,996,0,0,jcb_th540180,scania_streamline_6x4_top_480,trailer.scs_lowbed_4,trailer_def.scs.lowbed.single_4_sh.short,1,1,0
69261,_nameless.183.3d2a.ff40,transinet,bialystok,itcc,ostrava,2,505,0,0,ore,volvo_fh2021_4x2_750,trailer.scs_dumper,trailer_def.scs.dumper.single_3.steel,12,1,0
69261,_nameless.183.3d2b.0760,transinet,bialystok,shuttle,timisoara,1,1035,0,0,watermelons,daf_xf_euro6_6x2_a,trailer.scs_ins_a,trailer_def.scs.box.single_3.insulated,33,1,0
69261,_nameless.183.3d2b.09d0,sanbuild_cem,thessaloniki,rock_eater,pirdop,0,577,0,0,large_cont,daf_xf_4x2_370,trailer.profilinehd,trailer_def.krone.profilinerhd.single_3.flatbed,33,1,0
69261,_nameless.183.3d2b.0b70,sanbuild_cem,thessaloniki,brawen,bucuresti,1,680,0,0,watertank,volvo_fh2012_4x2_420,trailer.scs_lowlowd4,trailer_def.scs.lowloader.single_4_sh.short,1,1,0
69261,_nameless.183.3d2b.0c40,sanbuild_cem,thessaloniki,sanbuild_cem,pristina,0,385,0,0,mob_stacker,"""heavy/iveco_6x4""",trailer.scs_lowbed_3,trailer_def.scs.lowbed.single_3.short,1,1,0
69261,_nameless.183.3d2b.0d10,bhv,parnu,nordic_ports,trondheim,0,999,570,1270,car_balt2,scania_r_6x4_top_620,trailer.van_trans,trailer_def.car_balt2.van_trans,100,1,0
69261,_nameless.183.3d2b.1120,bhv,parnu,renar,tallinn,2,94,0,0,vans_vt,scania_streamline_4x2_top_560,trailer.truck_trans,trailer_def.vans_vt.truck_trans,100,1,0
69261,_nameless.183.3d2b.42b0,dimitriou,athens,tras_med,bari,0,523,570,745,vans_id,man_tgx_2020_6x2,trailer.van_trans,trailer_def.vans_id.van_trans,100,1,0
69261,_nameless.183.3d2b.2b20,dimitriou,athens,icaria,rhodes,1,67,810,1889,car_it,daf_xd,trailer.car_trans,trailer_def.car_it.car_trans,100,1,0
69261,_nameless.183.3d2b.2230,renar,skelleftea,renar,tornio,0,190,0,0,lavender,renault_premium_4x2_c,trailer.scs_dry_a,trailer_def.scs.box.single_3.dryvan,33,1,0
69261,_nameless.183.3d2b.16d0,renar,skelleftea,norr_food,oslo,0,882,0,0,salt_spice_c,volvo_fh2024_4x2_780,trailer.krone.boxliner220,trailer_def.krone.boxliner.single_3_220.container,30,1,0
69261,_nameless.183.3d2b.1530,renar,skelleftea,lkwlog,lublin,0,1431,510,1110,fuel_oil,mercedes_4x2_c,trailer.scs_fueltank,trailer_def.scs.fueltank.single_3.fueltank,27,1,0
69261,_nameless.183.3d2b.2710,renar,skelleftea,egres,kouvola,2,827,0,0,auger_wag,daf_xgp_4x2_530,trailer.scs_lowlow4e,trailer_def.scs.lowloader.single_4_ln.long,1,1,0
69261,_nameless.183.3d2b.3340,eliarchos,mitilini,lkwlog,szeged,0,917,730,1440,honey,scania_streamline_4x2_top_560,trailer.scs_dry_a,trailer_def.scs.box.single_3.dryvan,33,1,0
69261,_nameless.183.3d2b.4110,eliarchos,mitilini,gnt,bastia,0,1127,2295,3287,food_oil_t,volvo_fh2024_6x2_500,trailer.ffb_tsalm32,trailer_def.feldbinder.tsalm.single_3_32.32_3_2,30,1,0
69261,_nameless.183.3d2b.38f0,eliarchos,mitilini,transinet,debrecen,1,1108,730,1440,rye,volvo_fh2012_6x2_500,trailer.ffb_eut35,trailer_def.feldbinder.eut.single_3_35.silo_35_3p,35,1,0
69261,_nameless.183.3d2b.23d0,sanbuilders,london,renar,stavanger,0,1587,230,1352,asph_miller,"""heavy/man_tgx_euro6_8x4_xlx""",trailer.scs_lowbed41,trailer_def.scs.lowbed.single_41_ln.long,1,1,0
69261,_nameless.183.3d2b.2a50,sanbuilders,london,rt_log,bern,1,998,35,300,volvo_bucket,scania_streamline_4x2_norm_380,trailer.scs_lowlow4e,trailer_def.scs.lowloader.single_4_ln.long,1,1,0
69261,_nameless.183.3d2b.34e0,trameri,lille,cnp,tarragona,2,1496,0,0,hipresstank,daf_xf_euro6_6x2_a,trailer.scs_flat_b,trailer_def.scs.flatbed.single_3.flatbed_w,8,1,0
69261,_nameless.183.3d2b.1870,trameri,lille,lisette_log,roscoff,0,764,0,0,used_plast,man_tgx_euro6_6x4_xlx,trailer.kasbhr_shg45,trailer_def.kassbohrer.scs.single_3_13.curtain,34,1,0
69261,_nameless.183.3d2b.2e60,batisse_base,rennes,tradeaux,nice,0,1257,0,0,jcb_pw125qe,mercedes_4x2_a,trailer.profilinehd,trailer_def.krone.profilinerhd.single_3.flatbed,24,1,0
69261,_nameless.183.3d2b.17a0,slava,podgorica,slava,zagreb,2,784,0,0,car_balt1,iveco_6x2_a,trailer.car_trans,trailer_def.car_balt1.car_trans,100,1,0
69261,_nameless.183.3d2b.1fc0,slava,podgorica,brawen,ljubljana,0,882,0,0,motorcycles,renault_magnum_4x2_a,trailer.scs_curt,trailer_def.scs.box.single_3.curtain,33,1,0
69261,_nameless.183.3d2b.2300,ns_oil,kobenhavn,trameri,amsterdam,0,822,0,0,diesel,volvo_fh2021_6x2_540,trailer.willig.fuel_cistern,trailer_def.scs.fueltank.single_3.fueltank,30,1,0
69261,_nameless.183.3d2b.24a0,ns_oil,kobenhavn,ai,hamburg,1,467,0,0,fueltanker,daf_xf_euro6_4x2_c,trailer.scs_gosck220,trailer_def.scs.gooseneck.singl_3e_220.container,80,1,0
69261,_nameless.183.3d2b.2570,byggpro,ivalo,konstnr_hs,trondheim,0,1511,0,0,alu_profile,mercedes_actros_2014_6x4_b,trailer.profilinehd,trailer_def.krone.profilinerhd.single_3.flatbed,2,1,0
69261,_nameless.183.3d2b.45f0,byggpro,ivalo,renar,lulea,2,573,0,0,wallpanels,daf_xf_euro6_4x2_a,trailer.panel_trans.wall,trailer_def.wallpanels.panel_trans.wall,85,1,0
69261,_nameless.183.3d2b.1390,byggpro,ivalo,kivi,riga,0,1521,150,430,cable_reel,"""heavy/scania_streamline_8x4_top_730""",trailer.kasbhr_slle,trailer_def.kassbohrer.sll.single_3_ln.low,1,1,0
69261,_nameless.183.3d2b.41e0,byggpro,ivalo,freyr,bodo,0,914,30,45,wooden_beams,daf_xgp25_4x2_530,trailer.scs_log,trailer_def.scs.log.single_3.steel,2,1,0
69261,_nameless.183.3d2b.2640,wilnet_trans,limoges,sanbuilders,london,0,828,35,300,concr_beams2,man_tgx_2020_6x2,trailer.scs_flat_b,trailer_def.scs.flatbed.single_3.flatbed_w,2,1,0
69261,_nameless.183.3d2b.2980,wilnet_trans,limoges,log_atlan,bilbao,0,573,0,0,metal_cans,scania_s2016_6x2_high_460,trailer.scs_dry_m,trailer_def.scs.box.single_3.dryvan_m,33,1,0
69261,_nameless.183.3d2b.27e0,wilnet_trans,limoges,sellplan,geneve,2,572,0,0,milk,scania_r_4x2_top_480,trailer.kasbhr_scs,trailer_def.kassbohrer.scs.single_3_13.curtain,34,1,0
69261,_nameless.183.3d2b.3dd0,wilnet_trans,limoges,kaarfor,montpellier,0,554,0,0,olive_oil,scania_r_4x2_top_480,trailer.scs_dry_ms,trailer_def.scs.box.single_3.dryvan_m,33,1,0
69261,_nameless.183.3d2b.28b0,wilnet_trans,limoges,rt_log,madrid,1,962,0,0,tractor,mercedes_4x2_b,trailer.kasbhr_slle,trailer_def.kassbohrer.sll.single_3_ln.low,1,1,0
69261,_nameless.183.3d2b.30d0,wilnet_trans,limoges,wilnet_trans,porto_vecchi,1,611,840,1193,scooters,volvo_fh2012_4x2_420,trailer.scs_curt,trailer_def.scs.box.single_3.curtain,33,1,0
69261,_nameless.183.3d2b.2bf0,domdepo,edirne,exomar,ancona,0,1222,570,745,plast_pipes,renault_premium_4x2_c,trailer.profilinehd,trailer_def.krone.profilinerhd.single_3.flatbed,4,1,0
69261,_nameless.183.3d2b.2cc0,domdepo,edirne,adrica,split,0,1271,0,0,plastic_gra,man_tgx_2020_4x2,trailer.scs_silo,trailer_def.scs.silo.single_3_10.silo,17,1,0
69261,_nameless.183.3d2b.4520,domdepo,edirne,balkan_loco,craiova,1,643,0,0,marb_blck2,mercedes_actros_2014_6x2_a,trailer.scs_flat_b,trailer_def.scs.flatbed.single_3.flatbed_w,2,1,0
69261,_nameless.183.3d2b.3c30,domdepo,edirne,balkan_loco,craiova,0,643,0,0,scaffoldings,scania_r2016_4x2_norm_370,trailer.scs_dry_m,trailer_def.scs.box.single_3.dryvan_m,32,1,0
69261,_nameless.183.3d2b.3410,domdepo,edirne,adrica,rijeka,1,1369,0,0,logs,volvo_fh16_6x4_700,trailer.scs_log,trailer_def.scs.log.single_3.steel,32,1,0
69261,_nameless.183.3d2b.2d90,scs_paper,salamanca,exomar,cordoba,0,662,0,0,empty_palet,renault_t_6x2,trailer.scs_dry_m,trailer_def.scs.box.single_3.dryvan_m,33,1,0
69261,_nameless.183.3d2b.3000,scs_paper,salamanca,lisette_log,bordeaux,1,686,0,0,paper,scania_r2016_4x2_norm_370,trailer.scs_dry_s,trailer_def.scs.box.single_3.dryvan,33,1,0
69261,_nameless.183.3d2b.1bb0,scs_paper,salamanca,tradeaux,ajaccio,1,882,930,1182,used_packag,man_tgx_euro6_4x2_xxl,trailer.scs_curt,trailer_def.scs.box.single_3.curtain,33,1,0
69261,_nameless.183.3d2b.31a0,scs_paper,salamanca,dans_jardin,montpellier,1,1090,0,0,emptytank,renault_t_4x2,trailer.scs_flat_b,trailer_def.scs.flatbed.single_3.flatbed_w,1,1,0
69261,_nameless.183.3d2b.3820,ateria,lahti,blt,utena,1,770,150,430,pasta,scania_streamline_6x4_top_480,trailer.profiliner17,trailer_def.krone.profiliner.single_3.curtain,33,1,0
69261,_nameless.183.3d2b.3750,ateria,lahti,kaarfor,ostrava,0,1482,150,430,gnocchi,scania_streamline_4x2_top_560,trailer.scs_ref_a,trailer_def.scs.box.single_3.reefer,33,1,0
69261,_nameless.183.3d2b.2090,sal,pescara,fallow,larissa,2,648,570,745,jcb_mexc19ce,daf_xgp_4x2_530,trailer.profilinehd,trailer_def.krone.profilinerhd.single_3.flatbed,3,1,0
69261,_nameless.183.3d2b.4380,sal,pescara,lognstick,tekirdag,2,1117,570,745,forwarder,"""heavy/scania_streamline_8x4_top_730""",trailer.kasbhr_slle,trailer_def.kassbohrer.sll.single_3_ln.low,1,1,0
69261,_nameless.183.3d2b.35b0,sal,pescara,balkan_loco,ljubljana,0,961,0,0,wooden_beams,renault_magnum_6x4_a,trailer.scs_log,trailer_def.scs.log.single_3.steel,2,1,0
69261,_nameless.183.3d2b.39c0,renor,mo_i_rana,renar,tornio,1,604,0,0,empty_spool,mercedes_actros_2014_4x2_a,trailer.scs_lowbed_4,trailer_def.scs.lowbed.single_4_sh.short,3,1,0
69261,_nameless.183.3d2b.3b60,renor,mo_i_rana,norse_rail,rovaniemi,0,682,0,0,empty_palet,"""double/iveco_4x2_a""",trailer.scs_dry_2,trailer_def.scs.box.double_3_2.dryvan,52,1,0
69261,_nameless.183.3d2b.1940,norr_food,uppsala,nch,turku,0,159,540,1170,used_plast,"""double/scania_r2016_6x2_high_590""",trailer.profiline17d,trailer_def.krone.profiliner.double_3_2.curtain,52,1,0
69261,_nameless.183.3d2b.3a90,fle,calvi,fle,montpellier,2,417,840,1193,air_mails,renault_premium_4x2_c,trailer.scs_dry_m,trailer_def.scs.box.single_3.dryvan_m,33,1,0
69261,_nameless.183.3d2b.1e20,fle,calvi,shuttle,vlore,0,649,1590,1654,large_cont,daf_4x2_b,trailer.scs_flat_b,trailer_def.scs.flatbed.single_3.flatbed_w,33,1,0
69261,_nameless.183.3d2b.3d00,fle,calvi,aci,genova,0,625,840,1193,post_packag,volvo_fh16_4x2_540,trailer.scs_dry_s,trailer_def.scs.box.single_3.dryvan,33,1,0
69261,_nameless.183.3d2b.3ea0,fle,calvi,wilnet_trans,nantes,0,1027,930,1182,empty_spool,daf_xf_euro6_4x2_b,trailer.scs_flat_b,trailer_def.scs.flatbed.single_3.flatbed_w,4,1,0
69261,_nameless.183.3d2b.4450,syschema,kavala,tradeaux,ajaccio,0,1064,1620,1979,large_cont,renault_magnum_6x2_a,trailer.profilinehd,trailer_def.krone.profilinerhd.single_3.flatbed,33,1,0
69261,_nameless.183.3d2b.1460,eolo_lines,sangiovanni,eolo_lines,athens,0,907,570,745,sugar,volvo_fh2021_6x2_540,trailer.kasbhr_scs,trailer_def.kassbohrer.scs.single_3_13.curtain,34,1,0
69261,_nameless.183.3d2b.1c80,eolo_lines,sangiovanni,te_logistica,napoli,2,459,0,0,iced_coffee,volvo_fh2024_4x2_780,trailer.kasbhr_sbt,trailer_def.kassbohrer.sbt.single_3_13.dryvan,34,1,0
69261,_nameless.183.3d2b.1d50,eolo_lines,sangiovanni,app,madrid,0,597,1577,2135,hi_volt_cabl,renault_t_6x2,trailer.kasbhr_shg45,trailer_def.kassbohrer.scs.single_3_13.curtain,34,1,0
69261,_nameless.183.3d2b.1ef0,han_expo,hannover,polarislines,trelleborg,0,686,0,0,scaffoldings,"""double/man_tgx_2020""",trailer.scs_curt_b2,trailer_def.scs.box.bdouble_3_3.curtain,26,1,0
69261,_nameless.183.3d2b.58a0,han_expo,hannover,lkwlog,calais,0,705,0,0,used_packag,scania_r2016_4x2_norm_370,trailer.dryliner17,trailer_def.krone.dryliner.single_3.dryvan,33,1,0
69261,_nameless.183.3d2b.6a80,han_expo,hannover,posped,lublin,0,827,0,0,furniture,daf_4x2_b,trailer.scs_dry_s,trailer_def.scs.box.single_3.dryvan,33,1,0
69261,_nameless.183.3d2b.6190,nos_pat,bourges,exomar,burgos,0,837,0,0,tractor,renault_magnum_4x2_a,trailer.scs_lowlow2e,trailer_def.scs.lowloader.single_2_ln.long,1,1,0
69261,_nameless.183.3d2b.5700,nos_pat,bourges,trans_cab,valladolid,0,947,0,0,sheep_wool,renault_t_4x2h,trailer.scs_dry,trailer_def.scs.box.single_3.dryvan,33,1,0
69261,_nameless.183.3d2b.4d40,nos_pat,bourges,euroacres,groningen,0,1062,0,0,kr_stc1370,volvo_fh16_4x2_420,trailer.scs_lowlow4e,trailer_def.scs.lowloader.single_4_ln.long,1,1,0
69261,_nameless.183.3d2b.6400,sal,sassari,lisette_log,larochelle,1,942,720,827,tractor,daf_xd,trailer.kasbhr_sla,trailer_def.kassbohrer.sla.single_3_sh.lowbed,1,1,0
69261,_nameless.183.3d2b.64d0,sal,sassari,balkan_loco,edirne,0,1207,1410,1624,mulcher,"""heavy/volvo_fh16_6x4_750""",trailer.scs_lowlowd2,trailer_def.scs.lowloader.single_2_sh.short,1,1,0
69261,_nameless.183.3d2b.68e0,sal,sassari,wilnet_trans,porto_vecchi,0,266,210,355,jcb_mexc19ce,man_6x4_b,trailer.scs_flat_b,trailer_def.scs.flatbed.single_3.flatbed_w,3,1,0
69261,_nameless.183.3d2b.6f60,ika_bohag,clermont,fallow,zagreb,0,1457,0,0,pot_flowers,mercedes_actros_2014_4x2_c,trailer.scs_ref,trailer_def.scs.box.single_3.reefer,33,1,0
69261,_nameless.183.3d2b.5b10,ika_bohag,clermont,rt_log,sevilla,0,1570,0,0,empty_palet,renault_t_4x2h,trailer.scs_dry_m,trailer_def.scs.box.single_3.dryvan_m,33,1,0
69261,_nameless.183.3d2b.6cf0,suprema,tampere,blt,kaunas,0,843,150,430,used_plast_c,man_tgx_euro6_6x4_xlx,trailer.kasbhr_shg20,trailer_def.kassbohrer.shg.singl_3e_20.container,15,1,0
69261,_nameless.183.3d2b.60c0,suprema,tampere,drekkar,karlskrona,0,805,540,1170,used_packag,"""double/volvo_fh16_4x2_700""",trailer.scs_dry_b2,trailer_def.scs.box.bdouble_3_3.dryvan,52,1,0
69261,_nameless.183.3d2b.57d0,suprema,tampere,drekkar,bergen,0,1366,540,1170,empty_palet,scania_r2016_6x2_high_460,trailer.dryliner17,trailer_def.krone.dryliner.single_3.dryvan,33,1,0
69261,_nameless.183.3d2b.7100,fcp,leipzig,transinet,sheffield,0,1408,35,300,vans_id,volvo_fh2024_4x2_780,trailer.van_trans,trailer_def.vans_id.van_trans,100,1,0
69261,_nameless.183.3d2b.5970,fcp,leipzig,stokes,wien,0,526,0,0,empty_palet,man_tgx_euro6_4x2_xxl,trailer.scs_dry_m,trailer_def.scs.box.single_3.dryvan_m,32,1,0
69261,_nameless.183.3d2b.5150,fcp,leipzig,mvm_carriere,porto_vecchi,2,1363,840,1193,cable_reel,"""heavy/renault_t_6x4""",trailer.kasbhr_slle,trailer_def.kassbohrer.sll.single_3_ln.low,1,1,0
69261,_nameless.183.3d2b.65a0,fcp,leipzig,slava,pristina,0,1419,0,0,car_f,volvo_fh2021_4x2_420,trailer.car_trans,trailer_def.car_f.car_trans,100,1,0
69261,_nameless.183.3d2b.53c0,fcp,leipzig,renar,tallinn,1,1417,0,0,forklifts,scania_s2016_4x2_norm_370,trailer.scs_lowbed_4,trailer_def.scs.lowbed.single_4_sh.short,3,1,0
69261,_nameless.183.3d2b.6260,fcp,leipzig,dunavia,osijek,0,965,0,0,car_ibe,man_tgx_euro6_4x2_xxl,trailer.car_trans,trailer_def.car_ibe.car_trans,100,1,0
69261,_nameless.183.3d2b.5220,nucleon,cernavoda,stokes,warszawa,0,1554,0,0,scaffoldings,renault_magnum_6x4_a,trailer.scs_dry_a,trailer_def.scs.box.single_3.dryvan,33,1,0
69261,_nameless.183.3d2b.6670,nucleon,cernavoda,lkwlog,szeged,1,833,0,0,jcb_mexc19ce,daf_xg_4x2_450,trailer.profilinehd,trailer_def.krone.profilinerhd.single_3.flatbed,3,1,0
69261,_nameless.183.3d2b.5490,nucleon,cernavoda,eliarchos,kalamata,0,1561,0,0,volvo_bucket,renault_magnum_4x2_a,trailer.kasbhr_sll,trailer_def.kassbohrer.sll.single_3_sh.low,1,1,0
69261,_nameless.183.3d2b.69b0,ttk_bg,varna,ns_oil,timisoara,1,780,0,0,fueltanker,scania_s2016_4x2_high_590,trailer.scs_gosck40,trailer_def.scs.gooseneck.singl_3e_40.container,80,1,0
69261,_nameless.183.3d2b.4e10,ttk_bg,varna,stokes,wien,1,1456,0,0,canned_pork,daf_4x2_b,trailer.scs_ref,trailer_def.scs.box.single_3.reefer,31,1,0
69261,_nameless.183.3d2b.6330,ttk_bg,varna,vesna,bihac,1,1388,0,0,mozzarela,man_4x2_c,trailer.scs_ins_s,trailer_def.scs.box.single_3.insulated,33,1,0
69261,_nameless.183.3d2b.5560,ttk_bg,varna,rump,craiova,0,446,0,0,hi_volt_cabl,iveco_sway_4x2_500,trailer.scs_dry_ms,trailer_def.scs.box.single_3.dryvan_m,33,1,0
69261,_nameless.183.3d2b.6b50,renar,dombas,borealis,bodo,0,882,0,0,jcb_g100rs,volvo_fh2012_6x2_500,trailer.scs_flat_b,trailer_def.scs.flatbed.single_3.flatbed_w,4,1,0
69261,_nameless.183.3d2b.5a40,renar,dombas,nch,tallinn,0,806,570,1270,truck_rims_c,volvo_fh2021_6x2_540,trailer.scs_gosck220,trailer_def.scs.gooseneck.singl_3e_220.container,30,1,0
69261,_nameless.183.3d2b.5be0,eurogoodies,reims,cargotras,pescara,0,1429,0,0,tomatoes,renault_t_4x2,trailer.scs_ins_a,trailer_def.scs.box.single_3.insulated,33,1,0
69261,_nameless.183.3d2b.6740,eurogoodies,reims,villco_mkt,zenica,2,1573,0,0,apples_c,volvo_fh2024_6x2_500,trailer.kasbhr_shg20,trailer_def.kassbohrer.shg.singl_3e_20.container,15,1,0
69261,_nameless.183.3d2b.5e50,vitas_pwr,esbjerg,dfh,duisburg,1,581,0,0,empty_spool,daf_xg_4x2_450,trailer.profilinehd,trailer_def.krone.profilinerhd.single_3.flatbed,4,1,0
69261,_nameless.183.3d2b.5d80,acc,taranto,fallow,podgorica,0,245,540,420,vent_tube,scania_s_2024e,trailer.profilinehd,trailer_def.krone.profilinerhd.single_3.flatbed,2,1,0
69261,_nameless.183.3d2b.5f20,acc,taranto,icaria,athens,1,547,570,745,floorpanels,mercedes_actros_2014_4x2_b,trailer.panel_trans.floor,trailer_def.floorpanels.panel_trans.floor,82,1,0
69261,_nameless.183.3d2b.7030,acc,taranto,fallow,timisoara,1,935,540,420,concr_beams2,scania_s2016_4x2_high_590,trailer.profilinehd,trailer_def.krone.profilinerhd.single_3.flatbed,2,1,0
69261,_nameless.183.3d2b.5ff0,acc,taranto,wgcc,strasbourg,0,1392,0,0,largetubes,iveco_sway_4x2_500,trailer.scs_log,trailer_def.scs.log.single_3.steel,6,1,0
69261,_nameless.183.3d2b.4790,trans_cab,santander,stokes,dijon,0,1145,0,0,locomotive,"""heavy/iveco_6x4""",trailer.scs_lowbed41,trailer_def.scs.lowbed.single_41_ln.long,1,1,0
69261,_nameless.183.3d2b.4860,trans_cab,santander,trans_cab,lisboa,0,874,0,0,sheep_wool,daf_4x2_b,trailer.scs_dry_a,trailer_def.scs.box.single_3.dryvan,33,1,0
69261,_nameless.183.3d2b.4930,trans_cab,santander,app,valencia,1,639,0,0,skidder,"""heavy/renault_6x4""",trailer.scs_lowlow4e,trailer_def.scs.lowloader.single_4_ln.long,1,1,0
69261,_nameless.183.3d2b.4a00,konstnr_wind,skelleftea,renor,ornskoldsvik,0,219,0,0,mob_crusher,"""heavy/scania_r_6x4_top_730""",trailer.kasbhr_sll,trailer_def.kassbohrer.sll.single_3_sh.low,1,1,0
69261,_nameless.183.3d2b.4ad0,dulcis,pitesti,brawen,ioannina,1,1101,0,0,empty_barr,man_4x2_a,trailer.scs_dry,trailer_def.scs.box.single_3.dryvan,33,1,0
69261,_nameless.183.3d2b.4c70,dulcis,pitesti,rt_log,nurnberg,1,1529,0,0,car_ibe,scania_s2016_4x2_high_590,trailer.car_trans,trailer_def.car_ibe.car_trans,100,1,0
69261,_nameless.183.3d2b.4ee0,dulcis,pitesti,transinet,munchen,2,1471,0,0,car_it,man_tgx_euro6_4x2_xl,trailer.car_trans,trailer_def.car_it.car_trans,100,1,0
69261,_nameless.183.3d2b.5080,dulcis,pitesti,larus,novo_mesto,0,1067,0,0,scaffoldings,scania_r_4x2_top_480,trailer.scs_curt,trailer_def.scs.box.single_3.curtain,33,1,0
69261,_nameless.183.3d29.8bf0,dulcis,pitesti,fallow,patras,1,1374,0,0,empty_palet,scania_r2016_6x2_high_460,trailer.kasbhr_sbt,trailer_def.kassbohrer.sbt.single_3_13.dryvan,33,1,0
69261,_nameless.183.3d29.7a10,dulcis,pitesti,balkan_loco,skopje,0,702,0,0,contamin,daf_xg_4x2_450,trailer.kasbhr_shg20,trailer_def.kassbohrer.shg.singl_3e_20.container,40,1,0
69261,_nameless.183.3d29.a380,drekkar,vaxjo,dfh,nurnberg,1,1092,105,404,asph_miller,"""heavy/scania_streamline_8x4_top_730""",trailer.scs_lowlow4e,trailer_def.scs.lowloader.single_4_ln.long,1,1,0
69261,_nameless.183.3d29.95b0,drekkar,vaxjo,renor,kobenhavn,1,313,0,0,electronics,daf_xf_euro6_4x2_c,trailer.kasbhr_sbt,trailer_def.kassbohrer.sbt.single_3_13.dryvan,34,1,0
69261,_nameless.183.3d29.7ae0,drekkar,vaxjo,nordic_ports,tornio,0,1221,0,0,nonalco_beer,daf_4x2_a,trailer.scs_dry,trailer_def.scs.box.single_3.dryvan,33,1,0
69261,_nameless.183.3d29.a450,drekkar,vaxjo,itcc,dusseldorf,0,1092,0,0,mat_handler,"""heavy/scania_s2016_8x4_high_770""",trailer.kasbhr_slle,trailer_def.kassbohrer.sll.single_3_ln.low,1,1,0
69261,_nameless.183.3d29.9b60,drekkar,vaxjo,nch,kouvola,2,858,540,1170,perfor_frks,mercedes_actros_2014_6x2_a,trailer.kasbhr_sbt,trailer_def.kassbohrer.sbt.single_3_13.dryvan,34,1,0
69261,_nameless.183.3d29.7fc0,drekkar,vaxjo,rt_log,travemunde,2,647,105,404,logs,renault_magnum_4x2_a,trailer.scs_log,trailer_def.scs.log.single_3.steel,32,1,0
69261,_nameless.183.3d29.7e20,tdc_auto,tarragona,bhv,nice,1,823,0,0,car_balt2,scania_r_6x2_high_500,trailer.van_trans,trailer_def.car_balt2.van_trans,100,1,0
69261,_nameless.183.3d29.8090,tdc_auto,tarragona,transinet,munchen,0,1524,0,0,car_d,volvo_fh2021_4x2_750,trailer.car_trans,trailer_def.car_d.car_trans,100,1,0
69261,_nameless.183.3d29.9820,tdc_auto,tarragona,bhv,limoges,0,784,0,0,pickup_gr,daf_4x2_a,trailer.truck_trans,trailer_def.pickup_gr.truck_trans,100,1,0
69261,_nameless.183.3d29.8160,tdc_auto,tarragona,tdc_auto,vigo,1,1035,0,0,car_gr,volvo_fh16_4x2_420,trailer.car_trans,trailer_def.car_gr.car_trans,100,1,0
69261,_nameless.183.3d29.87e0,cargotras,milano,lisette_log,larochelle,2,1246,0,0,cement,mercedes_4x2_c,trailer.ffb_kip60,trailer_def.feldbinder.kip.single_3_60.silo_60_3p,19,1,0
69261,_nameless.183.3d29.7390,cargotras,milano,cnp,nurnberg,0,761,0,0,watertank,mercedes_4x2_a,trailer.scs_lowlowd2,trailer_def.scs.lowloader.single_2_sh.short,1,1,0
69261,_nameless.183.3d29.88b0,cargotras,milano,wilnet_trans,toulouse,2,950,0,0,vinegar_c,daf_4x2_a,trailer.scs_gosck40,trailer_def.scs.gooseneck.singl_3e_40.container,30,1,0
69261,_nameless.183.3d29.9680,cargotras,milano,transinet,brussel,0,956,0,0,mulcher,"""heavy/iveco_6x4""",trailer.kasbhr_sla,trailer_def.kassbohrer.sla.single_3_sh.lowbed,1,1,0
69261,_nameless.183.3d29.7940,cargotras,milano,stokes,calais,0,1115,0,0,jcb_mexc19ce,renault_premium_4x2_a,trailer.profilinehd,trailer_def.krone.profilinerhd.single_3.flatbed,3,1,0
69261,_nameless.183.3d29.9ea0,cargotras,milano,tradeaux,brest,1,1541,0,0,stone_wool,renault_premium_4x2_c,trailer.scs_curt_s,trailer_def.scs.box.single_3.curtain,33,1,0
69261,_nameless.183.3d29.9750,polarislines,paldiski,eurogoodies,prague,0,1427,0,0,nuts,mercedes_4x2,trailer.scs_curt_a,trailer_def.scs.box.single_3.curtain,33,1,0
69261,_nameless.183.3d29.8230,polarislines,paldiski,blt,kaunas,1,525,0,0,apples,volvo_fh2012_6x2_500,trailer.profiliner17,trailer_def.krone.profiliner.single_3.curtain,33,1,0
69261,_nameless.183.3d29.8300,polarislines,paldiski,sellplan,rostock,0,1389,0,0,cont_trees,scania_r_6x2_high_500,trailer.scs_curt_s,trailer_def.scs.box.single_3.curtain,33,1,0
69261,_nameless.183.3d29.7600,agregados,valladolid,lkwlog,calais,0,1410,0,0,volvo_bucket,scania_r_6x4_top_620,trailer.scs_lowbed_3,trailer_def.scs.lowbed.single_3.short,1,1,0
69261,_nameless.183.3d29.7c80,agregados,valladolid,gnt,bastia,1,785,930,1182,concr_beams,"""heavy/renault_6x4""",trailer.scs_lowbed41,trailer_def.scs.lowbed.single_41_ln.long,1,1,0
69261,_nameless.183.3d29.9340,agregados,valladolid,vitas_pwr_co,sevilla,0,751,0,0,concr_cent,scania_s2016_4x2_norm_370,trailer.scs_flat_b,trailer_def.scs.flatbed.single_3.flatbed_w,7,1,0
69261,_nameless.183.3d29.8d90,ms_stein,hamar,polarislines,bergen,1,603,0,0,empty_spool,renault_t_4x2,trailer.scs_lowbed_4,trailer_def.scs.lowbed.single_4_sh.short,3,1,0
69261,_nameless.183.3d29.9d00,ms_stein,hamar,mjolnir_min,karesuando,0,1270,0,0,watertank,volvo_fh16_4x2_420,trailer.profilinehd,trailer_def.krone.profilinerhd.single_3.flatbed,2,1,0
69261,_nameless.183.3d29.98f0,ortiz,valencia,ocean_sol,algeciras,0,732,0,0,forklifts,volvo_fh2024_4x2_780,trailer.scs_lowbed_3,trailer_def.scs.lowbed.single_3.short,4,1,0
69261,_nameless.183.3d29.7ef0,ortiz,valencia,stokes,plymouth,2,692,1076,1172,vans_vt,mercedes_4x2,trailer.truck_trans,trailer_def.vans_vt.truck_trans,100,1,0
69261,_nameless.183.3d29.7870,euroacres,zurich,norrsken,malmo,0,1417,0,0,grass_rolls,scania_streamline_6x4_top_480,trailer.scs_dry,trailer_def.scs.box.single_3.dryvan,33,1,0
69261,_nameless.183.3d29.8980,euroacres,zurich,app,zaragoza,0,1445,0,0,cont_trees,daf_xf_euro6_6x4_c,trailer.dryliner17,trailer_def.krone.dryliner.single_3.dryvan,33,1,0
69261,_nameless.183.3d29.a040,quarry,prague,ms_stein,stavanger,0,1408,195,1052,mob_crusher,"""heavy/man_6x4""",trailer.scs_lowbed_4,trailer_def.scs.lowbed.single_4_sh.short,1,1,0
69261,_nameless.183.3d29.91a0,quarry,prague,rt_log,hamburg,1,699,0,0,crawler,"""heavy/scania_r_6x4_top_730""",trailer.kasbhr_sla,trailer_def.kassbohrer.sla.single_3_sh.lowbed,1,1,0
69261,_nameless.183.3d29.9270,quarry,prague,lkwlog,brno,2,268,0,0,jcb_exc245xr,"""heavy/renault_6x4""",trailer.scs_lowbed_4,trailer_def.scs.lowbed.single_4_sh.short,1,1,0
69261,_nameless.183.3d29.a5f0,quarry,prague,brawen,ljubljana,0,729,0,0,empty_spool,scania_r2016_4x2_norm_370,trailer.kasbhr_sla,trailer_def.kassbohrer.sla.single_3_sh.lowbed,3,1,0
69261,_nameless.183.3d29.83d0,suprema,kaunas,dfh,rostock,1,1040,0,0,used_plast_c,mercedes_4x2,trailer.scs_gosck40,trailer_def.scs.gooseneck.singl_3e_40.container,30,1,0
69261,_nameless.183.3d29.7530,suprema,kaunas,renar,kotka,2,818,150,430,used_plast,daf_xgp_4x2_530,trailer.scs_curt_a,trailer_def.scs.box.single_3.curtain,33,1,0
69261,_nameless.183.3d29.72c0,suprema,kaunas,rt_log,nurnberg,2,1293,0,0,empty_palet,renault_premium_4x2_a,trailer.scs_curt,trailer_def.scs.box.single_3.curtain,33,1,0
69261,_nameless.183.3d29.9410,spinelli,cassino,icaria,heraklion,1,865,1110,1505,used_packag,daf_4x2_a,trailer.scs_dry_m,trailer_def.scs.box.single_3.dryvan_m,33,1,0
69261,_nameless.183.3d29.8e60,spinelli,cassino,vesna,bihac,2,1263,0,0,ter_forklift,scania_streamline_4x2_top_560,trailer.profilinehd,trailer_def.krone.profilinerhd.single_3.flatbed,2,1,0
69261,_nameless.183.3d29.94e0,spinelli,cassino,fallow,vlore,0,466,540,420,moto_tires,daf_6x2_a,trailer.krone.boxliner40,trailer_def.krone.boxliner.single_3_40.container,30,1,0
69261,_nameless.183.3d29.9a90,ai,skopje,tm_istanbul,istanbul,0,720,0,0,aircond,daf_xf_euro6_6x4_c,trailer.scs_lowlow2e,trailer_def.scs.lowloader.single_2_ln.long,5,1,0
69261,_nameless.183.3d29.9dd0,ai,skopje,eumefa,sarajevo,2,569,0,0,fueltanker,mercedes_actros_2014_4x2_b,trailer.kasbhr_shg40,trailer_def.kassbohrer.shg.singl_3e_40.container,80,1,0
69261,_nameless.183.3d29.8570,ai,skopje,tesore_gust,napoli,1,649,540,420,ter_forklift,scania_r2016_6x4_high_660,trailer.scs_flat_b,trailer_def.scs.flatbed.single_3.flatbed_w,2,1,0
69261,_nameless.183.3d29.a110,gnt,jonkoping,renar,parnu,1,517,570,1270,oil_filt_c,scania_streamline_4x2_top_560,trailer.scs_gosck220,trailer_def.scs.gooseneck.singl_3e_220.container,30,1,0
69261,_nameless.183.3d29.84a0,gnt,jonkoping,sellplan,nurnberg,0,1118,105,404,fresh_fish,daf_xd25,trailer.scs_ref_s,trailer_def.scs.box.single_3.reefer,33,1,0
69261,_nameless.183.3d29.90d0,gnt,jonkoping,ns_chem,stockholm,0,344,0,0,hchemicals,iveco_6x2_a,trailer.scs_chemt,trailer_def.scs.chemtank.single_3.paint,99,1,0
69261,_nameless.183.3d29.76d0,gnt,jonkoping,tradeaux,prague,0,1047,105,404,furniture,daf_xf_euro6_4x2_a,trailer.scs_dry_s,trailer_def.scs.box.single_3.dryvan,33,1,0
69261,_nameless.183.3d29.8710,baltomors_ru,luga,nordic_ports,tornio,0,1094,0,0,lumber,scania_streamline_6x2_norm_440,trailer.scs_flat_b,trailer_def.scs.flatbed.single_3.flatbed_w,3,1,0
69261,_nameless.183.3d29.a1e0,baltomors_ru,luga,sal_fi,ivalo,0,1400,0,0,mulcher,"""heavy/man_tgx_euro6_8x4_xlx""",trailer.scs_lowlowd2,trailer_def.scs.lowloader.single_2_sh.short,1,1,0
69261,_nameless.183.3d29.7d50,granoro,magdeburg,sellplan,klagenfurt,0,933,0,0,canned_beans,man_4x2_a,trailer.kasbhr_shg45,trailer_def.kassbohrer.scs.single_3_13.curtain,34,1,0
69261,_nameless.183.3d29.7460,granoro,magdeburg,gnt,daugavpils,0,1222,0,0,vinegar,renault_magnum_6x2_a,trailer.kasbhr_sbt,trailer_def.kassbohrer.sbt.single_3_13.dryvan,34,1,0
69261,_nameless.183.3d29.8b20,granoro,magdeburg,stokes,cardiff,0,1258,35,300,pet_food,renault_premium_4x2_a,trailer.scs_dry_a,trailer_def.scs.box.single_3.dryvan,33,1,0
69261,_nameless.183.3d29.77a0,granoro,magdeburg,sellplan,olsztyn,0,645,0,0,olive_oil,mercedes_actros_2014_4x2_b,trailer.scs_dry_ms,trailer_def.scs.box.single_3.dryvan_m,33,1,0
69261,_nameless.183.3d29.a6c0,bcp,gdansk,transinet,frankfurt,0,983,0,0,vans_vt,man_4x2_c,trailer.truck_trans,trailer_def.vans_vt.truck_trans,100,1,0
69261,_nameless.183.3d29.b080,bcp,gdansk,posped,lodz,2,326,0,0,mondeos,daf_xgp25_4x2_530,trailer.car_trans,trailer_def.mondeos.car_trans,100,1,0
69261,_nameless.183.3d29.b220,ns_chem,pori,renar,arvidsjaur,0,444,300,680,boric_acid,daf_xd,trailer.scs_dry_a,trailer_def.scs.box.single_3.dryvan,33,1,0
69261,_nameless.183.3d29.cf60,ns_chem,pori,norse_rail,ostersund,0,556,300,680,hchemicals,daf_xf_euro6_6x2_a,trailer.ffb_tsaadr22,trailer_def.feldbinder.tsaadr.single_3_22a.22_3_1,73,1,0
69261,_nameless.183.3d29.c260,ns_chem,pori,ns_chem,riga,0,593,150,430,cyanide,volvo_fh16_6x4_700,trailer.krone.boxliner40,trailer_def.krone.boxliner.single_3_40.container,80,1,0
69261,_nameless.183.3d29.d370,ns_chem,pori,nbfc,liverpool,2,1437,1680,2484,nitrogen,volvo_fh16_4x2_540,trailer.kasbhr_shg40,trailer_def.kassbohrer.shg.singl_3e_40.container,80,1,0
69261,_nameless.183.3d29.c5a0,bhv,stockholm,transinet,szczecin,0,1027,105,404,car_d,iveco_4x2_b,trailer.car_trans,trailer_def.car_d.car_trans,100,1,0
69261,_nameless.183.3d29.d510,sag_tre_pln,steinkjer,ika_ru,petersburg,0,1319,570,1270,furniture,mercedes_4x2_a,trailer.kasbhr_scs,trailer_def.kassbohrer.scs.single_3_13.curtain,34,1,0
69261,_nameless.183.3d29.d6b0,sag_tre_pln,steinkjer,polar_fish,honningsvag,1,1587,0,0,ter_forklift,scania_streamline_6x2_norm_440,trailer.profilinehd,trailer_def.krone.profilinerhd.single_3.flatbed,2,1,0
69261,_nameless.183.3d29.b7d0,sag_tre_pln,steinkjer,nord_crown,bergen,1,678,105,149,forklifts,mercedes_6x4_a,trailer.scs_lowbed41,trailer_def.scs.lowbed.single_41_ln.long,5,1,0
69261,_nameless.183.3d29.d5e0,sag_tre_pln,steinkjer,blt_yacht,tallinn,2,902,570,1270,empty_spool,daf_xd25,trailer.profilinehd,trailer_def.krone.profilinerhd.single_3.flatbed,4,1,0
69261,_nameless.183.3d29.bd80,st_roza_bg,burgas,cemelt_fla,timisoara,1,978,0,0,plast_pipes,daf_xf_euro6_4x2_a,trailer.profilinehd,trailer_def.krone.profilinerhd.single_3.flatbed,4,1,0
69261,_nameless.183.3d29.ce90,st_roza_bg,burgas,ccg_bas,pristina,2,648,0,0,concr_cent,daf_xf_4x2_370,trailer.profilinehd,trailer_def.krone.profilinerhd.single_3.flatbed,7,1,0
69261,_nameless.183.3d29.d780,st_roza_bg,burgas,balkan_loco,sarajevo,2,866,0,0,concr_beams2,volvo_fh2024_6x2_500,trailer.profilinehd,trailer_def.krone.profilinerhd.single_3.flatbed,2,1,0
69261,_nameless.183.3d29.d850,st_roza_bg,burgas,c_navale,messina,0,1341,590,1092,iron_pipes,renault_t_4x2,trailer.scs_log,trailer_def.scs.log.single_3.steel,28,1,0
69261,_nameless.183.3d29.d2a0,ns_oil,sundsvall,tree_et,leipzig,0,1554,105,404,ethane,scania_r2016_4x2_norm_370,trailer.scs_gastank,trailer_def.scs.gastank.single_3.gastank,40,1,0
69261,_nameless.183.3d29.c4d0,ns_oil,sundsvall,ns_oil,paldiski,0,409,570,1270,petrol,renault_t_6x2,trailer.willig.fuel_cistern,trailer_def.scs.fueltank.single_3.fueltank,30,1,0
69261,_nameless.183.3d29.d440,ika_bohag,bologna,transinet,mannheim,0,836,0,0,pot_flowers,mercedes_actros_2014_4x2_a,trailer.scs_ref,trailer_def.scs.box.single_3.reefer,33,1,0
69261,_nameless.183.3d29.b560,ika_bohag,bologna,rt_log,linz,2,724,0,0,empty_palet,volvo_fh2012_4x2_750,trailer.dryliner17,trailer_def.krone.dryliner.single_3.dryvan,33,1,0
69261,_nameless.183.3d29.a930,ika_bohag,bologna,wilnet_trans,porto_vecchi,1,704,840,1193,used_packag,renault_magnum_4x2_a,trailer.scs_dry,trailer_def.scs.box.single_3.dryvan,33,1,0
69261,_nameless.183.3d29.aad0,trameri,joensuu,norrsken,karlstad,1,910,540,1170,chimney_syst,volvo_fh2012_4x2_750,trailer.profiliner17,trailer_def.krone.profiliner.single_3.curtain,33,1,0
69261,_nameless.183.3d29.bb10,trameri,joensuu,renar,arvidsjaur,1,662,0,0,roof_tiles,daf_xd_2,trailer.scs_dry_s,trailer_def.scs.box.single_3.dryvan,32,1,0
69261,_nameless.183.3d29.aee0,trameri,joensuu,egres,kokkola,2,412,0,0,emptytank,renault_premium_4x2_a,trailer.scs_flat_b,trailer_def.scs.flatbed.single_3.flatbed_w,1,1,0
69261,_nameless.183.3d29.d9f0,trameri,joensuu,ns_oil,tallinn,0,593,150,430,empty_palet,scania_s2016_6x4_high_730,trailer.profiliner17,trailer_def.krone.profiliner.single_3.curtain,33,1,0
69261,_nameless.183.3d29.a860,trameri,joensuu,gnt,helsingborg,1,1198,540,1170,used_plast_c,scania_r_6x2_high_500,trailer.scs_gosck40,trailer_def.scs.gooseneck.singl_3e_40.container,30,1,0
69261,_nameless.183.3d29.d100,lintukainen,tallinn,nch,turku,0,284,150,430,wooden_beams,daf_xf_euro6_4x2_a,trailer.profiliner17,trailer_def.krone.profiliner.single_3.curtain,2,1,0
69261,_nameless.183.3d29.b970,lintukainen,tallinn,renar,tornio,1,779,150,430,mulcher,"""heavy/iveco_6x4""",trailer.scs_lowlowd2,trailer_def.scs.lowloader.single_2_sh.short,1,1,0
69261,_nameless.183.3d29.d1d0,lintukainen,tallinn,baltomors_ru,luga,2,318,0,0,logs,scania_s_2024e,trailer.scs_log,trailer_def.scs.log.single_3.steel,32,1,0
69261,_nameless.183.3d29.bbe0,rock_eater,burgas,icaria,mitilini,2,505,730,1440,jcb_pw125qe,daf_xf_euro6_4x2_b,trailer.profilinehd,trailer_def.krone.profilinerhd.single_3.flatbed,24,1,0
69261,_nameless.183.3d29.c330,rock_eater,burgas,tree_et,bratislava,0,1408,0,0,jcb_exc245xr,"""heavy/iveco_6x4""",trailer.kasbhr_slle,trailer_def.kassbohrer.sll.single_3_ln.low,1,1,0
69261,_nameless.183.3d29.ac70,rock_eater,burgas,balkan_loco,ruse,0,310,0,0,gravel,iveco_4x2_b,trailer.scs_dumper,trailer_def.scs.dumper.single_3.steel,13,1,0
69261,_nameless.183.3d29.aba0,rock_eater,burgas,rt_log,linz,1,1561,0,0,marb_slab,renault_t_6x2,trailer.scs_flat_b,trailer_def.scs.flatbed.single_3.flatbed_w,3,1,0
69261,_nameless.183.3d29.d920,rock_eater,burgas,posped,katowice,1,1557,0,0,empty_barr,daf_xf_euro6_6x4_c,trailer.scs_dry_ms,trailer_def.scs.box.single_3.dryvan_m,33,1,0
69261,_nameless.183.3d29.ad40,itcc,osnabruck,lisette_log,lemans,0,866,0,0,metal_beams,daf_xf_euro6_4x2_b,trailer.profilinehd,trailer_def.krone.profilinerhd.single_3.flatbed,1,1,0
69261,_nameless.183.3d29.c740,itcc,osnabruck,brawen,ljubljana,0,1092,0,0,mtl_coil,mercedes_4x2_c,trailer.profilinehd,trailer_def.krone.profilinerhd.single_3.flatbed,1,1,0
69261,_nameless.183.3d29.b2f0,itcc,osnabruck,lisette_log,bordeaux,1,1390,0,0,largetubes,iveco_sway_4x2_580,trailer.scs_log,trailer_def.scs.log.single_3.steel,6,1,0
69261,_nameless.183.3d29.ae10,cont_port_it,livorno,nbfc,calais,0,1363,0,0,arsenic,daf_xgp_4x2_530,trailer.krone.boxliner20,trailer_def.krone.boxliner.single_3.container,40,1,0
69261,_nameless.183.3d29.afb0,cont_port_it,livorno,acc,taranto,2,783,0,0,lumber_p,man_tgx_2020,trailer.profilinehd,trailer_def.krone.profilinerhd.single_3.flatbed,6,1,0
69261,_nameless.183.3d29.c400,cont_port_it,livorno,villco,nis,2,1488,0,0,salt_spice_c,volvo_fh2024_4x2_780,trailer.kasbhr_shg40,trailer_def.kassbohrer.shg.singl_3e_40.container,30,1,0
69261,_nameless.183.3d29.c8e0,dfh,rostock,nch,vilnius,1,1151,0,0,car_d,scania_streamline_6x2_norm_440,trailer.car_trans,trailer_def.car_d.car_trans,100,1,0
69261,_nameless.183.3d29.b150,dfh,rostock,stokes,amsterdam,2,636,0,0,concr_stair,volvo_fh2012_6x2_500,trailer.profilinehd,trailer_def.krone.profilinerhd.single_3.flatbed,3,1,0
69261,_nameless.183.3d29.cc20,dfh,rostock,norrsken,malmo,1,196,105,404,logs,renault_premium_6x2_a,trailer.scs_log,trailer_def.scs.log.single_3.steel,32,1,0
69261,_nameless.183.3d29.b630,ns_oil,istanbul,itcc,ljubljana,1,1509,0,0,lpg_t,iveco_4x2_c,trailer.scs_gastank,trailer_def.scs.gastank.single_3.gastank,40,1,0
69261,_nameless.183.3d29.bf20,ns_oil,istanbul,ai,ljubljana,1,1438,0,0,ethane,scania_streamline_4x2_norm_380,trailer.scs_gastank,trailer_def.scs.gastank.single_3.gastank,40,1,0
69261,_nameless.183.3d29.be50,ns_oil,istanbul,cnp,athens,0,1135,0,0,motor_oil_c,volvo_fh2012_6x2_500,trailer.krone.boxliner20,trailer_def.krone.boxliner.single_3.container,15,1,0
69261,_nameless.183.3d29.b3c0,ns_oil,istanbul,cnp_str,vlore,0,1092,0,0,propane,daf_xf_euro6_4x2_c,trailer.scs_gastank,trailer_def.scs.gastank.single_3.gastank,40,1,0
69261,_nameless.183.3d29.bff0,shuttle,cordoba,te_logistica,messina,1,774,1557,1788,used_plast_c,scania_streamline_4x2_norm_380,trailer.krone.boxliner40,trailer_def.krone.boxliner.single_3_40.container,30,1,0
69261,_nameless.183.3d29.c0c0,shuttle,cordoba,trans_cab,barcelona,0,859,0,0,limonades,renault_t_4x2,trailer.dryliner17,trailer_def.krone.dryliner.single_3.dryvan,33,1,0
69261,_nameless.183.3d29.c190,shuttle,cordoba,te_logistica,messina,2,774,1557,1788,carb_water,man_tgx_2020,trailer.scs_curt,trailer_def.scs.box.single_3.curtain,33,1,0
69261,_nameless.183.3d29.c9b0,shuttle,cordoba,tree_et,teruel,1,660,0,0,forklifts,volvo_fh2021_4x2_420,trailer.scs_lowbed41,trailer_def.scs.lowbed.single_41_ln.long,5,1,0
69261,_nameless.183.3d29.b490,shuttle,cordoba,trans_cab,valladolid,0,639,0,0,iced_coffee,volvo_fh2012_4x2_420,trailer.profiliner17,trailer_def.krone.profiliner.single_3.curtain,33,1,0
69261,_nameless.183.3d29.ccf0,domdepo,burgos,domdepo,villarreal,0,610,0,0,rooflights,man_tgx_2020_4x2,trailer.scs_dry_s,trailer_def.scs.box.single_3.dryvan,33,1,0
69261,_nameless.183.3d29.cb50,domdepo,burgos,nos_pat,clermont,1,830,0,0,wooden_beams,daf_xd_2,trailer.profilinehd,trailer_def.krone.profilinerhd.single_3.flatbed,2,1,0
69261,_nameless.183.3d29.cdc0,domdepo,burgos,trans_cab,murcia,0,659,0,0,sandwch_pnls,"""double/iveco_h_4x2_a""",trailer.scs_dry_2,trailer_def.scs.box.double_3_2.dryvan,52,1,0
69261,_nameless.17f.7a09.3e10,domdepo,burgos,pp_chimica,olbia,0,753,720,827,largetubes,volvo_fh16_6x4_700,trailer.scs_log,trailer_def.scs.log.single_3.steel,6,1,0
69261,_nameless.183.4bfd.76f0,renar,steinkjer,ateria,lahti,0,960,300,680,flour,renault_premium_6x4_a,trailer.scs_dry_a,trailer_def.scs.box.single_3.dryvan,33,1,0
69261,_nameless.183.4bfd.5670,renar,steinkjer,sal_fi,joensuu,2,1328,0,0,fresh_fish,scania_r2016_4x2_high_500,trailer.scs_ref_a,trailer_def.scs.box.single_3.reefer,33,1,0
69261,_nameless.183.4bfd.6850,bhv,falun,nch,vilnius,2,676,510,1110,car_f,mercedes_actros_2014_6x2_a,trailer.car_trans,trailer_def.car_f.car_trans,100,1,0
69261,_nameless.183.4bfd.5cf0,bhv,falun,stokes,poznan,0,1357,105,404,caravans,man_tgx_euro6_6x4_xlx,trailer.truck_trans,trailer_def.caravans.truck_trans,100,1,0
69261,_nameless.183.4bfd.6c60,bhv,falun,rt_log,nurnberg,2,1518,105,404,car_ibe,mercedes_4x2_c,trailer.car_trans,trailer_def.car_ibe.car_trans,100,1,0
69261,_nameless.183.4bfd.69f0,norrsken,karlskrona,posped,warszawa,2,347,630,790,moto_tires,daf_xg_4x2_450,trailer.kasbhr_shg40,trailer_def.kassbohrer.shg.singl_3e_40.container,30,1,0
69261,_nameless.183.4bfd.6fa0,norrsken,karlskrona,sellplan,klagenfurt,0,1548,105,404,atl_cod_flt,iveco_4x2_c,trailer.scs_ref,trailer_def.scs.box.single_3.reefer,33,1,0
69261,_nameless.183.4bfd.6780,norrsken,karlskrona,tradeaux,grimsby,2,723,1140,1314,post_packag,scania_s2016_6x4_high_730,trailer.kasbhr_scs,trailer_def.kassbohrer.scs.single_3_13.curtain,34,1,0
69261,_nameless.183.4bfd.73b0,norrsken,karlskrona,dfh,nurnberg,1,1092,105,404,used_plast_c,mercedes_actros_2014_6x4_b,trailer.krone.boxliner20,trailer_def.krone.boxliner.single_3.container,15,1,0
69261,_nameless.183.4bfd.7480,villco_mkt,novi_sad,eolo_lines,palermo,2,1381,560,767,used_plast,daf_6x2_a,trailer.scs_dry_m,trailer_def.scs.box.single_3.dryvan_m,33,1,0
69261,_nameless.183.4bfd.5400,villco_mkt,novi_sad,rt_log,linz,2,697,0,0,used_plast_c,scania_s2016_6x2_high_460,trailer.krone.boxliner20,trailer_def.krone.boxliner.single_3.container,15,1,0
69261,_nameless.183.4bfd.5a80,villco_mkt,novi_sad,eolo_lines,sangiovanni,2,1170,540,420,empty_palet,daf_xf_euro6_4x2_a,trailer.scs_dry,trailer_def.scs.box.single_3.dryvan,33,1,0
69261,_nameless.183.4bfd.5810,villco_mkt,novi_sad,gnt,panevezys,0,1419,0,0,used_packag,mercedes_4x2_b,trailer.scs_dry_s,trailer_def.scs.box.single_3.dryvan,33,1,0
69261,_nameless.183.4bfd.66b0,nord_sten,linkoping,sal_fi,pori,2,454,540,1170,crawler,"""heavy/renault_6x4""",trailer.kasbhr_slle,trailer_def.kassbohrer.sll.single_3_ln.low,1,1,0
69261,_nameless.183.4bfd.50c0,nord_sten,linkoping,renar,vaxjo,0,281,0,0,jcb_dmphtd5e,daf_xf_4x2_370,trailer.scs_flat_b,trailer_def.scs.flatbed.single_3.flatbed_w,7,1,0
69261,_nameless.183.4bfd.6d30,lavish_food,murcia,lisette_log,larochelle,0,1321,0,0,canned_beans,volvo_fh2024_4x2_780,trailer.kasbhr_shg45,trailer_def.kassbohrer.scs.single_3_13.curtain,34,1,0
69261,_nameless.183.4bfd.7bd0,lavish_food,murcia,stokes,plymouth,0,871,1076,1172,cott_cheese,mercedes_6x4_a,trailer.scs_ins_a,trailer_def.scs.box.single_3.insulated,33,1,0
69261,_nameless.183.4bfd.4be0,quarry,reims,rt_log,hamburg,0,719,0,0,stone_dust,man_tgx_2020,trailer.ffb_kip60,trailer_def.feldbinder.kip.single_3_60.silo_60_3p,13,1,0
69261,_nameless.183.4bfd.6030,quarry,reims,adrica,rijeka,1,1267,0,0,empty_spool,daf_xf_4x2_370,trailer.kasbhr_sla,trailer_def.kassbohrer.sla.single_3_sh.lowbed,3,1,0
69261,_nameless.183.4bfd.6ed0,quarry,reims,lkwlog,nurnberg,1,597,0,0,jcb_dmphtd5e,daf_xf_euro6_6x4_c,trailer.scs_flat_b,trailer_def.scs.flatbed.single_3.flatbed_w,7,1,0
69261,_nameless.183.4bfd.77c0,ateria,oulu,polarislines,helsinki,1,657,0,0,soy_milk,scania_streamline_4x2_top_560,trailer.scs_dry_ms,trailer_def.scs.box.single_3.dryvan_m,33,1,0
69261,_nameless.183.4bfd.6e00,ateria,oulu,rosmark_ru,kaliningrad,1,1406,150,430,large_cont,volvo_fh2012_4x2_750,trailer.scs_flat_b,trailer_def.scs.flatbed.single_3.flatbed_w,33,1,0
69261,_nameless.183.4bfd.62a0,fle,nis,eolo_lines,messina,1,907,560,767,comp_process,daf_xf_euro6_6x4_c,trailer.kasbhr_sbt,trailer_def.kassbohrer.sbt.single_3_13.dryvan,34,1,0
69261,_nameless.183.4bfd.6b90,fle,nis,transinet,debrecen,2,669,0,0,cut_flowers,volvo_fh2021_6x2_540,trailer.scs_ref_s,trailer_def.scs.box.single_3.reefer,33,1,0
69261,_nameless.183.4bfd.61d0,fle,nis,cargotras,catanzaro,2,822,540,420,post_packag,scania_s2016_4x2_norm_370,trailer.kasbhr_scs,trailer_def.kassbohrer.scs.single_3_13.curtain,34,1,0
69261,_nameless.183.4bfd.6370,fle,nis,fle,cluj_napoca,0,708,0,0,med_vaccine,mercedes_actros_2014_6x4_b,trailer.scs_ins,trailer_def.scs.box.single_3.insulated,33,1,0
69261,_nameless.183.4bfd.6440,posped,lodz,norrsken,stockholm,2,1401,105,404,jcb_dmphtd5e,scania_s2016_4x2_high_590,trailer.profilinehd,trailer_def.krone.profilinerhd.single_3.flatbed,7,1,0
69261,_nameless.183.4bfd.5e90,posped,lodz,norr_food,odense,1,843,105,404,aircond,volvo_fh2024_4x2_780,trailer.scs_lowlow4e,trailer_def.scs.lowloader.single_4_ln.long,2,1,0
69261,_nameless.183.4bfd.6510,posped,lodz,tree_et,salzburg,2,999,0,0,vol_ew240emh,"""heavy/renault_6x4""",trailer.scs_lowbed_3,trailer_def.scs.lowbed.single_3.short,1,1,0
69261,_nameless.183.4bfd.7070,bhv,vilnius,gnt,uppsala,0,560,510,1110,volvo_cars,mercedes_actros_2014_4x2_c,trailer.car_trans,trailer_def.volvo_cars.car_trans,100,1,0
69261,_nameless.183.4bfd.4e50,bhv,vilnius,nordic_ports,tornio,0,1294,150,430,car_balt2,iveco_4x2_b,trailer.van_trans,trailer_def.car_balt2.van_trans,100,1,0
69261,_nameless.183.4bfd.4f20,blt_ru,pskov,transinet,bialystok,1,723,0,0,mulcher,"""heavy/man_tgx_2020_8x4""",trailer.scs_lowlow2e,trailer_def.scs.lowloader.single_2_ln.long,1,1,0
69261,_nameless.183.4bfd.7d70,blt_ru,pskov,norrsken,karlskrona,0,918,570,1270,outdr_flr_tl,scania_r2016_6x2_high_460,trailer.scs_dry_m,trailer_def.scs.box.single_3.dryvan_m,32,1,0
69261,_nameless.183.4bfd.5190,blt_ru,pskov,renor,ornskoldsvik,2,831,570,1270,sawpanels,daf_4x2_b,trailer.kasbhr_scs,trailer_def.kassbohrer.scs.single_3_13.curtain,34,1,0
69261,_nameless.183.4bfd.65e0,mjolnir_min,joensuu,konstnr_hal,kiruna,0,739,0,0,mob_crusher,"""heavy/scania_r_6x4_top_730""",trailer.scs_lowbed_4,trailer_def.scs.lowbed.single_4_sh.short,1,1,0
69261,_nameless.183.4bfd.72e0,mjolnir_min,joensuu,norrsken,karlstad,1,911,540,1170,empty_spool,scania_r_4x2_norm_360,trailer.scs_lowbed_4,trailer_def.scs.lowbed.single_4_sh.short,3,1,0
69261,_nameless.183.4bfd.6ac0,agrominta_a,utena,eurogoodies,dortmund,0,1484,0,0,chicken_meat,man_4x2_a,trailer.scs_ref,trailer_def.scs.box.single_3.reefer,33,1,0
69261,_nameless.183.4bfd.7550,agrominta_a,utena,norr_food,vasteraas,2,589,510,1110,drymilk,daf_6x2_a,trailer.scs_curt_a,trailer_def.scs.box.single_3.curtain,33,1,0
69261,_nameless.183.4bfd.58e0,agrominta_a,utena,balkan_loco,ljubljana,1,1556,0,0,disc_harrows,volvo_fh2021_6x2_540,trailer.scs_lowlowd4,trailer_def.scs.lowloader.single_4_sh.short,1,1,0
69261,_nameless.183.4bfd.5c20,agrominta_a,utena,lkwlog,kosice,0,954,0,0,jcb_ft4220,daf_6x2_a,trailer.kasbhr_slle,trailer_def.kassbohrer.sll.single_3_ln.low,1,1,0
69261,_nameless.183.4bfd.4ff0,dfh,hamburg,norr_food,helsingborg,2,587,0,0,olive_oil_t,renault_magnum_6x4_a,trailer.scs_fodt,trailer_def.scs.foodtank.single_3.paint,25,1,0
69261,_nameless.183.4bfd.5330,dfh,hamburg,posped,bystrica,0,1068,0,0,driller,volvo_fh16_6x4_700,trailer.scs_lowbed41,trailer_def.scs.lowbed.single_41_ln.long,1,1,0
69261,_nameless.183.4bfd.7890,dfh,hamburg,te_logistica,firenze,1,1361,0,0,iron_pipes,renault_t_4x2,trailer.scs_log,trailer_def.scs.log.single_3.steel,28,1,0
69261,_nameless.183.4bfd.5260,icaria,chania,cargotras,sassari,0,956,1950,2450,oranges,renault_premium_4x2_c,trailer.scs_ins,trailer_def.scs.box.single_3.insulated,33,1,0
69261,_nameless.183.4bfd.7960,icaria,chania,domdepo,pitesti,1,1244,540,826,iron_pipes,iveco_sway_4x2_460,trailer.scs_log,trailer_def.scs.log.single_3.steel,28,1,0
69261,_nameless.183.4bfd.7b00,icaria,chania,icaria,chios,0,11,1080,1666,ibc_cont,volvo_fh2024_4x2_420,trailer.kasbhr_scs,trailer_def.kassbohrer.scs.single_3_13.curtain,34,1,0
69261,_nameless.183.4bfd.7e40,icaria,chania,te_logistica,napoli,0,744,1110,1571,plast_film,volvo_fh2012_4x2_420,trailer.kasbhr_shg45,trailer_def.kassbohrer.scs.single_3_13.curtain,34,1,0
69261,_nameless.183.4bfd.4b10,icaria,chania,sanbuild_hms,beograd,0,1066,540,826,tractors,mercedes_4x2,trailer.kasbhr_sla,trailer_def.kassbohrer.sla.single_3_sh.lowbed,1,1,0
69261,_nameless.183.4bfd.55a0,marina,ajaccio,rt_log,sevilla,0,977,930,1182,yacht,scania_r_4x2_top_480,trailer.scs_lowbed_4,trailer_def.scs.lowbed.single_4_sh.short,1,1,0
69261,_nameless.183.4bfd.5740,cnp,algeciras,posped,swansea,2,1350,1076,1172,fuel_oil,mercedes_4x2_c,trailer.willig.fuel_cistern,trailer_def.scs.fueltank.single_3.fueltank,27,1,0
69261,_nameless.183.4bfd.5dc0,cnp,algeciras,eolo_lines,palermo,1,757,1557,1788,empty_spool,volvo_fh2021_4x2_750,trailer.scs_lowbed41,trailer_def.scs.lowbed.single_41_ln.long,4,1,0
69261,_nameless.183.4bfd.b0a0,cnp,algeciras,marmo,sassari,1,1175,720,827,jcb_dmp6t2,"""heavy/scania_streamline_8x4_top_730""",trailer.scs_lowlowd4,trailer_def.scs.lowloader.single_4_sh.short,1,1,0
69261,_nameless.183.4bfd.91c0,canteras_ds,murcia,quarry,lyon,0,1366,0,0,jcb_exc245xr,"""heavy/scania_r2016_8x4_high_730""",trailer.scs_lowbed_3,trailer_def.scs.lowbed.single_3.short,1,1,0
69261,_nameless.183.4bfd.9c50,balkan_loco,skopje,baltrak,tekirdag,0,699,0,0,czl_muv75,"""heavy/man_6x4""",trailer.scs_lowbed_4,trailer_def.scs.lowbed.single_4_sh.short,1,1,0
69261,_nameless.183.4bfd.9770,balkan_loco,skopje,eolo_lines,sangiovanni,0,781,540,420,motorcycles,daf_xg_4x2_450,trailer.scs_curt_a,trailer_def.scs.box.single_3.curtain,33,1,0
69261,_nameless.183.4bfd.9290,balkan_loco,skopje,stokes,warszawa,1,1459,0,0,soy_milk_t,iveco_4x2_c,trailer.scs_fodt,trailer_def.scs.foodtank.single_3.paint,23,1,0
69261,_nameless.183.4bfd.a880,quarry,wroclaw,blt,siauliai,1,843,0,0,jcb_bhl4cx,mercedes_6x2_b,trailer.scs_lowbed_3,trailer_def.scs.lowbed.single_3.short,1,1,0
69261,_nameless.183.4bfd.8180,quarry,wroclaw,quarry,reims,2,1006,0,0,jcb_exc245xr,"""heavy/man_tgx_2020_8x4""",trailer.scs_lowbed_4,trailer_def.scs.lowbed.single_4_sh.short,1,1,0
69261,_nameless.183.4bfd.95d0,ns_chem,chios,balkan_loco,craiova,2,688,690,1521,sodium,renault_magnum_6x2_a,trailer.scs_gosck20,trailer_def.scs.gooseneck.singl_3e_20.container,40,1,0
69261,_nameless.183.4bfd.8590,ns_chem,chios,bcp,kosice,0,1251,690,1521,carbn_pwdr_c,iveco_h_4x2_a,trailer.krone.boxliner40,trailer_def.krone.boxliner.single_3_40.container,30,1,0
69261,_nameless.183.4bfd.9360,ns_chem,chios,low_field,mostar,0,967,690,1521,pesticide,scania_s2016_6x4_high_730,trailer.krone.boxliner40,trailer_def.krone.boxliner.single_3_40.container,80,1,0
69261,_nameless.183.4bfd.a7b0,byggpro,falun,agrominta,utena,0,712,510,1110,wooden_beams,mercedes_actros_2014_6x2_a,trailer.scs_log,trailer_def.scs.log.single_3.steel,2,1,0
69261,_nameless.183.4bfd.9500,byggpro,falun,gnt,helsingborg,2,597,0,0,cement,daf_xd_2,trailer.ffb_kip60,trailer_def.feldbinder.kip.single_3_60.silo_60_3p,19,1,0
69261,_nameless.183.4bfd.a3a0,byggpro,falun,tradeaux,grimsby,0,1143,1140,1314,sandwch_pnls,man_tgx_euro6_6x4_xlx,trailer.dryliner17,trailer_def.krone.dryliner.single_3.dryvan,33,1,0
69261,_nameless.183.4bfd.a950,byggpro,falun,renar,parnu,1,365,570,1270,largetubes,scania_r2016_6x4_high_660,trailer.scs_flat_b,trailer_def.scs.flatbed.single_3.flatbed_w,6,1,0
69261,_nameless.183.4bfd.a540,lkwlog,brno,te_logistica,parma,0,925,0,0,oil,iveco_sway_4x2_500,trailer.willig.fuel_cistern,trailer_def.scs.fueltank.single_3.fueltank,30,1,0
69261,_nameless.183.4bfd.7f10,lkwlog,brno,dans_jardin,bourges,2,1447,0,0,tractors,scania_r_4x2_top_480,trailer.scs_lowlowd2,trailer_def.scs.lowloader.single_2_sh.short,1,1,0
69261,_nameless.183.4bfd.8730,lkwlog,brno,villco,beograd,1,671,0,0,limonades,iveco_sway_4x2_500,trailer.kasbhr_scs,trailer_def.kassbohrer.scs.single_3_13.curtain,32,1,0
69261,_nameless.183.4bfd.ac90,lkwlog,brno,balkan_loco,craiova,2,965,0,0,can_sardines,man_6x4_b,trailer.scs_dry_a,trailer_def.scs.box.single_3.dryvan,33,1,0
69261,_nameless.183.4bfd.80b0,lkwlog,brno,te_logistica,firenze,0,924,0,0,backfl_prev,scania_r2016_4x2_high_500,trailer.profiliner17,trailer_def.krone.profiliner.single_3.curtain,33,1,0
69261,_nameless.183.4bfd.a060,nosko,utena,gnt,helsingborg,1,947,510,1110,sausages,renault_magnum_6x4_a,trailer.coolliner17,trailer_def.krone.coolliner.single_3.reefer,33,1,0
69261,_nameless.183.4bfd.9b80,nosko,utena,suprema,jyvaskyla,0,881,150,430,icecream,volvo_fh2012_6x2_500,trailer.scs_ref_a,trailer_def.scs.box.single_3.reefer,33,1,0
69261,_nameless.183.4bfd.a610,kaarfor,craiova,adrica,zadar,0,1108,0,0,used_plast_c,iveco_4x2_b,trailer.krone.boxliner40,trailer_def.krone.boxliner.single_3_40.container,30,1,0
69261,_nameless.183.4bfd.9d20,kaarfor,craiova,lognstick,tekirdag,0,758,0,0,used_packag,scania_s2016_4x2_high_590,trailer.scs_curt_a,trailer_def.scs.box.single_3.curtain,33,1,0
69261,_nameless.183.4bfd.9df0,kaarfor,craiova,subse,skopje,2,512,0,0,empty_palet,man_tgx_euro6_4x2_xl,trailer.scs_dry,trailer_def.scs.box.single_3.dryvan,33,1,0
69261,_nameless.183.4bfd.96a0,villco_mkt,mitilini,tradeaux,budapest,1,1019,730,1440,used_plast,man_6x4_b,trailer.scs_dry_a,trailer_def.scs.box.single_3.dryvan,33,1,0
69261,_nameless.183.4bfd.9ec0,rt_log,rostock,rt_log,salzburg,0,873,0,0,straw_bales,scania_streamline_6x4_top_480,trailer.profiliner17,trailer_def.krone.profiliner.single_3.curtain,6,1,0
69261,_nameless.183.4bfd.af00,rt_log,rostock,freyr,mikkeli,1,1275,645,1574,kr_gx520,iveco_sway_4x2_580,trailer.scs_lowlow2e,trailer_def.scs.lowloader.single_2_ln.long,1,1,0
69261,_nameless.183.4bfd.84c0,rt_log,rostock,jastuk,tuzla,2,1469,0,0,sawpanels,scania_streamline_4x2_top_560,trailer.scs_curt,trailer_def.scs.box.single_3.curtain,33,1,0
69261,_nameless.183.4bfd.8320,rt_log,rostock,lkwlog,gdansk,0,586,0,0,nuts,scania_r2016_4x2_norm_370,trailer.kasbhr_scs,trailer_def.kassbohrer.scs.single_3_13.curtain,34,1,0
69261,_nameless.183.4bfd.ae30,imp_otel,craiova,te_logistica,napoli,0,973,540,420,metal_pipes,volvo_fh16_4x2_420,trailer.profilinehd,trailer_def.krone.profilinerhd.single_3.flatbed,1,1,0
69261,_nameless.183.4bfd.7fe0,imp_otel,craiova,cargotras,olbia,2,1226,1380,1299,cement,daf_xf_euro6_4x2_c,trailer.ffb_kip60,trailer_def.feldbinder.kip.single_3_60.silo_60_3p,16,1,0
69261,_nameless.183.4bfd.a6e0,imp_otel,craiova,icaria,kalamata,0,1385,0,0,empty_spool,daf_xf_4x2_370,trailer.scs_flat_b,trailer_def.scs.flatbed.single_3.flatbed_w,4,1,0
69261,_nameless.183.4bfd.99e0,imp_otel,craiova,posped,bratislava,0,825,0,0,largetubes,daf_xd25,trailer.scs_log,trailer_def.scs.log.single_3.steel,6,1,0
69261,_nameless.183.4bfd.b240,ukko,olkiluoto,renar,arvidsjaur,0,448,300,680,excavator,iveco_sway_4x2_460,trailer.scs_lowbed_4,trailer_def.scs.lowbed.single_4_sh.short,1,1,0
69261,_nameless.183.4bfd.9910,ukko,olkiluoto,ibp,mazeikiai,0,826,150,430,volvo_a25g,"""heavy/daf_6x4""",trailer.scs_lowbed_3,trailer_def.scs.lowbed.single_3.short,1,1,0
69261,_nameless.183.4bfd.b170,eviksi_a,ventspils,norrsken,karlskrona,2,491,510,1110,tractor_au,iveco_sway_4x2_460,trailer.kasbhr_sll,trailer_def.kassbohrer.sll.single_3_sh.low,1,1,0
69261,_nameless.183.4bfd.aa20,eviksi_a,ventspils,norse_rail,ostersund,0,569,510,1110,tractors,daf_xd_1,trailer.scs_lowbed_4,trailer_def.scs.lowbed.single_4_sh.short,1,1,0
69261,_nameless.183.4bfd.8660,eviksi_a,ventspils,tradeaux,prague,0,1230,0,0,kr_stc1370,volvo_fh2024_4x2_420,trailer.kasbhr_slle,trailer_def.kassbohrer.sll.single_3_ln.low,1,1,0
69261,_nameless.183.4bfd.aaf0,slava,zagreb,balkan_loco,craiova,0,821,0,0,car_balt2,renault_t_6x2,trailer.van_trans,trailer_def.car_balt2.van_trans,100,1,0
69261,_nameless.183.4bfd.ad60,slava,zagreb,dfh,hamburg,0,1210,0,0,car_gr,iveco_sway_4x2_460,trailer.car_trans,trailer_def.car_gr.car_trans,100,1,0
69261,_nameless.183.4bfd.83f0,slava,zagreb,drekkar,aarhus,2,1528,0,0,vans_vt,daf_4x2_a,trailer.truck_trans,trailer_def.vans_vt.truck_trans,100,1,0
69261,_nameless.183.4bfd.8800,shuttle,osijek,exomar,bologna,0,942,0,0,beverages_t,renault_premium_4x2_a,trailer.ffb_tsalm32,trailer_def.feldbinder.tsalm.single_3_32.32_3_2,23,1,0
69261,_nameless.183.4bfd.89a0,shuttle,osijek,transinet,szczecin,0,1157,0,0,used_plast,daf_xgp_4x2_530,trailer.dryliner17,trailer_def.krone.dryliner.single_3.dryvan,33,1,0
69261,_nameless.183.4bfd.8c10,shuttle,osijek,brawen,trikala,0,1061,0,0,bottle_water,mercedes_4x2,trailer.scs_dry_a,trailer_def.scs.box.single_3.dryvan,30,1,0
69261,_nameless.183.4bfd.8ce0,shuttle,osijek,posped,lodz,1,862,0,0,used_plast_c,daf_xf_euro6_4x2_c,trailer.krone.boxliner40,trailer_def.krone.boxliner.single_3_40.container,30,1,0
69261,_nameless.183.4bfd.8db0,shuttle,osijek,lkwlog,duisburg,1,1386,0,0,beverages_c,renault_magnum_6x4_a,trailer.scs_gosck20,trailer_def.scs.gooseneck.singl_3e_20.container,15,1,0
69261,_nameless.183.4bfd.8e80,shuttle,osijek,cargotras,pescara,0,1288,0,0,forklifts,iveco_6x2_a,trailer.scs_lowbed_3,trailer_def.scs.lowbed.single_3.short,4,1,0
69261,_nameless.183.4bfd.8f50,eppa,porto,cesta_sl,barcelona,2,1087,0,0,olive_oil_t,daf_xf_euro6_6x4_c,trailer.ffb_tsalm32,trailer_def.feldbinder.tsalm.single_3_32.32_3_2,30,1,0
69261,_nameless.183.4bfd.9020,eppa,porto,app,madrid,1,609,0,0,large_cont,daf_xd,trailer.kasbhr_sla,trailer_def.kassbohrer.sla.single_3_sh.lowbed,27,1,0
69261,_nameless.183.4bfd.90f0,trainfoundry,zagreb,exomar,taranto,0,1420,0,0,czl_es300,"""heavy/mercedes_6x4""",trailer.scs_lowbed_4,trailer_def.scs.lowbed.single_4_sh.short,1,1,0
69261,_nameless.183.4bfd.c280,trainfoundry,zagreb,tradeaux,ajaccio,0,1518,840,1193,hipresstank,daf_xf_euro6_4x2_c,trailer.scs_flat_b,trailer_def.scs.flatbed.single_3.flatbed_w,8,1,0
69261,_nameless.183.4bfd.d1f0,trainfoundry,zagreb,wilnet_trans,marseille,2,1362,0,0,train_part2,renault_premium_4x2_c,trailer.scs_flat_b,trailer_def.scs.flatbed.single_3.flatbed_w,3,1,0
69261,_nameless.183.4bfd.d600,trainfoundry,zagreb,betunia,zadar,2,373,0,0,empty_spool,renault_premium_6x2_a,trailer.scs_flat_b,trailer_def.scs.flatbed.single_3.flatbed_w,4,1,0
69261,_nameless.183.4bfd.c420,trainfoundry,zagreb,icaria,heraklion,2,1479,540,760,train_part,man_tgx_euro6_6x4_xlx,trailer.scs_flat_b,trailer_def.scs.flatbed.single_3.flatbed_w,5,1,0
69261,_nameless.183.4bfd.cc40,kaarfor,lublin,dfh,nurnberg,2,842,0,0,used_plast,scania_streamline_4x2_top_560,trailer.scs_curt,trailer_def.scs.box.single_3.curtain,33,1,0
69261,_nameless.183.4bfd.d390,kaarfor,lublin,tradeaux,pecs,1,807,0,0,used_packag,scania_streamline_6x2_norm_440,trailer.kasbhr_sbt,trailer_def.kassbohrer.sbt.single_3_13.dryvan,34,1,0
69261,_nameless.183.4bfd.d7a0,kaarfor,lublin,rt_log,geneve,0,1487,0,0,used_plast_c,volvo_fh2012_6x2_500,trailer.krone.boxliner220,trailer_def.krone.boxliner.single_3_220.container,30,1,0
69261,_nameless.183.4bfd.b580,domdepo,cluj_napoca,betunia,novi_sad,0,581,0,0,sq_tub,man_tgx_euro6_6x4_xlx,trailer.profilinehd,trailer_def.krone.profilinerhd.single_3.flatbed,2,1,0
69261,_nameless.183.4bfd.d530,domdepo,cluj_napoca,trameri,budapest,0,567,0,0,plastic_gra,daf_xd_2,trailer.ffb_eut35,trailer_def.feldbinder.eut.single_3_35.silo_35_3p,19,1,0
69261,_nameless.183.4bfd.d2c0,domdepo,cluj_napoca,lognstick,galati,1,531,0,0,wallpanels,man_4x2_c,trailer.panel_trans.wall,trailer_def.wallpanels.panel_trans.wall,93,1,0
69261,_nameless.183.4bfd.e570,domdepo,cluj_napoca,brawen,skopje,2,910,0,0,iron_pipes,daf_xgp25_4x2_530,trailer.scs_log,trailer_def.scs.log.single_3.steel,28,1,0
69261,_nameless.183.4bfd.caa0,fallow,istanbul,cargotras,palermo,0,1509,590,1092,mozzarela,scania_r2016_6x4_high_660,trailer.scs_ins_s,trailer_def.scs.box.single_3.insulated,33,1,0
69261,_nameless.183.4bfd.d460,fallow,istanbul,fle,podgorica,1,1147,0,0,air_mails,scania_r_6x4_top_620,trailer.scs_dry_m,trailer_def.scs.box.single_3.dryvan_m,33,1,0
69261,_nameless.183.4bfd.cb70,fallow,istanbul,subse,sofia,0,591,0,0,plast_film_c,daf_xd_2,trailer.krone.boxliner40,trailer_def.krone.boxliner.single_3_40.container,30,1,0
69261,_nameless.183.4bfd.e3d0,fallow,istanbul,brawen,lamia,1,854,0,0,gummy_bears,volvo_fh2021_6x2_540,trailer.scs_dry_m,trailer_def.scs.box.single_3.dryvan_m,33,1,0
69261,_nameless.183.4bfd.def0,lefko,kalamata,subse,brasov,0,1590,0,0,tomatoes,scania_r2016_6x4_high_660,trailer.scs_ins,trailer_def.scs.box.single_3.insulated,33,1,0
69261,_nameless.183.4bfd.b650,lefko,kalamata,villco,nis,0,1051,0,0,potatoes,man_4x2_a,trailer.profiliner17,trailer_def.krone.profiliner.single_3.curtain,33,1,0
69261,_nameless.183.4bfd.cd10,lefko,kalamata,crnodrvo_log,bijelo_polje,0,1380,0,0,cott_harvest,"""heavy/man_tgx_euro6_8x4_xlx""",trailer.kasbhr_slle,trailer_def.kassbohrer.sll.single_3_ln.low,1,1,0
69261,_nameless.183.4bfd.ba60,lefko,kalamata,villco,nis,1,1051,0,0,honey,mercedes_4x2_c,trailer.scs_dry_m,trailer_def.scs.box.single_3.dryvan_m,33,1,0
69261,_nameless.183.4bfd.b8c0,rock_eater,pirdop,rock_eat_str,beograd,1,763,0,0,stone_dust,man_6x4_b,trailer.ffb_eut35,trailer_def.feldbinder.eut.single_3_35.silo_35_3p,15,1,0
69261,_nameless.183.4bfd.d870,rock_eater,pirdop,sygomidi,trikala,0,786,0,0,emptytank,man_tgx_2020,trailer.scs_flat_b,trailer_def.scs.flatbed.single_3.flatbed_w,1,1,0
69261,_nameless.183.4bfd.e300,rt_log,geneve,lkwlog,luxembourg,0,527,0,0,radiators,renault_magnum_6x4_a,trailer.scs_dry_ms,trailer_def.scs.box.single_3.dryvan_m,33,1,0
69261,_nameless.183.4bfd.e4a0,rt_log,geneve,kaarfor,ajaccio,0,610,840,1193,mason_jars,iveco_4x2_b,trailer.kasbhr_sbt,trailer_def.kassbohrer.sbt.single_3_13.dryvan,34,1,0
69261,_nameless.183.4bfd.ceb0,rt_log,geneve,adrica,split,1,1498,0,0,canned_tuna,volvo_fh16_4x2_540,trailer.scs_ref_a,trailer_def.scs.box.single_3.reefer,33,1,0
69261,_nameless.183.4bfd.d050,cnp,a_coruna,globeur,bourges,2,1374,0,0,empty_spool,volvo_fh2024_6x2_500,trailer.scs_lowbed_4,trailer_def.scs.lowbed.single_4_sh.short,3,1,0
69261,_nameless.183.4bfd.dc80,cnp,a_coruna,trans_cab,algeciras,0,1124,0,0,fueltanker,daf_xd_1,trailer.krone.boxliner40,trailer_def.krone.boxliner.single_3_40.container,80,1,0
69261,_nameless.183.4bfd.d6d0,cnp,a_coruna,fle,brest,2,1585,0,0,large_cont,man_4x2_a,trailer.scs_flat_b,trailer_def.scs.flatbed.single_3.flatbed_w,33,1,0
69261,_nameless.183.4bfd.cde0,mvm_carriere,porto_vecchi,globeur,montpellier,0,256,840,1193,jcb_exc245xr,"""heavy/daf_xd""",trailer.scs_lowbed_3,trailer_def.scs.lowbed.single_3.short,1,1,0
69261,_nameless.183.4bfd.b720,mvm_carriere,porto_vecchi,trans_cab,santander,1,740,930,1182,jcb_bhl4cx,renault_magnum_6x2_a,trailer.scs_lowlowd2,trailer_def.scs.lowloader.single_2_sh.short,1,1,0
69261,_nameless.183.4bfd.dfc0,mvm_carriere,porto_vecchi,quarry,zurich,1,843,840,1193,vol_ew240emh,"""heavy/volvo_fh16_6x4_750""",trailer.scs_lowlow2e,trailer_def.scs.lowloader.single_2_ln.long,1,1,0
69261,_nameless.183.4bfd.d940,mvm_carriere,porto_vecchi,rt_log,bern,2,594,840,1193,digger500,volvo_fh2024_4x2_420,trailer.scs_lowbed41,trailer_def.scs.lowbed.single_41_ln.long,1,1,0
69261,_nameless.183.4bfd.cf80,aluxion,mostar,cargotras,olbia,1,865,1380,1299,emptytank,scania_s2016_4x2_norm_370,trailer.profilinehd,trailer_def.krone.profilinerhd.single_3.flatbed,1,1,0
69261,_nameless.183.4bfd.c010,aluxion,mostar,c_navale,messina,1,790,560,767,iron_pipes,daf_xd,trailer.scs_log,trailer_def.scs.log.single_3.steel,28,1,0
69261,_nameless.183.4bfd.da10,aluxion,mostar,dulcis,pitesti,0,839,0,0,brake_pads,daf_4x2_b,trailer.kasbhr_scs,trailer_def.kassbohrer.scs.single_3_13.curtain,34,1,0
69261,_nameless.183.4bfd.e090,tree_et,metz,sanbuild_hms,beograd,0,1555,0,0,log_harvest,"""heavy/scania_r2016_8x4_high_730""",trailer.scs_lowlow2e,trailer_def.scs.lowloader.single_2_ln.long,1,1,0
69261,_nameless.183.4bfd.c1b0,tree_et,metz,posped,carlisle,1,1110,35,300,empty_spool,volvo_fh2024_4x2_780,trailer.scs_lowbed_4,trailer_def.scs.lowbed.single_4_sh.short,3,1,0
69261,_nameless.183.4bfd.bb30,tree_et,metz,rt_log,hamburg,0,739,0,0,jcb_bhl4cx,scania_s2016_4x2_high_590,trailer.scs_lowbed_3,trailer_def.scs.lowbed.single_3.short,1,1,0
69261,_nameless.183.4bfd.c0e0,rock_eater,varna,domdepo_ru,pleven,1,261,0,0,granite_cube,scania_r_6x2_high_500,trailer.scs_dumper,trailer_def.scs.dumper.single_3.steel,10,1,0
69261,_nameless.183.4bfd.c4f0,rock_eater,varna,lognstick,galati,1,413,30,65,jcb_th540180,iveco_sway_4x2_580,trailer.scs_lowlowd2,trailer_def.scs.lowloader.single_2_sh.short,1,1,0
69261,_nameless.183.4bfd.bc00,rock_eater,varna,icaria,kavala,1,620,0,0,empty_barr,daf_xf_euro6_6x2_a,trailer.dryliner17,trailer_def.krone.dryliner.single_3.dryvan,33,1,0
69261,_nameless.183.4bfd.e160,rock_eater,varna,euroacres,brno,0,1475,0,0,emptytank,iveco_4x2_a,trailer.profilinehd,trailer_def.krone.profilinerhd.single_3.flatbed,1,1,0
69261,_nameless.183.4bfd.bcd0,imp_otel,iasi,christopoulo,heraklion,2,1565,540,760,metal_beams,renault_t_4x2,trailer.scs_flat_b,trailer_def.scs.flatbed.single_3.flatbed_w,2,1,0
69261,_nameless.183.4bfd.d120,imp_otel,iasi,sporklift,karlovo,0,672,0,0,sq_tub,volvo_fh16_4x2_540,trailer.scs_flat_b,trailer_def.scs.flatbed.single_3.flatbed_w,2,1,0
69261,_nameless.183.4bfd.bda0,imp_otel,iasi,rock_eater,sofia,0,787,0,0,jcb_exc245xr,"""heavy/man_6x4""",trailer.scs_lowbed_3,trailer_def.scs.lowbed.single_3.short,1,1,0
69261,_nameless.183.4bfd.dbb0,imp_otel,iasi,domdepo,bucuresti,2,413,0,0,largetubes,mercedes_actros_2014_4x2_c,trailer.scs_log,trailer_def.scs.log.single_3.steel,6,1,0
69261,_nameless.183.4bfd.b310,shuttle,sevilla,scs_paper,salamanca,0,541,0,0,forklifts,scania_s2016_6x2_high_460,trailer.scs_lowbed_3,trailer_def.scs.lowbed.single_3.short,4,1,0
69261,_nameless.183.4bfd.c5c0,shuttle,sevilla,tras_med,catania,0,851,1557,1788,bottle_water,scania_s2016_4x2_high_590,trailer.kasbhr_shg45,trailer_def.kassbohrer.scs.single_3_13.curtain,34,1,0
69261,_nameless.183.4bfd.dd50,shuttle,sevilla,trans_cab,barcelona,2,948,0,0,used_plast,iveco_4x2_a,trailer.scs_curt_a,trailer_def.scs.box.single_3.curtain,33,1,0
69261,_nameless.183.4bfd.e230,shuttle,sevilla,trans_cab,algeciras,2,174,0,0,limonades,renault_etech_t,trailer.kasbhr_scs,trailer_def.kassbohrer.scs.single_3_13.curtain,34,1,0
69261,_nameless.183.4bfd.b3e0,shuttle,sevilla,eurogoodies,plymouth,0,885,1076,1172,carb_water,iveco_sway_4x2_460,trailer.scs_dry_ms,trailer_def.scs.box.single_3.dryvan_m,30,1,0
69261,_nameless.183.4bfd.be70,shuttle,sevilla,log_atlan,bilbao,0,870,0,0,used_plast_c,scania_streamline_4x2_top_560,trailer.kasbhr_shg40,trailer_def.kassbohrer.shg.singl_3e_40.container,30,1,0
69261,_nameless.183.4bfd.c690,bhv,cordoba,wilnet_trans,marseille,2,1437,0,0,volvo_cars,daf_xf_euro6_6x2_a,trailer.car_trans,trailer_def.volvo_cars.car_trans,100,1,0
69261,_nameless.183.4bfd.c760,brawen,novi_sad,posped,katowice,2,689,0,0,electronics,man_4x2_c,trailer.scs_dry_ms,trailer_def.scs.box.single_3.dryvan_m,33,1,0
69261,_nameless.183.4bfd.c900,brawen,novi_sad,lognstick,galati,0,905,0,0,drymilk,scania_r_6x2_high_500,trailer.scs_dry_a,trailer_def.scs.box.single_3.dryvan,33,1,0
69261,_nameless.183.4bfd.e8b0,brawen,novi_sad,eurogoodies,dortmund,0,1445,0,0,sugar,daf_xd_2,trailer.kasbhr_sbt,trailer_def.kassbohrer.sbt.single_3_13.dryvan,33,1,0
69261,_nameless.183.4bfe.18a0,brawen,novi_sad,nosko,vilnius,2,1265,0,0,flour,mercedes_4x2_a,trailer.scs_dry_s,trailer_def.scs.box.single_3.dryvan,33,1,0
69261,_nameless.183.4bfe.02b0,boisserie,lemans,aci,roma,0,1491,0,0,large_cont,volvo_fh2021_6x2_540,trailer.kasbhr_sla,trailer_def.kassbohrer.sla.single_3_sh.lowbed,27,1,0
69261,_nameless.183.4bfe.1700,boisserie,lemans,tradeaux,nice,0,923,0,0,wood_chipper,"""heavy/renault_6x4""",trailer.kasbhr_slle,trailer_def.kassbohrer.sll.single_3_ln.low,1,1,0
69261,_nameless.183.4bfd.f5b0,boisserie,lemans,sanbuilders,nurnberg,0,923,0,0,wooden_beams,iveco_h_4x2_a,trailer.scs_log,trailer_def.scs.log.single_3.steel,2,1,0
69261,_nameless.183.4bfd.f9c0,rt_log,innsbruck,vesna,beograd,0,1077,0,0,almond,volvo_fh2024_6x2_500,trailer.kasbhr_sbt,trailer_def.kassbohrer.sbt.single_3_13.dryvan,34,1,0
69261,_nameless.183.4bfd.f680,rt_log,innsbruck,kaarfor,duisburg,2,816,0,0,salm_fillet,man_tgx_euro6_6x4_xlx,trailer.scs_ins,trailer_def.scs.box.single_3.insulated,33,1,0
69261,_nameless.183.4bfd.fb60,rt_log,innsbruck,tradeaux,clermont,1,925,0,0,chimney_syst,scania_streamline_4x2_norm_380,trailer.dryliner17,trailer_def.krone.dryliner.single_3.dryvan,33,1,0
69261,_nameless.183.4bfd.fd00,trans_cab,barcelona,kaarfor,strasbourg,0,1053,0,0,salt_spices,daf_xg_4x2_450,trailer.scs_curt_s,trailer_def.scs.box.single_3.curtain,33,1,0
69261,_nameless.183.4bfe.0380,trans_cab,barcelona,lavish_food,a_coruna,2,1116,0,0,soy_milk_t,iveco_sway_4x2_580,trailer.scs_fodt,trailer_def.scs.foodtank.single_3.paint,27,1,0
69261,_nameless.183.4bfd.e980,icaria,chios,crnodrvo_log,bijelo_polje,0,935,690,1521,digger500,mercedes_4x2_b,trailer.kasbhr_slle,trailer_def.kassbohrer.sll.single_3_ln.low,1,1,0
69261,_nameless.183.4bfd.f410,icaria,chios,transinet,ostrava,1,1491,690,1521,empty_barr,volvo_fh2021_4x2_420,trailer.scs_curt_a,trailer_def.scs.box.single_3.curtain,33,1,0
69261,_nameless.183.4bfe.01e0,globeur,bordeaux,rt_log,salzburg,0,1597,0,0,rooflights,iveco_4x2_b,trailer.scs_dry_s,trailer_def.scs.box.single_3.dryvan,33,1,0
69261,_nameless.183.4bfe.0e10,globeur,bordeaux,rt_log,nurnberg,0,1398,0,0,air_mails,volvo_fh2021_4x2_420,trailer.scs_curt_s,trailer_def.scs.box.single_3.curtain,33,1,0
69261,_nameless.183.4bfd.f000,globeur,bordeaux,tradeaux,hannover,1,1471,0,0,tracks,man_4x2_c,trailer.scs_lowbed_3,trailer_def.scs.lowbed.single_3.short,1,1,0
69261,_nameless.183.4bfe.06c0,globeur,bordeaux,canteras_ds,murcia,2,1141,0,0,mob_crusher,"""heavy/man_tgx_euro6_8x4_xlx""",trailer.scs_lowbed_4,trailer_def.scs.lowbed.single_4_sh.short,1,1,0
69261,_nameless.183.4bfe.1970,globeur,bordeaux,log_atlan,sevilla,1,1240,0,0,frozen_hake,scania_r2016_4x2_high_500,trailer.scs_ref,trailer_def.scs.box.single_3.reefer,33,1,0
69261,_nameless.183.4bfd.f820,globeur,bordeaux,quarry,zurich,1,1200,0,0,jcb_th540180,mercedes_actros_2014_6x2_a,trailer.kasbhr_sll,trailer_def.kassbohrer.sll.single_3_sh.low,1,1,0
69261,_nameless.183.4bfd.fdd0,itcc,dortmund,transinet,southampton,1,647,35,300,wallpanels,iveco_h_4x2_a,trailer.panel_trans.wall,trailer_def.wallpanels.panel_trans.wall,85,1,0
69261,_nameless.183.4bfe.17d0,itcc,dortmund,norrsken,goteborg,0,1095,0,0,largetubes,renault_magnum_6x4_a,trailer.scs_flat_b,trailer_def.scs.flatbed.single_3.flatbed_w,6,1,0
69261,_nameless.183.4bfd.f8f0,sal_fi,kouvola,renar,tallinn,0,319,150,430,forwarder,"""heavy/iveco_6x4""",trailer.scs_lowlow4e,trailer_def.scs.lowloader.single_4_ln.long,1,1,0
69261,_nameless.183.4bfd.ea50,sal_fi,kouvola,norr_food,uppsala,0,424,540,1170,canned_beef,volvo_fh2024_4x2_780,trailer.scs_ref_s,trailer_def.scs.box.single_3.reefer,33,1,0
69261,_nameless.183.4bfd.e710,sal_fi,kouvola,blt,utena,1,820,150,430,transmis,renault_magnum_6x4_a,trailer.kasbhr_scs,trailer_def.kassbohrer.scs.single_3_13.curtain,34,1,0
69261,_nameless.183.4bfd.f0d0,sal_fi,kouvola,renar,skelleftea,1,781,0,0,dryers,renault_t_4x2h,trailer.scs_dry_s,trailer_def.scs.box.single_3.dryvan,33,1,0
69261,_nameless.183.4bfe.0ba0,bosfir,banja_luka,tree_et,katowice,1,921,0,0,forklifts,scania_s2016_4x2_high_590,trailer.scs_lowbed_3,trailer_def.scs.lowbed.single_3.short,4,1,0
69261,_nameless.183.4bfe.0520,bosfir,banja_luka,polarislines,kiel,2,1540,0,0,empty_palet,volvo_fh2021_4x2_750,trailer.scs_dry,trailer_def.scs.box.single_3.dryvan,33,1,0
69261,_nameless.183.4bfe.12f0,bosfir,banja_luka,costruzi_bas,firenze,0,974,0,0,wooden_beams,scania_r_6x4_top_620,trailer.scs_log,trailer_def.scs.log.single_3.steel,2,1,0
69261,_nameless.183.4bfd.eb20,sirin,petersburg,norse_rail,gavle,1,619,570,1270,air_mails,scania_s2016_6x2_high_460,trailer.scs_dry_a,trailer_def.scs.box.single_3.dryvan,33,1,0
69261,_nameless.183.4bfd.e7e0,sirin,petersburg,renar,tallinn,2,399,0,0,med_equip,scania_r2016_4x2_norm_370,trailer.scs_ins_s,trailer_def.scs.box.single_3.insulated,33,1,0
69261,_nameless.183.4bfe.0ad0,sirin,petersburg,suprema,kaunas,0,732,0,0,oranges,iveco_4x2_a,trailer.scs_ref,trailer_def.scs.box.single_3.reefer,33,1,0
69261,_nameless.183.4bfd.fea0,sirin,petersburg,nord_crown,ostersund,2,951,570,1270,frsh_herbs,volvo_fh2024_4x2_420,trailer.scs_ref_a,trailer_def.scs.box.single_3.reefer,33,1,0
69261,_nameless.183.4bfe.13c0,fui,olbia,rt_log,geneve,0,969,720,827,auger_wag,daf_xd,trailer.scs_lowlow2e,trailer_def.scs.lowloader.single_2_ln.long,1,1,0
69261,_nameless.183.4bfd.ff70,fui,olbia,sellplan,klagenfurt,0,1342,840,879,cauliflower,mercedes_4x2,trailer.scs_ref_a,trailer_def.scs.box.single_3.reefer,33,1,0
69261,_nameless.183.4bfd.f340,fui,olbia,subse,brasov,2,1493,1380,1299,olive_oil,renault_t_4x2h,trailer.profiliner17,trailer_def.krone.profiliner.single_3.curtain,33,1,0
69261,_nameless.183.4bfd.ef30,cont_port_fr,marseille,fcp,manchester,2,1517,35,300,exhausts_c,volvo_fh16_4x2_420,trailer.krone.boxliner40,trailer_def.krone.boxliner.single_3_40.container,30,1,0
69261,_nameless.183.4bfd.ebf0,cont_port_fr,marseille,kaarfor,limoges,0,662,0,0,vinegar_c,mercedes_4x2,trailer.scs_gosck20,trailer_def.scs.gooseneck.singl_3e_20.container,15,1,0
69261,_nameless.183.4bfe.0040,viln_paper,vilnius,lkwlog,brno,2,993,0,0,empty_barr,scania_r_4x2_norm_360,trailer.dryliner17,trailer_def.krone.dryliner.single_3.dryvan,33,1,0
69261,_nameless.183.4bfd.f1a0,ns_oil,kotka,fjoste,skelleftea,2,902,0,0,lpg,daf_xf_euro6_6x2_a,trailer.krone.boxliner220,trailer_def.krone.boxliner.single_3_220.container,80,1,0
69261,_nameless.183.4bfe.05f0,ns_oil,kotka,itcc,kosice,1,1560,150,430,kerosene,mercedes_4x2,trailer.scs_fueltank,trailer_def.scs.fueltank.single_3.fueltank,30,1,0
69261,_nameless.183.4bfd.f270,ns_oil,kotka,fcp,olsztyn,1,1093,150,430,motor_oil,daf_4x2_b,trailer.kasbhr_scs,trailer_def.kassbohrer.scs.single_3_13.curtain,34,1,0
69261,_nameless.183.4bfe.0110,ns_oil,kotka,renar,kobenhavn,2,1139,540,1170,petrol,mercedes_actros_2014_6x2_a,trailer.scs_fueltank,trailer_def.scs.fueltank.single_3.fueltank,30,1,0
69261,_nameless.183.4bfe.1490,dobr_ferm_bg,pleven,fallow,larissa,0,695,0,0,ffb_eut35,volvo_fh2021_6x2_540,trailer.ffb_eut35,trailer_def.ffb_eut35.ffb_eut35,100,1,0
69261,_nameless.183.4bfe.0790,dobr_ferm_bg,pleven,eolo_lines,palermo,0,1494,590,1092,pears,scania_r2016_4x2_high_500,trailer.scs_ins_s,trailer_def.scs.box.single_3.insulated,33,1,0
69261,_nameless.183.4bfe.0860,ns_chem,malmo,renar,lillehammer,2,721,0,0,empty_palet,mercedes_4x2_b,trailer.scs_curt_a,trailer_def.scs.box.single_3.curtain,33,1,0
69261,_nameless.183.4bfe.0930,ns_chem,malmo,rt_log,geneve,2,1554,0,0,nitrogen,mercedes_6x2_b,trailer.kasbhr_shg40,trailer_def.kassbohrer.shg.singl_3e_40.container,80,1,0
69261,_nameless.183.4bfe.0c70,cesare_smar,milano,exomar,taranto,1,993,0,0,used_plast,iveco_4x2_a,trailer.kasbhr_scs,trailer_def.kassbohrer.scs.single_3_13.curtain,34,1,0
69261,_nameless.183.4bfe.0d40,cesare_smar,milano,subse,larissa,0,1205,570,745,empty_palet,scania_r2016_4x2_norm_370,trailer.scs_curt,trailer_def.scs.box.single_3.curtain,33,1,0
69261,_nameless.183.4bfe.1560,cesare_smar,milano,stokes,erfurt,2,941,0,0,used_packag,man_4x2_a,trailer.dryliner17,trailer_def.krone.dryliner.single_3.dryvan,33,1,0
69261,_nameless.183.4bfe.0ee0,suprema,lahti,blt,utena,0,771,150,430,used_packag,scania_streamline_4x2_norm_380,trailer.dryliner17,trailer_def.krone.dryliner.single_3.dryvan,33,1,0
69261,_nameless.183.4bfe.0fb0,suprema,lahti,blt,kaunas,1,774,150,430,used_plast_c,daf_xd_2,trailer.krone.boxliner220,trailer_def.krone.boxliner.single_3_220.container,30,1,0
69261,_nameless.183.4bfe.1150,renor,karesuando,renor,mo_i_rana,0,785,0,0,empty_barr,man_tgx_euro6_6x4_xlx,trailer.profiliner17,trailer_def.krone.profiliner.single_3.curtain,33,1,0
69261,_nameless.183.4bfe.2670,ttk_bg,plovdiv,brawen,lamia,2,627,0,0,forwarder,"""heavy/man_tgx_2020_8x4""",trailer.kasbhr_slle,trailer_def.kassbohrer.sll.single_3_ln.low,1,1,0
69261,_nameless.183.4bfe.3fa0,ttk_bg,plovdiv,eolo_lines,sangiovanni,0,1074,570,745,hi_volt_cabl,iveco_sway_4x2_580,trailer.scs_dry_s,trailer_def.scs.box.single_3.dryvan,33,1,0
69261,_nameless.183.4bfe.47c0,ttk_bg,plovdiv,lognstick,hunedoara,0,756,0,0,natur_rubber,man_4x2_c,trailer.scs_curt_s,trailer_def.scs.box.single_3.curtain,33,1,0
69261,_nameless.183.4bfe.1ff0,ns_chem,setubal,ts_atlas,tarragona,1,1109,0,0,arsenic,renault_t_4x2,trailer.scs_gosck20,trailer_def.scs.gooseneck.singl_3e_20.container,40,1,0
69261,_nameless.183.4bfe.2740,ns_chem,setubal,eolo_lines,cagliari,0,1402,720,827,empty_barr,iveco_sway_4x2_580,trailer.kasbhr_sbt,trailer_def.kassbohrer.sbt.single_3_13.dryvan,34,1,0
69261,_nameless.183.4bfe.29b0,ns_chem,setubal,rt_log,madrid,1,585,0,0,mercuric,scania_s2016_6x4_high_730,trailer.scs_gosck20,trailer_def.scs.gooseneck.singl_3e_20.container,40,1,0
69261,_nameless.183.4bfe.20c0,fallow,vlore,lisette_log,nice,0,1210,540,420,coconut_oil,volvo_fh2012_4x2_750,trailer.scs_dry_a,trailer_def.scs.box.single_3.dryvan,31,1,0
69261,_nameless.183.4bfe.39f0,fallow,vlore,balkan_loco,edirne,1,998,0,0,pumps,mercedes_4x2,trailer.kasbhr_sbt,trailer_def.kassbohrer.sbt.single_3_13.dryvan,34,1,0
69261,_nameless.183.4bfe.3440,fallow,vlore,balkan_loco,sarajevo,1,621,0,0,honey,iveco_sway_4x2_580,trailer.scs_curt,trailer_def.scs.box.single_3.curtain,33,1,0
69261,_nameless.183.4bfe.4890,fallow,vlore,wilnet_trans,porto_vecchi,0,754,1590,1654,metal_pipes,man_4x2_a,trailer.scs_flat_b,trailer_def.scs.flatbed.single_3.flatbed_w,2,1,0
69261,_nameless.183.4bfe.3ac0,transinet,debrecen,rosmark,rezekne,0,1313,0,0,toys,scania_r_6x2_high_500,trailer.scs_curt_a,trailer_def.scs.box.single_3.curtain,33,1,0
69261,_nameless.183.4bfe.4e40,transinet,debrecen,skoda,prague,0,798,0,0,shock_absorb,iveco_sway_4x2_460,trailer.kasbhr_scs,trailer_def.kassbohrer.scs.single_3_13.curtain,34,1,0
69261,_nameless.183.4bfe.46f0,transinet,debrecen,dfh,hamburg,0,1308,0,0,polyst_box,man_6x4_b,trailer.scs_dry_a,trailer_def.scs.box.single_3.dryvan,33,1,0
69261,_nameless.183.4bfe.1e50,transinet,debrecen,eurogoodies,split,1,997,0,0,soy_milk,mercedes_4x2_c,trailer.kasbhr_sbt,trailer_def.kassbohrer.sbt.single_3_13.dryvan,34,1,0
69261,_nameless.183.4bfe.2dc0,norse_rail,rovaniemi,agronord,mo_i_rana,0,650,0,0,kr_bigp1290,man_tgx_2020_4x2,trailer.scs_lowlow2e,trailer_def.scs.lowloader.single_2_ln.long,1,1,0
69261,_nameless.183.4bfe.3370,norse_rail,rovaniemi,sal_fi,joensuu,2,462,0,0,forwarder,"""heavy/volvo_fh2021_6x4_540""",trailer.kasbhr_slle,trailer_def.kassbohrer.sll.single_3_ln.low,1,1,0
69261,_nameless.183.4bfe.4550,c_navale,ancona,marina,taranto,0,538,0,0,yacht,scania_streamline_4x2_norm_380,trailer.scs_lowbed41,trailer_def.scs.lowbed.single_41_ln.long,1,1,0
69261,_nameless.183.4bfe.4140,c_navale,ancona,tradeaux,nice,1,656,0,0,used_packag,daf_4x2_b,trailer.scs_curt_a,trailer_def.scs.box.single_3.curtain,33,1,0
69261,_nameless.183.4bfe.4210,renar,turku,drekkar,aarhus,0,1104,540,1170,cut_flowers,renault_magnum_6x2_a,trailer.scs_ref,trailer_def.scs.box.single_3.reefer,33,1,0
69261,_nameless.183.4bfe.2f60,renar,turku,norrsken,stockholm,2,172,540,1170,train_part,volvo_fh16_4x2_420,trailer.profilinehd,trailer_def.krone.profilinerhd.single_3.flatbed,5,1,0
69261,_nameless.183.4bfe.1f20,renar,turku,dfh,duisburg,1,1577,540,1170,exhausts_c,renault_magnum_6x2_a,trailer.krone.boxliner40,trailer_def.krone.boxliner.single_3_40.container,30,1,0
69261,_nameless.183.4bfe.32a0,renar,turku,norrsken,karlskrona,0,620,540,1170,czl_es300,"""heavy/man_tgx_euro6_8x4_xlx""",trailer.scs_lowbed_4,trailer_def.scs.lowbed.single_4_sh.short,1,1,0
69261,_nameless.183.4bfe.2190,suprema,kokkola,drekkar,odense,0,1402,300,680,used_plast,volvo_fh2024_4x2_420,trailer.scs_dry_s,trailer_def.scs.box.single_3.dryvan,33,1,0
69261,_nameless.183.4bfe.2c20,suprema,kokkola,nch,tallinn,0,576,150,430,used_packag,mercedes_actros_2014_6x4_b,trailer.scs_dry_m,trailer_def.scs.box.single_3.dryvan_m,33,1,0
69261,_nameless.183.4bfe.42e0,suprema,kokkola,renar,karesuando,0,598,0,0,empty_palet,scania_s2016_6x4_high_730,trailer.scs_curt_a,trailer_def.scs.box.single_3.curtain,33,1,0
69261,_nameless.183.4bfe.3510,suprema,kokkola,rosmark,liepaja,1,1054,150,430,used_plast_c,daf_xgp_4x2_530,trailer.scs_gosck220,trailer_def.scs.gooseneck.singl_3e_220.container,30,1,0
69261,_nameless.183.4bfe.2260,viljo_paper,lappeenranta,ns_oil,oslo,2,996,540,1170,empty_barr,"""double/iveco_h_4x2_a""",trailer.scs_curt_b2,trailer_def.scs.box.bdouble_3_3.curtain,52,1,0
69261,_nameless.183.4bfe.1b10,viljo_paper,lappeenranta,nord_crown,odense,1,1320,540,1170,paper,volvo_fh16_4x2_420,trailer.kasbhr_shg45,trailer_def.kassbohrer.scs.single_3_13.curtain,34,1,0
69261,_nameless.183.4bfe.4620,viljo_paper,lappeenranta,stokes,katowice,0,1537,150,430,empty_palet,mercedes_actros_2014_4x2_a,trailer.scs_dry_a,trailer_def.scs.box.single_3.dryvan,33,1,0
69261,_nameless.183.4bfe.4960,viljo_paper,lappeenranta,lkwlog,gdansk,1,1273,150,430,empty_spool,iveco_4x2_b,trailer.scs_flat_b,trailer_def.scs.flatbed.single_3.flatbed_w,4,1,0
69261,_nameless.183.4bfe.35e0,cont_port_it,bari,icaria,chania,2,568,1060,1885,exhausts_c,scania_s2016_4x2_norm_370,trailer.kasbhr_shg20,trailer_def.kassbohrer.shg.singl_3e_20.container,15,1,0
69261,_nameless.183.4bfe.2a80,cont_port_it,bari,sellplan,klagenfurt,0,1126,0,0,rice_c,renault_magnum_6x4_a,trailer.scs_gosck220,trailer_def.scs.gooseneck.singl_3e_220.container,30,1,0
69261,_nameless.183.4bfe.4a30,cont_port_it,bari,brawen,ioannina,0,70,570,745,truck_batt_c,daf_xg_4x2_450,trailer.krone.boxliner20,trailer_def.krone.boxliner.single_3.container,15,1,0
69261,_nameless.183.4bfe.4bd0,tree_et,salzburg,sanbuild_hms,mannheim,0,571,0,0,mulcher,"""heavy/volvo_fh2021_6x4_540""",trailer.scs_lowlow4e,trailer_def.scs.lowloader.single_4_ln.long,1,1,0
69261,_nameless.183.4bfe.2e90,tree_et,salzburg,lkwlog,venezia,2,482,0,0,empty_palet,renault_t_4x2h,trailer.scs_curt_a,trailer_def.scs.box.single_3.curtain,33,1,0
69261,_nameless.183.4bfe.3030,tree_et,salzburg,cargotras,olbia,2,1403,840,879,logs,volvo_fh2012_4x2_750,trailer.scs_log,trailer_def.scs.log.single_3.steel,32,1,0
69261,_nameless.183.4bfe.1cb0,polarislines,bergen,norr_food,odense,2,896,195,1052,can_sardines,volvo_fh16_4x2_540,trailer.dryliner17,trailer_def.krone.dryliner.single_3.dryvan,33,1,0
69261,_nameless.183.4bfe.3780,polarislines,bergen,posped,carlisle,1,1174,1335,2366,basil,scania_streamline_6x4_top_480,trailer.scs_dry_a,trailer_def.scs.box.single_3.dryvan,33,1,0
69261,_nameless.183.4bfe.2330,fui,roma,lefko,trikala,2,793,570,745,ter_forklift,iveco_4x2_b,trailer.scs_flat_b,trailer_def.scs.flatbed.single_3.flatbed_w,2,1,0
69261,_nameless.183.4bfe.3b90,fui,roma,exomar,olbia,0,602,840,879,cont_trees,daf_xf_euro6_4x2_a,trailer.scs_dry_a,trailer_def.scs.box.single_3.dryvan,33,1,0
69261,_nameless.183.4bfe.43b0,fui,roma,wilnet_trans,limoges,0,1371,0,0,olive_oil,renault_premium_6x4_a,trailer.scs_dry_a,trailer_def.scs.box.single_3.dryvan,33,1,0
69261,_nameless.183.4bfe.1be0,rosmark,rezekne,renar,vaxjo,0,865,510,1110,seal_bearing,iveco_4x2_c,trailer.scs_dry_m,trailer_def.scs.box.single_3.dryvan_m,30,1,0
69261,_nameless.183.4bfe.1d80,rosmark,rezekne,fjoste,lulea,1,1305,150,430,graph_grease,scania_streamline_6x2_norm_440,trailer.kasbhr_shg45,trailer_def.kassbohrer.scs.single_3_13.curtain,34,1,0
69261,_nameless.183.4bfe.28e0,rosmark,rezekne,sanbuild_hms,arvidsjaur,2,1201,450,1110,kr_vpv190xc,scania_r_4x2_top_480,trailer.scs_lowbed_4,trailer_def.scs.lowbed.single_4_sh.short,1,1,0
69261,_nameless.183.4bfe.2400,rosmark,rezekne,drekkar,malmo,1,1011,510,1110,beverages_c,daf_xd25,trailer.scs_gosck40,trailer_def.scs.gooseneck.singl_3e_40.container,30,1,0
69261,_nameless.183.4bfe.3850,rosmark,rezekne,lkwlog,lodz,1,863,0,0,mob_crusher,"""heavy/mercedes_6x4""",trailer.scs_lowbed41,trailer_def.scs.lowbed.single_41_ln.long,1,1,0
69261,_nameless.183.4bfe.3ed0,fallow,patras,lognstick,hunedoara,1,1420,0,0,peas,daf_4x2_b,trailer.scs_dry_s,trailer_def.scs.box.single_3.dryvan,33,1,0
69261,_nameless.183.4bfe.3c60,fallow,patras,tras_med,roma,0,778,570,745,roller,daf_6x2_a,trailer.scs_lowlow2e,trailer_def.scs.lowloader.single_2_ln.long,1,1,0
69261,_nameless.183.4bfe.3920,fallow,patras,cargotras,olbia,1,825,1410,1624,rooflights,renault_magnum_6x2_a,trailer.scs_curt_a,trailer_def.scs.box.single_3.curtain,33,1,0
69261,_nameless.183.4bfe.3d30,tree_et,bratislava,renat,leipzig,0,467,0,0,sawpanels,daf_xf_euro6_6x2_a,trailer.scs_dry,trailer_def.scs.box.single_3.dryvan,33,1,0
69261,_nameless.183.4bfe.2cf0,tree_et,bratislava,bjork,linkoping,1,1415,105,404,exc_craw,"""heavy/man_6x4""",trailer.scs_lowlow4e,trailer_def.scs.lowloader.single_4_ln.long,1,1,0
69261,_nameless.183.4bfe.3100,tree_et,bratislava,lateds,valmiera,2,1315,0,0,empty_palet,scania_streamline_4x2_norm_380,trailer.scs_dry,trailer_def.scs.box.single_3.dryvan,33,1,0
69261,_nameless.183.4bfe.3e00,tree_et,bratislava,drekkar,aarhus,1,1216,0,0,jcb_mexc19ce,volvo_fh2024_4x2_780,trailer.scs_flat_b,trailer_def.scs.flatbed.single_3.flatbed_w,3,1,0
69261,_nameless.183.4bfe.7af0,euroacres,erfurt,cesare_smar,sassari,0,1590,720,827,potatoes,scania_streamline_4x2_top_560,trailer.scs_dry_s,trailer_def.scs.box.single_3.dryvan,33,1,0
69261,_nameless.183.4bfe.5250,euroacres,erfurt,brawen,banja_luka,1,1112,0,0,square_baler,daf_xf_euro6_6x2_a,trailer.scs_lowlow2e,trailer_def.scs.lowloader.single_2_ln.long,1,1,0
69261,_nameless.183.4bfe.6430,euroacres,erfurt,cargotras,sassari,0,1589,720,827,cont_trees,volvo_fh16_4x2_540,trailer.scs_ref_a,trailer_def.scs.box.single_3.reefer,33,1,0
69261,_nameless.183.4bfe.5db0,renar,vasteraas,nosko,utena,1,558,510,1110,grapes,man_tgx_2020_4x2,trailer.scs_ref,trailer_def.scs.box.single_3.reefer,33,1,0
69261,_nameless.183.4bfe.6500,renar,vasteraas,norrsken,karlskrona,0,575,0,0,watermelons,daf_4x2_a,trailer.scs_ins_a,trailer_def.scs.box.single_3.insulated,33,1,0
69261,_nameless.183.4bfe.58d0,renar,vasteraas,rt_log,travemunde,0,1046,105,404,fish_chips,"""double/renault_magnum_4x2_a""",trailer.scs_ref_2,trailer_def.scs.box.double_3_2.reefer,30,1,0
69261,_nameless.183.4bfe.6b80,cemelt_win,liepaja,posped,lublin,2,714,0,0,mob_screener,"""heavy/renault_6x4""",trailer.scs_lowlow4e,trailer_def.scs.lowloader.single_4_ln.long,1,1,0
69261,_nameless.183.4bfe.5a70,cemelt_win,liepaja,rt_log,linz,0,1403,0,0,forklifts,renault_magnum_4x2_a,trailer.scs_lowbed_4,trailer_def.scs.lowbed.single_4_sh.short,3,1,0
69261,_nameless.183.4bfe.5660,ee_paper,kunda,eviksi_a,liepaja,0,649,0,0,emptytank,iveco_sway_4x2_500,trailer.scs_flat_b,trailer_def.scs.flatbed.single_3.flatbed_w,1,1,0
69261,_nameless.183.4bfe.6c50,ee_paper,kunda,ika_bohag,aalborg,0,906,765,1947,paper,daf_xd_2,trailer.scs_dry_s,trailer_def.scs.box.single_3.dryvan,33,1,0
69261,_nameless.183.4bfe.6770,ee_paper,kunda,tradeaux,olsztyn,0,969,0,0,empty_palet,volvo_fh2024_6x2_500,trailer.scs_dry,trailer_def.scs.box.single_3.dryvan,33,1,0
69261,_nameless.183.4bfe.5e80,balkan_loco,edirne,villco,pristina,0,695,0,0,pasta,mercedes_actros_2014_4x2_a,trailer.scs_curt_s,trailer_def.scs.box.single_3.curtain,33,1,0
69261,_nameless.183.4bfe.6910,balkan_loco,edirne,fallow,larissa,0,616,0,0,train_part2,volvo_fh16_4x2_420,trailer.profilinehd,trailer_def.krone.profilinerhd.single_3.flatbed,3,1,0
69261,_nameless.183.4bfe.5180,balkan_loco,edirne,subse,bijelo_polje,0,900,0,0,tomatoes,daf_4x2_a,trailer.scs_ins_a,trailer_def.scs.box.single_3.insulated,33,1,0
69261,_nameless.183.4bfe.76e0,balkan_loco,edirne,brawen,bacau,0,942,0,0,fish_chips,iveco_sway_4x2_500,trailer.coolliner17,trailer_def.krone.coolliner.single_3.reefer,33,1,0
69261,_nameless.183.4bfe.7130,rock_eat_str,skopje,fallow,zenica,0,777,0,0,mob_crusher,"""heavy/scania_r_6x4_top_730""",trailer.scs_lowbed_4,trailer_def.scs.lowbed.single_4_sh.short,1,1,0
69261,_nameless.183.4bfe.65d0,rock_eat_str,skopje,sanbuilders,debrecen,1,980,0,0,digger1000,scania_r_4x2_norm_360,trailer.scs_lowbed_3,trailer_def.scs.lowbed.single_3.short,1,1,0
69261,_nameless.183.4bfe.7e30,rock_eat_str,skopje,stokes,maribor,1,1087,0,0,dozer,"""heavy/daf_xgp_4x2_530""",trailer.kasbhr_slle,trailer_def.kassbohrer.sll.single_3_ln.low,1,1,0
69261,_nameless.183.4bfe.6f90,renar,calvi,tradeaux,prague,0,1518,840,1193,potatoes,volvo_fh2012_6x2_500,trailer.profiliner17,trailer_def.krone.profiliner.single_3.curtain,33,1,0
69261,_nameless.183.4bfe.5b40,renar,calvi,lkwlog,osnabruck,2,1453,840,1193,smokd_eel,scania_streamline_6x4_top_480,trailer.scs_ref_a,trailer_def.scs.box.single_3.reefer,33,1,0
69261,_nameless.183.4bfe.7c90,renar,calvi,stokes,calais,0,1264,840,1193,mob_crusher,"""heavy/mercedes_actros_8x4""",trailer.scs_lowlow4e,trailer_def.scs.lowloader.single_4_ln.long,1,1,0
69261,_nameless.183.4bfe.5c10,ccg_fla,tirana,itcc_scrap,banja_luka,2,664,0,0,large_cont,renault_magnum_6x4_a,trailer.kasbhr_sla,trailer_def.kassbohrer.sla.single_3_sh.lowbed,27,1,0
69261,_nameless.183.4bfe.7060,low_field,patras,villco_mkt,mitilini,1,296,675,1308,garlic,renault_premium_4x2_a,trailer.kasbhr_scs,trailer_def.kassbohrer.scs.single_3_13.curtain,34,1,0
69261,_nameless.183.4bfe.77b0,low_field,patras,euroacres,verona,0,1254,570,745,planter,daf_xf_euro6_4x2_a,trailer.scs_lowlow2e,trailer_def.scs.lowloader.single_2_ln.long,1,1,0
69261,_nameless.183.4bfe.6df0,low_field,patras,icaria,heraklion,1,294,540,760,rye,volvo_fh2012_4x2_750,trailer.ffb_kip60,trailer_def.feldbinder.kip.single_3_60.silo_60_3p,39,1,0
69261,_nameless.183.4bfe.69e0,transinet,szczecin,euroacres,bremen,0,501,0,0,horse_tr,iveco_4x2_c,trailer.truck_trans,trailer_def.horse_tr.truck_trans,100,1,0
69261,_nameless.183.4bfe.6ab0,transinet,szczecin,transinet,kassel,2,528,0,0,concr_beams,"""heavy/man_tgx_2020_8x4""",trailer.scs_lowbed41,trailer_def.scs.lowbed.single_41_ln.long,1,1,0
69261,_nameless.183.4bfe.6d20,transinet,szczecin,euroacres,graz,1,967,0,0,desinfection,renault_t_6x2,trailer.kasbhr_sbt,trailer_def.kassbohrer.sbt.single_3_13.dryvan,34,1,0
69261,_nameless.183.4bfe.54c0,transinet,szczecin,rosmark,liepaja,1,849,0,0,sausages,daf_xf_4x2_370,trailer.scs_ins_s,trailer_def.scs.box.single_3.insulated,33,1,0
69261,_nameless.183.4bfe.7fd0,renar,kristiansund,dfh,rostock,2,1376,145,450,vinegar_c,volvo_fh2012_4x2_750,trailer.krone.boxliner40,trailer_def.krone.boxliner.single_3_40.container,30,1,0
69261,_nameless.183.4bfe.61c0,renar,kristiansund,suprema_ru,kaliningrad,0,1382,550,1156,smokd_eel,iveco_6x2_a,trailer.coolliner17,trailer_def.krone.coolliner.single_3.reefer,33,1,0
69261,_nameless.183.4bfe.60f0,acc,port_sagunt,trans_cab,santander,1,610,0,0,empty_spool,mercedes_6x4_a,trailer.scs_lowbed_3,trailer_def.scs.lowbed.single_3.short,3,1,0
69261,_nameless.183.4bfe.53f0,acc,port_sagunt,tradeaux,brest,1,1353,0,0,largetubes,man_tgx_2020,trailer.scs_log,trailer_def.scs.log.single_3.steel,6,1,0
69261,_nameless.183.4bfe.80a0,shuttle,zadar,te_logistica,sassari,2,902,1440,1194,used_plast,daf_xgp_4x2_530,trailer.profiliner17,trailer_def.krone.profiliner.single_3.curtain,33,1,0
69261,_nameless.183.4bfe.5800,shuttle,zadar,dfh,rostock,1,1538,0,0,used_packag,daf_xd,trailer.dryliner17,trailer_def.krone.dryliner.single_3.dryvan,33,1,0
69261,_nameless.183.4bfe.7880,shuttle,zadar,cargotras,catanzaro,0,942,600,315,iced_coffee,daf_xd,trailer.scs_dry_m,trailer_def.scs.box.single_3.dryvan_m,33,1,0
69261,_nameless.183.4bfe.8170,shuttle,zadar,posped,bratislava,0,794,0,0,carb_water,volvo_fh2012_4x2_420,trailer.scs_dry,trailer_def.scs.box.single_3.dryvan,30,1,0
69261,_nameless.183.4bfe.6360,shuttle,zadar,fcp,graz,0,559,0,0,ter_forklift,mercedes_actros_2014_6x4_b,trailer.scs_flat_b,trailer_def.scs.flatbed.single_3.flatbed_w,2,1,0
69261,_nameless.183.4bfe.7540,shuttle,zadar,lkwlog,lublin,1,1252,0,0,used_plast_c,mercedes_actros_2014_4x2_a,trailer.kasbhr_shg40,trailer_def.kassbohrer.shg.singl_3e_40.container,30,1,0
69261,_nameless.183.4bfe.6ec0,drekkar,linkoping,stokes,warszawa,2,646,630,790,wood_chipper,"""heavy/daf_xgp_4x2_530""",trailer.scs_lowlow2e,trailer_def.scs.lowloader.single_2_ln.long,1,1,0
69261,_nameless.183.4bfe.5590,drekkar,linkoping,tradeaux,kassel,2,1208,0,0,plastic_gra,volvo_fh2021_6x2_540,trailer.ffb_eut35,trailer_def.feldbinder.eut.single_3_35.silo_35_3p,19,1,0
69261,_nameless.183.4bfe.7f00,drekkar,linkoping,nch_ru,petersburg,0,669,570,1270,post_packag,renault_magnum_6x4_a,trailer.kasbhr_scs,trailer_def.kassbohrer.scs.single_3_13.curtain,34,1,0
69261,_nameless.183.4bfe.8240,drekkar,linkoping,rt_log,nurnberg,0,1271,105,404,truck_rims_c,volvo_fh2024_4x2_780,trailer.kasbhr_shg40,trailer_def.kassbohrer.shg.singl_3e_40.container,30,1,0
69261,_nameless.183.4bfe.7a20,drekkar,linkoping,posped,rotterdam,0,1387,0,0,natur_rubber,volvo_fh16_4x2_420,trailer.scs_dry,trailer_def.scs.box.single_3.dryvan,33,1,0
69261,_nameless.183.4bfe.59a0,drekkar,linkoping,eurogoodies,leipzig,1,1053,105,404,olives,"""double/scania_r2016_6x2_high_590""",trailer.scs_curt_2,trailer_def.scs.box.double_3_2.curtain,34,1,0
69261,_nameless.183.4bfe.66a0,eurogoodies,newcastle,drekkar,malmo,0,587,1140,1314,pet_food_c,daf_xd_1,trailer.scs_gosck20,trailer_def.scs.gooseneck.singl_3e_20.container,15,1,0
69261,_nameless.183.4bfe.7200,brawen,bucuresti,transinet,debrecen,0,829,0,0,straw_bales,scania_r_4x2_top_480,trailer.scs_curt,trailer_def.scs.box.single_3.curtain,6,1,0
69261,_nameless.183.4bfe.6840,brawen,bucuresti,fle,podgorica,1,849,0,0,air_mails,scania_s2016_6x2_high_460,trailer.scs_dry,trailer_def.scs.box.single_3.dryvan,33,1,0
69261,_nameless.183.4bfe.72d0,norrsken,alta,norr_food,falun,0,1455,0,0,rice_c,daf_xf_4x2_370,trailer.kasbhr_shg20,trailer_def.kassbohrer.shg.singl_3e_20.container,15,1,0
69261,_nameless.183.4bfe.7950,norrsken,alta,nord_crown,orebro,0,1578,0,0,basil,volvo_fh2021_6x2_540,trailer.scs_curt_a,trailer_def.scs.box.single_3.curtain,33,1,0
69261,_nameless.183.4bfe.73a0,norrsken,alta,renar,tornio,1,787,0,0,soy_milk,volvo_fh2021_4x2_420,trailer.kasbhr_shg45,trailer_def.kassbohrer.scs.single_3_13.curtain,34,1,0
69261,_nameless.183.4bfe.a6d0,lognstick,bucuresti,transinet,munchen,0,1518,0,0,nonalco_beer,volvo_fh2024_6x2_500,trailer.scs_dry_a,trailer_def.scs.box.single_3.dryvan,33,1,0
69261,_nameless.183.4bfe.8310,lkwlog,venezia,lkwlog,amsterdam,0,1322,0,0,exhausts_c,volvo_fh2024_4x2_420,trailer.kasbhr_shg20,trailer_def.kassbohrer.shg.singl_3e_20.container,15,1,0
69261,_nameless.183.4bfe.8a60,lkwlog,venezia,wilnet_trans,limoges,2,1175,0,0,emp_wine_bar,mercedes_actros_2014_4x2_b,trailer.scs_curt_a,trailer_def.scs.box.single_3.curtain,33,1,0
69261,_nameless.183.4bfe.abb0,lkwlog,venezia,villco_mkt,zenica,0,876,0,0,cauliflower,daf_4x2_b,trailer.kasbhr_sbt,trailer_def.kassbohrer.sbt.single_3_13.dryvan,34,1,0
69261,_nameless.183.4bfe.ac80,lkwlog,venezia,lkwlog,calais,0,1298,0,0,overweight,mercedes_4x2_c,trailer.scs_lowbed41,trailer_def.scs.lowbed.single_41_ln.long,1,1,0
69261,_nameless.183.4bfe.8e70,lkwlog,venezia,euroacres,wien,0,689,0,0,straw_bales,daf_4x2_a,trailer.scs_dry_a,trailer_def.scs.box.single_3.dryvan,6,1,0
69261,_nameless.183.4bfe.84b0,bhv,lahti,bhv,helsingborg,0,889,540,1170,car_f,daf_6x2_a,trailer.car_trans,trailer_def.car_f.car_trans,100,1,0
69261,_nameless.183.4bfe.9010,posped,carlisle,trans_cab,santander,0,645,1080,1176,brake_fluid,daf_xf_euro6_6x2_a,trailer.scs_gosck20,trailer_def.scs.gooseneck.singl_3e_20.container,15,1,0
69261,_nameless.183.4bfe.a2c0,posped,carlisle,cnp,a_coruna,1,1191,1080,1176,large_cont,volvo_fh2021_4x2_420,trailer.profilinehd,trailer_def.krone.profilinerhd.single_3.flatbed,33,1,0
69261,_nameless.183.4bfe.a460,posped,carlisle,dfh,nurnberg,2,1449,35,300,exc_craw,"""heavy/renault_t_6x4""",trailer.kasbhr_slle,trailer_def.kassbohrer.sll.single_3_ln.low,1,1,0
69261,_nameless.183.4bfe.8b30,st_roza_bg,pernik,betunia,mostar,1,684,0,0,largetubes,mercedes_6x2_b,trailer.scs_log,trailer_def.scs.log.single_3.steel,6,1,0
69261,_nameless.183.4bfe.8720,st_roza_bg,pernik,cargotras,catanzaro,1,919,570,745,empty_spool,renault_premium_6x2_a,trailer.kasbhr_sla,trailer_def.kassbohrer.sla.single_3_sh.lowbed,3,1,0
69261,_nameless.183.4bfe.8c00,st_roza_bg,pernik,posped,bratislava,2,971,0,0,jcb_dmphtd5e,volvo_fh2024_6x2_500,trailer.scs_flat_b,trailer_def.scs.flatbed.single_3.flatbed_w,7,1,0
69261,_nameless.183.4bfe.9b70,tree_et,burgos,ika_bohag,paris,1,1142,0,0,forklifts,scania_streamline_6x2_norm_440,trailer.scs_lowbed41,trailer_def.scs.lowbed.single_41_ln.long,4,1,0
69261,_nameless.183.4bfe.8cd0,tree_et,burgos,rt_log,madrid,0,300,0,0,mob_tr_winch,"""heavy/scania_r_6x4_top_730""",trailer.scs_lowlow4e,trailer_def.scs.lowloader.single_4_ln.long,1,1,0
69261,_nameless.183.4bfe.95c0,log_atlan,porto,ocean_sol,setubal,2,333,0,0,train_part2,daf_xgp25_4x2_530,trailer.profilinehd,trailer_def.krone.profilinerhd.single_3.flatbed,3,1,0
69261,_nameless.183.4bfe.8580,log_atlan,porto,ts_atlas,bilbao,0,718,0,0,clothes_c,scania_r_4x2_norm_360,trailer.scs_gosck220,trailer_def.scs.gooseneck.singl_3e_220.container,30,1,0
69261,_nameless.183.4bfe.83e0,log_atlan,porto,tradeaux,lyon,0,1537,0,0,fertilizer,mercedes_6x2_b,trailer.scs_curt,trailer_def.scs.box.single_3.curtain,32,1,0
69261,_nameless.183.4bfe.8da0,log_atlan,porto,globeur,rennes,0,1462,0,0,honey,scania_r2016_6x2_high_460,trailer.scs_dry_m,trailer_def.scs.box.single_3.dryvan_m,33,1,0
69261,_nameless.183.4bfe.9280,app,faro,log_atlan,almeria,0,690,0,0,fert_spread,scania_r2016_4x2_norm_370,trailer.scs_lowlow4e,trailer_def.scs.lowloader.single_4_ln.long,1,1,0
69261,_nameless.183.4bfe.8650,app,faro,log_atlan,bilbao,1,1115,0,0,salt_spice_c,mercedes_actros_2014_4x2_b,trailer.scs_gosck20,trailer_def.scs.gooseneck.singl_3e_20.container,15,1,0
69261,_nameless.183.4bfe.a120,app,faro,wilnet_trans,porto_vecchi,0,1388,930,1182,caravans,scania_streamline_4x2_norm_380,trailer.truck_trans,trailer_def.caravans.truck_trans,100,1,0
69261,_nameless.183.4bfe.a1f0,kivi,turku,byggpro,dombas,0,776,540,1170,stones,iveco_h_4x2_a,trailer.scs_dumper,trailer_def.scs.dumper.single_3.steel,13,1,0
69261,_nameless.183.4bfe.9d10,kivi,turku,gnt,klaipeda,0,838,150,430,dozer,"""heavy/scania_r2016_8x4_high_730""",trailer.scs_lowbed41,trailer_def.scs.lowbed.single_41_ln.long,1,1,0
69261,_nameless.183.4bfe.8f40,vesna,beograd,blt,kaunas,2,1360,0,0,chicken_meat,renault_t_4x2,trailer.scs_ins,trailer_def.scs.box.single_3.insulated,33,1,0
69261,_nameless.183.4bfe.9eb0,fle,paris,lkwlog,amsterdam,1,528,0,0,cut_flowers,mercedes_4x2,trailer.scs_ref_a,trailer_def.scs.box.single_3.reefer,33,1,0
69261,_nameless.183.4bfe.a870,fle,paris,balkan_loco,maribor,0,1290,0,0,toys,daf_xgp_4x2_530,trailer.kasbhr_sbt,trailer_def.kassbohrer.sbt.single_3_13.dryvan,34,1,0
69261,_nameless.183.4bfe.a940,fle,paris,stokes,amsterdam,1,528,0,0,oranges,scania_r_6x2_high_500,trailer.scs_ref_s,trailer_def.scs.box.single_3.reefer,33,1,0
69261,_nameless.183.4bfe.9f80,domdepo_ru,luga,konstnr_hs,helsingborg,2,1063,570,1270,wooden_beams,iveco_6x2_a,trailer.scs_flat_b,trailer_def.scs.flatbed.single_3.flatbed_w,2,1,0
69261,_nameless.183.4bfe.9420,domdepo_ru,luga,konstnr,stockholm,0,551,570,1270,concr_stair,man_tgx_euro6_6x4_xlx,trailer.profilinehd,trailer_def.krone.profilinerhd.single_3.flatbed,3,1,0
69261,_nameless.183.4bfe.9760,domdepo_ru,luga,polarislines,gedser,2,1326,570,1270,copp_rf_gutt,renault_premium_4x2_c,trailer.scs_curt_s,trailer_def.scs.box.single_3.curtain,33,1,0
69261,_nameless.183.4bfe.9c40,domdepo_ru,luga,renar,dombas,0,1120,570,1270,alu_profile,mercedes_actros_2014_4x2_a,trailer.profilinehd,trailer_def.krone.profilinerhd.single_3.flatbed,2,1,0
69261,_nameless.183.4bfe.9350,domdepo_ru,luga,sanbuilders,brno,0,1527,0,0,largetubes,daf_xd_2,trailer.scs_log,trailer_def.scs.log.single_3.steel,6,1,0
69261,_nameless.183.4bfe.94f0,fle,nantes,fcp,dusseldorf,2,1040,0,0,comp_process,mercedes_actros_2014_4x2_c,trailer.profiliner17,trailer_def.krone.profiliner.single_3.curtain,33,1,0
69261,_nameless.183.4bfe.a050,fle,nantes,subse,clermont,0,702,0,0,apples_c,daf_4x2_b,trailer.scs_gosck20,trailer_def.scs.gooseneck.singl_3e_20.container,15,1,0
69261,_nameless.183.4bfe.a390,fle,nantes,trans_cab,lisboa,0,1449,0,0,oranges,daf_xd_1,trailer.scs_ins,trailer_def.scs.box.single_3.insulated,33,1,0
69261,_nameless.183.4bfe.9900,polarislines,ventspils,nch,turku,1,742,150,430,motorcycles,volvo_fh2012_4x2_750,trailer.kasbhr_scs,trailer_def.kassbohrer.scs.single_3_13.curtain,34,1,0
69261,_nameless.183.4bfe.a530,polarislines,ventspils,renar,lillehammer,0,545,510,1110,canned_beans,man_tgx_2020_4x2,trailer.scs_dry_s,trailer_def.scs.box.single_3.dryvan,33,1,0
69261,_nameless.183.4bfe.91b0,polarislines,ventspils,sal_fi,ivalo,1,1545,150,430,carb_water,renault_premium_6x4_a,trailer.profiliner17,trailer_def.krone.profiliner.single_3.curtain,32,1,0
69261,_nameless.183.4bfe.a600,domdepo,pitesti,adrica,zadar,0,1212,0,0,lumber,volvo_fh16_4x2_540,trailer.profilinehd,trailer_def.krone.profilinerhd.single_3.flatbed,3,1,0
69261,_nameless.183.4bfe.aa10,domdepo,pitesti,domdepo,timisoara,2,458,0,0,wooden_beams,iveco_sway_4x2_580,trailer.scs_flat_b,trailer_def.scs.flatbed.single_3.flatbed_w,2,1,0
69261,_nameless.183.4bfe.aae0,domdepo,pitesti,stokes,rijeka,1,1016,0,0,cable_reel,"""heavy/renault_6x4""",trailer.scs_lowlow4e,trailer_def.scs.lowloader.single_4_ln.long,1,1,0
69261,_nameless.183.4bfe.8990,domdepo,pitesti,brawen,novi_sad,1,583,0,0,iron_pipes,daf_xf_euro6_6x4_c,trailer.scs_log,trailer_def.scs.log.single_3.steel,28,1,0
69261,_nameless.183.4bfc.c910,libellula,milano,dunavia,beograd,0,1250,0,0,empty_barr,daf_xd,trailer.profiliner17,trailer_def.krone.profiliner.single_3.curtain,33,1,0
69261,_nameless.183.4bfc.b180,libellula,milano,icaria,athens,0,1422,570,745,scrap_metals,man_4x2_a,trailer.scs_dumper,trailer_def.scs.dumper.single_3.steel,10,1,0
69261,_nameless.183.4bfc.d6e0,libellula,milano,rt_log,graz,0,762,0,0,motorcycles,scania_r_6x2_high_500,trailer.profiliner17,trailer_def.krone.profiliner.single_3.curtain,33,1,0
69261,_nameless.183.4bfc.d130,ai,kragujevac,brawen,ljubljana,0,668,0,0,press_sl_val,volvo_fh2024_4x2_780,trailer.scs_dry_s,trailer_def.scs.box.single_3.dryvan,33,1,0
69261,_nameless.183.4bfc.c5d0,ai,kragujevac,icaria,athens,0,989,0,0,emptytank,mercedes_6x4_a,trailer.scs_flat_b,trailer_def.scs.flatbed.single_3.flatbed_w,1,1,0
69261,_nameless.183.4bfc.d470,ai,kragujevac,fallow,patras,0,1065,0,0,hipresstank,scania_r_4x2_top_480,trailer.profilinehd,trailer_def.krone.profilinerhd.single_3.flatbed,8,1,0
69261,_nameless.183.4bfc.d540,fallow,larissa,brawen,novi_sad,1,878,0,0,dozer,"""heavy/scania_r_6x4_top_730""",trailer.kasbhr_slle,trailer_def.kassbohrer.sll.single_3_ln.low,1,1,0
69261,_nameless.183.4bfc.c020,fallow,larissa,brawen,banja_luka,2,1126,0,0,drymilk,volvo_fh16_4x2_420,trailer.scs_dry_ms,trailer_def.scs.box.single_3.dryvan_m,33,1,0
69261,_nameless.183.4bfc.dbc0,fallow,larissa,aci,bologna,1,977,570,745,air_mails,daf_xd,trailer.scs_dry_m,trailer_def.scs.box.single_3.dryvan_m,33,1,0
69261,_nameless.183.4bfc.b660,cgla,barcelona,cargotras,palermo,0,263,1440,1605,glass,renault_premium_4x2_a,trailer.panel_trans.glass,trailer_def.glass.panel_trans.glass,99,1,0
69261,_nameless.183.4bfc.daf0,cgla,barcelona,lkwlog,calais,0,1277,0,0,emp_wine_bot,volvo_fh16_4x2_420,trailer.scs_curt_a,trailer_def.scs.box.single_3.curtain,33,1,0
69261,_nameless.183.4bfc.ba70,cgla,barcelona,tradeaux,lyon,1,622,0,0,tableware,mercedes_4x2_c,trailer.profiliner17,trailer_def.krone.profiliner.single_3.curtain,33,1,0
69261,_nameless.183.4bfc.bdb0,cgla,barcelona,log_atlan,porto,1,1084,0,0,large_cont,daf_xf_euro6_4x2_c,trailer.scs_lowbed_4,trailer_def.scs.lowbed.single_4_sh.short,27,1,0
69261,_nameless.183.4bfc.b250,quarry,hannover,globeur,montpellier,1,1290,0,0,tracks,scania_r2016_6x4_high_660,trailer.scs_lowbed_4,trailer_def.scs.lowbed.single_4_sh.short,1,1,0
69261,_nameless.183.4bfc.d880,quarry,hannover,tradeaux,nice,0,1321,0,0,mob_stacker,"""heavy/iveco_6x4""",trailer.scs_lowbed_4,trailer_def.scs.lowbed.single_4_sh.short,1,1,0
69261,_nameless.183.4bfc.d2d0,quarry,hannover,tree_et,bratislava,2,785,0,0,jcb_pw125qe,mercedes_6x4_a,trailer.profilinehd,trailer_def.krone.profilinerhd.single_3.flatbed,24,1,0
69261,_nameless.183.4bfc.b590,quarry,hannover,lkwlog,venezia,0,1125,0,0,jcb_dmp6t2,"""heavy/renault_6x4""",trailer.scs_lowlowd2,trailer_def.scs.lowloader.single_2_sh.short,1,1,0
69261,_nameless.183.4bfc.d950,quarry,hannover,mvm_carriere,nice,1,1329,0,0,emptytank,daf_4x2_b,trailer.scs_flat_b,trailer_def.scs.flatbed.single_3.flatbed_w,1,1,0
69261,_nameless.183.4bfc.b0b0,tree_et,liege,voitureux,lehavre,1,487,0,0,jcb_th540180,iveco_4x2_c,trailer.scs_lowlow2e,trailer_def.scs.lowloader.single_2_ln.long,1,1,0
69261,_nameless.183.4bfc.be80,tree_et,liege,transinet,ostrava,2,1044,0,0,wood_bark,volvo_fh2021_4x2_420,trailer.scs_dumper,trailer_def.scs.dumper.single_3.steel,27,1,0
69261,_nameless.183.4bfc.d610,tree_et,liege,transinet,cambridge,0,615,35,300,forklifts,scania_r2016_4x2_high_500,trailer.scs_lowbed_4,trailer_def.scs.lowbed.single_4_sh.short,4,1,0
69261,_nameless.183.4bfc.b8d0,te_logistica,parma,app,valencia,0,1481,0,0,steel_cord,renault_magnum_4x2_a,trailer.scs_dry,trailer_def.scs.box.single_3.dryvan,33,1,0
69261,_nameless.183.4bfc.dfd0,te_logistica,parma,rt_log,bern,2,514,0,0,concr_beams2,man_tgx_euro6_4x2_xl,trailer.scs_flat_b,trailer_def.scs.flatbed.single_3.flatbed_w,2,1,0
69261,_nameless.183.4bfc.cf90,te_logistica,parma,rt_log,nurnberg,1,774,0,0,volvo_a25g,"""heavy/volvo_fh2012_8x4_700""",trailer.scs_lowlow4e,trailer_def.scs.lowloader.single_4_ln.long,1,1,0
69261,_nameless.183.4bfc.bf50,te_logistica,parma,sanbuilders,brno,0,944,0,0,wrk_cloth,iveco_6x2_a,trailer.profiliner17,trailer_def.krone.profiliner.single_3.curtain,33,1,0
69261,_nameless.183.4bfc.cab0,te_logistica,parma,gallia_ferry,bilbao,0,1453,0,0,olives,mercedes_4x2,trailer.scs_curt,trailer_def.scs.box.single_3.curtain,33,1,0
69261,_nameless.183.4bfc.af10,te_logistica,parma,subse,brest,0,1593,0,0,soy_milk,daf_xd,trailer.kasbhr_shg45,trailer_def.kassbohrer.scs.single_3_13.curtain,34,1,0
69261,_nameless.183.4bfc.d060,te_logistica,parma,globeur,bordeaux,0,1244,0,0,truck_tyres,renault_t_6x2,trailer.scs_curt,trailer_def.scs.box.single_3.curtain,33,1,0
69261,_nameless.183.4bfc.de30,fcp,hannover,stokes,warszawa,0,718,0,0,empty_palet,renault_t_4x2,trailer.scs_dry_m,trailer_def.scs.box.single_3.dryvan_m,32,1,0
69261,_nameless.183.4bfc.c0f0,fcp,hannover,bhv,limoges,1,1290,0,0,car_gr,man_tgx_2020,trailer.car_trans,trailer_def.car_gr.car_trans,100,1,0
69261,_nameless.183.4bfc.cc50,fcp,hannover,bhv,paris,0,731,0,0,cars_fr,iveco_4x2_b,trailer.car_trans,trailer_def.cars_fr.car_trans,100,1,0
69261,_nameless.183.4bfc.c770,fcp,hannover,transinet,debrecen,2,1297,0,0,used_battery,iveco_4x2_a,trailer.scs_curt,trailer_def.scs.box.single_3.curtain,33,1,0
69261,_nameless.183.4bfc.b800,wgcc,manchester,transinet,rotterdam,0,223,660,995,forklifts,volvo_fh16_6x4_700,trailer.scs_lowbed41,trailer_def.scs.lowbed.single_41_ln.long,4,1,0
69261,_nameless.183.4bfc.da20,wgcc,manchester,ns_chem,kristiansand,1,524,1335,2366,nitrocel,renault_magnum_4x2_a,trailer.scs_gosck40,trailer_def.scs.gooseneck.singl_3e_40.container,80,1,0
69261,_nameless.183.4bfc.bc10,wgcc,manchester,ns_chem,pori,1,1379,1680,2484,potahydro,mercedes_6x2_b,trailer.ffb_tsaadr22,trailer_def.feldbinder.tsaadr.single_3_22a.22_3_1,73,1,0
69261,_nameless.183.4bfc.c1c0,wgcc,manchester,rt_log,rostock,0,957,660,995,kerosene,iveco_sway_4x2_460,trailer.scs_fueltank,trailer_def.scs.fueltank.single_3.fueltank,30,1,0
69261,_nameless.183.4bfc.e0a0,ika_bohag,brest,trans_cab,barcelona,0,1205,0,0,used_packag,scania_s2016_4x2_norm_370,trailer.profiliner17,trailer_def.krone.profiliner.single_3.curtain,33,1,0
69261,_nameless.183.4bfc.c360,ika_bohag,brest,lkwlog,dover,0,806,35,300,pot_flowers,scania_r_4x2_norm_360,trailer.scs_ref,trailer_def.scs.box.single_3.reefer,33,1,0
69261,_nameless.183.4bfc.cd20,ika_bohag,brest,ns_oil,hamburg,1,1371,0,0,empty_palet,daf_xf_4x2_370,trailer.scs_curt,trailer_def.scs.box.single_3.curtain,33,1,0
69261,_nameless.183.4bfc.dc90,exomar,ancona,exomar,olbia,0,743,840,879,brake_fluid,scania_r_6x2_high_500,trailer.krone.boxliner20,trailer_def.krone.boxliner.single_3.container,15,1,0
69261,_nameless.183.4bfc.c290,exomar,ancona,villco_mkt,kalamata,1,993,570,745,sausages,man_4x2_c,trailer.scs_ref,trailer_def.scs.box.single_3.reefer,33,1,0
69261,_nameless.183.4bfc.bb40,exomar,ancona,balkan_loco,ljubljana,0,715,0,0,locomotive,"""heavy/renault_6x4""",trailer.scs_lowbed41,trailer_def.scs.lowbed.single_41_ln.long,1,1,0
69261,_nameless.183.4bfc.dd60,exomar,ancona,dfh,bremen,1,1587,0,0,clothes_c,volvo_fh2021_6x2_540,trailer.krone.boxliner20,trailer_def.krone.boxliner.single_3.container,15,1,0
69261,_nameless.183.4bfc.b320,exomar,ancona,lognstick,istanbul,2,1334,570,745,empty_barr,man_tgx_euro6_4x2_xl,trailer.scs_curt_s,trailer_def.scs.box.single_3.curtain,33,1,0
69261,_nameless.183.4bfc.d200,exomar,ancona,lkwlog,graz,0,782,0,0,comp_process,scania_r_6x2_high_500,trailer.scs_dry_s,trailer_def.scs.box.single_3.dryvan,33,1,0
69261,_nameless.183.4bfc.bce0,exomar,ancona,wgcc,frankfurt,1,1195,0,0,hchemicals,mercedes_actros_2014_4x2_c,trailer.scs_chemt,trailer_def.scs.chemtank.single_3.paint,99,1,0
69261,_nameless.183.4bfc.c500,exomar,ancona,lisette_log,lemans,1,1543,0,0,beans,renault_premium_4x2_a,trailer.scs_curt_s,trailer_def.scs.box.single_3.curtain,33,1,0
69261,_nameless.183.4bfc.c840,exomar,ancona,crnodrvo_log,bijelo_polje,1,645,600,315,cott_harvest,"""heavy/renault_6x4""",trailer.kasbhr_slle,trailer_def.kassbohrer.sll.single_3_ln.low,1,1,0
69261,_nameless.183.4bfc.d7b0,exomar,ancona,globeur,montpellier,2,1050,0,0,used_battery,daf_xd_1,trailer.scs_dry_s,trailer_def.scs.box.single_3.dryvan,33,1,0
69261,_nameless.17f.75b7.2280,aluxion,podgorica,ocean_sol,ruse,2,781,0,0,re_bars,volvo_fh2021_4x2_750,trailer.scs_flat_b,trailer_def.scs.flatbed.single_3.flatbed_w,2,1,0
69261,_nameless.17f.75b7.2b70,aluxion,podgorica,balkan_loco,sarajevo,2,329,0,0,jcb_dmphtd5e,iveco_sway_4x2_460,trailer.profilinehd,trailer_def.krone.profilinerhd.single_3.flatbed,7,1,0
69261,_nameless.17f.75b7.21b0,aluxion,podgorica,costruzi_win,palermo,1,879,560,767,elect_wiring,daf_xgp_4x2_530,trailer.scs_dry,trailer_def.scs.box.single_3.dryvan,33,1,0
69261,_nameless.17f.75b7.2900,aluxion,podgorica,rock_eater,constanta,0,1055,0,0,crawler,"""heavy/scania_streamline_8x4_top_730""",trailer.scs_lowlow4e,trailer_def.scs.lowloader.single_4_ln.long,1,1,0
69261,_nameless.17f.75b7.2c40,eolo_lines,palermo,cargotras,sassari,1,215,720,778,emp_wine_bot,mercedes_actros_2014_4x2_a,trailer.kasbhr_sbt,trailer_def.kassbohrer.sbt.single_3_13.dryvan,34,1,0
69261,_nameless.17f.75b7.29d0,eolo_lines,palermo,app,valencia,0,58,1557,1788,concen_juice,volvo_fh16_4x2_420,trailer.scs_dry_s,trailer_def.scs.box.single_3.dryvan,33,1,0
69261,_nameless.17f.75b7.2aa0,eolo_lines,palermo,lisette_log,ajaccio,1,254,930,1133,pears,volvo_fh2024_6x2_500,trailer.scs_curt_a,trailer_def.scs.box.single_3.curtain,33,1,0
69261,_nameless.17f.75b7.2d10,app,badajoz,renar,calvi,2,1042,930,1182,frozen_hake,renault_premium_4x2_a,trailer.scs_ref_s,trailer_def.scs.box.single_3.reefer,33,1,0
69261,_nameless.17f.75b7.2760,app,badajoz,elcano_fla,burgos,0,646,0,0,concr_stair,mercedes_actros_2014_6x4_b,trailer.profilinehd,trailer_def.krone.profilinerhd.single_3.flatbed,3,1,0
69261,_nameless.17f.75b7.20e0,app,badajoz,trans_cab,santander,0,839,0,0,lumber_p,man_tgx_euro6_4x2_xl,trailer.profilinehd,trailer_def.krone.profilinerhd.single_3.flatbed,6,1,0
69261,_nameless.17f.75b7.24f0,villco_mkt,heraklion,tm_istanbul,istanbul,1,1050,540,760,used_packag,iveco_h_4x2_a,trailer.kasbhr_scs,trailer_def.kassbohrer.scs.single_3_13.curtain,34,1,0
69261,_nameless.17f.75b7.2de0,villco_mkt,heraklion,transinet,torino,2,1503,1110,1505,used_plast,scania_r_4x2_norm_360,trailer.scs_curt_s,trailer_def.scs.box.single_3.curtain,33,1,0
69261,_nameless.17f.75b7.25c0,transinet,brussel,renar,calvi,0,1213,840,1193,apples,mercedes_actros_2014_4x2_a,trailer.kasbhr_scs,trailer_def.kassbohrer.scs.single_3_13.curtain,34,1,0
69261,_nameless.17f.75b7.2eb0,transinet,brussel,stokes,katowice,0,1163,0,0,milk,mercedes_actros_2014_4x2_a,trailer.kasbhr_sbt,trailer_def.kassbohrer.sbt.single_3_13.dryvan,34,1,0
69261,_nameless.17f.75b7.2010,transinet,brussel,lkwlog,lodz,0,1087,0,0,furniture,daf_4x2_a,trailer.scs_curt,trailer_def.scs.box.single_3.curtain,33,1,0
69261,_nameless.17f.75b7.2420,christopoulo,patras,costruzi_bas,firenze,1,1065,570,745,iron_pipes,scania_streamline_4x2_norm_380,trailer.scs_log,trailer_def.scs.log.single_3.steel,28,1,0
69261,_nameless.17f.75b7.2830,christopoulo,patras,lognstick,tekirdag,1,1025,0,0,metal_beams,renault_premium_4x2_a,trailer.scs_flat_b,trailer_def.scs.flatbed.single_3.flatbed_w,2,1,0
69261,_nameless.182.51b0.d130,christopoulo,patras,eolo_lines,lile_rousse,1,943,1620,1979,stone_wool,mercedes_actros_2014_6x2_a,trailer.scs_dry_m,trailer_def.scs.box.single_3.dryvan_m,33,1,0
69261,_nameless.182.51b0.ea60,christopoulo,patras,betunia,tirana,2,856,0,0,elect_wiring,daf_xd,trailer.scs_dry_s,trailer_def.scs.box.single_3.dryvan,33,1,0
69261,_nameless.182.51b0.e7f0,ortiz,lisboa,rt_log,a_coruna,1,620,0,0,car_f,renault_magnum_6x2_a,trailer.car_trans,trailer_def.car_f.car_trans,100,1,0
69261,_nameless.182.51b0.d7b0,ortiz,lisboa,globeur,bayonne,0,1042,0,0,used_plast_c,man_4x2_c,trailer.krone.boxliner220,trailer_def.krone.boxliner.single_3_220.container,30,1,0
69261,_nameless.182.51b0.e8c0,ortiz,lisboa,bhv,madrid,1,577,0,0,car_ibe,renault_premium_4x2_c,trailer.car_trans,trailer_def.car_ibe.car_trans,100,1,0
69261,_nameless.182.51b0.dd60,ortiz,lisboa,eolo_lines,cagliari,0,1419,720,827,empty_barr,renault_magnum_6x2_a,trailer.scs_curt_a,trailer_def.scs.box.single_3.curtain,33,1,0
69261,_nameless.182.51b0.daf0,lognstick,tekirdag,stokes,tirana,0,869,0,0,vinegar,renault_t_6x2,trailer.scs_dry_ms,trailer_def.scs.box.single_3.dryvan_m,33,1,0
69261,_nameless.182.51b0.e170,lognstick,tekirdag,sellplan,klagenfurt,0,1590,0,0,goat_cheese,volvo_fh2021_4x2_750,trailer.scs_ref,trailer_def.scs.box.single_3.reefer,33,1,0
69261,_nameless.182.51b0.d200,lognstick,tekirdag,brawen,lamia,0,729,0,0,emp_wine_bot,iveco_sway_4x2_500,trailer.scs_dry_a,trailer_def.scs.box.single_3.dryvan,33,1,0
69261,_nameless.182.51b0.d880,lognstick,tekirdag,shuttle,sofia,2,634,0,0,corks,iveco_sway_4x2_460,trailer.kasbhr_shg45,trailer_def.kassbohrer.scs.single_3_13.curtain,34,1,0
69261,_nameless.182.51b0.d950,fintyre_ru,petersburg,lkwlog,lodz,0,1347,0,0,used_packag,daf_xf_euro6_4x2_c,trailer.scs_dry_a,trailer_def.scs.box.single_3.dryvan,33,1,0
69261,_nameless.182.51b0.e580,fintyre_ru,petersburg,tradeaux,olsztyn,0,1167,0,0,aircft_tires,scania_s2016_6x2_high_460,trailer.scs_dry_ms,trailer_def.scs.box.single_3.dryvan_m,33,1,0
69261,_nameless.182.51b0.ecd0,fintyre_ru,petersburg,polarislines,naantali,0,740,0,0,tyres,daf_xf_euro6_4x2_a,trailer.scs_curt,trailer_def.scs.box.single_3.curtain,33,1,0
69261,_nameless.182.51b0.ec00,villco_mkt,kavala,lkwlog,szeged,0,925,0,0,used_packag,daf_xd25,trailer.profiliner17,trailer_def.krone.profiliner.single_3.curtain,33,1,0
69261,_nameless.182.51b0.eda0,villco_mkt,kavala,huilant,ajaccio,2,1070,1620,1979,empty_palet,volvo_fh2012_6x2_500,trailer.scs_dry_s,trailer_def.scs.box.single_3.dryvan,33,1,0
69261,_nameless.182.51b0.e650,lkwlog,lodz,rosmark_ru,luga,1,1147,0,0,fireworks,volvo_fh16_4x2_420,trailer.kasbhr_shg45,trailer_def.kassbohrer.scs.single_3_13.curtain,34,1,0
69261,_nameless.182.51b0.df00,lkwlog,lodz,sellplan,erfurt,2,668,0,0,canned_pork,scania_s2016_6x4_high_730,trailer.coolliner17,trailer_def.krone.coolliner.single_3.reefer,31,1,0
69261,_nameless.182.51b0.dfd0,lkwlog,lodz,posped,london,0,1493,35,300,mob_tr_winch,"""heavy/renault_6x4""",trailer.kasbhr_sll,trailer_def.kassbohrer.sll.single_3_sh.low,1,1,0
69261,_nameless.182.51b0.e720,exomar,guarda,tradeaux,ajaccio,0,1011,930,1182,mtl_coil,iveco_4x2_b,trailer.scs_flat_b,trailer_def.scs.flatbed.single_3.flatbed_w,2,1,0
69261,_nameless.182.51b0.ee70,exomar,guarda,dans_jardin,bastia,0,1091,930,1182,ter_forklift,scania_r2016_4x2_norm_370,trailer.profilinehd,trailer_def.krone.profilinerhd.single_3.flatbed,2,1,0
69261,_nameless.182.51b0.dbc0,exomar,guarda,trans_cab,murcia,0,887,0,0,concr_beams2,iveco_4x2_a,trailer.profilinehd,trailer_def.krone.profilinerhd.single_3.flatbed,2,1,0
69261,_nameless.182.51b0.dc90,exomar,guarda,renar,calvi,0,1068,930,1182,tomatoes,scania_streamline_4x2_top_560,trailer.scs_ref_a,trailer_def.scs.box.single_3.reefer,33,1,0
69261,_nameless.182.51b0.cf90,bhv,panevezys,bhv,mikkeli,1,721,150,430,motorcycles,volvo_fh2024_4x2_420,trailer.dryliner17,trailer_def.krone.dryliner.single_3.dryvan,33,1,0
69261,_nameless.182.51b0.d3a0,bhv,panevezys,bhv,kajaani,1,979,150,430,caravans,renault_premium_4x2_a,trailer.truck_trans,trailer_def.caravans.truck_trans,100,1,0
69261,_nameless.182.51b0.e240,globeur,bayonne,lisette_log,ajaccio,0,533,930,1182,milk,volvo_fh2024_4x2_780,trailer.scs_curt_a,trailer_def.scs.box.single_3.curtain,33,1,0
69261,_nameless.182.51b0.e310,globeur,bayonne,tradeaux,clermont,2,572,0,0,jcb_th540180,man_tgx_2020,trailer.scs_lowlowd2,trailer_def.scs.lowloader.single_2_sh.short,1,1,0
69261,_nameless.182.51b0.e3e0,globeur,bayonne,eolo_lines,lile_rousse,0,621,930,1182,emp_wine_bot,daf_xf_euro6_4x2_b,trailer.kasbhr_sbt,trailer_def.kassbohrer.sbt.single_3_13.dryvan,34,1,0
69261,_nameless.182.51b0.d470,globeur,bayonne,transinet,munchen,0,1532,0,0,truck_tyres,mercedes_actros_2014_4x2_c,trailer.scs_dry_s,trailer_def.scs.box.single_3.dryvan,33,1,0
69261,_nameless.182.51b0.e0a0,globeur,bayonne,tradeaux,nice,0,872,0,0,grass_rolls,daf_xf_euro6_4x2_a,trailer.scs_curt_a,trailer_def.scs.box.single_3.curtain,33,1,0
69261,_nameless.182.51b0.d610,euroacres,carlisle,tradeaux,clermont,0,1351,35,300,straw_bales,man_6x4_b,trailer.scs_dry_s,trailer_def.scs.box.single_3.dryvan,6,1,0
69261,_nameless.182.51b0.d6e0,eurogoodies,groningen,eurogoodies,liege,0,451,0,0,sugar,mercedes_actros_2014_6x4_b,trailer.scs_curt_s,trailer_def.scs.box.single_3.curtain,33,1,0
69261,_nameless.182.51b0.e4b0,eurogoodies,groningen,eurogoodies,newcastle,0,523,660,995,barley,man_tgx_2020_4x2,trailer.scs_dumper,trailer_def.scs.dumper.single_3.steel,27,1,0
69261,_nameless.183.4c80.85a0,scania_fac,sodertalje,renar,kotka,2,517,540,1170,empty_barr,man_tgx_euro6_4x2_xxl,trailer.kasbhr_sbt,trailer_def.kassbohrer.sbt.single_3_13.dryvan,34,1,0
69261,_nameless.183.4c80.88e0,scania_fac,sodertalje,norse_rail,kiruna,0,1079,0,0,scrap_metals,scania_streamline_6x4_top_480,trailer.scs_dumper,trailer_def.scs.dumper.single_3.steel,10,1,0
69261,_nameless.183.4c80.8c20,scania_fac,sodertalje,nch,kouvola,0,496,540,1170,scania_tr,iveco_sway_4x2_500,trailer.truck_trans,trailer_def.scania_tr.truck_trans,100,1,0
69261,_nameless.183.4c80.8260,renat,salzburg,trameri,warszawa,0,828,0,0,ter_forklift,daf_xf_euro6_4x2_b,trailer.profilinehd,trailer_def.krone.profilinerhd.single_3.flatbed,2,1,0
69261,_nameless.183.4c80.8cf0,renat,salzburg,wilnet_trans,nantes,0,1462,0,0,forklifts,scania_r_4x2_top_480,trailer.scs_lowbed41,trailer_def.scs.lowbed.single_41_ln.long,4,1,0
69261,_nameless.183.4c80.8f60,renat,salzburg,lisette_log,lemans,0,1246,0,0,furniture,man_6x4_b,trailer.scs_dry_m,trailer_def.scs.box.single_3.dryvan_m,33,1,0
69261,_nameless.183.4c80.8a80,renat,salzburg,chimi,larochelle,0,1541,0,0,large_cont,iveco_sway_4x2_460,trailer.scs_lowbed_4,trailer_def.scs.lowbed.single_4_sh.short,27,1,0
69261,_nameless.183.4c80.9030,dans_jardin,porto_vecchi,lkwlog,luxembourg,0,801,840,1193,nuts,mercedes_4x2_c,trailer.scs_curt,trailer_def.scs.box.single_3.curtain,33,1,0
69261,_nameless.183.4c80.8670,dans_jardin,porto_vecchi,fle,barcelona,0,173,930,1182,watermelons,daf_6x2_a,trailer.coollineret,trailer_def.krone.ecoolliner.single_3.reefer,33,1,0
69261,_nameless.183.4c80.89b0,dans_jardin,porto_vecchi,trans_cab,valladolid,0,817,930,1182,peas,scania_s2016_4x2_high_590,trailer.scs_dry_a,trailer_def.scs.box.single_3.dryvan,33,1,0
69261,_nameless.183.4c80.8dc0,dans_jardin,porto_vecchi,transinet,cambridge,1,1251,875,1493,grapes,scania_r2016_4x2_high_500,trailer.scs_ins_a,trailer_def.scs.box.single_3.insulated,33,1,0
69261,_nameless.183.4c80.8330,dans_jardin,porto_vecchi,tras_med,genova,0,435,840,1193,auger_wag,daf_xf_euro6_4x2_c,trailer.kasbhr_slle,trailer_def.kassbohrer.sll.single_3_ln.low,1,1,0
69261,_nameless.183.4c80.8810,tree_et,teruel,wilnet_trans,limoges,0,916,0,0,jcb_exc245xr,"""heavy/mercedes_actros_8x4""",trailer.scs_lowbed_3,trailer_def.scs.lowbed.single_3.short,1,1,0
69261,_nameless.183.4c80.8e90,tree_et,teruel,cargotras,olbia,0,625,720,827,log_harvest,"""heavy/mercedes_actros_8x4""",trailer.scs_lowlow4e,trailer_def.scs.lowloader.single_4_ln.long,1,1,0
69261,_nameless.183.4c80.8190,tree_et,teruel,tradeaux,nice,2,1177,0,0,logs,daf_xf_4x2_370,trailer.scs_log,trailer_def.scs.log.single_3.steel,32,1,0
69261,_nameless.183.4c80.8400,sal_fi,joensuu,ns_oil,oslo,0,1150,540,1170,petrol,renault_premium_4x2_a,trailer.scs_fueltank,trailer_def.scs.fueltank.single_3.fueltank,30,1,0
69261,_nameless.183.4c80.84d0,sal_fi,joensuu,muromec,pskov,0,918,0,0,graph_grease,mercedes_actros_2014_4x2_a,trailer.scs_curt_s,trailer_def.scs.box.single_3.curtain,33,1,0
69261,_nameless.17f.603d.2670,sal_fi,joensuu,sal_fi,ivalo,1,712,0,0,aircft_tires,"""double/scania_streamline_4x2_top_560""",trailer.scs_curt_b2,trailer_def.scs.box.bdouble_3_3.curtain,52,1,0
69261,_nameless.17f.603d.2400,sal_fi,joensuu,rosmark,riga,1,844,150,430,mobile_crane,"""heavy/daf_6x4""",trailer.scs_lowlow4e,trailer_def.scs.lowloader.single_4_ln.long,1,1,0
69261,_nameless.17f.603d.1cb0,subse,bijelo_polje,tras_med,roma,2,740,540,420,canned_pork,volvo_fh2012_6x2_500,trailer.scs_ref_s,trailer_def.scs.box.single_3.reefer,31,1,0
69261,_nameless.17f.603d.24d0,subse,bijelo_polje,subse,larissa,0,805,0,0,pasta,daf_xd_2,trailer.scs_dry_ms,trailer_def.scs.box.single_3.dryvan_m,33,1,0
69261,_nameless.17f.603d.2190,vitas_pwr,aalborg,lkwlog,brno,2,1229,0,0,windml_tube,mercedes_6x4_a,trailer.scs_lowbed_3,trailer_def.scs.lowbed.single_3.short,1,1,0
69261,_nameless.17f.603d.1ff0,icaria,argostoli,balkan_loco,sarajevo,1,1080,460,720,helicopter,mercedes_4x2,trailer.scs_lowbed_3,trailer_def.scs.lowbed.single_3.short,1,1,0
69261,_nameless.17f.603d.2740,icaria,argostoli,globeur,montpellier,2,1476,1030,1465,jcb_pw125qe,iveco_4x2_a,trailer.profilinehd,trailer_def.krone.profilinerhd.single_3.flatbed,24,1,0
69261,_nameless.17f.603d.1b10,blt,kunda,renar,kobenhavn,0,949,570,1270,vinegar_c,renault_magnum_6x4_a,trailer.krone.boxliner220,trailer_def.krone.boxliner.single_3_220.container,30,1,0
69261,_nameless.17f.603d.1be0,blt,kunda,blt,siauliai,1,552,0,0,mob_screener,"""heavy/daf_xgp_4x2_530""",trailer.kasbhr_slle,trailer_def.kassbohrer.sll.single_3_ln.low,1,1,0
69261,_nameless.17f.603d.1d80,blt,kunda,nord_sten,ostersund,2,739,570,1270,diesel,volvo_fh2021_6x2_540,trailer.willig.fuel_cistern,trailer_def.scs.fueltank.single_3.fueltank,28,1,0
69261,_nameless.17f.603d.2260,blt,kunda,blt,tartu,1,183,0,0,post_packag,daf_xf_euro6_4x2_c,trailer.drylineret,trailer_def.krone.edryliner.single_3.dryvan,33,1,0
69261,_nameless.17f.603d.1e50,imp_otel,calarasi,te_logistica,sassari,0,1556,1410,1624,jcb_th540180,renault_magnum_6x2_a,trailer.kasbhr_sla,trailer_def.kassbohrer.sla.single_3_sh.lowbed,1,1,0
69261,_nameless.17f.603d.20c0,imp_otel,calarasi,stokes,maribor,0,1221,0,0,brake_pads,renault_t_6x2,trailer.kasbhr_scs,trailer_def.kassbohrer.scs.single_3_13.curtain,34,1,0
69261,_nameless.17f.603d.2810,imp_otel,calarasi,fallow,istanbul,0,672,0,0,wallpanels,man_tgx_euro6_4x2_xxl,trailer.panel_trans.wall,trailer_def.wallpanels.panel_trans.wall,93,1,0
69261,_nameless.17f.603d.2330,imp_otel,calarasi,christopoulo,chios,1,682,690,1521,iron_pipes,mercedes_actros_2014_6x2_a,trailer.scs_log,trailer_def.scs.log.single_3.steel,28,1,0
69261,_nameless.17f.603d.28e0,jastuk,tuzla,gnt,vilnius,0,1478,0,0,forklifts,scania_s2016_4x2_norm_370,trailer.scs_lowbed_4,trailer_def.scs.lowbed.single_4_sh.short,3,1,0
69261,_nameless.17f.75ac.3990,jastuk,tuzla,balkan_loco,veli_tarnovo,1,820,0,0,furniture,scania_streamline_6x4_top_480,trailer.scs_dry_a,trailer_def.scs.box.single_3.dryvan,33,1,0
69261,_nameless.17f.75ac.40e0,jastuk,tuzla,itcc,maribor,1,534,0,0,empty_spool,scania_s2016_6x4_high_730,trailer.scs_lowbed_3,trailer_def.scs.lowbed.single_3.short,3,1,0
69261,_nameless.17f.75ac.44f0,jastuk,tuzla,dfh,bremen,1,1574,0,0,ter_forklift,scania_r_6x4_top_620,trailer.scs_flat_b,trailer_def.scs.flatbed.single_3.flatbed_w,2,1,0
69261,_nameless.17f.75ac.45c0,eurogoodies,plymouth,rt_log,hamburg,0,1170,35,300,garlic,mercedes_actros_2014_6x2_a,trailer.scs_curt_a,trailer_def.scs.box.single_3.curtain,33,1,0
69261,_nameless.17f.75ac.3720,quarry,glasgow,globeur,rennes,0,1459,35,300,mob_crusher,"""heavy/scania_r_6x4_top_730""",trailer.kasbhr_slle,trailer_def.kassbohrer.sll.single_3_ln.low,1,1,0
69261,_nameless.17f.75ac.41b0,quarry,glasgow,norrsken,hamar,0,1571,1140,1314,emptytank,renault_premium_4x2_a,trailer.profilinehd,trailer_def.krone.profilinerhd.single_3.flatbed,1,1,0
69261,_nameless.17f.75ac.4280,quarry,glasgow,log_atlan,a_coruna,0,1455,1080,1176,volvo_ec220e,daf_xd,trailer.scs_lowbed_4,trailer_def.scs.lowbed.single_4_sh.short,1,1,0
69261,_nameless.17f.75ac.38c0,tesore_gust,firenze,rt_log,innsbruck,0,547,0,0,icecream,volvo_fh16_4x2_540,trailer.scs_ref,trailer_def.scs.box.single_3.reefer,33,1,0
69261,_nameless.17f.75ac.3da0,tesore_gust,firenze,eolo_lines,sassari,1,777,840,879,liver_paste,iveco_6x2_a,trailer.scs_ins,trailer_def.scs.box.single_3.insulated,33,1,0
69261,_nameless.17f.75ac.3cd0,nch,tallinn,renar,tampere,1,307,150,430,seal_bearing,daf_xf_euro6_6x2_a,trailer.kasbhr_sbt,trailer_def.kassbohrer.sbt.single_3_13.dryvan,31,1,0
69261,_nameless.17f.75ac.4350,nch,tallinn,cont_port,kotka,0,281,150,430,motor_oil_c,man_4x2_c,trailer.kasbhr_shg40,trailer_def.kassbohrer.shg.singl_3e_40.container,30,1,0
69261,_nameless.17f.75ac.4420,nch,tallinn,gnt,jonkoping,0,521,570,1270,med_equip,daf_xf_euro6_6x4_c,trailer.scs_ref_s,trailer_def.scs.box.single_3.reefer,33,1,0
69261,_nameless.17f.75ac.3a60,nch,tallinn,lkwlog,lodz,0,1068,0,0,ibc_cont,mercedes_4x2_b,trailer.scs_curt_s,trailer_def.scs.box.single_3.curtain,33,1,0
69261,_nameless.17f.75ac.3e70,vitas_pwr,bilbao,lisette_log,rennes,0,882,0,0,empty_spool,daf_xd_2,trailer.scs_lowbed41,trailer_def.scs.lowbed.single_41_ln.long,4,1,0
69261,_nameless.17f.75ac.3c00,vitas_pwr,bilbao,vitas_pwr_co,sines,1,1037,0,0,windml_tube,scania_r2016_6x4_high_660,trailer.scs_lowlow4e,trailer_def.scs.lowloader.single_4_ln.long,2,1,0
69261,_nameless.182.628b.61e0,marina,a_coruna,exomar,cordoba,0,1000,0,0,lux_yacht,man_tgx_2020_4x2,trailer.scs_lowlow2e,trailer_def.scs.lowloader.single_2_ln.long,1,1,0
69261,_nameless.182.628b.5ea0,ns_oil,wien,imp_otel,craiova,2,885,0,0,motor_oil_c,daf_xd_2,trailer.krone.boxliner40,trailer_def.krone.boxliner.single_3_40.container,30,1,0
69261,_nameless.182.628b.62b0,ns_oil,wien,fcp,poznan,0,571,0,0,lpg,volvo_fh2024_4x2_420,trailer.kasbhr_shg20,trailer_def.kassbohrer.shg.singl_3e_20.container,40,1,0
69261,_nameless.182.628b.6040,cont_port,oulu,nch,riga,2,977,150,430,sodium,scania_s2016_4x2_high_590,trailer.krone.boxliner220,trailer_def.krone.boxliner.single_3_220.container,80,1,0
69261,_nameless.182.628b.6ad0,cont_port,oulu,wgcc,gdansk,0,1570,150,430,potassium,renault_t_4x2,trailer.kasbhr_shg40,trailer_def.kassbohrer.shg.singl_3e_40.container,80,1,0
69261,_nameless.182.628b.6380,quarry,lyon,domdepo,frankfurt,0,739,0,0,granite_cube,daf_xf_euro6_4x2_c,trailer.scs_dumper,trailer_def.scs.dumper.single_3.steel,10,1,0
69261,_nameless.182.628b.66c0,quarry,lyon,lkwlog,dortmund,2,893,0,0,jcb_mexc19ce,scania_streamline_4x2_norm_380,trailer.scs_flat_b,trailer_def.scs.flatbed.single_3.flatbed_w,3,1,0
69261,_nameless.182.628b.6110,quarry,lyon,quarry,katowice,0,1519,0,0,mob_crusher,"""heavy/scania_s2016_6x4_high_730""",trailer.scs_lowbed_4,trailer_def.scs.lowbed.single_4_sh.short,1,1,0
69261,_nameless.182.628b.6860,quarry,lyon,euroacres,groningen,0,1089,0,0,jcb_wload457,mercedes_actros_2014_4x2_c,trailer.scs_lowbed_3,trailer_def.scs.lowbed.single_3.short,1,1,0
69261,_nameless.182.628b.6450,eolo_lines,sassari,villco,pristina,0,775,1380,1299,canned_pork,scania_r2016_4x2_norm_370,trailer.scs_ins_a,trailer_def.scs.box.single_3.insulated,32,1,0
69261,_nameless.182.628b.6930,eolo_lines,sassari,sellplan,geneve,1,765,720,827,peas,renault_premium_4x2_a,trailer.kasbhr_sbt,trailer_def.kassbohrer.sbt.single_3_13.dryvan,34,1,0
69261,_nameless.182.628b.6a00,eolo_lines,sassari,fcp,torino,2,825,720,827,press_sl_val,renault_magnum_4x2_a,trailer.scs_curt,trailer_def.scs.box.single_3.curtain,33,1,0
69261,_nameless.182.628b.5dd0,wgcc,kokkola,nch,kouvola,0,424,0,0,neon,volvo_fh2021_4x2_750,trailer.krone.boxliner40,trailer_def.krone.boxliner.single_3_40.container,80,1,0
69261,_nameless.182.628b.6520,wgcc,kokkola,baltomorsk,valmiera,1,903,150,430,hipresstank,mercedes_actros_2014_6x4_b,trailer.scs_flat_b,trailer_def.scs.flatbed.single_3.flatbed_w,8,1,0
69261,_nameless.182.628b.6790,wgcc,kokkola,cont_port,oslo,0,841,300,680,nitrogen,scania_r2016_4x2_norm_370,trailer.scs_gosck220,trailer_def.scs.gooseneck.singl_3e_220.container,80,1,0
69261,_nameless.182.628b.6ba0,renat,pleven,syllurgy,nis,1,406,0,0,large_cont,volvo_fh2021_4x2_420,trailer.profilinehd,trailer_def.krone.profilinerhd.single_3.flatbed,33,1,0
69261,_nameless.182.628b.6c70,renat,pleven,exomar,taranto,1,965,570,745,forklifts,scania_s2016_4x2_high_590,trailer.scs_lowbed41,trailer_def.scs.lowbed.single_41_ln.long,3,1,0
69261,_nameless.182.519b.2a40,renat,pleven,posped,katowice,0,1261,0,0,mat_handler,"""heavy/scania_r_6x4_top_730""",trailer.kasbhr_slle,trailer_def.kassbohrer.sll.single_3_ln.low,1,1,0
69261,_nameless.182.519b.22f0,renat,pleven,timberturtle,brasov,2,498,0,0,ter_forklift,iveco_sway_4x2_580,trailer.profilinehd,trailer_def.krone.profilinerhd.single_3.flatbed,2,1,0
69261,_nameless.182.519b.1d40,baltrak,tekirdag,balkan_loco,veli_tarnovo,1,439,0,0,honey,daf_xgp25_4x2_530,trailer.scs_dry_m,trailer_def.scs.box.single_3.dryvan_m,33,1,0
69261,_nameless.182.519b.1ee0,baltrak,tekirdag,eurogoodies,podgorica,2,1041,0,0,soy_milk,daf_xd_2,trailer.kasbhr_sbt,trailer_def.kassbohrer.sbt.single_3_13.dryvan,34,1,0
69261,_nameless.182.519b.27d0,domdepo,o_barco,log_atlan,almeria,2,968,0,0,sandwch_pnls,"""double/volvo_fh16_4x2_700""",trailer.profiline17d,trailer_def.krone.profiliner.double_3_2.curtain,52,1,0
69261,_nameless.182.519b.1e10,domdepo,o_barco,log_atlan,leon,2,229,0,0,wallpanels,scania_s2016_6x4_high_730,trailer.panel_trans.wall,trailer_def.wallpanels.panel_trans.wall,93,1,0
69261,_nameless.182.519b.23c0,domdepo,o_barco,rt_log,zaragoza,0,700,0,0,stone_dust,scania_s2016_4x2_high_590,trailer.ffb_eut35,trailer_def.feldbinder.eut.single_3_35.silo_35_3p,17,1,0
69261,_nameless.182.519b.1fb0,domdepo,o_barco,log_atlan,bilbao,0,576,0,0,metal_pipes,renault_magnum_6x4_a,trailer.profilinehd,trailer_def.krone.profilinerhd.single_3.flatbed,2,1,0
69261,_nameless.182.519b.2080,domdepo,o_barco,nos_pat,bourges,0,1231,0,0,wooden_beams,mercedes_actros_2014_6x2_a,trailer.scs_log,trailer_def.scs.log.single_3.steel,2,1,0
69261,_nameless.182.519b.2150,kaarfor,ajaccio,log_atlan,leon,2,768,930,1182,used_plast,renault_magnum_6x2_a,trailer.scs_dry_ms,trailer_def.scs.box.single_3.dryvan_m,33,1,0
69261,_nameless.182.519b.28a0,kaarfor,ajaccio,brawen,ljubljana,1,1334,840,1193,used_plast_c,mercedes_6x2_b,trailer.krone.boxliner40,trailer_def.krone.boxliner.single_3_40.container,30,1,0
69261,_nameless.182.519b.2220,kaarfor,ajaccio,exomar,roma,1,516,1050,1234,used_packag,daf_xf_euro6_6x4_c,trailer.scs_curt_a,trailer_def.scs.box.single_3.curtain,33,1,0
69261,_nameless.182.519b.2490,cnp,fier,eolo_lines,napoli,1,333,540,420,empty_spool,daf_xf_euro6_4x2_c,trailer.scs_lowbed_4,trailer_def.scs.lowbed.single_4_sh.short,3,1,0
69261,_nameless.182.519b.2560,cnp,fier,marmo,palermo,1,760,560,767,dozer,"""heavy/daf_6x4""",trailer.scs_lowbed_4,trailer_def.scs.lowbed.single_4_sh.short,1,1,0
69261,_nameless.182.519b.2970,cnp,fier,quarry,katowice,0,1588,0,0,cable_reel,"""heavy/scania_s2016_6x4_high_730""",trailer.kasbhr_sll,trailer_def.kassbohrer.sll.single_3_sh.low,1,1,0
69261,_nameless.182.519b.2700,cnp,fier,eumefa,maribor,0,1185,0,0,motor_oil_c,daf_xg_4x2_450,trailer.kasbhr_shg40,trailer_def.kassbohrer.shg.singl_3e_40.container,30,1,0
69261,_nameless.183.7550.e730,euroacres,reims,eurogoodies,koln,0,369,0,0,potatoes,iveco_sway_4x2_500,trailer.kasbhr_scs,trailer_def.kassbohrer.scs.single_3_13.curtain,34,1,0
69261,_nameless.183.7550.ef50,euroacres,reims,aci,genova,0,948,0,0,apples,iveco_4x2_c,trailer.scs_dry_a,trailer_def.scs.box.single_3.dryvan,33,1,0
69261,_nameless.183.7550.f360,cesta_sl,algeciras,app,zaragoza,1,871,0,0,used_plast_c,daf_xd_1,trailer.scs_gosck40,trailer_def.scs.gooseneck.singl_3e_40.container,30,1,0
69261,_nameless.183.7550.ec10,cesta_sl,algeciras,stokes,cardiff,2,1323,1076,1172,used_plast,daf_xd25,trailer.scs_curt,trailer_def.scs.box.single_3.curtain,33,1,0
69261,_nameless.183.7550.f020,cesta_sl,algeciras,cargotras,palermo,1,793,1557,1788,used_packag,iveco_h_4x2_a,trailer.dryliner17,trailer_def.krone.dryliner.single_3.dryvan,33,1,0
69261,_nameless.183.7550.e660,radus_ru,ruse,icaria,chios,0,513,690,1521,volvo_bucket,mercedes_actros_2014_4x2_c,trailer.scs_lowbed41,trailer_def.scs.lowbed.single_41_ln.long,1,1,0
69261,_nameless.183.7550.e800,piac,cassino,bhv,bastia,0,521,1050,1234,pickup_gr,scania_r_4x2_top_480,trailer.truck_trans,trailer_def.pickup_gr.truck_trans,100,1,0
69261,_nameless.183.7550.f0f0,piac,cassino,stokes,liege,0,1541,0,0,forklifts,scania_r_6x2_high_500,trailer.scs_lowbed_3,trailer_def.scs.lowbed.single_3.short,4,1,0
69261,_nameless.183.7550.ece0,piac,cassino,cnp_well,fier,0,454,540,420,empty_barr,volvo_fh2024_6x2_500,trailer.scs_dry_s,trailer_def.scs.box.single_3.dryvan,33,1,0
69261,_nameless.183.7550.edb0,piac,cassino,trameri,strasbourg,0,1154,0,0,ibc_cont,renault_premium_4x2_a,trailer.kasbhr_scs,trailer_def.kassbohrer.scs.single_3_13.curtain,34,1,0
69261,_nameless.182.628c.d030,nos_pat,salamanca,wilnet_trans,nantes,0,1156,0,0,tractors,man_tgx_2020_4x2,trailer.scs_lowbed41,trailer_def.scs.lowbed.single_41_ln.long,1,1,0
69261,_nameless.182.628c.d100,nos_pat,salamanca,nos_pat,lleida,2,793,0,0,tractor_c,"""heavy/scania_r2016_8x4_high_730""",trailer.scs_lowlow2e,trailer_def.scs.lowloader.single_2_ln.long,1,1,0
69261,_nameless.182.628c.c670,rimaf,iasi,exomar,taranto,0,1424,540,420,goat_cheese,volvo_fh2021_4x2_420,trailer.scs_ref,trailer_def.scs.box.single_3.reefer,33,1,0
69261,_nameless.182.628c.d2a0,rimaf,iasi,rt_log,graz,0,1184,0,0,kr_gx520,scania_s2016_4x2_norm_370,trailer.scs_lowlow2e,trailer_def.scs.lowloader.single_2_ln.long,1,1,0
69261,_nameless.182.628c.d370,eolo_lines,almeria,kaarfor,swansea,0,1247,1076,1172,frozen_hake,scania_s2016_6x2_high_460,trailer.coolliner17,trailer_def.krone.coolliner.single_3.reefer,33,1,0
69261,_nameless.182.628c.d9f0,eolo_lines,almeria,trans_cab,barcelona,1,894,0,0,frsh_herbs,renault_premium_6x4_a,trailer.scs_ref_a,trailer_def.scs.box.single_3.reefer,33,1,0
69261,_nameless.182.628c.be50,eolo_lines,almeria,trans_cab,barcelona,0,894,0,0,metal_cans,scania_s2016_6x4_high_730,trailer.kasbhr_shg45,trailer_def.kassbohrer.scs.single_3_13.curtain,34,1,0
69261,_nameless.182.628c.c810,bhv,goteborg,tdc_auto,bremen,1,963,0,0,car_d,mercedes_6x2_b,trailer.car_trans,trailer_def.car_d.car_trans,100,1,0
69261,_nameless.182.628c.c0c0,slava,tirana,rt_log,linz,0,1344,0,0,pickup_gr,mercedes_4x2_b,trailer.truck_trans,trailer_def.pickup_gr.truck_trans,100,1,0
69261,_nameless.182.628c.c190,slava,tirana,lkwlog,lublin,2,1516,0,0,vans_fd,mercedes_actros_2014_4x2_a,trailer.van_trans,trailer_def.vans_fd.van_trans,100,1,0
69261,_nameless.182.628c.cdc0,slava,tirana,icaria,kavala,0,598,0,0,car_it,daf_xf_euro6_6x4_c,trailer.car_trans,trailer_def.car_it.car_trans,100,1,0
69261,_nameless.182.628c.ce90,piac,kragujevac,transinet,munchen,0,1048,0,0,used_plast_c,scania_r_4x2_top_480,trailer.kasbhr_shg40,trailer_def.kassbohrer.shg.singl_3e_40.container,30,1,0
69261,_nameless.182.628c.c8e0,piac,kragujevac,aaa,pescara,2,1566,0,0,car_f,man_tgx_2020_6x2,trailer.car_trans,trailer_def.car_f.car_trans,100,1,0
69261,_nameless.182.628c.d440,piac,kragujevac,brawen,ioannina,0,789,0,0,mondeos,daf_6x2_a,trailer.car_trans,trailer_def.mondeos.car_trans,100,1,0
69261,_nameless.182.628c.d510,piac,kragujevac,balkan_loco,edirne,1,669,0,0,car_ibe,man_4x2_c,trailer.car_trans,trailer_def.car_ibe.car_trans,100,1,0
69261,_nameless.182.628c.d6b0,cesta_sl,madrid,posped,swansea,0,753,1076,1172,used_plast,renault_premium_6x4_a,trailer.scs_dry_m,trailer_def.scs.box.single_3.dryvan_m,33,1,0
69261,_nameless.182.628c.c9b0,cesta_sl,madrid,log_atlan,a_coruna,0,678,0,0,used_packag,iveco_sway_4x2_460,trailer.dryliner17,trailer_def.krone.dryliner.single_3.dryvan,33,1,0
69261,_nameless.182.628c.d780,cesta_sl,madrid,trans_cab,algeciras,1,618,0,0,used_plast_c,renault_magnum_4x2_a,trailer.kasbhr_shg40,trailer_def.kassbohrer.shg.singl_3e_40.container,30,1,0
69261,_nameless.182.628c.bd80,cesta_sl,madrid,renar,calvi,1,635,930,1182,empty_palet,volvo_fh2021_4x2_420,trailer.scs_curt_s,trailer_def.scs.box.single_3.curtain,33,1,0
69261,_nameless.182.628c.ca80,betunia,vlore,cargotras,milano,0,962,540,420,logs,scania_r2016_6x2_high_460,trailer.scs_log,trailer_def.scs.log.single_3.steel,32,1,0
69261,_nameless.182.628c.c260,betunia,vlore,transinet,torino,0,1111,540,420,sandwch_pnls,volvo_fh2021_6x2_540,trailer.scs_dry_m,trailer_def.scs.box.single_3.dryvan_m,33,1,0
69261,_nameless.182.628c.d850,betunia,vlore,tras_med,genova,0,1058,540,420,re_bars,iveco_sway_4x2_500,trailer.scs_flat_b,trailer_def.scs.flatbed.single_3.flatbed_w,2,1,0
69261,_nameless.182.628c.db90,timberturtle,kragujevac,cargotras,sassari,2,1012,1380,1299,logs,renault_magnum_6x4_a,trailer.scs_log,trailer_def.scs.log.single_3.steel,32,1,0
69261,_nameless.182.628c.cb50,polarislines,goteborg,norse_rail,ostersund,2,874,0,0,natur_rubber,"""double/man_euro6_4x2_xxl""",trailer.scs_dry_b2,trailer_def.scs.box.bdouble_3_3.dryvan,52,1,0
69261,_nameless.182.628c.bf20,gnt,daugavpils,renar,tallinn,2,452,0,0,fuel_oil,renault_premium_4x2_c,trailer.scs_fueltank,trailer_def.scs.fueltank.single_3.fueltank,27,1,0
69261,_nameless.182.628c.cc20,gnt,daugavpils,betunia,novi_sad,0,1505,0,0,floorpanels,scania_r_4x2_norm_360,trailer.panel_trans.floor,trailer_def.floorpanels.panel_trans.floor,82,1,0
69261,_nameless.183.3da5.adb0,gnt,daugavpils,norrsken,borlange,1,663,510,1110,square_baler,volvo_fh16_6x4_700,trailer.kasbhr_sla,trailer_def.kassbohrer.sla.single_3_sh.lowbed,1,1,0
69261,_nameless.183.3da5.9620,iberatomica,vandellos,trans_cab,madrid,2,572,0,0,jcb_dmp6t2,"""heavy/scania_r_6x4_top_730""",trailer.kasbhr_slle,trailer_def.kassbohrer.sll.single_3_ln.low,1,1,0
69261,_nameless.183.3da5.af50,iberatomica,vandellos,log_atlan,salamanca,2,929,0,0,jcb_dmphtd5e,renault_premium_6x2_a,trailer.profilinehd,trailer_def.krone.profilinerhd.single_3.flatbed,7,1,0
69261,_nameless.183.3da5.9bd0,iberatomica,vandellos,batisse_road,bordeaux,0,848,0,0,jcb_exc245xr,"""heavy/mercedes_6x4""",trailer.scs_lowbed_3,trailer_def.scs.lowbed.single_3.short,1,1,0
69261,_nameless.183.3da5.a180,cont_port,klaipeda,posped,rotterdam,0,1568,0,0,salt_spice_c,renault_premium_4x2_c,trailer.krone.boxliner20,trailer_def.krone.boxliner.single_3.container,15,1,0
69261,_nameless.183.3da5.ab40,cont_port,klaipeda,muromec,pskov,0,562,0,0,magnesium,daf_xgp_4x2_530,trailer.kasbhr_shg20,trailer_def.kassbohrer.shg.singl_3e_20.container,40,1,0
69261,_nameless.183.3da5.ac10,cont_port,klaipeda,sal_fi,joensuu,2,1154,150,430,exhausts_c,man_tgx_euro6_4x2_xl,trailer.krone.boxliner220,trailer_def.krone.boxliner.single_3_220.container,30,1,0
69261,_nameless.183.3da5.9480,marina,marseille,lkwlog,dover,0,1031,35,300,lux_yacht,scania_r2016_4x2_high_500,trailer.scs_lowbed41,trailer_def.scs.lowbed.single_41_ln.long,1,1,0
69261,_nameless.183.3da5.96f0,sporklift,cluj_napoca,stokes,wien,1,784,0,0,ter_forklift,daf_xf_euro6_4x2_a,trailer.profilinehd,trailer_def.krone.profilinerhd.single_3.flatbed,2,1,0
69261,_nameless.183.3da5.a730,sporklift,cluj_napoca,stokes,erfurt,2,1375,0,0,used_battery,volvo_fh2012_4x2_420,trailer.scs_dry_s,trailer_def.scs.box.single_3.dryvan,33,1,0
69261,_nameless.183.3da5.9ca0,sporklift,cluj_napoca,ai,skopje,1,919,0,0,forklifts,iveco_h_4x2_a,trailer.scs_lowbed_3,trailer_def.scs.lowbed.single_3.short,4,1,0
69261,_nameless.183.3da5.ae80,sellplan,bern,shuttle,zadar,1,1355,0,0,empty_palet,iveco_6x2_a,trailer.dryliner17,trailer_def.krone.dryliner.single_3.dryvan,33,1,0
69261,_nameless.183.3da5.a320,sellplan,bern,trans_cab,valladolid,0,1411,0,0,used_plast,man_tgx_2020,trailer.scs_curt_a,trailer_def.scs.box.single_3.curtain,33,1,0
69261,_nameless.183.3da5.aa70,sellplan,bern,transinet,brussel,0,687,0,0,used_packag,mercedes_actros_2014_4x2_a,trailer.kasbhr_shg45,trailer_def.kassbohrer.scs.single_3_13.curtain,34,1,0
69261,_nameless.183.3da5.a800,sellplan,bern,brawen,ljubljana,2,885,0,0,used_plast_c,mercedes_6x2_b,trailer.scs_gosck20,trailer_def.scs.gooseneck.singl_3e_20.container,15,1,0
69261,_nameless.183.3da5.b020,lognstick,istanbul,stokes,tirana,1,994,0,0,vol_ew240emh,"""heavy/scania_s2016_8x4_high_770""",trailer.scs_lowlow2e,trailer_def.scs.lowloader.single_2_ln.long,1,1,0
69261,_nameless.183.3da5.97c0,norr_food,kobenhavn,fallow,timisoara,1,1536,105,404,used_plast,volvo_fh2024_6x2_500,trailer.scs_curt,trailer_def.scs.box.single_3.curtain,33,1,0
69261,_nameless.183.3da5.9b00,norr_food,kobenhavn,dfh,bremen,0,529,0,0,used_packag,man_tgx_euro6_4x2_xl,trailer.scs_curt_s,trailer_def.scs.box.single_3.curtain,33,1,0
69261,_nameless.183.3da5.9a30,trans_cab,algeciras,log_atlan,bilbao,1,1043,0,0,grapes,scania_r_6x4_top_620,trailer.scs_ref_s,trailer_def.scs.box.single_3.reefer,33,1,0
69261,_nameless.183.3da5.9e40,trans_cab,algeciras,wilnet_trans,porto_vecchi,0,1281,930,1182,plast_pipes,scania_r2016_4x2_high_500,trailer.profilinehd,trailer_def.krone.profilinerhd.single_3.flatbed,4,1,0
69261,_nameless.183.3da5.a4c0,trans_cab,algeciras,cargotras,olbia,0,1265,720,827,goat_cheese,daf_xf_euro6_4x2_b,trailer.coolliner17,trailer_def.krone.coolliner.single_3.reefer,33,1,0
69261,_nameless.183.3da5.a8d0,trans_cab,algeciras,globeur,montpellier,0,1462,0,0,forwarder,"""heavy/mercedes_actros_8x4""",trailer.scs_lowlow2e,trailer_def.scs.lowloader.single_2_ln.long,1,1,0
69261,_nameless.183.3da5.9f10,ns_oil,targu_mures,gnt,panevezys,0,1552,0,0,fueltanker,daf_xf_euro6_6x4_c,trailer.krone.boxliner20,trailer_def.krone.boxliner.single_3.container,40,1,0
69261,_nameless.183.3da5.9210,ns_oil,targu_mures,st_roza_bg,pirdop,2,721,0,0,oil,mercedes_6x2_b,trailer.scs_fueltank,trailer_def.scs.fueltank.single_3.fueltank,28,1,0
69261,_nameless.183.3da5.a590,ns_oil,targu_mures,sanbuilders,krakow,0,902,0,0,propane,scania_r2016_4x2_high_500,trailer.scs_gastank,trailer_def.scs.gastank.single_3.gastank,40,1,0
69261,_nameless.183.3da5.9fe0,ns_oil,targu_mures,ai,sarajevo,0,938,0,0,ethane,renault_magnum_4x2_a,trailer.scs_gastank,trailer_def.scs.gastank.single_3.gastank,40,1,0
69261,_nameless.183.3da5.a9a0,syllurgy,bihac,transinet,frankfurt,1,993,0,0,outdr_flr_tl,scania_r_6x2_high_500,trailer.scs_dry_a,trailer_def.scs.box.single_3.dryvan,32,1,0
69261,_nameless.183.3da5.a3f0,syllurgy,bihac,nbfc,ostrava,0,770,0,0,emptytank,scania_s2016_4x2_high_590,trailer.scs_flat_b,trailer_def.scs.flatbed.single_3.flatbed_w,1,1,0
69261,_nameless.183.3da5.a250,syllurgy,bihac,dfh,nurnberg,0,803,0,0,iron_pipes,mercedes_actros_2014_4x2_a,trailer.scs_log,trailer_def.scs.log.single_3.steel,28,1,0
69261,_nameless.183.3da5.a660,acc,gijon,app,madrid,0,520,0,0,brake_pads,iveco_sway_4x2_500,trailer.kasbhr_shg45,trailer_def.kassbohrer.scs.single_3_13.curtain,34,1,0
69261,_nameless.183.29e0.ac20,acc,gijon,trans_cab,algeciras,1,1024,0,0,iron_pipes,iveco_4x2_b,trailer.scs_log,trailer_def.scs.log.single_3.steel,28,1,0
69261,_nameless.183.29e0.b9f0,wgcc,aarhus,nbfc,london,0,1194,35,300,neon,mercedes_4x2_b,trailer.krone.boxliner20,trailer_def.krone.boxliner.single_3.container,40,1,0
69261,_nameless.183.29e0.b370,wgcc,aarhus,nbfc,london,0,1194,35,300,fluorine,renault_t_6x2,trailer.krone.boxliner20,trailer_def.krone.boxliner.single_3.container,40,1,0
69261,_nameless.183.29e0.c2e0,comoto,suzzara,aluxion,mostar,0,1189,0,0,ter_forklift,daf_4x2_a,trailer.scs_flat_b,trailer_def.scs.flatbed.single_3.flatbed_w,2,1,0
69261,_nameless.183.29e0.b920,comoto,suzzara,drekkar,odense,1,1564,0,0,mondeos,mercedes_actros_2014_4x2_c,trailer.car_trans,trailer_def.mondeos.car_trans,100,1,0
69261,_nameless.183.29e0.be00,comoto,suzzara,wilnet_trans,lemans,2,1250,0,0,used_battery,renault_t_6x2,trailer.scs_dry,trailer_def.scs.box.single_3.dryvan,33,1,0
69261,_nameless.183.29e0.ae90,comoto,suzzara,stokes,wien,2,726,0,0,used_plast,daf_xf_euro6_6x2_a,trailer.scs_dry_m,trailer_def.scs.box.single_3.dryvan_m,33,1,0
69261,_nameless.183.29e0.c7c0,comoto,suzzara,rt_log,nurnberg,0,688,0,0,car_it,mercedes_4x2_a,trailer.car_trans,trailer_def.car_it.car_trans,100,1,0
69261,_nameless.183.29e0.b440,ika_bohag,dortmund,polarislines,nynashamn,1,1410,0,0,used_packag,renault_magnum_6x2_a,trailer.scs_dry_a,trailer_def.scs.box.single_3.dryvan,33,1,0
69261,_nameless.183.29e0.b850,ika_bohag,dortmund,dfh,rostock,2,588,0,0,empty_palet,mercedes_6x4_a,trailer.kasbhr_shg45,trailer_def.kassbohrer.scs.single_3_13.curtain,34,1,0
69261,_nameless.183.29e0.b5e0,ika_bohag,dortmund,wilnet_trans,nantes,0,982,0,0,pot_flowers,daf_6x2_a,trailer.scs_ins_a,trailer_def.scs.box.single_3.insulated,33,1,0
69261,_nameless.183.29e0.c070,mvm_carriere,limoges,rt_log,bern,1,767,0,0,sand,volvo_fh2024_4x2_420,trailer.scs_silo,trailer_def.scs.silo.single_3_10.silo,15,1,0
69261,_nameless.183.29e0.b030,mvm_carriere,limoges,lisette_log,nice,2,814,0,0,tracks,man_6x4_b,trailer.scs_lowbed_3,trailer_def.scs.lowbed.single_3.short,1,1,0
69261,_nameless.183.29e0.b2a0,mvm_carriere,limoges,rt_log,geneve,1,631,0,0,granite_cube,daf_xf_euro6_6x2_a,trailer.scs_dumper,trailer_def.scs.dumper.single_3.steel,10,1,0
69261,_nameless.183.29e0.b6b0,polarislines,kristiansand,lkwlog,felixstowe,0,1069,675,2012,perfor_frks,mercedes_4x2_b,trailer.scs_curt_s,trailer_def.scs.box.single_3.curtain,33,1,0
69261,_nameless.183.29e0.bfa0,polarislines,kristiansand,lkwlog,duisburg,0,798,195,1052,coconut_milk,"""double/daf_4x2_a""",trailer.scs_curt_2,trailer_def.scs.box.double_3_2.curtain,26,1,0
69261,_nameless.183.29e0.ab50,polarislines,kristiansand,drekkar,umea,2,1090,0,0,milk,scania_r_4x2_top_480,trailer.dryliner17,trailer_def.krone.dryliner.single_3.dryvan,33,1,0
69261,_nameless.183.29e0.a8e0,polarislines,kristiansand,lkwlog,kiel,0,477,195,1052,guard_rails,"""double/scania_s2016_6x4_high_660""",trailer.scs_dry_b2,trailer_def.scs.box.bdouble_3_3.dryvan,22,1,0
69261,_nameless.183.29e0.acf0,vainamoi_hal,oulu,nordic_ports,sundsvall,2,551,0,0,asph_miller,"""heavy/renault_t_6x4""",trailer.scs_lowbed41,trailer_def.scs.lowbed.single_41_ln.long,1,1,0
69261,_nameless.183.29e0.c140,vainamoi_hal,oulu,gnt,uppsala,0,845,0,0,dozer,"""heavy/renault_6x4""",trailer.scs_lowbed41,trailer_def.scs.lowbed.single_41_ln.long,1,1,0
69261,_nameless.183.29e0.b100,vainamoi_hal,oulu,renar,vaxjo,0,1326,0,0,mob_stacker,"""heavy/man_tgx_euro6_8x4_xlx""",trailer.scs_lowlowd2,trailer_def.scs.lowloader.single_2_sh.short,1,1,0
69261,_nameless.183.29e0.b780,aci,cagliari,eolo_lines,almeria,0,1134,720,827,apples,renault_premium_6x2_a,trailer.kasbhr_scs,trailer_def.kassbohrer.scs.single_3_13.curtain,34,1,0
69261,_nameless.183.29e0.bed0,aci,cagliari,villco_mkt,heraklion,0,770,1950,2384,apples_c,iveco_sway_4x2_580,trailer.scs_gosck40,trailer_def.scs.gooseneck.singl_3e_40.container,30,1,0
69261,_nameless.183.29e0.bd30,aci,cagliari,cargotras,milano,0,805,840,879,empty_spool,volvo_fh2012_4x2_420,trailer.profilinehd,trailer_def.krone.profilinerhd.single_3.flatbed,4,1,0
69261,_nameless.183.29e0.bb90,shuttle,sofia,eolo_lines,cagliari,1,915,1410,1624,nonalco_beer,mercedes_4x2_c,trailer.scs_dry_ms,trailer_def.scs.box.single_3.dryvan_m,32,1,0
69261,_nameless.183.29e0.b1d0,shuttle,sofia,tradeaux,klagenfurt,1,1012,0,0,beverages_c,renault_t_4x2h,trailer.krone.boxliner220,trailer_def.krone.boxliner.single_3_220.container,30,1,0
69261,_nameless.183.29e0.c3b0,shuttle,sofia,balkan_loco,ruse,0,299,0,0,forklifts,renault_premium_6x4_a,trailer.scs_lowbed41,trailer_def.scs.lowbed.single_41_ln.long,3,1,0
69261,_nameless.183.29e0.b510,shuttle,sofia,stokes,wien,1,973,0,0,beverages,scania_r2016_4x2_norm_370,trailer.kasbhr_scs,trailer_def.kassbohrer.scs.single_3_13.curtain,32,1,0
69261,_nameless.183.29e0.c620,shuttle,sofia,cargotras,pescara,0,994,570,745,used_plast_c,iveco_4x2_b,trailer.kasbhr_shg20,trailer_def.kassbohrer.shg.singl_3e_20.container,15,1,0
69261,_nameless.183.29e0.c6f0,sanbuilders,warszawa,renar,tallinn,0,929,0,0,crawler,"""heavy/iveco_6x4""",trailer.scs_lowlow4e,trailer_def.scs.lowloader.single_4_ln.long,1,1,0
69261,_nameless.183.29e0.bc60,wgcc,frankfurt,euroacres,osnabruck,2,354,0,0,diesel,scania_r_6x2_high_500,trailer.willig.fuel_cistern,trailer_def.scs.fueltank.single_3.fueltank,28,1,0
69261,_nameless.182.5175.1030,wgcc,frankfurt,ns_chem,barcelona,0,1276,0,0,boric_acid,volvo_fh2024_4x2_780,trailer.kasbhr_scs,trailer_def.kassbohrer.scs.single_3_13.curtain,34,1,0
69261,_nameless.182.5175.09b0,ns_oil,madrid,acc,port_sagunt,2,371,0,0,motor_oil_c,scania_r_4x2_norm_360,trailer.scs_gosck20,trailer_def.scs.gooseneck.singl_3e_20.container,15,1,0
69261,_nameless.182.5175.1ac0,ns_oil,madrid,trameri,swansea,2,778,1076,1172,lpg_t,volvo_fh2024_6x2_500,trailer.scs_gastank,trailer_def.scs.gastank.single_3.gastank,40,1,0
69261,_nameless.182.5175.0a80,ns_oil,madrid,tree_et,a_coruna,0,648,0,0,propane,scania_streamline_4x2_top_560,trailer.scs_gastank,trailer_def.scs.gastank.single_3.gastank,40,1,0
69261,_nameless.182.5175.08e0,ns_oil,madrid,cnp,huelva,0,606,0,0,kerosene,volvo_fh2021_4x2_750,trailer.willig.fuel_cistern,trailer_def.scs.fueltank.single_3.fueltank,30,1,0
69261,_nameless.182.5175.0190,shuttle,salzburg,fallow,timisoara,0,844,0,0,carb_water,scania_streamline_4x2_norm_380,trailer.profiliner17,trailer_def.krone.profiliner.single_3.curtain,32,1,0
69261,_nameless.182.5175.1510,shuttle,salzburg,villco,novi_sad,0,783,0,0,beverages_c,man_tgx_2020_6x2,trailer.krone.boxliner40,trailer_def.krone.boxliner.single_3_40.container,30,1,0
69261,_nameless.182.5174.fbe0,shuttle,salzburg,lkwlog,calais,0,1076,0,0,used_packag,renault_premium_6x4_a,trailer.kasbhr_shg45,trailer_def.kassbohrer.scs.single_3_13.curtain,34,1,0
69261,_nameless.182.5175.1780,shuttle,salzburg,charmey,geneve,0,767,0,0,forklifts,mercedes_4x2_c,trailer.kasbhr_sla,trailer_def.kassbohrer.sla.single_3_sh.lowbed,3,1,0
69261,_nameless.182.5175.05a0,shuttle,salzburg,lkwlog,szeged,0,674,0,0,used_plast_c,daf_xgp_4x2_530,trailer.scs_gosck220,trailer_def.scs.gooseneck.singl_3e_220.container,30,1,0
69261,_nameless.182.5175.0f60,itcc,ljubljana,betunia,tuzla,0,563,0,0,re_bars,mercedes_actros_2014_6x4_b,trailer.profilinehd,trailer_def.krone.profilinerhd.single_3.flatbed,2,1,0
69261,_nameless.182.5175.0dc0,itcc,ljubljana,mvm_carriere,ajaccio,2,1238,840,1193,mat_handler,"""heavy/scania_s2016_8x4_high_770""",trailer.scs_lowlow4e,trailer_def.scs.lowloader.single_4_ln.long,1,1,0
69261,_nameless.182.5175.16b0,itcc,ljubljana,adrica,rijeka,1,258,0,0,iron_pipes,scania_r2016_4x2_norm_370,trailer.scs_log,trailer_def.scs.log.single_3.steel,28,1,0
69261,_nameless.182.5174.ff20,fle,almeria,aci,cagliari,1,1073,720,827,empty_spool,daf_xf_euro6_6x4_c,trailer.kasbhr_sla,trailer_def.kassbohrer.sla.single_3_sh.lowbed,3,1,0
69261,_nameless.182.5175.19f0,fle,almeria,eolo_lines,sangiovanni,1,620,1577,2135,med_vaccine,renault_magnum_6x4_a,trailer.scs_ins_a,trailer_def.scs.box.single_3.insulated,33,1,0
69261,_nameless.182.5175.0c20,fle,almeria,tras_med,catania,1,607,1557,1788,cut_flowers,iveco_sway_4x2_500,trailer.scs_ref_a,trailer_def.scs.box.single_3.reefer,33,1,0
69261,_nameless.182.5175.0e90,fle,almeria,log_atlan,lisboa,1,900,0,0,comp_process,renault_premium_6x2_a,trailer.scs_curt,trailer_def.scs.box.single_3.curtain,33,1,0
69261,_nameless.182.5174.fe50,nos_pat,pamplona,trans_cab,lisboa,2,975,0,0,tractor_c,"""heavy/man_tgx_2020_8x4""",trailer.kasbhr_slle,trailer_def.kassbohrer.sll.single_3_ln.low,1,1,0
69261,_nameless.182.5174.fff0,nos_pat,pamplona,huerta,huelva,0,1111,0,0,kr_bigm450,scania_r2016_6x4_high_660,trailer.scs_lowlow4e,trailer_def.scs.lowloader.single_4_ln.long,1,1,0
69261,_nameless.182.5175.04d0,nos_pat,pamplona,globeur,rennes,1,824,0,0,cheese,daf_xgp_4x2_530,trailer.scs_ins_a,trailer_def.scs.box.single_3.insulated,33,1,0
69261,_nameless.182.5175.00c0,nos_pat,pamplona,dans_jardin,montpellier,1,666,0,0,tractors,daf_4x2_b,trailer.kasbhr_sll,trailer_def.kassbohrer.sll.single_3_sh.low,1,1,0
69261,_nameless.182.5175.1100,ns_oil,dresden,fjoste,borlange,1,1310,105,404,lpg_t,renault_magnum_6x2_a,trailer.scs_gastank,trailer_def.scs.gastank.single_3.gastank,40,1,0
69261,_nameless.182.5174.fcb0,ns_oil,dresden,syllurgy,zenica,0,998,0,0,propane,volvo_fh2021_4x2_420,trailer.scs_gastank,trailer_def.scs.gastank.single_3.gastank,40,1,0
69261,_nameless.182.5175.15e0,ns_oil,dresden,dans_jardin,nantes,2,1539,0,0,diesel,man_tgx_2020_6x2,trailer.scs_fueltank,trailer_def.scs.fueltank.single_3.fueltank,28,1,0
69261,_nameless.182.5175.11d0,ns_oil,dresden,cnp,livorno,2,1158,0,0,lpg,man_tgx_euro6_6x4_xlx,trailer.krone.boxliner20,trailer_def.krone.boxliner.single_3.container,40,1,0
69261,_nameless.182.5175.1850,trameri,krakow,renat,pleven,2,1185,0,0,ter_forklift,daf_xd25,trailer.profilinehd,trailer_def.krone.profilinerhd.single_3.flatbed,2,1,0
69261,_nameless.182.5175.0670,trameri,krakow,adrica,zadar,2,1092,0,0,chimney_syst,renault_t_4x2,trailer.profiliner17,trailer_def.krone.profiliner.single_3.curtain,33,1,0
69261,_nameless.182.5174.fd80,trameri,krakow,dobr_ferm_bg,pleven,0,1215,0,0,emptytank,renault_premium_6x4_a,trailer.profilinehd,trailer_def.krone.profilinerhd.single_3.flatbed,1,1,0
69261,_nameless.182.5175.12a0,euroacres,graz,ika_bohag,roma,0,1054,0,0,young_seed,scania_streamline_6x2_norm_440,trailer.scs_curt_a,trailer_def.scs.box.single_3.curtain,33,1,0
69261,_nameless.182.5175.1370,euroacres,graz,rt_log,graz,0,164,0,0,cott_harvest,"""heavy/daf_6x4""",trailer.kasbhr_slle,trailer_def.kassbohrer.sll.single_3_ln.low,1,1,0
69261,_nameless.182.5175.1440,agronord,esbjerg,lkwlog,felixstowe,0,938,480,960,cont_trees,renault_premium_4x2_c,trailer.scs_ref_s,trailer_def.scs.box.single_3.reefer,33,1,0
69261,_nameless.182.5175.0260,agronord,esbjerg,sal_fi,helsinki,0,1327,540,1170,forage_harv,man_6x4_b,trailer.kasbhr_slle,trailer_def.kassbohrer.sll.single_3_ln.low,1,1,0
69261,_nameless.182.5175.0400,sellplan,rostock,stokes,wien,0,866,0,0,used_packag,renault_magnum_4x2_a,trailer.kasbhr_scs,trailer_def.kassbohrer.scs.single_3_13.curtain,34,1,0
69261,_nameless.182.5175.0810,sellplan,rostock,drekkar,bergen,0,1302,105,404,used_plast_c,man_tgx_euro6_6x4_xlx,trailer.krone.boxliner20,trailer_def.krone.boxliner.single_3.container,15,1,0
69261,_nameless.182.6298.0610,sellplan,rostock,posped,lodz,1,613,0,0,used_plast,scania_s2016_4x2_norm_370,trailer.scs_dry_ms,trailer_def.scs.box.single_3.dryvan_m,33,1,0
69261,_nameless.182.6297.fb80,sellplan,rostock,adrica,rijeka,0,1263,0,0,empty_palet,scania_r_4x2_top_480,trailer.scs_dry_a,trailer_def.scs.box.single_3.dryvan,33,1,0
69261,_nameless.182.6297.f360,aluxion_str,niksic,rock_eater,galati,2,1017,0,0,jcb_dmp6t2,"""heavy/volvo_fh2021_6x4_540""",trailer.scs_lowlowd4,trailer_def.scs.lowloader.single_4_sh.short,1,1,0
69261,_nameless.182.6298.0200,aluxion_str,niksic,brawen,banja_luka,1,563,0,0,silica,scania_streamline_6x2_norm_440,trailer.dryliner17,trailer_def.krone.dryliner.single_3.dryvan,33,1,0
69261,_nameless.182.6297.e9a0,aluxion_str,niksic,sanbuilders,nurnberg,2,1397,0,0,stones,volvo_fh2021_6x2_540,trailer.scs_dumper,trailer_def.scs.dumper.single_3.steel,11,1,0
69261,_nameless.182.6298.06e0,aluxion_str,niksic,quarry,wroclaw,0,1461,0,0,crawler,"""heavy/man_tgx_2020_8x4""",trailer.kasbhr_slle,trailer_def.kassbohrer.sll.single_3_ln.low,1,1,0
69261,_nameless.182.6297.edb0,trameri,innsbruck,itcc,szczecin,1,835,0,0,empty_spool,mercedes_actros_2014_6x2_a,trailer.scs_lowbed_3,trailer_def.scs.lowbed.single_3.short,3,1,0
69261,_nameless.182.6297.ee80,trameri,innsbruck,te_logistica,messina,0,1413,20,347,plast_film,mercedes_4x2,trailer.scs_dry_a,trailer_def.scs.box.single_3.dryvan,33,1,0
69261,_nameless.182.6297.fc50,trameri,innsbruck,tradeaux,paris,1,985,0,0,sandwch_pnls,renault_magnum_4x2_a,trailer.scs_curt,trailer_def.scs.box.single_3.curtain,33,1,0
69261,_nameless.182.6297.fec0,trameri,innsbruck,granoro,rostock,1,904,0,0,forklifts,daf_xf_euro6_4x2_a,trailer.kasbhr_sla,trailer_def.kassbohrer.sla.single_3_sh.lowbed,3,1,0
69261,_nameless.182.6297.ef50,trameri,innsbruck,lisette_log,bordeaux,2,1366,0,0,used_packag,man_tgx_euro6_4x2_xxl,trailer.kasbhr_scs,trailer_def.kassbohrer.scs.single_3_13.curtain,34,1,0
69261,_nameless.182.6298.17f0,alumcore,sundsvall,dfh,rostock,0,1147,105,404,concr_cent,volvo_fh2021_6x2_540,trailer.scs_flat_b,trailer_def.scs.flatbed.single_3.flatbed_w,7,1,0
69261,_nameless.182.6298.0d60,alumcore,sundsvall,borealis,bodo,0,705,0,0,fueltanker,volvo_fh2012_4x2_420,trailer.scs_gosck20,trailer_def.scs.gooseneck.singl_3e_20.container,40,1,0
69261,_nameless.182.6297.f770,alumcore,sundsvall,borealis,bodo,1,705,0,0,emptytank,volvo_fh2012_6x2_500,trailer.scs_flat_b,trailer_def.scs.flatbed.single_3.flatbed_w,1,1,0
69261,_nameless.182.6298.02d0,alumcore,sundsvall,rt_log,hamburg,0,1468,0,0,metal_pipes,scania_s2016_4x2_high_590,trailer.scs_flat_b,trailer_def.scs.flatbed.single_3.flatbed_w,2,1,0
69261,_nameless.182.6298.14b0,konstnr_wind,tornio,sal_fi,lappeenranta,0,602,0,0,mob_screener,"""heavy/scania_s2016_8x4_high_770""",trailer.scs_lowlow4e,trailer_def.scs.lowloader.single_4_ln.long,1,1,0
69261,_nameless.182.6298.0880,polarislines,esbjerg,norr_food,trondheim,0,1469,0,0,goat_cheese,scania_r_4x2_top_480,trailer.scs_ref_s,trailer_def.scs.box.single_3.reefer,33,1,0
69261,_nameless.182.6297.f840,polarislines,esbjerg,lkwlog,dortmund,0,568,0,0,yogurt,volvo_fh2024_6x2_500,trailer.scs_ref_a,trailer_def.scs.box.single_3.reefer,33,1,0
69261,_nameless.182.6297.e8d0,cnp,athens,rock_eat_str,podgorica,0,1110,0,0,jcb_dmp6t2,"""heavy/man_tgx_2020_8x4""",trailer.scs_lowlowd2,trailer_def.scs.lowloader.single_2_sh.short,1,1,0
69261,_nameless.182.6297.fd20,cnp,athens,fallow,larissa,2,393,0,0,fuel_oil,mercedes_4x2_c,trailer.scs_fueltank,trailer_def.scs.fueltank.single_3.fueltank,30,1,0
69261,_nameless.182.6298.0af0,cnp,athens,ns_oil,timisoara,1,1402,0,0,diesel,volvo_fh2021_4x2_750,trailer.willig.fuel_cistern,trailer_def.scs.fueltank.single_3.fueltank,28,1,0
69261,_nameless.182.6298.0a20,cnp,athens,stokes,tuzla,0,1439,0,0,petrol,scania_r_6x2_high_500,trailer.scs_fueltank,trailer_def.scs.fueltank.single_3.fueltank,30,1,0
69261,_nameless.182.6297.f910,bhv,nantes,exomar,olbia,0,1092,720,827,mondeos,man_tgx_2020_4x2,trailer.car_trans,trailer_def.mondeos.car_trans,100,1,0
69261,_nameless.182.6298.1a60,bhv,nantes,rt_log,linz,0,1483,0,0,car_f,scania_streamline_6x4_top_480,trailer.car_trans,trailer_def.car_f.car_trans,100,1,0
69261,_nameless.182.6297.fdf0,ns_oil,zurich,pp_chimica,bologna,2,640,0,0,ethane,renault_premium_6x4_a,trailer.scs_gastank,trailer_def.scs.gastank.single_3.gastank,40,1,0
69261,_nameless.182.6297.ece0,ns_oil,zurich,ns_oil,hamburg,1,877,0,0,petrol,scania_streamline_4x2_top_560,trailer.scs_fueltank,trailer_def.scs.fueltank.single_3.fueltank,30,1,0
69261,_nameless.182.6297.f5d0,ns_oil,zurich,huilant,ajaccio,0,884,840,1193,kerosene,scania_s2016_6x2_high_460,trailer.scs_fueltank,trailer_def.scs.fueltank.single_3.fueltank,30,1,0
69261,_nameless.182.6297.f9e0,ns_oil,zurich,cnp,novi_sad,2,1326,0,0,motor_oil_c,volvo_fh16_6x4_700,trailer.krone.boxliner20,trailer_def.krone.boxliner.single_3.container,15,1,0
69261,_nameless.182.6298.1580,ns_oil,brasov,cnp,athens,1,1478,0,0,motor_oil,daf_xf_euro6_4x2_c,trailer.scs_dry_a,trailer_def.scs.box.single_3.dryvan,33,1,0
69261,_nameless.182.6298.0470,ns_oil,brasov,aluxion,podgorica,0,862,0,0,motor_oil_c,iveco_sway_4x2_500,trailer.krone.boxliner220,trailer_def.krone.boxliner.single_3_220.container,30,1,0
69261,_nameless.182.6298.1720,ns_oil,brasov,trameri,klagenfurt,0,1208,0,0,propane,volvo_fh2021_4x2_750,trailer.scs_gastank,trailer_def.scs.gastank.single_3.gastank,40,1,0
69261,_nameless.182.6297.ff90,ns_oil,brasov,piac,kragujevac,0,540,0,0,lpg,iveco_4x2_c,trailer.krone.boxliner20,trailer_def.krone.boxliner.single_3.container,40,1,0
69261,_nameless.182.6298.0060,ocean_sol,varna,radus_ru,sofia,0,493,0,0,scrap_metals,volvo_fh2024_4x2_780,trailer.scs_dumper,trailer_def.scs.dumper.single_3.steel,8,1,0
69261,_nameless.182.6298.0540,ocean_sol,varna,tradeaux,budapest,1,1162,0,0,cable_reel,"""heavy/scania_streamline_8x4_top_730""",trailer.scs_lowlow4e,trailer_def.scs.lowloader.single_4_ln.long,1,1,0
69261,_nameless.182.6297.f430,ocean_sol,varna,ns_oil,wien,2,1450,0,0,empty_palet,man_4x2_c,trailer.scs_dry,trailer_def.scs.box.single_3.dryvan,33,1,0
69261,_nameless.182.6298.0130,cgla,leon,gnt,bastia,1,923,930,1182,glass_packed,mercedes_4x2_c,trailer.gls_trailer,trailer_def.glass_packed.gls_trailer,100,1,0
69261,_nameless.182.6298.1170,cgla,leon,log_atlan,porto,0,372,0,0,tableware,volvo_fh2012_4x2_420,trailer.kasbhr_scs,trailer_def.kassbohrer.scs.single_3_13.curtain,34,1,0
69261,_nameless.182.6298.1240,cgla,leon,rt_log,zaragoza,1,528,0,0,emp_wine_bot,"""double/volvo_fh2021_4x2_750""",trailer.profiline17d,trailer_def.krone.profiliner.double_3_2.curtain,52,1,0
69261,_nameless.182.6297.f1c0,cgla,leon,rt_log,cordoba,0,757,0,0,glass,daf_xf_euro6_4x2_b,trailer.panel_trans.glass,trailer_def.glass.panel_trans.glass,99,1,0
69261,_nameless.182.6298.07b0,nofeba,joensuu,konstnr_wind,honningsvag,1,1128,0,0,concr_beams2,daf_xgp25_4x2_530,trailer.scs_flat_b,trailer_def.scs.flatbed.single_3.flatbed_w,2,1,0
69261,_nameless.182.6297.ea70,nofeba,joensuu,kivi,turku,1,568,0,0,volvo_bucket,renault_t_4x2h,trailer.scs_lowlow4e,trailer_def.scs.lowloader.single_4_ln.long,1,1,0
69261,_nameless.182.6298.0bc0,nofeba,joensuu,sal_fi,helsinki,0,514,0,0,concr_stair,scania_r_6x2_high_500,trailer.profilinehd,trailer_def.krone.profilinerhd.single_3.flatbed,3,1,0
69261,_nameless.182.6298.0e30,marmo,firenze,betunia,mostar,0,461,600,315,stone_dust,scania_r_4x2_top_480,trailer.scs_dumper,trailer_def.scs.dumper.single_3.steel,13,1,0
69261,_nameless.182.6298.0f00,marmo,firenze,stokes,rijeka,1,863,0,0,jcb_bhl4cx,daf_xgp_4x2_530,trailer.scs_lowbed_4,trailer_def.scs.lowbed.single_4_sh.short,1,1,0
69261,_nameless.182.6297.f6a0,trameri,warszawa,tree_et,bialystok,1,183,0,0,fueltanker,scania_streamline_6x4_top_480,trailer.kasbhr_shg20,trailer_def.kassbohrer.shg.singl_3e_20.container,40,1,0
69261,_nameless.182.6297.f0f0,trameri,warszawa,posped,strasbourg,1,1159,0,0,forklifts,man_4x2_a,trailer.scs_lowbed_3,trailer_def.scs.lowbed.single_3.short,4,1,0
69261,_nameless.182.6298.0c90,trameri,warszawa,gnt,uppsala,2,849,510,1110,copp_rf_gutt,volvo_fh2021_4x2_750,trailer.scs_dry,trailer_def.scs.box.single_3.dryvan,33,1,0
69261,_nameless.182.6297.f290,trameri,warszawa,ns_oil,valmiera,0,736,0,0,empty_palet,scania_r_4x2_norm_360,trailer.scs_dry_m,trailer_def.scs.box.single_3.dryvan_m,32,1,0
69261,_nameless.182.6297.f500,trameri,warszawa,wgcc,bratislava,0,602,0,0,aircond,renault_t_4x2h,trailer.scs_lowlow2e,trailer_def.scs.lowloader.single_2_ln.long,5,1,0
69261,_nameless.182.6298.0fd0,kaarfor,targu_mures,rt_log,salzburg,0,1164,0,0,used_plast_c,scania_s2016_4x2_high_590,trailer.scs_gosck40,trailer_def.scs.gooseneck.singl_3e_40.container,30,1,0
69261,_nameless.182.6297.fab0,kaarfor,targu_mures,balkan_loco,ruse,2,507,0,0,used_packag,daf_xf_euro6_6x4_c,trailer.kasbhr_sbt,trailer_def.kassbohrer.sbt.single_3_13.dryvan,34,1,0
69261,_nameless.182.6298.10a0,kaarfor,targu_mures,brawen,trikala,2,1266,0,0,used_plast,renault_premium_6x4_a,trailer.dryliner17,trailer_def.krone.dryliner.single_3.dryvan,33,1,0
69261,_nameless.182.6298.1310,kaarfor,targu_mures,ns_oil,timisoara,2,366,0,0,empty_palet,mercedes_4x2,trailer.kasbhr_scs,trailer_def.kassbohrer.scs.single_3_13.curtain,34,1,0
69261,_nameless.182.6298.13e0,vitas_pwr_co,almeria,batisse_base,clermont,0,1481,0,0,jcb_dmp6t2,"""heavy/renault_6x4""",trailer.scs_lowlow2e,trailer_def.scs.lowloader.single_2_ln.long,1,1,0
69261,_nameless.182.6298.1650,ns_oil_ru,pskov,polarislines,bergen,1,1507,570,1270,motor_oil,scania_s2016_6x4_high_730,trailer.kasbhr_sbt,trailer_def.kassbohrer.sbt.single_3_13.dryvan,34,1,0
69261,_nameless.182.6298.18c0,ns_oil_ru,pskov,ibp,helsinki,0,683,0,0,ethane,scania_streamline_6x2_norm_440,trailer.scs_gastank,trailer_def.scs.gastank.single_3.gastank,40,1,0
69261,_nameless.182.6298.1990,ns_oil_ru,pskov,transinet,bialystok,0,735,0,0,lpg_t,mercedes_4x2_c,trailer.scs_gastank,trailer_def.scs.gastank.single_3.gastank,40,1,0
69261,_nameless.182.6298.1b30,ns_oil_ru,pskov,sal_fi,pori,1,605,150,430,fueltanker,mercedes_6x2_b,trailer.scs_gosck20,trailer_def.scs.gooseneck.singl_3e_20.container,40,1,0
69261,_nameless.182.6297.e800,wgcc,mannheim,syllurgy,kragujevac,0,1462,0,0,empty_spool,man_4x2_a,trailer.scs_lowbed_4,trailer_def.scs.lowbed.single_4_sh.short,3,1,0
69261,_nameless.182.6298.1f40,wgcc,mannheim,pp_chimica,olbia,1,1400,720,827,nitrocel,renault_magnum_6x4_a,trailer.scs_gosck40,trailer_def.scs.gooseneck.singl_3e_40.container,80,1,0
69261,_nameless.182.6298.2350,wgcc,mannheim,syschema,beograd,0,1389,0,0,kerosene,mercedes_4x2_a,trailer.scs_fueltank,trailer_def.scs.fueltank.single_3.fueltank,30,1,0
69261,_nameless.182.6298.1c00,polarislines,hirtshals,sal_fi,joensuu,0,1288,735,1847,tableware,"""double/daf_4x2_a""",trailer.profiline17d,trailer_def.krone.profiliner.double_3_2.curtain,52,1,0
69261,_nameless.182.6298.2010,polarislines,hirtshals,sal_fi,oulu,0,1348,195,677,corks,mercedes_actros_2014_4x2_b,trailer.scs_dry_s,trailer_def.scs.box.single_3.dryvan,33,1,0
69261,_nameless.182.6298.2420,polarislines,hirtshals,gnt,panevezys,0,858,705,1787,sandwch_pnls,daf_xf_euro6_4x2_a,trailer.kasbhr_shg45,trailer_def.kassbohrer.scs.single_3_13.curtain,34,1,0
69261,_nameless.182.6298.24f0,eolo_lines,napoli,app,ciudad_real,0,689,1300,1500,chocolate,scania_r_6x4_top_620,trailer.dryliner17,trailer_def.krone.dryliner.single_3.dryvan,33,1,0
69261,_nameless.182.6298.20e0,eolo_lines,napoli,ttk_bg,sofia,2,930,570,745,caviar,renault_magnum_4x2_a,trailer.coolliner17,trailer_def.krone.coolliner.single_3.reefer,33,1,0
69261,_nameless.182.6298.21b0,polarislines,liepaja,renar,lulea,1,850,510,1110,motorcycles,volvo_fh16_4x2_420,trailer.scs_curt_a,trailer_def.scs.box.single_3.curtain,33,1,0
69261,_nameless.182.6298.25c0,polarislines,liepaja,stokes,katowice,0,863,0,0,sheep_wool,scania_r2016_6x2_high_460,trailer.kasbhr_sbt,trailer_def.kassbohrer.sbt.single_3_13.dryvan,34,1,0
69261,_nameless.182.6298.2690,kaarfor,bucuresti,posped,bystrica,0,1000,0,0,used_plast_c,mercedes_actros_2014_4x2_a,trailer.scs_gosck220,trailer_def.scs.gooseneck.singl_3e_220.container,30,1,0
69261,_nameless.182.6298.1da0,kaarfor,bucuresti,cargotras,olbia,1,1491,1410,1624,used_plast,man_4x2_a,trailer.kasbhr_shg45,trailer_def.kassbohrer.scs.single_3_13.curtain,34,1,0
69261,_nameless.182.6298.1e70,kaarfor,bucuresti,stokes,tuzla,0,841,0,0,used_packag,scania_r_6x2_high_500,trailer.kasbhr_shg45,trailer_def.kassbohrer.scs.single_3_13.curtain,34,1,0
69261,_nameless.182.628e.1230,kaarfor,bucuresti,icaria,mitilini,0,580,730,1440,empty_palet,mercedes_4x2_b,trailer.kasbhr_scs,trailer_def.kassbohrer.scs.single_3_13.curtain,34,1,0
69261,_nameless.182.628e.32b0,cemelt_fl_ru,kaliningrad,konstnr,oslo,0,905,630,790,vol_ew240emh,"""heavy/scania_s2016_8x4_high_770""",trailer.kasbhr_slle,trailer_def.kassbohrer.sll.single_3_ln.low,1,1,0
69261,_nameless.182.628e.4080,stokes,maribor,wilnet_trans,lemans,1,1521,0,0,elect_wiring,scania_streamline_6x2_norm_440,trailer.scs_dry_ms,trailer_def.scs.box.single_3.dryvan_m,33,1,0
69261,_nameless.182.628e.1090,stokes,maribor,lkwlog,szeged,0,462,0,0,beef_meat,mercedes_4x2_a,trailer.coolliner17,trailer_def.krone.coolliner.single_3.reefer,33,1,0
69261,_nameless.182.628e.2270,stokes,maribor,dfh,bremen,0,1167,0,0,atl_cod_flt,iveco_h_4x2_a,trailer.coolliner17,trailer_def.krone.coolliner.single_3.reefer,33,1,0
69261,_nameless.182.628e.3e10,gnt,uppsala,rosmark_ru,vyborg,0,660,540,1170,peas,scania_streamline_4x2_norm_380,trailer.dryliner17,trailer_def.krone.dryliner.single_3.dryvan,33,1,0
69261,_nameless.182.628e.3a00,gnt,uppsala,gnt,vilnius,0,509,510,1110,chicken_meat,daf_xd,trailer.scs_ref,trailer_def.scs.box.single_3.reefer,33,1,0
69261,_nameless.182.628e.2a90,gnt,uppsala,norr_food,kalmar,2,435,0,0,pot_flowers,scania_s2016_4x2_norm_370,trailer.scs_ins_s,trailer_def.scs.box.single_3.insulated,33,1,0
69261,_nameless.182.628e.24e0,stokes,bystrica,posped,lodz,0,409,0,0,diesel_gen,volvo_fh2012_4x2_750,trailer.scs_curt_a,trailer_def.scs.box.single_3.curtain,33,1,0
69261,_nameless.182.628e.1f30,stokes,bystrica,rock_eat_str,podgorica,1,940,0,0,large_cont,mercedes_6x4_a,trailer.scs_lowbed_3,trailer_def.scs.lowbed.single_3.short,27,1,0
69261,_nameless.182.628e.3380,stokes,bystrica,syllurgy,bihac,0,715,0,0,seal_bearing,man_tgx_euro6_4x2_xxl,trailer.scs_curt,trailer_def.scs.box.single_3.curtain,33,1,0
69261,_nameless.182.628e.3ad0,stokes,bystrica,drekkar,aarhus,0,1397,0,0,metal_center,"""heavy/mercedes_actros_8x4""",trailer.scs_lowlowd4,trailer_def.scs.lowloader.single_4_sh.short,1,1,0
69261,_nameless.182.628e.42f0,rock_eater,targu_mures,stokes,pristina,2,822,0,0,digger1000,scania_streamline_6x4_top_480,trailer.scs_lowbed_4,trailer_def.scs.lowbed.single_4_sh.short,1,1,0
69261,_nameless.182.628e.35f0,rock_eater,targu_mures,nord_sten,kalmar,0,1560,630,790,crawler,"""heavy/scania_streamline_8x4_top_730""",trailer.scs_lowlowd2,trailer_def.scs.lowloader.single_2_sh.short,1,1,0
69261,_nameless.182.628e.3040,rock_eater,targu_mures,rock_eater,varna,1,688,0,0,jcb_th540180,man_tgx_euro6_4x2_xl,trailer.kasbhr_sll,trailer_def.kassbohrer.sll.single_3_sh.low,1,1,0
69261,_nameless.182.628e.1bf0,imp_otel,resita,skoda,prague,1,990,0,0,mtl_coil,volvo_fh2021_6x2_540,trailer.scs_flat_b,trailer_def.scs.flatbed.single_3.flatbed_w,1,1,0
69261,_nameless.182.628e.3110,imp_otel,resita,icaria,chios,0,857,690,1521,vol_ew240emh,"""heavy/scania_r2016_8x4_high_730""",trailer.kasbhr_sla,trailer_def.kassbohrer.sla.single_3_sh.lowbed,1,1,0
69261,_nameless.182.628e.36c0,imp_otel,resita,tradeaux,kassel,2,1379,0,0,precast_strs,daf_xf_euro6_4x2_a,trailer.scs_dry_s,trailer_def.scs.box.single_3.dryvan,33,1,0
69261,_nameless.182.628e.2d00,ns_chem,puertollano,ts_atlas,lisboa,1,591,0,0,magnesium,daf_xd_2,trailer.krone.boxliner40,trailer_def.krone.boxliner.single_3_40.container,80,1,0
69261,_nameless.182.628e.1cc0,ns_chem,puertollano,ns_chem,sines,0,582,0,0,arsenic,iveco_h_4x2_a,trailer.scs_gosck40,trailer_def.scs.gooseneck.singl_3e_40.container,80,1,0
69261,_nameless.182.628e.2b60,ns_chem,puertollano,ortiz,zaragoza,2,612,0,0,hmetal,renault_t_6x2,trailer.scs_gosck40,trailer_def.scs.gooseneck.singl_3e_40.container,80,1,0
69261,_nameless.182.628e.20d0,exomar,taranto,subse,sofia,0,743,570,745,watermelons,scania_r2016_6x2_high_460,trailer.coolliner17,trailer_def.krone.coolliner.single_3.reefer,33,1,0
69261,_nameless.182.628e.21a0,exomar,taranto,lkwlog,graz,0,1250,0,0,diesel_gen,scania_s2016_6x2_high_460,trailer.scs_dry_ms,trailer_def.scs.box.single_3.dryvan_m,33,1,0
69261,_nameless.182.628e.2750,exomar,taranto,cargotras,sassari,2,505,840,879,can_sardines,daf_xf_euro6_6x4_c,trailer.scs_dry_m,trailer_def.scs.box.single_3.dryvan_m,33,1,0
69261,_nameless.182.628e.4220,exomar,taranto,christopoulo,patras,1,420,570,745,plastic_gra,man_tgx_2020_6x2,trailer.ffb_kip60,trailer_def.feldbinder.kip.single_3_60.silo_60_3p,21,1,0
69261,_nameless.182.628e.1640,exomar,taranto,costruzi_win,palermo,1,652,20,347,seal_bearing,volvo_fh2012_4x2_420,trailer.scs_dry_s,trailer_def.scs.box.single_3.dryvan,33,1,0
69261,_nameless.182.628e.29c0,exomar,taranto,rt_log,geneve,2,1286,0,0,train_part,scania_r2016_4x2_high_500,trailer.scs_flat_b,trailer_def.scs.flatbed.single_3.flatbed_w,5,1,0
69261,_nameless.182.628e.3c70,exomar,taranto,stokes,stuttgart,1,1460,0,0,conc_juice_t,renault_premium_4x2_c,trailer.scs_fodt,trailer_def.scs.foodtank.single_3.paint,18,1,0
69261,_nameless.182.628e.3d40,exomar,taranto,renar,calvi,1,602,1050,1234,cable_reel,"""heavy/volvo_fh2024_6x4_600""",trailer.scs_lowlowd4,trailer_def.scs.lowloader.single_4_sh.short,1,1,0
69261,_nameless.182.628e.17e0,exomar,taranto,villco,athens,2,572,570,745,gummy_bears,iveco_4x2_b,trailer.scs_dry_s,trailer_def.scs.box.single_3.dryvan,33,1,0
69261,_nameless.182.628e.2f70,exomar,taranto,brawen,thessaloniki,0,392,570,745,food_oil_t,scania_s2016_4x2_norm_370,trailer.ffb_tsalm32,trailer_def.feldbinder.tsalm.single_3_32.32_3_2,30,1,0
69261,_nameless.182.628e.2c30,ts_atlas,valencia,lisette_log,paris,0,1473,0,0,salt_spice_c,man_4x2_c,trailer.krone.boxliner20,trailer_def.krone.boxliner.single_3.container,15,1,0
69261,_nameless.182.628e.1a50,ts_atlas,valencia,exomar,burgos,0,597,0,0,truck_rims_c,man_tgx_2020_4x2,trailer.krone.boxliner40,trailer_def.krone.boxliner.single_3_40.container,30,1,0
69261,_nameless.182.628e.2dd0,ts_atlas,valencia,c_navale,olbia,0,584,720,827,motor_oil_c,daf_xgp25_4x2_530,trailer.krone.boxliner40,trailer_def.krone.boxliner.single_3_40.container,30,1,0
69261,_nameless.182.628e.2680,ts_atlas,valencia,kaarfor,limoges,2,1097,0,0,plast_film_c,renault_premium_4x2_c,trailer.scs_gosck40,trailer_def.scs.gooseneck.singl_3e_40.container,30,1,0
69261,_nameless.182.628e.31e0,ts_atlas,valencia,comoto,madrid,0,353,0,0,oil_filt_c,mercedes_actros_2014_6x2_a,trailer.scs_gosck40,trailer_def.scs.gooseneck.singl_3e_40.container,30,1,0
69261,_nameless.182.628e.1b20,ts_atlas,valencia,ts_atlas,malaga,1,697,0,0,magnesium,mercedes_6x2_b,trailer.kasbhr_shg40,trailer_def.kassbohrer.shg.singl_3e_40.container,80,1,0
69261,_nameless.182.628e.1d90,eurogoodies,dusseldorf,eurogoodies,venezia,0,1126,0,0,carrots_c,scania_r_4x2_norm_360,trailer.kasbhr_shg40,trailer_def.kassbohrer.shg.singl_3e_40.container,30,1,0
69261,_nameless.182.628e.3ee0,eurogoodies,dusseldorf,tradeaux,toulouse,1,1382,0,0,canned_pork,renault_t_4x2h,trailer.scs_ins,trailer_def.scs.box.single_3.insulated,32,1,0
69261,_nameless.182.628e.1e60,supercesta,zaragoza,posped,strasbourg,1,1403,0,0,used_plast,renault_magnum_6x4_a,trailer.dryliner17,trailer_def.krone.dryliner.single_3.dryvan,33,1,0
69261,_nameless.182.628e.3fb0,supercesta,zaragoza,log_atlan,albacete,2,459,0,0,used_plast_c,daf_xgp_4x2_530,trailer.krone.boxliner220,trailer_def.krone.boxliner.single_3_220.container,30,1,0
69261,_nameless.182.628e.2410,supercesta,zaragoza,eolo_lines,sassari,1,336,720,827,used_packag,scania_s2016_6x4_high_730,trailer.scs_curt_s,trailer_def.scs.box.single_3.curtain,33,1,0
69261,_nameless.182.628e.2000,marina,stockholm,marina,travemunde,0,1015,105,404,lux_yacht,renault_t_6x2,trailer.scs_lowbed_4,trailer_def.scs.lowbed.single_4_sh.short,1,1,0
69261,_nameless.182.628e.0fc0,renor,kiruna,borealis,bodo,1,502,30,45,overweight,mercedes_4x2_c,trailer.scs_lowbed41,trailer_def.scs.lowbed.single_41_ln.long,1,1,0
69261,_nameless.182.628e.1570,renor,kiruna,baltomorsk,rezekne,1,1547,150,430,forklifts,scania_r_6x2_high_500,trailer.kasbhr_sla,trailer_def.kassbohrer.sla.single_3_sh.lowbed,3,1,0
69261,_nameless.182.628e.3790,ns_oil,paldiski,nbfc,budapest,0,1485,0,0,motor_oil_c,mercedes_4x2,trailer.kasbhr_shg40,trailer_def.kassbohrer.shg.singl_3e_40.container,30,1,0
69261,_nameless.182.628e.3930,ns_oil,paldiski,sanbuilders,warszawa,0,890,0,0,ethane,daf_xf_euro6_4x2_b,trailer.scs_gastank,trailer_def.scs.gastank.single_3.gastank,40,1,0
69261,_nameless.182.628e.1160,ns_oil,paldiski,lvr,daugavpils,1,467,0,0,fueltanker,daf_xg_4x2_450,trailer.krone.boxliner20,trailer_def.krone.boxliner.single_3.container,40,1,0
69261,_nameless.182.628e.1710,ns_oil,paldiski,tqg,jonkoping,0,360,570,1270,petrol,scania_r_4x2_top_480,trailer.scs_fueltank,trailer_def.scs.fueltank.single_3.fueltank,30,1,0
69261,_nameless.182.628e.2340,lateds,daugavpils,norse_rail,ostersund,2,947,510,1110,pet_food,daf_6x2_a,trailer.scs_dry,trailer_def.scs.box.single_3.dryvan,33,1,0
69261,_nameless.182.628e.25b0,lateds,daugavpils,dfh,nurnberg,0,1485,0,0,canned_tuna,iveco_sway_4x2_500,trailer.scs_ref_s,trailer_def.scs.box.single_3.reefer,33,1,0
69261,_nameless.182.628e.28f0,costruzi_hal,genova,sanbuild_hms,beograd,1,1370,0,0,dozer,"""heavy/scania_s2016_8x4_high_770""",trailer.scs_lowlow4e,trailer_def.scs.lowloader.single_4_ln.long,1,1,0
69261,_nameless.182.628e.14a0,syllurgy,nis,rock_eater,argostoli,2,763,460,720,ter_forklift,scania_r2016_4x2_norm_370,trailer.profilinehd,trailer_def.krone.profilinerhd.single_3.flatbed,2,1,0
69261,_nameless.182.628e.18b0,syllurgy,nis,transinet,szczecin,0,1547,0,0,train_part,daf_6x2_a,trailer.profilinehd,trailer_def.krone.profilinerhd.single_3.flatbed,4,1,0
69261,_nameless.182.628e.4e50,syllurgy,nis,posped,szeged,2,486,0,0,concr_beams2,scania_r2016_6x4_high_660,trailer.scs_flat_b,trailer_def.scs.flatbed.single_3.flatbed_w,2,1,0
69261,_nameless.182.628e.43c0,syllurgy,nis,fallow,patras,1,945,0,0,iron_pipes,volvo_fh16_4x2_420,trailer.scs_log,trailer_def.scs.log.single_3.steel,28,1,0
69261,_nameless.182.628e.4700,log_atlan,almeria,app,badajoz,0,732,0,0,used_plast_c,daf_xf_euro6_6x2_a,trailer.scs_gosck20,trailer_def.scs.gooseneck.singl_3e_20.container,15,1,0
69261,_nameless.182.628e.4560,log_atlan,almeria,exomar,a_coruna,1,1158,0,0,roof_tiles,mercedes_actros_2014_4x2_a,trailer.scs_dry,trailer_def.scs.box.single_3.dryvan,32,1,0
69261,_nameless.182.628e.4970,log_atlan,almeria,app,coimbra,2,1087,0,0,lux_yacht,iveco_sway_4x2_460,trailer.scs_lowlow4e,trailer_def.scs.lowloader.single_4_ln.long,1,1,0
69261,_nameless.182.628e.4a40,agregados,granada,eolo_lines,algeciras,2,338,0,0,empty_barr,mercedes_actros_2014_6x2_a,trailer.scs_dry_m,trailer_def.scs.box.single_3.dryvan_m,33,1,0
69261,_nameless.182.628e.4cb0,agregados,granada,costruzi_hal,sassari,1,922,720,827,concr_beams2,daf_xd_2,trailer.scs_flat_b,trailer_def.scs.flatbed.single_3.flatbed_w,2,1,0
69261,_nameless.182.628e.4b10,trameri,dresden,norrsken,orebro,0,1119,105,404,used_plast,mercedes_4x2_b,trailer.scs_dry_ms,trailer_def.scs.box.single_3.dryvan_m,33,1,0
69261,_nameless.182.628e.4be0,trameri,dresden,rt_log,geneve,1,994,0,0,empty_barr,mercedes_actros_2014_6x2_a,trailer.profiliner17,trailer_def.krone.profiliner.single_3.curtain,33,1,0
69261,_nameless.182.628e.4d80,trameri,dresden,rt_log,graz,2,558,0,0,empty_palet,volvo_fh2021_4x2_420,trailer.scs_dry_s,trailer_def.scs.box.single_3.dryvan,33,1,0
69261,_nameless.183.3c38.74a0,trameri,dresden,cemelt_fla,cluj_napoca,0,1228,0,0,copp_rf_gutt,man_4x2_c,trailer.kasbhr_shg45,trailer_def.kassbohrer.scs.single_3_13.curtain,34,1,0
69261,_nameless.183.3c38.7b20,eurogoodies,grimsby,stokes,liege,1,752,35,300,can_sardines,scania_r2016_6x2_high_460,trailer.scs_dry,trailer_def.scs.box.single_3.dryvan,33,1,0
69261,_nameless.183.3c38.7570,eurogoodies,grimsby,nutri_molle,hamar,2,1189,1140,1314,wheat,man_4x2_c,trailer.scs_dumper,trailer_def.scs.dumper.single_3.steel,27,1,0
69261,_nameless.183.3c38.7640,gomme_monde,bourges,trans_cab,valladolid,1,1011,0,0,forklifts,daf_xf_euro6_4x2_a,trailer.scs_lowbed_3,trailer_def.scs.lowbed.single_3.short,4,1,0
69261,_nameless.183.3c38.7710,gomme_monde,bourges,te_logistica,sassari,0,775,720,827,truck_tyres,scania_r_4x2_norm_360,trailer.scs_dry,trailer_def.scs.box.single_3.dryvan,33,1,0
69261,_nameless.183.3c38.77e0,gomme_monde,bourges,polarislines,gedser,1,1439,105,404,tyres,volvo_fh2021_4x2_420,trailer.kasbhr_shg45,trailer_def.kassbohrer.scs.single_3_13.curtain,34,1,0
69261,_nameless.183.3c38.7cc0,nosko,klaipeda,norrsken,malmo,0,759,510,1110,food_oil_t,mercedes_4x2,trailer.ffb_tsalm32,trailer_def.feldbinder.tsalm.single_3_32.32_3_2,25,1,0
69261,_nameless.183.3c38.78b0,nosko,klaipeda,norr_food,falun,2,467,510,1110,can_sardines,iveco_4x2_c,trailer.scs_curt_s,trailer_def.scs.box.single_3.curtain,33,1,0
69261,_nameless.183.3c38.7bf0,subse,brasov,stokes,maribor,0,1073,0,0,coconut_milk,mercedes_actros_2014_4x2_b,trailer.scs_dry_a,trailer_def.scs.box.single_3.dryvan,30,1,0
69261,_nameless.183.3c38.7d90,subse,brasov,dunavia,osijek,0,849,0,0,beverages_t,scania_streamline_4x2_norm_380,trailer.ffb_tsalm32,trailer_def.feldbinder.tsalm.single_3_32.32_3_2,23,1,0
69261,_nameless.183.3c38.7e60,bhv,mikkeli,nordic_ports,ornskoldsvik,0,419,300,680,vans_id,mercedes_actros_2014_4x2_a,trailer.van_trans,trailer_def.vans_id.van_trans,100,1,0
69261,_nameless.183.3c38.7980,bhv,mikkeli,bhv,siauliai,0,798,150,430,car_ibe,scania_s2016_6x2_high_460,trailer.car_trans,trailer_def.car_ibe.car_trans,100,1,0
69261,_nameless.183.3c38.7f30,casa_olivera,mengibar,lisette_log,bordeaux,1,904,0,0,tomatoes,mercedes_actros_2014_4x2_b,trailer.scs_ref_s,trailer_def.scs.box.single_3.reefer,33,1,0
69261,_nameless.183.3c38.7300,casa_olivera,mengibar,kaarfor,limoges,0,1207,0,0,nuts,renault_magnum_6x2_a,trailer.kasbhr_shg45,trailer_def.kassbohrer.scs.single_3_13.curtain,34,1,0
69261,_nameless.183.3c38.4a60,casa_olivera,mengibar,kaarfor,nice,0,1487,0,0,beans,scania_s2016_4x2_norm_370,trailer.kasbhr_shg45,trailer_def.kassbohrer.scs.single_3_13.curtain,34,1,0
69261,_nameless.183.3c38.5c40,casa_olivera,mengibar,lisette_log,larochelle,0,1213,0,0,young_seed,man_tgx_euro6_4x2_xxl,trailer.coolliner17,trailer_def.krone.coolliner.single_3.reefer,33,1,0
69261,_nameless.183.3c38.5760,casa_olivera,mengibar,rt_log,cordoba,1,199,0,0,rye,daf_xf_euro6_6x4_c,trailer.scs_dumper,trailer_def.scs.dumper.single_3.steel,27,1,0
69261,_nameless.183.3c38.48c0,app,gijon,rt_log,sevilla,0,901,0,0,fish_chips,volvo_fh2021_6x2_540,trailer.scs_ref_a,trailer_def.scs.box.single_3.reefer,33,1,0
69261,_nameless.183.3c38.5f80,app,gijon,app,ciudad_real,1,680,0,0,honey,"""double/daf_4x2_a""",trailer.scs_curt_2,trailer_def.scs.box.double_3_2.curtain,52,1,0
69261,_nameless.183.3c38.4580,mjolnir_min,ivalo,trameri,joensuu,1,735,0,0,coal,renault_t_4x2h,trailer.scs_dumper,trailer_def.scs.dumper.single_3.steel,18,1,0
69261,_nameless.183.3c38.5350,mjolnir_min,ivalo,severoatm_ru,sosnovy_bor,0,1383,0,0,dozer,"""heavy/man_tgx_euro6_8x4_xlx""",trailer.scs_lowlowd4,trailer_def.scs.lowloader.single_4_sh.short,1,1,0
69261,_nameless.183.3c38.7230,scs_paper,zaragoza,wilnet_trans,porto_vecchi,0,425,930,1182,empty_barr,scania_r_4x2_norm_360,trailer.kasbhr_shg45,trailer_def.kassbohrer.scs.single_3_13.curtain,34,1,0
69261,_nameless.183.3c38.4b30,scs_paper,zaragoza,exomar,olbia,0,412,720,827,empty_palet,mercedes_4x2_b,trailer.scs_dry_a,trailer_def.scs.box.single_3.dryvan,33,1,0
69261,_nameless.183.3c38.7090,norr_food,vaxjo,gnt,ventspils,2,416,510,1110,empty_palet,scania_r2016_6x2_high_460,trailer.kasbhr_scs,trailer_def.kassbohrer.scs.single_3_13.curtain,34,1,0
69261,_nameless.183.3c38.6390,euroacres,liverpool,euroacres,groningen,1,1150,35,300,digger1000,mercedes_4x2_a,trailer.kasbhr_sla,trailer_def.kassbohrer.sla.single_3_sh.lowbed,1,1,0
69261,_nameless.183.3c38.5010,euroacres,liverpool,gallia_ferry,bilbao,0,472,1076,1172,cott_cheese,daf_xf_euro6_4x2_b,trailer.scs_ref_s,trailer_def.scs.box.single_3.reefer,33,1,0
69261,_nameless.183.3c38.59d0,scs_paper,istanbul,betunia,pristina,0,806,0,0,empty_spool,iveco_sway_4x2_580,trailer.scs_lowbed_3,trailer_def.scs.lowbed.single_3.short,3,1,0
69261,_nameless.183.3c38.54f0,scs_paper,istanbul,eolo_lines,athens,0,1042,0,0,large_cont,volvo_fh2012_6x2_500,trailer.scs_flat_b,trailer_def.scs.flatbed.single_3.flatbed_w,33,1,0
69261,_nameless.183.3c38.4f40,scs_paper,istanbul,brawen,bucuresti,1,588,0,0,used_packag,scania_r2016_6x2_high_460,trailer.scs_dry_ms,trailer_def.scs.box.single_3.dryvan_m,33,1,0
69261,_nameless.183.3c38.5830,itcc,maribor,globeur,montpellier,0,1428,0,0,precast_strs,renault_magnum_6x4_a,trailer.kasbhr_shg45,trailer_def.kassbohrer.scs.single_3_13.curtain,34,1,0
69261,_nameless.183.3c38.6600,itcc,maribor,transinet,brussel,1,1180,0,0,empty_spool,iveco_4x2_c,trailer.scs_flat_b,trailer_def.scs.flatbed.single_3.flatbed_w,4,1,0
69261,_nameless.183.3c38.5aa0,itcc,maribor,dfh,berlin,1,899,0,0,metal_beams,iveco_4x2_b,trailer.scs_flat_b,trailer_def.scs.flatbed.single_3.flatbed_w,2,1,0
69261,_nameless.183.3c38.4720,itcc,maribor,tradeaux,hannover,1,977,0,0,iron_pipes,daf_xf_euro6_4x2_b,trailer.scs_log,trailer_def.scs.log.single_3.steel,28,1,0
69261,_nameless.183.3c38.55c0,norrsken,stockholm,norr_food,tromso,0,1408,0,0,beverages_t,man_4x2_c,trailer.scs_fodt,trailer_def.scs.foodtank.single_3.paint,28,1,0
69261,_nameless.183.3c38.6fc0,norrsken,stockholm,gnt,bergen,0,1090,0,0,kr_ecb880cv,man_tgx_2020,trailer.scs_lowbed41,trailer_def.scs.lowbed.single_41_ln.long,1,1,0
69261,_nameless.183.3c38.7160,norrsken,stockholm,nordic_ports,tornio,1,818,0,0,comp_process,"""double/mercedes_4x2_a""",trailer.scs_curt_b2,trailer_def.scs.box.bdouble_3_3.curtain,52,1,0
69261,_nameless.183.3c38.5900,norrsken,stockholm,tree_et,poznan,1,1295,105,404,wood_chipper,"""heavy/daf_6x4""",trailer.kasbhr_slle,trailer_def.kassbohrer.sll.single_3_ln.low,1,1,0
69261,_nameless.183.3c38.66d0,norrsken,stockholm,sal_fi,kouvola,2,425,540,1170,onion,man_6x4_b,trailer.scs_dry_s,trailer_def.scs.box.single_3.dryvan,33,1,0
69261,_nameless.183.3c38.4170,log_atlan,a_coruna,log_atlan,almeria,2,1143,0,0,digger500,scania_s2016_6x2_high_460,trailer.scs_lowlow2e,trailer_def.scs.lowloader.single_2_ln.long,1,1,0
69261,_nameless.183.3c38.5420,log_atlan,a_coruna,tradeaux,brest,0,1584,0,0,cement,mercedes_4x2,trailer.ffb_kip60,trailer_def.feldbinder.kip.single_3_60.silo_60_3p,19,1,0
69261,_nameless.183.3c38.5690,log_atlan,a_coruna,cargotras,olbia,2,1276,720,827,flour,volvo_fh2021_4x2_420,trailer.scs_dry_s,trailer_def.scs.box.single_3.dryvan,33,1,0
69261,_nameless.183.3c38.50e0,log_atlan,a_coruna,costruzi_win,cagliari,0,1386,720,827,mob_screener,"""heavy/scania_s2016_8x4_high_770""",trailer.scs_lowlow4e,trailer_def.scs.lowloader.single_4_ln.long,1,1,0
69261,_nameless.183.3c38.47f0,tree_et,bystrica,drekkar,karlskrona,1,727,630,790,jcb_dmphtd5e,renault_premium_6x2_a,trailer.profilinehd,trailer_def.krone.profilinerhd.single_3.flatbed,7,1,0
69261,_nameless.183.3c38.5b70,tree_et,bystrica,radus_ru,pleven,1,1008,0,0,empty_spool,mercedes_actros_2014_4x2_c,trailer.profilinehd,trailer_def.krone.profilinerhd.single_3.flatbed,4,1,0
69261,_nameless.183.3c38.4310,tree_et,bystrica,brawen,lamia,0,1459,0,0,logs,scania_streamline_6x4_top_480,trailer.scs_log,trailer_def.scs.log.single_3.steel,32,1,0
69261,_nameless.183.3c38.6bb0,tree_et,bystrica,fallow,targu_mures,2,815,0,0,exc_craw,"""heavy/volvo_fh16_6x4_750""",trailer.kasbhr_slle,trailer_def.kassbohrer.sll.single_3_ln.low,1,1,0
69261,_nameless.183.3c38.5de0,casa_olivera,badajoz,rt_log,barcelona,1,878,0,0,apples,mercedes_actros_2014_4x2_b,trailer.scs_dry_ms,trailer_def.scs.box.single_3.dryvan_m,33,1,0
69261,_nameless.183.3c38.4da0,casa_olivera,badajoz,kaarfor,bastia,1,1019,930,1182,potatoes,iveco_sway_4x2_580,trailer.scs_dry_m,trailer_def.scs.box.single_3.dryvan_m,33,1,0
69261,_nameless.183.3c38.4cd0,casa_olivera,badajoz,tradeaux,brest,0,1594,0,0,carrots_c,iveco_4x2_c,trailer.krone.boxliner20,trailer_def.krone.boxliner.single_3.container,15,1,0
69261,_nameless.183.3c38.6e20,casa_olivera,badajoz,tras_med,cagliari,0,1125,720,827,olives,volvo_fh2021_4x2_420,trailer.scs_dry_m,trailer_def.scs.box.single_3.dryvan_m,33,1,0
69261,_nameless.183.3c38.73d0,casa_olivera,badajoz,trans_cab,murcia,0,604,0,0,pears,man_4x2_a,trailer.scs_ref,trailer_def.scs.box.single_3.reefer,33,1,0
69261,_nameless.183.3c38.40a0,tree_et,southampton,c_navale,olbia,2,1559,755,1127,ter_forklift,daf_xf_euro6_4x2_a,trailer.scs_flat_b,trailer_def.scs.flatbed.single_3.flatbed_w,2,1,0
69261,_nameless.183.3c38.6050,tree_et,southampton,te_logistica,sassari,0,1463,755,1127,jcb_exc245xr,"""heavy/volvo_fh16_6x4_750""",trailer.scs_lowbed_4,trailer_def.scs.lowbed.single_4_sh.short,1,1,0
69261,_nameless.183.3c38.43e0,tree_et,southampton,lisette_log,rennes,1,736,35,300,tractors,iveco_sway_4x2_580,trailer.scs_lowlow4e,trailer_def.scs.lowloader.single_4_ln.long,1,1,0
69261,_nameless.183.3c38.67a0,tree_et,southampton,lisette_log,lemans,1,624,35,300,mob_tr_winch,"""heavy/scania_streamline_8x4_top_730""",trailer.kasbhr_sla,trailer_def.kassbohrer.sla.single_3_sh.lowbed,1,1,0
69261,_nameless.183.3c38.6d50,gnt,kalmar,renar,kristiansund,0,1207,40,46,fuel_oil,mercedes_actros_2014_6x4_b,trailer.scs_fueltank,trailer_def.scs.fueltank.single_3.fueltank,30,1,0
69261,_nameless.183.3c38.6a10,gnt,kalmar,renar,oslo,0,592,0,0,tracks,daf_xgp_4x2_530,trailer.scs_lowbed_4,trailer_def.scs.lowbed.single_4_sh.short,1,1,0
69261,_nameless.183.3c38.61f0,gnt,kalmar,sal_fi,joensuu,1,1033,540,1170,oil_filters,renault_premium_6x4_a,trailer.scs_dry,trailer_def.scs.box.single_3.dryvan,33,1,0
69261,_nameless.183.3c38.6460,tradeaux,lille,gnt,bastia,0,1153,840,1193,cheese,scania_s2016_4x2_norm_370,trailer.coolliner17,trailer_def.krone.coolliner.single_3.reefer,33,1,0
69261,_nameless.183.3c38.4c00,tradeaux,lille,lkwlog,osnabruck,0,433,0,0,beverages_c,mercedes_actros_2014_4x2_a,trailer.kasbhr_shg20,trailer_def.kassbohrer.shg.singl_3e_20.container,15,1,0
69261,_nameless.183.3c38.6530,eurogoodies,rijeka,eolo_lines,napoli,0,1224,0,0,caviar,iveco_sway_4x2_460,trailer.scs_ref_s,trailer_def.scs.box.single_3.reefer,33,1,0
69261,_nameless.183.3c38.6870,eurogoodies,rijeka,vesna,bihac,0,193,0,0,pork_meat,volvo_fh16_4x2_420,trailer.coolliner17,trailer_def.krone.coolliner.single_3.reefer,33,1,0
69261,_nameless.183.3c38.6940,rock_eater,lamia,brawen,banja_luka,0,1267,0,0,jcb_exc245xr,"""heavy/volvo_fh2012_8x4_700""",trailer.kasbhr_slle,trailer_def.kassbohrer.sll.single_3_ln.low,1,1,0
69261,_nameless.183.3c38.44b0,rock_eater,lamia,marmo,olbia,0,890,1410,1624,jcb_pw125qe,man_tgx_euro6_4x2_xxl,trailer.profilinehd,trailer_def.krone.profilinerhd.single_3.flatbed,24,1,0
69261,_nameless.183.3c38.4990,rock_eater,lamia,betunia,novi_sad,1,1019,0,0,empty_spool,volvo_fh16_4x2_540,trailer.scs_flat_b,trailer_def.scs.flatbed.single_3.flatbed_w,4,1,0
69261,_nameless.183.3c38.4e70,kaarfor,amsterdam,polarislines,goteborg,0,876,195,677,used_plast,scania_streamline_4x2_norm_380,trailer.scs_dry,trailer_def.scs.box.single_3.dryvan,33,1,0
69261,_nameless.183.3c38.51b0,kaarfor,amsterdam,lkwlog,felixstowe,1,216,480,960,used_plast_c,iveco_4x2_a,trailer.scs_gosck20,trailer_def.scs.gooseneck.singl_3e_20.container,15,1,0
69261,_nameless.183.3c38.5280,kaarfor,amsterdam,ns_oil,oslo,1,1462,0,0,empty_palet,man_tgx_euro6_6x4_xlx,trailer.kasbhr_scs,trailer_def.kassbohrer.scs.single_3_13.curtain,34,1,0
69261,_nameless.183.3c3a.2d30,quarry,graz,lisette_log,rennes,2,1524,0,0,digger500,man_tgx_2020_6x2,trailer.scs_lowbed_4,trailer_def.scs.lowbed.single_4_sh.short,1,1,0
69261,_nameless.183.3c3a.50f0,quarry,graz,betunia,zadar,2,561,0,0,mat_handler,"""heavy/daf_6x4""",trailer.kasbhr_slle,trailer_def.kassbohrer.sll.single_3_ln.low,1,1,0
69261,_nameless.183.3c3a.3480,quarry,graz,mvm_carriere,montpellier,2,1353,0,0,tracks,renault_t_4x2h,trailer.scs_lowbed_4,trailer_def.scs.lowbed.single_4_sh.short,1,1,0
69261,_nameless.183.3c3a.3b00,log_atlan,lisboa,ortiz,barcelona,0,1166,0,0,exhausts_c,mercedes_4x2_a,trailer.krone.boxliner40,trailer_def.krone.boxliner.single_3_40.container,30,1,0
69261,_nameless.183.3c3a.5020,log_atlan,lisboa,app,gijon,1,827,0,0,goat_cheese,daf_xd25,trailer.scs_ins_s,trailer_def.scs.box.single_3.insulated,33,1,0
69261,_nameless.183.3c3a.3550,log_atlan,lisboa,trans_cab,algeciras,0,598,0,0,elect_wiring,mercedes_actros_2014_6x2_a,trailer.scs_dry,trailer_def.scs.box.single_3.dryvan,33,1,0
69261,_nameless.183.3c3a.22a0,log_atlan,lisboa,renar,calvi,1,1232,930,1182,volvo_a25g,"""heavy/renault_6x4""",trailer.scs_lowbed_4,trailer_def.scs.lowbed.single_4_sh.short,1,1,0
69261,_nameless.183.3c3a.3f10,kaarfor,kassel,globeur,bourges,1,908,0,0,used_plast,volvo_fh2024_4x2_780,trailer.scs_dry_s,trailer_def.scs.box.single_3.dryvan,33,1,0
69261,_nameless.183.3c3a.32e0,kaarfor,kassel,rt_log,rostock,0,525,0,0,used_packag,daf_xf_euro6_6x2_a,trailer.profiliner17,trailer_def.krone.profiliner.single_3.curtain,33,1,0
69261,_nameless.183.3c3a.3070,kaarfor,kassel,vesna,beograd,0,1382,0,0,empty_palet,volvo_fh16_4x2_420,trailer.kasbhr_sbt,trailer_def.kassbohrer.sbt.single_3_13.dryvan,33,1,0
69261,_nameless.183.3c3a.2030,stokes,amsterdam,fle,montpellier,0,1172,0,0,cut_flowers,scania_r_6x2_high_500,trailer.coolliner17,trailer_def.krone.coolliner.single_3.reefer,33,1,0
69261,_nameless.183.3c3a.3140,stokes,amsterdam,drekkar,linkoping,1,1310,0,0,used_plast,man_4x2_a,trailer.profiliner17,trailer_def.krone.profiliner.single_3.curtain,33,1,0
69261,_nameless.183.3c3a.2ed0,stokes,amsterdam,tras_med,genova,0,1254,0,0,bricks,renault_t_4x2,trailer.scs_brick_r,trailer_def.scs.flatbed.single_3.brick,32,1,0
69261,_nameless.183.3c3a.4590,fle,frankfurt,ika_bohag,milano,0,703,0,0,toys,man_4x2_c,trailer.scs_curt,trailer_def.scs.box.single_3.curtain,33,1,0
69261,_nameless.183.3c3a.4660,fle,frankfurt,bltmetal,siauliai,1,1403,0,0,empty_spool,mercedes_4x2_b,trailer.scs_flat_b,trailer_def.scs.flatbed.single_3.flatbed_w,4,1,0
69261,_nameless.183.3c3a.29f0,fle,frankfurt,stokes,katowice,0,856,0,0,frsh_herbs,iveco_sway_4x2_500,trailer.scs_ins_s,trailer_def.scs.box.single_3.insulated,33,1,0
69261,_nameless.183.3c3a.3bd0,fle,frankfurt,renar,oslo,0,1581,0,0,post_packag,daf_xf_euro6_4x2_a,trailer.scs_dry_m,trailer_def.scs.box.single_3.dryvan_m,33,1,0
69261,_nameless.183.3c3a.3620,kaarfor,nantes,transinet,southampton,1,839,35,300,used_packag,iveco_sway_4x2_460,trailer.kasbhr_scs,trailer_def.kassbohrer.scs.single_3_13.curtain,34,1,0
69261,_nameless.183.3c3a.36f0,kaarfor,nantes,exomar,bologna,0,1563,0,0,empty_palet,mercedes_4x2_b,trailer.scs_dry_s,trailer_def.scs.box.single_3.dryvan,33,1,0
69261,_nameless.183.3c3a.37c0,kaarfor,nantes,rt_log,geneve,0,926,0,0,used_plast_c,man_6x4_b,trailer.krone.boxliner20,trailer_def.krone.boxliner.single_3.container,15,1,0
69261,_nameless.183.3c3a.3ca0,ns_oil,ornskoldsvik,nch,kouvola,2,496,300,680,lpg_t,renault_t_4x2,trailer.scs_gastank,trailer_def.scs.gastank.single_3.gastank,40,1,0
69261,_nameless.183.3c3a.33b0,ns_oil,ornskoldsvik,nch_ru,petersburg,0,915,300,680,propane,volvo_fh16_4x2_540,trailer.scs_gastank,trailer_def.scs.gastank.single_3.gastank,40,1,0
69261,_nameless.183.3c3a.3210,ns_oil,ornskoldsvik,ms_stein,hamar,1,579,0,0,diesel,daf_xg_4x2_450,trailer.scs_fueltank,trailer_def.scs.fueltank.single_3.fueltank,30,1,0
69261,_nameless.183.3c3a.4180,ns_oil,ornskoldsvik,nch,tallinn,0,561,450,1110,fueltanker,daf_xf_euro6_6x4_c,trailer.scs_gosck40,trailer_def.scs.gooseneck.singl_3e_40.container,80,1,0
69261,_nameless.183.3c3a.3d70,kathode,narvik,renar,skelleftea,1,575,0,0,used_plast,volvo_fh16_4x2_420,trailer.profiliner17,trailer_def.krone.profiliner.single_3.curtain,33,1,0
69261,_nameless.183.3c3a.5360,kathode,narvik,renar,kotka,0,1212,0,0,truck_batt_c,daf_xgp25_4x2_530,trailer.scs_gosck40,trailer_def.scs.gooseneck.singl_3e_40.container,30,1,0
69261,_nameless.183.3c3a.4320,kathode,narvik,borealis,svolvaer,1,345,0,0,fueltanker,iveco_6x2_a,trailer.krone.boxliner220,trailer_def.krone.boxliner.single_3_220.container,80,1,0
69261,_nameless.183.3c3a.43f0,kathode,narvik,nch,turku,0,1198,0,0,overweight,man_tgx_2020_6x2,trailer.scs_lowbed41,trailer_def.scs.lowbed.single_41_ln.long,1,1,0
69261,_nameless.183.3c3a.3fe0,trameri,carlisle,norrsken,malmo,0,648,1140,1314,used_plast,daf_xf_euro6_6x2_a,trailer.scs_curt,trailer_def.scs.box.single_3.curtain,33,1,0
69261,_nameless.183.3c3a.2920,trameri,carlisle,posped,strasbourg,1,1262,35,300,sandwch_pnls,daf_xd_2,trailer.scs_curt_a,trailer_def.scs.box.single_3.curtain,33,1,0
69261,_nameless.183.3c3a.3890,voitureux,lehavre,tdc_auto,koper,1,1554,0,0,car_d,daf_4x2_b,trailer.car_trans,trailer_def.car_d.car_trans,100,1,0
69261,_nameless.183.3c3a.2510,voitureux,lehavre,wgcc,glasgow,2,1098,35,300,contamin,daf_xf_euro6_6x4_c,trailer.scs_gosck220,trailer_def.scs.gooseneck.singl_3e_220.container,80,1,0
69261,_nameless.183.3c3a.4250,voitureux,lehavre,rt_log,zaragoza,0,1251,0,0,cars_fr,man_tgx_2020,trailer.car_trans,trailer_def.cars_fr.car_trans,100,1,0
69261,_nameless.183.3c3a.44c0,voitureux,lehavre,bhv,bordeaux,0,815,0,0,car_balt1,daf_xf_euro6_4x2_a,trailer.car_trans,trailer_def.car_balt1.car_trans,100,1,0
69261,_nameless.183.3c3a.2370,voitureux,lehavre,transinet,cambridge,0,517,35,300,car_it,scania_streamline_4x2_norm_380,trailer.car_trans,trailer_def.car_it.car_trans,100,1,0
69261,_nameless.183.3c3a.21d0,cont_port,kotka,cont_port,oulu,2,620,0,0,chlorine,volvo_fh2024_4x2_420,trailer.kasbhr_shg40,trailer_def.kassbohrer.shg.singl_3e_40.container,80,1,0
69261,_nameless.183.3c3a.2440,cont_port,kotka,ai,hamburg,2,1581,540,1170,fluorine,volvo_fh16_4x2_540,trailer.scs_gosck220,trailer_def.scs.gooseneck.singl_3e_220.container,80,1,0
69261,_nameless.183.3c3a.2fa0,cont_port,kotka,fjoste,kokkola,0,513,0,0,motor_oil_c,volvo_fh16_4x2_420,trailer.scs_gosck40,trailer_def.scs.gooseneck.singl_3e_40.container,30,1,0
69261,_nameless.183.3c3a.25e0,rock_eater,kragujevac,pk_medved_ru,kaliningrad,0,1477,0,0,forklifts,scania_r2016_4x2_norm_370,trailer.kasbhr_sla,trailer_def.kassbohrer.sla.single_3_sh.lowbed,3,1,0
69261,_nameless.183.3c3a.49a0,rock_eater,kragujevac,euroacres,erfurt,2,1391,0,0,digger1000,scania_streamline_6x4_top_480,trailer.kasbhr_sla,trailer_def.kassbohrer.sla.single_3_sh.lowbed,1,1,0
69261,_nameless.183.3c3a.4730,rock_eater,kragujevac,ttk_bg,varna,1,810,0,0,volvo_bucket,mercedes_6x4_a,trailer.kasbhr_sla,trailer_def.kassbohrer.sla.single_3_sh.lowbed,1,1,0
69261,_nameless.183.3c3a.4c10,rock_eater,kragujevac,sanbuilders,gdansk,0,1411,0,0,volvo_a25g,"""heavy/scania_s2016_8x4_high_770""",trailer.scs_lowlow4e,trailer_def.scs.lowloader.single_4_ln.long,1,1,0
69261,_nameless.183.3c3a.4800,nord_sten,jonkoping,rt_log,travemunde,0,705,105,404,jcb_exc245xr,"""heavy/scania_r_6x4_top_730""",trailer.scs_lowbed_3,trailer_def.scs.lowbed.single_3.short,1,1,0
69261,_nameless.183.3c3a.48d0,nord_sten,jonkoping,renar,vasteraas,0,342,0,0,jcb_th540180,man_4x2_c,trailer.scs_lowbed41,trailer_def.scs.lowbed.single_41_ln.long,1,1,0
69261,_nameless.183.3c3a.4a70,nord_sten,jonkoping,nch,vilnius,0,768,510,1110,stone_dust,renault_premium_4x2_c,trailer.scs_dumper,trailer_def.scs.dumper.single_3.steel,13,1,0
69261,_nameless.183.3c3a.4b40,nord_sten,jonkoping,renar,steinkjer,0,1031,0,0,driller,man_tgx_euro6_6x4_xlx,trailer.scs_lowbed41,trailer_def.scs.lowbed.single_41_ln.long,1,1,0
69261,_nameless.183.3c3a.4ce0,vesna_mill,novi_sad,artemia,mitilini,1,901,730,1440,pnut_butter,man_tgx_2020_6x2,trailer.coolliner17,trailer_def.krone.coolliner.single_3.reefer,33,1,0
69261,_nameless.183.3c3a.4f50,vesna_mill,novi_sad,kaarfor,ostrava,0,705,0,0,flour,iveco_sway_4x2_460,trailer.profiliner17,trailer_def.krone.profiliner.single_3.curtain,33,1,0
69261,_nameless.183.3c3a.26b0,vesna_mill,novi_sad,dunavia,osijek,0,317,0,0,canned_beef,iveco_4x2_a,trailer.coolliner17,trailer_def.krone.coolliner.single_3.reefer,32,1,0
69261,_nameless.183.3c3a.2780,vesna_mill,novi_sad,sellplan,bern,2,1402,0,0,olive_oil,daf_xf_euro6_6x4_c,trailer.scs_curt,trailer_def.scs.box.single_3.curtain,33,1,0
69261,_nameless.183.3c3a.2ac0,sanbuild_bas,stuttgart,tree_et,bialystok,0,1268,0,0,hipresstank,scania_r_4x2_top_480,trailer.profilinehd,trailer_def.krone.profilinerhd.single_3.flatbed,8,1,0
69261,_nameless.183.3c3a.2850,sanbuild_bas,stuttgart,gnt,vilnius,1,1525,0,0,ter_forklift,scania_streamline_6x2_norm_440,trailer.scs_flat_b,trailer_def.scs.flatbed.single_3.flatbed_w,2,1,0
69261,_nameless.183.3c3a.2b90,wilnet_trans,toulouse,exomar,a_coruna,0,1107,0,0,spher_valves,iveco_4x2_a,trailer.kasbhr_shg45,trailer_def.kassbohrer.scs.single_3_13.curtain,34,1,0
69261,_nameless.183.3c3a.2c60,wilnet_trans,toulouse,trans_cab,santander,0,555,0,0,elect_wiring,renault_premium_6x2_a,trailer.scs_curt_a,trailer_def.scs.box.single_3.curtain,33,1,0
69261,_nameless.183.3c3a.5ec0,wilnet_trans,toulouse,globeur,lehavre,0,882,0,0,smokd_eel,scania_r2016_6x2_high_460,trailer.scs_ins_a,trailer_def.scs.box.single_3.insulated,33,1,0
69261,_nameless.183.3c3a.5df0,wilnet_trans,toulouse,tree_et,soria,1,726,0,0,jcb_bhl4cx,scania_r_6x2_high_500,trailer.kasbhr_slle,trailer_def.kassbohrer.sll.single_3_ln.low,1,1,0
69261,_nameless.183.3c3a.5840,wilnet_trans,toulouse,globeur,rennes,1,716,0,0,truck_rims_c,volvo_fh2012_4x2_420,trailer.scs_gosck220,trailer_def.scs.gooseneck.singl_3e_220.container,30,1,0
69261,_nameless.183.3c3a.5770,wilnet_trans,toulouse,dans_jardin,marseille,2,553,0,0,fertilizer,volvo_fh2021_4x2_750,trailer.profilinebm,trailer_def.krone.profilinerbm.single_3.brick,32,1,0
69261,_nameless.183.3c3a.5c50,lintukainen,pori,onnelik_a,tartu,0,417,150,430,wooden_beams,volvo_fh2012_6x2_500,trailer.scs_log,trailer_def.scs.log.single_3.steel,2,1,0
69261,_nameless.183.3c3a.5ab0,lintukainen,pori,drekkar,linkoping,0,383,540,1170,logs,man_tgx_2020_4x2,trailer.scs_log,trailer_def.scs.log.single_3.steel,32,1,0
69261,_nameless.183.3c3a.5430,shuttle,malaga,wilnet_trans,toulouse,2,1358,0,0,ter_forklift,iveco_h_4x2_a,trailer.scs_flat_b,trailer_def.scs.flatbed.single_3.flatbed_w,2,1,0
69261,_nameless.183.3c3a.55d0,shuttle,malaga,rt_log,sevilla,1,249,0,0,used_plast_c,renault_magnum_6x2_a,trailer.kasbhr_shg20,trailer_def.kassbohrer.shg.singl_3e_20.container,15,1,0
69261,_nameless.183.3c3a.5500,shuttle,malaga,eurogoodies,cardiff,1,1238,1076,1172,iced_coffee,scania_streamline_6x2_norm_440,trailer.profiliner17,trailer_def.krone.profiliner.single_3.curtain,33,1,0
69261,_nameless.183.3c3a.56a0,gnt,klaipeda,lkwlog,amsterdam,1,1486,0,0,iron_pipes,iveco_sway_4x2_460,trailer.scs_log,trailer_def.scs.log.single_3.steel,28,1,0
69261,_nameless.183.2aa9.9f60,gnt,klaipeda,polarislines,esbjerg,2,1480,0,0,clothes,daf_xgp25_4x2_530,trailer.scs_dry_s,trailer_def.scs.box.single_3.dryvan,33,1,0
69261,_nameless.183.2aa9.a440,gnt,klaipeda,renar,lahti,1,829,150,430,plant_substr,mercedes_actros_2014_4x2_a,trailer.scs_dry_s,trailer_def.scs.box.single_3.dryvan,32,1,0
69261,_nameless.183.2aa9.8be0,gnt,klaipeda,onnelik,narva,0,758,0,0,square_baler,daf_xf_euro6_4x2_b,trailer.scs_lowbed41,trailer_def.scs.lowbed.single_41_ln.long,1,1,0
69261,_nameless.183.2aa9.8d80,ns_oil,frankfurt,tree_et,salzburg,0,593,0,0,oil,man_tgx_euro6_4x2_xl,trailer.willig.fuel_cistern,trailer_def.scs.fueltank.single_3.fueltank,28,1,0
69261,_nameless.183.2aa9.99b0,ns_oil,frankfurt,tree_et,felixstowe,0,884,35,300,lpg,man_4x2_c,trailer.kasbhr_shg40,trailer_def.kassbohrer.shg.singl_3e_40.container,80,1,0
69261,_nameless.183.2aa9.8e50,ns_oil,frankfurt,ns_oil_ru,kaliningrad,1,1056,0,0,petrol,renault_magnum_4x2_a,trailer.scs_fueltank,trailer_def.scs.fueltank.single_3.fueltank,30,1,0
69261,_nameless.183.2aa9.ab90,ns_oil,frankfurt,imp_otel,craiova,2,1569,0,0,motor_oil_c,renault_premium_4x2_c,trailer.kasbhr_shg20,trailer_def.kassbohrer.shg.singl_3e_20.container,15,1,0
69261,_nameless.183.2aa9.98e0,marmo,olbia,quarry,strasbourg,2,1260,720,827,jcb_bhl4cx,mercedes_4x2_a,trailer.scs_lowlowd2,trailer_def.scs.lowloader.single_2_sh.short,1,1,0
69261,_nameless.183.2aa9.9260,marmo,olbia,rt_log,barcelona,1,271,720,827,ore,mercedes_4x2_b,trailer.scs_dumper,trailer_def.scs.dumper.single_3.steel,14,1,0
69261,_nameless.183.2aa9.a370,cesta_sl,granada,posped,swansea,1,1112,1076,1172,used_packag,man_tgx_2020_6x2,trailer.kasbhr_scs,trailer_def.kassbohrer.scs.single_3_13.curtain,34,1,0
69261,_nameless.183.2aa9.8f20,cesta_sl,granada,trans_cab,valladolid,2,649,0,0,used_plast_c,volvo_fh2021_6x2_540,trailer.scs_gosck20,trailer_def.scs.gooseneck.singl_3e_20.container,15,1,0
69261,_nameless.183.2aa9.8a40,cesta_sl,granada,gallia_ferry,bilbao,0,802,0,0,empty_palet,scania_r_4x2_top_480,trailer.scs_curt,trailer_def.scs.box.single_3.curtain,33,1,0
69261,_nameless.183.2aa9.b3b0,cesta_sl,granada,app,zaragoza,1,618,0,0,used_plast,mercedes_6x4_a,trailer.scs_curt_a,trailer_def.scs.box.single_3.curtain,33,1,0
69261,_nameless.183.2aa9.bb00,sal_fi,lappeenranta,norr_food,vasteraas,1,575,540,1170,smokd_sprats,volvo_fh2024_6x2_500,trailer.scs_ref,trailer_def.scs.box.single_3.reefer,33,1,0
69261,_nameless.183.2aa9.8b10,sal_fi,lappeenranta,lvr,daugavpils,1,987,0,0,re_bars,scania_s2016_6x2_high_460,trailer.profilinehd,trailer_def.krone.profilinerhd.single_3.flatbed,2,1,0
69261,_nameless.183.2aa9.a510,sal_fi,lappeenranta,gnt,valmiera,0,717,150,430,wallpanels,scania_s2016_6x4_high_730,trailer.panel_trans.wall,trailer_def.wallpanels.panel_trans.wall,85,1,0
69261,_nameless.183.2aa9.b960,sal_fi,lappeenranta,stokes,poznan,2,1483,150,430,alu_profile,daf_xf_euro6_4x2_b,trailer.scs_flat_b,trailer_def.scs.flatbed.single_3.flatbed_w,2,1,0
69261,_nameless.183.2aa9.b7c0,nbfc,calais,globeur,rennes,2,599,0,0,watertank,man_tgx_2020_6x2,trailer.scs_flat_b,trailer_def.scs.flatbed.single_3.flatbed_w,2,1,0
69261,_nameless.183.2aa9.afa0,nbfc,calais,sanbuilders,nurnberg,0,763,0,0,propane,scania_streamline_4x2_norm_380,trailer.scs_gastank,trailer_def.scs.gastank.single_3.gastank,40,1,0
69261,_nameless.183.2aa9.9a80,nbfc,calais,ai,nurnberg,0,763,0,0,neon,iveco_sway_4x2_460,trailer.kasbhr_shg20,trailer_def.kassbohrer.shg.singl_3e_20.container,40,1,0
69261,_nameless.183.2aa9.8cb0,nbfc,calais,spinelli,valladolid,0,1440,0,0,carbn_pwdr_c,renault_premium_6x2_a,trailer.krone.boxliner220,trailer_def.krone.boxliner.single_3_220.container,30,1,0
69261,_nameless.183.2aa9.b210,eliarchos,kalamata,vesna,beograd,0,1518,0,0,pears,scania_r_6x4_top_620,trailer.scs_ins_s,trailer_def.scs.box.single_3.insulated,33,1,0
69261,_nameless.183.2aa9.a1d0,eliarchos,kalamata,balkan_loco,pleven,1,1255,0,0,beans,iveco_4x2_c,trailer.scs_curt,trailer_def.scs.box.single_3.curtain,33,1,0
69261,_nameless.183.2aa9.b070,eliarchos,kalamata,tras_med,catania,0,1118,590,1092,young_seed,renault_premium_4x2_a,trailer.scs_ins,trailer_def.scs.box.single_3.insulated,33,1,0
69261,_nameless.183.2aa9.b550,rosmark_ru,luga,polarislines,gedser,1,1326,570,1270,drymilk,scania_r_6x4_top_620,trailer.dryliner17,trailer_def.krone.dryliner.single_3.dryvan,33,1,0
69261,_nameless.183.2aa9.a6b0,rosmark_ru,luga,ladoga,turku,0,833,0,0,elect_wiring,mercedes_4x2_b,trailer.profiliner17,trailer_def.krone.profiliner.single_3.curtain,33,1,0
69261,_nameless.183.2aa9.bbd0,rosmark_ru,luga,norrsken,malmo,1,1111,570,1270,cheese,man_4x2_a,trailer.coolliner17,trailer_def.krone.coolliner.single_3.reefer,33,1,0
69261,_nameless.183.2aa9.8970,rosmark_ru,luga,polarislines,esbjerg,1,1474,570,1270,emp_wine_bot,scania_r2016_6x2_high_460,trailer.profiliner17,trailer_def.krone.profiliner.single_3.curtain,33,1,0
69261,_nameless.183.2aa9.8ff0,rosmark_ru,luga,scania_fac,sodertalje,2,583,570,1270,brake_pads,volvo_fh2012_4x2_750,trailer.scs_dry,trailer_def.scs.box.single_3.dryvan,33,1,0
69261,_nameless.183.2aa9.90c0,nord_sten,vaxjo,kivi,helsinki,0,842,540,1170,driller,volvo_fh16_4x2_420,trailer.scs_lowbed41,trailer_def.scs.lowbed.single_41_ln.long,1,1,0
69261,_nameless.183.2aa9.a780,nord_sten,vaxjo,dfh,hamburg,0,751,0,0,stones,iveco_4x2_b,trailer.scs_dumper,trailer_def.scs.dumper.single_3.steel,11,1,0
69261,_nameless.183.2aa9.b140,nord_sten,vaxjo,posped,lublin,0,618,630,790,vol_ew240emh,"""heavy/man_tgx_2020_8x4""",trailer.kasbhr_slle,trailer_def.kassbohrer.sll.single_3_ln.low,1,1,0
69261,_nameless.183.2aa9.95a0,kaarfor,cambridge,lkwlog,manchester,1,356,0,0,used_plast,scania_s2016_4x2_norm_370,trailer.scs_curt_a,trailer_def.scs.box.single_3.curtain,33,1,0
69261,_nameless.183.2aa9.ac60,kaarfor,cambridge,lkwlog,venezia,0,1533,35,300,used_plast_c,scania_s2016_6x4_high_730,trailer.krone.boxliner220,trailer_def.krone.boxliner.single_3_220.container,30,1,0
69261,_nameless.183.2aa9.a850,blt,siauliai,blt_ru,pskov,1,404,0,0,almond,iveco_sway_4x2_460,trailer.kasbhr_sbt,trailer_def.kassbohrer.sbt.single_3_13.dryvan,34,1,0
69261,_nameless.183.2aa9.9190,blt,siauliai,norrsken,stockholm,1,318,510,1110,sandwch_pnls,man_4x2_c,trailer.scs_curt_a,trailer_def.scs.box.single_3.curtain,33,1,0
69261,_nameless.183.2aa9.ba30,blt,siauliai,dfh,berlin,0,863,0,0,sq_tub,iveco_4x2_c,trailer.profilinehd,trailer_def.krone.profilinerhd.single_3.flatbed,2,1,0
69261,_nameless.183.2aa9.a920,blt,siauliai,kaarfor,magdeburg,2,981,0,0,clothes_c,daf_4x2_b,trailer.scs_gosck220,trailer_def.scs.gooseneck.singl_3e_220.container,30,1,0
69261,_nameless.183.2aa9.a9f0,lavish_food,huelva,lavish_food,a_coruna,0,1076,0,0,chicken_meat,scania_r_4x2_norm_360,trailer.scs_ref_s,trailer_def.scs.box.single_3.reefer,33,1,0
69261,_nameless.183.2aa9.bca0,lavish_food,huelva,log_atlan,porto,0,641,0,0,liver_paste,volvo_fh16_4x2_540,trailer.scs_ins_s,trailer_def.scs.box.single_3.insulated,33,1,0
69261,_nameless.183.2aa9.9740,sygomidi,chania,fallow,patras,0,210,540,826,empty_barr,volvo_fh16_4x2_420,trailer.scs_dry_a,trailer_def.scs.box.single_3.dryvan,33,1,0
69261,_nameless.183.2aa9.b2e0,sygomidi,chania,balkan_loco,ruse,0,1083,540,826,vinegar,scania_streamline_4x2_norm_380,trailer.scs_dry_s,trailer_def.scs.box.single_3.dryvan,33,1,0
69261,_nameless.183.2aa9.9b50,sygomidi,chania,icaria,chios,0,7,1080,1666,pet_food_c,renault_magnum_6x4_a,trailer.kasbhr_shg40,trailer_def.kassbohrer.shg.singl_3e_40.container,30,1,0
69261,_nameless.183.2aa9.9330,sygomidi,chania,te_logistica,parma,0,1265,1110,1571,coconut_oil,man_tgx_euro6_6x4_xlx,trailer.kasbhr_sbt,trailer_def.kassbohrer.sbt.single_3_13.dryvan,34,1,0
69261,_nameless.183.2aa9.b480,sygomidi,chania,icaria,kalamata,1,9,490,1140,canned_beans,mercedes_actros_2014_6x4_b,trailer.kasbhr_shg45,trailer_def.kassbohrer.scs.single_3_13.curtain,34,1,0
69261,_nameless.183.2aa9.aac0,lkwlog,koln,polar_fish,aalborg,0,807,0,0,frsh_herbs,iveco_4x2_a,trailer.coolliner17,trailer_def.krone.coolliner.single_3.reefer,33,1,0
69261,_nameless.183.2aa9.9400,lkwlog,koln,tras_med,genova,2,1011,0,0,caravans,mercedes_6x4_a,trailer.truck_trans,trailer_def.caravans.truck_trans,100,1,0
69261,_nameless.183.2aa9.ad30,lkwlog,koln,te_logistica,parma,0,990,0,0,helicopter,renault_premium_6x4_a,trailer.scs_lowlow2e,trailer_def.scs.lowloader.single_2_ln.long,1,1,0
69261,_nameless.183.2aa9.ae00,lkwlog,koln,marina,marseille,0,996,0,0,fueltanker,man_4x2_a,trailer.kasbhr_shg20,trailer_def.kassbohrer.shg.singl_3e_20.container,40,1,0
69261,_nameless.183.2aa9.a2a0,ika_bohag,montpellier,globeur,bourges,2,497,0,0,empty_palet,volvo_fh16_4x2_420,trailer.dryliner17,trailer_def.krone.dryliner.single_3.dryvan,33,1,0
69261,_nameless.183.2aa9.a030,ika_bohag,montpellier,eolo_lines,porto_vecchi,1,205,840,1193,used_packag,daf_xf_euro6_6x2_a,trailer.drylineret,trailer_def.krone.edryliner.single_3.dryvan,33,1,0
69261,_nameless.183.2aa9.b890,ika_bohag,montpellier,eolo_lines,almeria,0,1252,0,0,pot_flowers,scania_r2016_6x4_high_660,trailer.scs_ins_a,trailer_def.scs.box.single_3.insulated,33,1,0
69261,_nameless.183.2aa9.94d0,fjoste,borlange,blt,utena,0,663,510,1110,re_bars,scania_streamline_4x2_top_560,trailer.scs_flat_b,trailer_def.scs.flatbed.single_3.flatbed_w,2,1,0
69261,_nameless.183.2aa9.9c20,fjoste,borlange,nch,turku,0,294,540,1170,large_cont,scania_streamline_6x2_norm_440,trailer.scs_lowbed_4,trailer_def.scs.lowbed.single_4_sh.short,27,1,0
69261,_nameless.183.2aa9.9cf0,fjoste,borlange,wgcc,sundsvall,2,286,0,0,largetubes,daf_xf_euro6_6x4_c,trailer.scs_log,trailer_def.scs.log.single_3.steel,6,1,0
69261,_nameless.183.2aa9.9dc0,cont_port,gavle,ika_bohag,tampere,0,402,540,1170,clothes_c,scania_r_4x2_norm_360,trailer.kasbhr_shg40,trailer_def.kassbohrer.shg.singl_3e_40.container,30,1,0
69261,_nameless.183.2aa9.9e90,cont_port,gavle,nch,kouvola,2,568,540,1170,arsenic,renault_premium_4x2_a,trailer.krone.boxliner40,trailer_def.krone.boxliner.single_3_40.container,80,1,0
69261,_nameless.183.2aa9.a100,cont_port,gavle,fjoste,lulea,0,543,0,0,magnesium,man_tgx_2020,trailer.scs_gosck220,trailer_def.scs.gooseneck.singl_3e_220.container,80,1,0
69261,_nameless.183.2aa9.d0f0,tree_et,aberdeen,kathode,dusseldorf,1,1514,35,300,forklifts,scania_r_6x2_high_500,trailer.scs_lowbed_3,trailer_def.scs.lowbed.single_3.short,4,1,0
69261,_nameless.183.2aa9.cc10,tree_et,aberdeen,transinet,rotterdam,0,648,660,995,wood_chipper,"""heavy/man_tgx_euro6_8x4_xlx""",trailer.kasbhr_slle,trailer_def.kassbohrer.sll.single_3_ln.low,1,1,0
69261,_nameless.183.2aa9.d430,tree_et,aberdeen,lkwlog,amsterdam,0,724,660,995,sawpanels,renault_premium_6x2_a,trailer.scs_dry_a,trailer_def.scs.box.single_3.dryvan,33,1,0
69261,_nameless.183.2aa9.ce80,ika_bohag,catania,exomar,olbia,0,459,720,778,used_packag,daf_xgp25_4x2_530,trailer.scs_curt,trailer_def.scs.box.single_3.curtain,33,1,0
69261,_nameless.183.2aa9.d020,ika_bohag,catania,cesta_sl,madrid,0,557,1557,1788,pot_flowers,volvo_fh2021_6x2_540,trailer.scs_ins,trailer_def.scs.box.single_3.insulated,33,1,0
69261,_nameless.183.2aa9.d1c0,ika_bohag,catania,trans_cab,algeciras,0,993,1557,1788,empty_palet,man_4x2_c,trailer.kasbhr_sbt,trailer_def.kassbohrer.sbt.single_3_13.dryvan,34,1,0
69261,_nameless.183.2aa9.ca70,euroacres,gdansk,fallow,cluj_napoca,0,1229,0,0,frsh_herbs,volvo_fh16_6x4_700,trailer.scs_ins,trailer_def.scs.box.single_3.insulated,33,1,0
69261,_nameless.183.2aa9.c590,euroacres,gdansk,transinet,frankfurt,2,980,0,0,barley,renault_magnum_6x4_a,trailer.scs_silo,trailer_def.scs.silo.single_3_10.silo,30,1,0
69261,_nameless.183.2aa9.c9a0,pp_chimica,roma,pp_chimica,olbia,1,397,840,879,phosphor,man_tgx_2020,trailer.scs_gosck220,trailer_def.scs.gooseneck.singl_3e_220.container,80,1,0
69261,_nameless.183.2aa9.cf50,pp_chimica,roma,euroacres,pecs,0,1317,0,0,pesticide,volvo_fh2021_4x2_420,trailer.krone.boxliner220,trailer_def.krone.boxliner.single_3_220.container,80,1,0
69261,_nameless.183.2aa9.be40,fcp,dusseldorf,polarislines,frederikshv,0,877,0,0,empty_barr,mercedes_actros_2014_6x2_a,trailer.scs_dry_m,trailer_def.scs.box.single_3.dryvan_m,33,1,0
69261,_nameless.183.2aa9.c3f0,fcp,dusseldorf,wgcc,gdansk,1,1046,0,0,car_f,volvo_fh2024_4x2_420,trailer.car_trans,trailer_def.car_f.car_trans,100,1,0
69261,_nameless.183.2aa9.d290,timberturtle,brasov,sanbuilders,debrecen,1,623,0,0,volvo_bucket,daf_xg_4x2_450,trailer.scs_lowbed41,trailer_def.scs.lowbed.single_41_ln.long,1,1,0
69261,_nameless.183.2aa9.c180,timberturtle,brasov,brawen,novi_sad,0,819,0,0,tractors,man_4x2_c,trailer.scs_lowbed_4,trailer_def.scs.lowbed.single_4_sh.short,1,1,0
69261,_nameless.183.2aa9.bd70,timberturtle,brasov,brawen,skopje,1,872,0,0,logs,daf_xf_euro6_6x4_c,trailer.scs_log,trailer_def.scs.log.single_3.steel,32,1,0
69261,_nameless.183.2aa9.cb40,ts_atlas,tarragona,eppa,porto,0,1038,0,0,clothes_c,renault_premium_4x2_c,trailer.krone.boxliner20,trailer_def.krone.boxliner.single_3.container,15,1,0
69261,_nameless.183.2aa9.cce0,ts_atlas,tarragona,transinet,rotterdam,0,1585,0,0,apples_c,scania_r_6x4_top_620,trailer.krone.boxliner40,trailer_def.krone.boxliner.single_3_40.container,30,1,0
69261,_nameless.183.2aa9.bf10,ts_atlas,tarragona,eurogoodies,plymouth,1,524,1076,1172,carrots_c,mercedes_4x2_c,trailer.scs_gosck220,trailer_def.scs.gooseneck.singl_3e_220.container,30,1,0
69261,_nameless.183.2aa9.cdb0,ts_atlas,tarragona,ts_atlas,gijon,0,762,0,0,acetylene,volvo_fh2012_4x2_420,trailer.krone.boxliner40,trailer_def.krone.boxliner.single_3_40.container,80,1,0
69261,_nameless.183.2aa9.c0b0,ts_atlas,tarragona,ts_atlas,valencia,0,389,0,0,salt_spice_c,scania_s2016_6x2_high_460,trailer.scs_gosck40,trailer_def.scs.gooseneck.singl_3e_40.container,30,1,0
69261,_nameless.183.2aa9.bfe0,ts_atlas,tarragona,cargotras,palermo,0,381,1440,1605,oil_filt_c,volvo_fh16_6x4_700,trailer.kasbhr_shg40,trailer_def.kassbohrer.shg.singl_3e_40.container,30,1,0
69261,_nameless.183.2aa9.c660,renar,mikkeli,blt,utena,1,853,150,430,oil_filters,daf_xg_4x2_450,trailer.kasbhr_sbt,trailer_def.kassbohrer.sbt.single_3_13.dryvan,34,1,0
69261,_nameless.183.2aa9.c730,renar,mikkeli,gnt,helsingborg,1,982,540,1170,canned_pork,"""double/renault_premium_4x2_a""",trailer.scs_ref_b2,trailer_def.scs.box.bdouble_3_3.reefer,52,1,0
69261,_nameless.183.2aa9.c250,renar,mikkeli,fjoste,skelleftea,0,688,0,0,graph_grease,"""double/volvo_fh2012_4x2_750""",trailer.scs_dry_2,trailer_def.scs.box.double_3_2.dryvan,52,1,0
69261,_nameless.183.2aa9.c320,renar,mikkeli,norse_rail,ostersund,2,655,300,680,post_packag,renault_premium_6x2_a,trailer.scs_dry_ms,trailer_def.scs.box.single_3.dryvan_m,33,1,0
69261,_nameless.183.2aa9.c800,subse,skopje,vesna_mill,novi_sad,0,618,0,0,beef_meat,renault_premium_4x2_a,trailer.scs_ref,trailer_def.scs.box.single_3.reefer,33,1,0
69261,_nameless.183.2aa9.c8d0,subse,skopje,kaarfor,iasi,1,967,0,0,icecream,scania_r2016_4x2_norm_370,trailer.coolliner17,trailer_def.krone.coolliner.single_3.reefer,33,1,0
69261,_nameless.183.2aa9.71e0,polarislines,gedser,transinet,kassel,0,515,105,404,sheep_wool,"""double/volvo_fh2024_4x2_780""",trailer.scs_curt_2,trailer_def.scs.box.double_3_2.curtain,47,1,0
69261,_nameless.183.2aa9.6410,polarislines,gedser,euroacres,wroclaw,1,653,105,404,desinfection,scania_s2016_6x2_high_460,trailer.dryliner17,trailer_def.krone.dryliner.single_3.dryvan,33,1,0
69261,_nameless.183.2aa9.7380,polarislines,gedser,te_logistica,firenze,0,1385,105,404,cut_flowers,volvo_fh2012_4x2_420,trailer.scs_ref_a,trailer_def.scs.box.single_3.reefer,33,1,0
69261,_nameless.183.2aa9.83c0,cargotras,livorno,kaarfor,strasbourg,0,782,0,0,pot_flowers,renault_t_6x2,trailer.scs_ins_a,trailer_def.scs.box.single_3.insulated,33,1,0
69261,_nameless.183.2aa9.8700,cargotras,livorno,stokes,tirana,0,757,540,420,yogurt,renault_t_6x2,trailer.scs_ref_a,trailer_def.scs.box.single_3.reefer,33,1,0
69261,_nameless.183.2aa9.5570,cargotras,livorno,vesna,bihac,0,966,0,0,gnocchi,daf_xf_euro6_4x2_c,trailer.scs_ins_a,trailer_def.scs.box.single_3.insulated,33,1,0
69261,_nameless.183.2aa9.57e0,cargotras,livorno,lkwlog,lublin,1,1565,0,0,rooflights,renault_t_4x2,trailer.profiliner17,trailer_def.krone.profiliner.single_3.curtain,33,1,0
69261,_nameless.183.2aa9.5d90,cargotras,livorno,aci,cagliari,1,591,840,879,air_mails,scania_streamline_6x4_top_480,trailer.scs_dry_s,trailer_def.scs.box.single_3.dryvan,33,1,0
69261,_nameless.183.2aa9.6ea0,cargotras,livorno,dans_jardin,bordeaux,0,1317,0,0,kr_bigp1290,scania_s2016_4x2_high_590,trailer.kasbhr_slle,trailer_def.kassbohrer.sll.single_3_ln.low,1,1,0
69261,_nameless.183.2aa9.7040,euroacres,osnabruck,stokes,zurich,0,739,0,0,carrots,mercedes_actros_2014_4x2_b,trailer.scs_curt_a,trailer_def.scs.box.single_3.curtain,33,1,0
69261,_nameless.183.2aa9.64e0,euroacres,osnabruck,suprema_ru,kaliningrad,0,1035,0,0,nuts,volvo_fh2012_4x2_420,trailer.dryliner17,trailer_def.krone.dryliner.single_3.dryvan,33,1,0
69261,_nameless.183.2aa9.6dd0,vitas_pwr,taranto,stokes,wien,0,1355,0,0,windml_tube,daf_xd,trailer.scs_lowlow4e,trailer_def.scs.lowloader.single_4_ln.long,1,1,0
69261,_nameless.183.2aa9.6a90,vitas_pwr,taranto,ocean_sol,ruse,0,1014,570,745,empty_spool,volvo_fh16_6x4_700,trailer.scs_lowbed_3,trailer_def.scs.lowbed.single_3.short,3,1,0
69261,_nameless.183.2aa9.6340,vitas_pwr,taranto,huilant,ajaccio,2,544,1050,1234,empty_palet,mercedes_actros_2014_4x2_b,trailer.scs_curt_a,trailer_def.scs.box.single_3.curtain,33,1,0
69261,_nameless.183.2aa9.7860,trans_cab,madrid,wilnet_trans,lemans,2,1271,0,0,perfor_frks,renault_premium_6x4_a,trailer.scs_dry_s,trailer_def.scs.box.single_3.dryvan,33,1,0
69261,_nameless.183.2aa9.8150,trans_cab,madrid,lisette_log,paris,0,1339,0,0,mobile_crane,"""heavy/volvo_fh2024_6x4_600""",trailer.kasbhr_slle,trailer_def.kassbohrer.sll.single_3_ln.low,1,1,0
69261,_nameless.183.2aa9.6750,trans_cab,madrid,cargotras,olbia,1,738,720,827,tractor,renault_premium_4x2_a,trailer.kasbhr_sla,trailer_def.kassbohrer.sla.single_3_sh.lowbed,1,1,0
69261,_nameless.183.2aa9.69c0,engeron,granada,cnp,a_coruna,1,1026,0,0,empty_palet,scania_streamline_6x4_top_480,trailer.profiliner17,trailer_def.krone.profiliner.single_3.curtain,33,1,0
69261,_nameless.183.2aa9.6c30,engeron,granada,batisse_road,bordeaux,0,1177,0,0,mobile_crane,"""heavy/man_tgx_2020_8x4""",trailer.scs_lowbed41,trailer_def.scs.lowbed.single_41_ln.long,1,1,0
69261,_nameless.183.2aa9.7520,engeron,granada,log_atlan,bilbao,0,820,0,0,used_packag,mercedes_4x2_a,trailer.scs_curt,trailer_def.scs.box.single_3.curtain,33,1,0
69261,_nameless.183.2aa9.8220,sanbuilders,newcastle,sal_fi,helsinki,2,1472,1680,2484,asph_miller,"""heavy/renault_t_6x4""",trailer.scs_lowbed41,trailer_def.scs.lowbed.single_41_ln.long,1,1,0
69261,_nameless.183.2aa9.72b0,sanbuilders,newcastle,norrsken,hamar,0,1276,1140,1314,jcb_pw125qe,scania_r2016_6x4_high_660,trailer.scs_flat_b,trailer_def.scs.flatbed.single_3.flatbed_w,24,1,0
69261,_nameless.183.2aa9.8630,sanbuilders,newcastle,nord_sten,vaxjo,0,801,1140,1314,volvo_bucket,renault_premium_6x2_a,trailer.scs_lowlowd4,trailer_def.scs.lowloader.single_4_sh.short,1,1,0
69261,_nameless.183.2aa9.6b60,kaarfor,nice,cargotras,pescara,2,903,0,0,used_packag,man_tgx_euro6_6x4_xlx,trailer.profiliner17,trailer_def.krone.profiliner.single_3.curtain,33,1,0
69261,_nameless.183.2aa9.65b0,kaarfor,nice,posped,bratislava,0,1248,0,0,empty_palet,mercedes_6x2_b,trailer.scs_dry_a,trailer_def.scs.box.single_3.dryvan,33,1,0
69261,_nameless.183.2aa9.75f0,kaarfor,nice,transinet,debrecen,0,1519,0,0,used_plast,scania_r2016_6x2_high_460,trailer.scs_curt_s,trailer_def.scs.box.single_3.curtain,33,1,0
69261,_nameless.183.2aa9.5980,eumefa,larissa,betunia,tuzla,2,987,0,0,elect_wiring,volvo_fh2012_4x2_750,trailer.scs_dry_s,trailer_def.scs.box.single_3.dryvan,33,1,0
69261,_nameless.183.2aa9.5e60,eumefa,larissa,transinet,ostrava,0,1576,0,0,battery,daf_xf_euro6_6x2_a,trailer.kasbhr_shg20,trailer_def.kassbohrer.shg.singl_3e_20.container,15,1,0
69261,_nameless.183.2aa9.6d00,ai,bremen,posped,linz,0,916,0,0,press_sl_val,volvo_fh2012_4x2_750,trailer.profiliner17,trailer_def.krone.profiliner.single_3.curtain,33,1,0
69261,_nameless.183.2aa9.5a50,ai,bremen,fcp,hannover,1,201,0,0,fueltanker,man_tgx_2020_4x2,trailer.scs_gosck220,trailer_def.scs.gooseneck.singl_3e_220.container,80,1,0
69261,_nameless.183.2aa9.6680,ai,bremen,bcp,munchen,0,767,0,0,perfor_frks,"""double/daf_xgp_4x2_530""",trailer.profiline17d,trailer_def.krone.profiliner.double_3_2.curtain,36,1,0
69261,_nameless.183.2aa9.76c0,eurogoodies,prague,lkwlog,venezia,0,864,0,0,smokd_eel,daf_xf_euro6_4x2_a,trailer.scs_ref,trailer_def.scs.box.single_3.reefer,33,1,0
69261,_nameless.183.2aa9.7930,eurogoodies,prague,kaarfor,hunedoara,2,995,0,0,sausages,renault_magnum_6x4_a,trailer.scs_ref_s,trailer_def.scs.box.single_3.reefer,33,1,0
69261,_nameless.183.2aa9.6820,cont_port,bremen,balkan_loco,maribor,1,1210,0,0,phosphor,daf_4x2_b,trailer.krone.boxliner20,trailer_def.krone.boxliner.single_3.container,40,1,0
69261,_nameless.183.2aa9.7790,cont_port,bremen,trameri,brno,2,946,0,0,sulfuric,iveco_6x2_a,trailer.krone.boxliner40,trailer_def.krone.boxliner.single_3_40.container,80,1,0
69261,_nameless.183.2aa9.7ee0,cont_port,bremen,nosko,vilnius,0,1364,0,0,apples_c,renault_premium_6x2_a,trailer.kasbhr_shg40,trailer_def.kassbohrer.shg.singl_3e_40.container,30,1,0
69261,_nameless.183.2aa9.5f30,agronord,karlstad,euroacres,bialystok,1,862,510,1110,forage_harv,daf_xf_4x2_370,trailer.kasbhr_slle,trailer_def.kassbohrer.sll.single_3_ln.low,1,1,0
69261,_nameless.183.2aa9.7a00,agronord,karlstad,polar_fish,kuusamo,0,1166,0,0,carrots_c,volvo_fh16_6x4_700,trailer.scs_gosck40,trailer_def.scs.gooseneck.singl_3e_40.container,30,1,0
69261,_nameless.183.2aa9.8490,agronord,karlstad,rt_log,rostock,0,797,105,404,tractor_c,"""heavy/volvo_fh2012_8x4_700""",trailer.kasbhr_slle,trailer_def.kassbohrer.sll.single_3_ln.low,1,1,0
69261,_nameless.183.2aa9.8560,trameri,lyon,log_atlan,albacete,2,1209,0,0,plast_pipes,renault_magnum_6x4_a,trailer.scs_flat_b,trailer_def.scs.flatbed.single_3.flatbed_w,4,1,0
69261,_nameless.183.2aa9.7ad0,trameri,lyon,freyr,aalborg,1,1553,0,0,emptytank,daf_xf_euro6_6x2_a,trailer.scs_flat_b,trailer_def.scs.flatbed.single_3.flatbed_w,1,1,0
69261,_nameless.183.2aa9.68f0,trameri,lyon,stokes,zurich,2,382,0,0,empty_palet,scania_s2016_6x4_high_730,trailer.kasbhr_shg45,trailer_def.kassbohrer.scs.single_3_13.curtain,34,1,0
69261,_nameless.183.2aa9.5bf0,trameri,lyon,cargotras,sassari,0,668,720,827,rooflights,scania_streamline_6x4_top_480,trailer.kasbhr_shg45,trailer_def.kassbohrer.scs.single_3_13.curtain,34,1,0
69261,_nameless.183.2aa9.7c70,kaarfor,kiel,stokes,tuzla,1,1584,0,0,used_packag,scania_r_4x2_top_480,trailer.scs_dry,trailer_def.scs.box.single_3.dryvan,33,1,0
69261,_nameless.183.2aa9.88a0,kaarfor,kiel,ns_oil,kobenhavn,2,434,0,0,empty_palet,man_6x4_b,trailer.scs_curt,trailer_def.scs.box.single_3.curtain,33,1,0
69261,_nameless.183.2aa9.7d40,betunia,zadar,rt_log,graz,0,568,0,0,metal_pipes,iveco_sway_4x2_500,trailer.scs_flat_b,trailer_def.scs.flatbed.single_3.flatbed_w,2,1,0
69261,_nameless.183.2aa9.7e10,betunia,zadar,rt_log,linz,0,741,0,0,wooden_beams,volvo_fh2012_4x2_750,trailer.profilinehd,trailer_def.krone.profilinerhd.single_3.flatbed,2,1,0
69261,_nameless.183.2aa9.7fb0,betunia,zadar,transinet,munchen,1,840,0,0,gravel,iveco_sway_4x2_500,trailer.scs_dumper,trailer_def.scs.dumper.single_3.steel,13,1,0
69261,_nameless.183.2aa9.5640,betunia,zadar,exomar,taranto,1,734,600,315,largetubes,daf_6x2_a,trailer.scs_log,trailer_def.scs.log.single_3.steel,6,1,0
69261,_nameless.183.2aa9.8080,kathode,klagenfurt,libellula,ancona,0,634,0,0,hvac,scania_r2016_6x2_high_460,trailer.scs_lowbed41,trailer_def.scs.lowbed.single_41_ln.long,5,1,0
69261,_nameless.183.2aa9.61a0,kathode,klagenfurt,stokes,poznan,2,804,0,0,used_battery,daf_xf_4x2_370,trailer.kasbhr_sbt,trailer_def.kassbohrer.sbt.single_3_13.dryvan,34,1,0
69261,_nameless.183.2aa9.82f0,kathode,klagenfurt,cargotras,livorno,2,693,0,0,electronics,scania_streamline_4x2_norm_380,trailer.scs_dry_a,trailer_def.scs.box.single_3.dryvan,33,1,0
69261,_nameless.183.2aa9.5710,kathode,klagenfurt,globeur,rennes,2,1590,0,0,truck_batt,scania_r_4x2_top_480,trailer.kasbhr_scs,trailer_def.kassbohrer.scs.single_3_13.curtain,34,1,0
69261,_nameless.183.2aa9.5b20,kathode,klagenfurt,scania_dlr,milano,0,624,0,0,truck_batt_c,mercedes_actros_2014_6x2_a,trailer.scs_gosck220,trailer_def.scs.gooseneck.singl_3e_220.container,30,1,0
69261,_nameless.183.2aa9.6000,dunavia,beograd,rt_log,salzburg,0,881,0,0,air_mails,mercedes_4x2,trailer.dryliner17,trailer_def.krone.dryliner.single_3.dryvan,33,1,0
69261,_nameless.183.2aa9.60d0,dunavia,beograd,christopoulo,kalamata,2,1455,0,0,floorpanels,daf_xd25,trailer.panel_trans.floor,trailer_def.floorpanels.panel_trans.floor,82,1,0
69261,_nameless.183.2aa9.6270,dunavia,beograd,transinet,kassel,0,1330,0,0,car_f,mercedes_4x2_c,trailer.car_trans,trailer_def.car_f.car_trans,100,1,0
69261,_nameless.17f.7416.fc40,dunavia,beograd,balkan_loco,maribor,2,556,0,0,iron_pipes,scania_r_4x2_top_480,trailer.scs_log,trailer_def.scs.log.single_3.steel,28,1,0
69261,_nameless.17f.7416.feb0,quarry,mannheim,trameri,krakow,1,922,0,0,empty_spool,scania_r_4x2_top_480,trailer.profilinehd,trailer_def.krone.profilinerhd.single_3.flatbed,4,1,0
69261,_nameless.17f.7417.0530,quarry,mannheim,posped,linz,0,540,0,0,mob_crusher,"""heavy/daf_xd""",trailer.kasbhr_sll,trailer_def.kassbohrer.sll.single_3_sh.low,1,1,0
69261,_nameless.17f.7416.f350,dans_jardin,lemans,trans_cab,santander,1,821,0,0,lavender,iveco_sway_4x2_500,trailer.scs_dry_a,trailer_def.scs.box.single_3.dryvan,33,1,0
69261,_nameless.17f.7416.f420,dans_jardin,lemans,fle,dusseldorf,1,960,0,0,tomatoes,daf_xd_1,trailer.scs_ref_s,trailer_def.scs.box.single_3.reefer,33,1,0
69261,_nameless.17f.7417.0fc0,dans_jardin,lemans,wilnet_trans,lemans,2,301,0,0,ffb_kip60,iveco_sway_4x2_460,trailer.ffb_kip60,trailer_def.ffb_kip60.ffb_kip60,100,1,0
69261,_nameless.17f.7417.1a50,dans_jardin,lemans,rt_log,innsbruck,2,1232,0,0,cont_trees,man_tgx_2020,trailer.scs_ref_a,trailer_def.scs.box.single_3.reefer,33,1,0
69261,_nameless.17f.7417.1b20,dans_jardin,lemans,tradeaux,lyon,1,607,0,0,oranges,mercedes_4x2_c,trailer.scs_ref_a,trailer_def.scs.box.single_3.reefer,33,1,0
69261,_nameless.17f.7416.f0e0,skog_paper,sundsvall,renar,steinkjer,0,473,0,0,used_packag,renault_magnum_4x2_a,trailer.scs_curt_a,trailer_def.scs.box.single_3.curtain,33,1,0
69261,_nameless.17f.7416.f830,skog_paper,sundsvall,polar_fish,alesund,0,780,65,82,empty_palet,daf_xf_euro6_6x2_a,trailer.scs_dry_a,trailer_def.scs.box.single_3.dryvan,33,1,0
69261,_nameless.17f.7417.14a0,skog_paper,sundsvall,lkwlog,kosice,0,1479,510,1110,emptytank,mercedes_4x2,trailer.profilinehd,trailer_def.krone.profilinerhd.single_3.flatbed,1,1,0
69261,_nameless.17f.7417.13d0,skog_paper,sundsvall,blt_yacht,tallinn,1,448,570,1270,empty_spool,scania_r2016_4x2_norm_370,trailer.scs_lowbed_3,trailer_def.scs.lowbed.single_3.short,3,1,0
69261,_nameless.17f.7416.eda0,skog_paper,sundsvall,gnt,daugavpils,2,795,510,1110,paper,iveco_6x2_a,trailer.scs_dry_ms,trailer_def.scs.box.single_3.dryvan_m,33,1,0
69261,_nameless.17f.7416.f9d0,marina,riga,tradeaux,pecs,0,1528,0,0,yacht,scania_streamline_4x2_norm_380,trailer.scs_lowbed41,trailer_def.scs.lowbed.single_41_ln.long,1,1,0
69261,_nameless.17f.7417.07a0,kivi,tartu,domdepo_ru,luga,1,380,0,0,stone_dust,scania_streamline_4x2_norm_380,trailer.ffb_kip60,trailer_def.feldbinder.kip.single_3_60.silo_60_3p,13,1,0
69261,_nameless.17f.7417.0390,kivi,tartu,stokes,warszawa,1,961,0,0,jcb_th540180,scania_streamline_4x2_norm_380,trailer.scs_lowbed41,trailer_def.scs.lowbed.single_41_ln.long,1,1,0
69261,_nameless.17f.7416.faa0,chimi,montpellier,rt_log,madrid,0,1034,0,0,potahydro,renault_premium_6x2_a,trailer.ffb_tsaadr22,trailer_def.feldbinder.tsaadr.single_3_22a.22_3_1,73,1,0
69261,_nameless.17f.7416.fb70,chimi,montpellier,cont_port_it,bari,0,1435,0,0,acetylene,man_tgx_euro6_4x2_xxl,trailer.scs_gosck20,trailer_def.scs.gooseneck.singl_3e_20.container,40,1,0
69261,_nameless.17f.7417.0e20,ika_bohag,sofia,cargotras,milano,0,1537,0,0,used_packag,daf_xf_euro6_4x2_a,trailer.scs_curt,trailer_def.scs.box.single_3.curtain,33,1,0
69261,_nameless.17f.7417.1570,ika_bohag,sofia,kaarfor,verona,0,1382,0,0,pot_flowers,scania_streamline_4x2_top_560,trailer.scs_ref_s,trailer_def.scs.box.single_3.reefer,33,1,0
69261,_nameless.17f.7417.1bf0,ika_bohag,sofia,cnp_str,vlore,0,653,0,0,empty_palet,iveco_4x2_c,trailer.scs_dry_s,trailer_def.scs.box.single_3.dryvan,33,1,0
69261,_nameless.17f.7416.ff80,gomme_monde,clermont,wgcc,strasbourg,1,665,0,0,ter_forklift,iveco_h_4x2_a,trailer.profilinehd,trailer_def.krone.profilinerhd.single_3.flatbed,2,1,0
69261,_nameless.17f.7417.1710,gomme_monde,clermont,kaarfor,kiel,0,1440,0,0,tyres,volvo_fh2012_4x2_750,trailer.kasbhr_sbt,trailer_def.kassbohrer.sbt.single_3_13.dryvan,34,1,0
69261,_nameless.17f.7417.0870,gomme_monde,clermont,tradeaux,prague,1,1232,0,0,forklifts,man_tgx_euro6_6x4_xlx,trailer.scs_lowbed41,trailer_def.scs.lowbed.single_41_ln.long,4,1,0
69261,_nameless.17f.7417.0050,cargotras,olbia,rt_log,geneve,1,894,720,827,jcb_bhl4cx,daf_xd_2,trailer.kasbhr_sll,trailer_def.kassbohrer.sll.single_3_sh.low,1,1,0
69261,_nameless.17f.7417.0940,cargotras,olbia,rt_log,sevilla,2,1105,720,827,canned_tuna,mercedes_6x4_a,trailer.coolliner17,trailer_def.krone.coolliner.single_3.reefer,33,1,0
69261,_nameless.17f.7417.0ae0,cargotras,olbia,ttk_bg,sofia,0,1192,1410,1624,tableware,daf_xg_4x2_450,trailer.scs_curt_a,trailer_def.scs.box.single_3.curtain,33,1,0
69261,_nameless.17f.7416.f1b0,cargotras,olbia,app,faro,0,1378,720,827,hvac,iveco_h_4x2_a,trailer.kasbhr_sla,trailer_def.kassbohrer.sla.single_3_sh.lowbed,3,1,0
69261,_nameless.17f.7416.ecd0,cargotras,olbia,fallow,zagreb,2,1550,840,879,nylon_cord,renault_t_4x2,trailer.kasbhr_shg45,trailer_def.kassbohrer.scs.single_3_13.curtain,32,1,0
69261,_nameless.17f.7417.0120,baltomorsk,ventspils,posped,lublin,1,776,0,0,empty_spool,daf_xg_4x2_450,trailer.scs_lowbed_3,trailer_def.scs.lowbed.single_3.short,3,1,0
69261,_nameless.17f.7417.01f0,baltomorsk,ventspils,byggpro,vaasa,0,949,150,430,wshavings,scania_streamline_4x2_norm_380,trailer.ffb_eut35,trailer_def.feldbinder.eut.single_3_35.silo_35_3p,35,1,0
69261,_nameless.17f.7416.f010,baltomorsk,ventspils,gnt,jonkoping,1,310,510,1110,logs,daf_xf_euro6_4x2_b,trailer.scs_log,trailer_def.scs.log.single_3.steel,32,1,0
69261,_nameless.17f.7417.02c0,comoto,madrid,bhv,faro,0,761,0,0,car_f,man_6x4_b,trailer.car_trans,trailer_def.car_f.car_trans,100,1,0
69261,_nameless.17f.7417.1090,comoto,madrid,rt_log,zurich,2,1563,0,0,car_gr,scania_r2016_6x2_high_460,trailer.car_trans,trailer_def.car_gr.car_trans,100,1,0
69261,_nameless.17f.7417.0460,comoto,madrid,bhv,limoges,1,902,0,0,volvo_cars,daf_xf_4x2_370,trailer.car_trans,trailer_def.volvo_cars.car_trans,100,1,0
69261,_nameless.17f.7417.1160,comoto,madrid,lisette_log,lemans,2,1223,0,0,vans_vt,scania_r2016_4x2_norm_370,trailer.truck_trans,trailer_def.vans_vt.truck_trans,100,1,0
69261,_nameless.17f.7417.0600,quarry,strasbourg,iberatomica,vandellos,0,1227,0,0,jcb_dmphtd5e,scania_r_6x2_high_500,trailer.profilinehd,trailer_def.krone.profilinerhd.single_3.flatbed,7,1,0
69261,_nameless.17f.7416.ef40,quarry,strasbourg,steinbr_str,magdeburg,2,826,0,0,gravel,volvo_fh16_6x4_700,trailer.scs_dumper,trailer_def.scs.dumper.single_3.steel,13,1,0
69261,_nameless.17f.7417.1230,quarry,strasbourg,lkwlog,brno,2,941,0,0,driller,volvo_fh2021_4x2_420,trailer.scs_lowbed41,trailer_def.scs.lowbed.single_41_ln.long,1,1,0
69261,_nameless.17f.7417.0c80,ika_bohag,bordeaux,posped,strasbourg,1,1085,0,0,used_packag,man_4x2_c,trailer.scs_dry,trailer_def.scs.box.single_3.dryvan,33,1,0
69261,_nameless.17f.7417.0d50,ika_bohag,bordeaux,tradeaux,clermont,0,449,0,0,pot_flowers,renault_premium_6x4_a,trailer.scs_ref_a,trailer_def.scs.box.single_3.reefer,33,1,0
69261,_nameless.17f.7417.1300,ika_bohag,bordeaux,exomar,roma,0,1566,0,0,empty_palet,daf_4x2_b,trailer.scs_curt,trailer_def.scs.box.single_3.curtain,33,1,0
69261,_nameless.17f.7417.1cc0,renar,parnu,ibp,helsinki,1,309,150,430,dozer,"""heavy/man_tgx_2020_8x4""",trailer.scs_lowlowd4,trailer_def.scs.lowloader.single_4_sh.short,1,1,0
69261,_nameless.17f.7417.17e0,renar,parnu,sanbuilders,brno,0,1307,0,0,volvo_bucket,volvo_fh2012_4x2_750,trailer.scs_lowbed_3,trailer_def.scs.lowbed.single_3.short,1,1,0
69261,_nameless.17f.7416.eb30,vitas_pwr_co,burgos,globeur,lehavre,0,1330,0,0,mob_stacker,"""heavy/scania_r_6x4_top_730""",trailer.scs_lowlow4e,trailer_def.scs.lowloader.single_4_ln.long,1,1,0
69261,_nameless.17f.7417.18b0,tdc_auto,port_sagunt,bhv,faro,0,923,0,0,car_f,daf_xg_4x2_450,trailer.car_trans,trailer_def.car_f.car_trans,100,1,0
69261,_nameless.17f.7417.1980,tdc_auto,port_sagunt,bhv,montpellier,1,697,0,0,car_balt1,man_tgx_euro6_4x2_xxl,trailer.car_trans,trailer_def.car_balt1.car_trans,100,1,0
69261,_nameless.17f.7416.ee70,tdc_auto,port_sagunt,rt_log,a_coruna,0,974,0,0,car_gr,volvo_fh2012_4x2_420,trailer.car_trans,trailer_def.car_gr.car_trans,100,1,0
69261,_nameless.17f.7416.f280,tdc_auto,port_sagunt,bhv,montpellier,2,697,0,0,car_it,volvo_fh2012_4x2_750,trailer.car_trans,trailer_def.car_it.car_trans,100,1,0
69261,_nameless.17f.7416.f690,transinet,frankfurt,rt_log,travemunde,2,518,0,0,diesel,volvo_fh16_4x2_420,trailer.willig.fuel_cistern,trailer_def.scs.fueltank.single_3.fueltank,28,1,0
69261,_nameless.17f.7416.f760,transinet,frankfurt,gnt,bastia,1,1126,840,1193,train_part2,volvo_fh2021_4x2_420,trailer.scs_flat_b,trailer_def.scs.flatbed.single_3.flatbed_w,3,1,0
69261,_nameless.17f.7417.2d00,transinet,frankfurt,tradeaux,paris,1,600,0,0,skidder,"""heavy/daf_xgp_4x2_530""",trailer.kasbhr_slle,trailer_def.kassbohrer.sll.single_3_ln.low,1,1,0
69261,_nameless.17f.7417.3e10,ika_bohag,helsinki,lkwlog,kosice,1,1392,150,430,used_packag,scania_s2016_6x4_high_730,trailer.scs_curt_s,trailer_def.scs.box.single_3.curtain,33,1,0
69261,_nameless.17f.7417.4700,ika_bohag,helsinki,norrsken,aalborg,0,906,735,1847,empty_palet,mercedes_4x2,trailer.scs_dry_a,trailer_def.scs.box.single_3.dryvan,33,1,0
69261,_nameless.17f.7417.2a90,ika_bohag,aarhus,cesare_smar,milano,0,1480,0,0,pot_flowers,iveco_sway_4x2_580,trailer.scs_ins,trailer_def.scs.box.single_3.insulated,33,1,0
69261,_nameless.17f.7417.32b0,ika_bohag,aarhus,stokes,erfurt,0,685,0,0,empty_palet,renault_t_6x2,trailer.profiliner17,trailer_def.krone.profiliner.single_3.curtain,33,1,0
69261,_nameless.17f.7417.2270,ika_bohag,aarhus,renar,steinkjer,0,1188,195,677,used_packag,mercedes_4x2_b,trailer.profiliner17,trailer_def.krone.profiliner.single_3.curtain,33,1,0
69261,_nameless.17f.7417.2c30,fcp,olsztyn,balkan_loco,maribor,1,1072,0,0,contamin,scania_s2016_6x2_high_460,trailer.kasbhr_shg20,trailer_def.kassbohrer.shg.singl_3e_20.container,40,1,0
69261,_nameless.17f.7417.1e60,lintukainen,kouvola,byggpro,skelleftea,0,797,0,0,lumber,iveco_sway_4x2_580,trailer.scs_flat_b,trailer_def.scs.flatbed.single_3.flatbed_w,3,1,0
69261,_nameless.17f.7417.1f30,lintukainen,kouvola,agrominta,utena,1,840,150,430,tractor,mercedes_4x2_b,trailer.kasbhr_slle,trailer_def.kassbohrer.sll.single_3_ln.low,1,1,0
69261,_nameless.17f.7417.3ee0,lintukainen,kouvola,onnelik_a,tartu,0,397,150,430,wooden_beams,mercedes_4x2,trailer.scs_log,trailer_def.scs.log.single_3.steel,2,1,0
69261,_nameless.17f.7417.4d80,steinbr_str,graz,quarry,strasbourg,0,911,0,0,mob_screener,"""heavy/volvo_fh2024_6x4_600""",trailer.kasbhr_slle,trailer_def.kassbohrer.sll.single_3_ln.low,1,1,0
69261,_nameless.17f.7417.31e0,steinbr_str,graz,rt_log,travemunde,0,1114,0,0,jcb_dmp6t2,"""heavy/volvo_fh2024_6x4_600""",trailer.scs_lowbed_4,trailer_def.scs.lowbed.single_4_sh.short,1,1,0
69261,_nameless.17f.7417.2dd0,steinbr_str,graz,drekkar,vaxjo,0,1447,105,404,volvo_bucket,mercedes_6x2_b,trailer.scs_lowbed_3,trailer_def.scs.lowbed.single_3.short,1,1,0
69261,_nameless.17f.7417.4080,rosmark,liepaja,bhv,kajaani,0,1060,150,430,brake_pads,daf_xf_euro6_6x4_c,trailer.dryliner17,trailer_def.krone.dryliner.single_3.dryvan,33,1,0
69261,_nameless.17f.7417.3ba0,rosmark,liepaja,nch_ru,petersburg,1,711,0,0,nonalco_beer,scania_r_6x2_high_500,trailer.scs_curt_a,trailer_def.scs.box.single_3.curtain,33,1,0
69261,_nameless.17f.7417.35f0,rosmark,liepaja,renar,tampere,2,778,150,430,apples_c,iveco_4x2_c,trailer.krone.boxliner20,trailer_def.krone.boxliner.single_3.container,15,1,0
69261,_nameless.17f.7417.2ea0,rosmark,liepaja,fle,bodo,1,1185,510,1110,tomatoes,iveco_sway_4x2_500,trailer.scs_ins_s,trailer_def.scs.box.single_3.insulated,33,1,0
69261,_nameless.17f.7417.4630,rosmark,liepaja,norr_food,linkoping,0,302,510,1110,clothes,volvo_fh16_4x2_540,trailer.kasbhr_shg45,trailer_def.kassbohrer.scs.single_3_13.curtain,34,1,0
69261,_nameless.17f.7417.3040,cgla,calarasi,brawen,skopje,0,687,0,0,tableware,volvo_fh2012_6x2_500,trailer.scs_dry_s,trailer_def.scs.box.single_3.dryvan,33,1,0
69261,_nameless.17f.7417.3a00,cgla,calarasi,cargotras,sassari,0,1558,1410,1624,glass_packed,volvo_fh16_6x4_700,trailer.gls_trailer,trailer_def.glass_packed.gls_trailer,100,1,0
69261,_nameless.17f.7417.2000,cgla,calarasi,brawen,ljubljana,2,1227,0,0,emp_wine_bot,volvo_fh16_4x2_540,trailer.scs_curt_a,trailer_def.scs.box.single_3.curtain,33,1,0
69261,_nameless.17f.7417.4f20,cnp,huelva,rt_log,a_coruna,1,1042,0,0,ethane,iveco_4x2_a,trailer.scs_gastank,trailer_def.scs.gastank.single_3.gastank,40,1,0
69261,_nameless.17f.7417.3380,cnp,huelva,ns_chem,setubal,2,364,0,0,fuel_oil,renault_premium_4x2_a,trailer.scs_fueltank,trailer_def.scs.fueltank.single_3.fueltank,30,1,0
69261,_nameless.17f.7417.43c0,cnp,huelva,cargotras,olbia,0,1270,720,827,boric_acid,scania_streamline_6x2_norm_440,trailer.profiliner17,trailer_def.krone.profiliner.single_3.curtain,33,1,0
69261,_nameless.17f.7417.47d0,cnp,huelva,huerta,albacete,0,640,0,0,diesel,man_tgx_euro6_4x2_xxl,trailer.scs_fueltank,trailer_def.scs.fueltank.single_3.fueltank,30,1,0
69261,_nameless.17f.7417.3930,blt,utena,posped,lublin,2,609,0,0,flour,man_4x2_a,trailer.kasbhr_shg45,trailer_def.kassbohrer.scs.single_3_13.curtain,34,1,0
69261,_nameless.17f.7417.4e50,blt,utena,tradeaux,krakow,2,798,0,0,onion,renault_magnum_6x2_a,trailer.dryliner17,trailer_def.krone.dryliner.single_3.dryvan,33,1,0
69261,_nameless.17f.7417.4150,blt,utena,nofeba,kuopio,0,987,150,430,cement,scania_r2016_6x2_high_460,trailer.scs_silo,trailer_def.scs.silo.single_3_10.silo,15,1,0
69261,_nameless.17f.7417.4970,blt,utena,blt,kunda,1,631,0,0,wallpanels,renault_t_4x2h,trailer.panel_trans.wall,trailer_def.wallpanels.panel_trans.wall,85,1,0
69261,_nameless.17f.7417.4cb0,trameri,liverpool,norrsken,aalborg,0,483,1140,1314,used_plast,man_tgx_2020_4x2,trailer.scs_dry_m,trailer_def.scs.box.single_3.dryvan_m,33,1,0
69261,_nameless.17f.7417.3c70,trameri,liverpool,trameri,plymouth,0,477,0,0,ter_forklift,scania_s2016_6x4_high_730,trailer.profilinehd,trailer_def.krone.profilinerhd.single_3.flatbed,2,1,0
69261,_nameless.17f.7417.50c0,sellplan,newcastle,polarislines,naantali,2,1278,1680,2484,empty_palet,volvo_fh2012_6x2_500,trailer.scs_curt_s,trailer_def.scs.box.single_3.curtain,33,1,0
69261,_nameless.17f.7417.29c0,sellplan,newcastle,wilnet_trans,limoges,1,1319,35,300,used_packag,volvo_fh2012_4x2_420,trailer.scs_dry_m,trailer_def.scs.box.single_3.dryvan_m,33,1,0
69261,_nameless.17f.7417.3110,sellplan,newcastle,renor,kobenhavn,1,521,1140,1314,used_plast_c,daf_xd,trailer.krone.boxliner220,trailer_def.krone.boxliner.single_3_220.container,30,1,0
69261,_nameless.17f.7417.2410,eurogoodies,lille,rt_log,zurich,0,668,0,0,wheat,mercedes_actros_2014_6x4_b,trailer.ffb_kip60,trailer_def.feldbinder.kip.single_3_60.silo_60_3p,36,1,0
69261,_nameless.17f.7417.4ff0,sanbuild_hms,rovaniemi,freyr,lillehammer,0,1120,0,0,kr_gx520,mercedes_actros_2014_4x2_c,trailer.scs_lowlow4e,trailer_def.scs.lowloader.single_4_ln.long,1,1,0
69261,_nameless.17f.7417.48a0,polar_fish,alta,sal_fi,kuopio,1,1165,0,0,food_oil_t,man_tgx_euro6_4x2_xxl,trailer.ffb_tsalm32,trailer_def.feldbinder.tsalm.single_3_32.32_3_2,30,1,0
69261,_nameless.17f.7417.20d0,polar_fish,alta,renar,kokkola,0,983,0,0,forklifts,mercedes_actros_2014_4x2_a,trailer.kasbhr_sla,trailer_def.kassbohrer.sla.single_3_sh.lowbed,3,1,0
69261,_nameless.17f.7417.3790,polar_fish,alta,polarislines,tallinn,0,1481,150,430,used_packag,mercedes_4x2_a,trailer.scs_dry,trailer_def.scs.box.single_3.dryvan,33,1,0
69261,_nameless.17f.7417.3860,polarislines,kiel,blt,utena,0,1401,0,0,guard_rails,scania_streamline_4x2_norm_380,trailer.scs_curt_a,trailer_def.scs.box.single_3.curtain,33,1,0
69261,_nameless.17f.7417.3ad0,polarislines,kiel,posped,strasbourg,1,777,0,0,transmis,mercedes_actros_2014_4x2_c,trailer.scs_dry_ms,trailer_def.scs.box.single_3.dryvan_m,33,1,0
69261,_nameless.17f.7417.4a40,polarislines,kiel,gnt,panevezys,0,1312,0,0,electronics,mercedes_4x2_c,trailer.scs_curt_a,trailer_def.scs.box.single_3.curtain,33,1,0
69261,_nameless.17f.7417.4560,ika_bohag,frankfurt,lisette_log,paris,0,695,0,0,pot_flowers,man_tgx_euro6_6x4_xlx,trailer.scs_ref_s,trailer_def.scs.box.single_3.reefer,33,1,0
69261,_nameless.17f.7417.4be0,ika_bohag,frankfurt,posped,bratislava,1,783,0,0,used_packag,daf_xd_2,trailer.scs_dry,trailer_def.scs.box.single_3.dryvan,33,1,0
69261,_nameless.17f.7417.2340,sanbuilders,gdansk,norrsken,karlstad,0,579,630,790,large_cont,scania_r2016_6x2_high_460,trailer.scs_flat_b,trailer_def.scs.flatbed.single_3.flatbed_w,33,1,0
69261,_nameless.17f.7417.24e0,sanbuilders,gdansk,rosmark,rezekne,1,825,0,0,watertank,mercedes_4x2_b,trailer.kasbhr_sll,trailer_def.kassbohrer.sll.single_3_sh.low,1,1,0
69261,_nameless.17f.7417.25b0,itcc,szczecin,tradeaux,felixstowe,0,1373,35,300,vol_ew240emh,"""heavy/volvo_fh16_6x4_750""",trailer.scs_lowbed41,trailer_def.scs.lowbed.single_41_ln.long,1,1,0
69261,_nameless.17f.7417.2680,itcc,szczecin,sanbuild_hms,salzburg,2,866,0,0,elect_wiring,daf_xg_4x2_450,trailer.scs_dry_ms,trailer_def.scs.box.single_3.dryvan_m,33,1,0
69261,_nameless.17f.7417.2820,itcc,szczecin,bcp,munchen,2,666,0,0,alu_ingot,daf_xd_2,trailer.profilinehd,trailer_def.krone.profilinerhd.single_3.flatbed,28,1,0
69261,_nameless.17f.7417.28f0,bhv,edirne,balkan_loco,skopje,0,640,0,0,cars_fr,mercedes_actros_2014_6x4_b,trailer.car_trans,trailer_def.cars_fr.car_trans,100,1,0
69261,_nameless.17f.7417.6510,fcp,torino,eolo_lines,napoli,1,879,0,0,used_plast,mercedes_actros_2014_4x2_b,trailer.scs_curt_s,trailer_def.scs.box.single_3.curtain,33,1,0
69261,_nameless.17f.7417.6440,betunia,novi_sad,balkan_loco,skopje,0,571,0,0,sand,volvo_fh16_4x2_420,trailer.ffb_kip60,trailer_def.feldbinder.kip.single_3_60.silo_60_3p,16,1,0
69261,_nameless.17f.7417.59b0,betunia,novi_sad,gnt,klaipeda,0,1407,0,0,sandwch_pnls,daf_xf_euro6_4x2_a,trailer.kasbhr_scs,trailer_def.kassbohrer.scs.single_3_13.curtain,34,1,0
69261,_nameless.17f.7417.6780,betunia,novi_sad,trameri,warszawa,1,904,0,0,empty_spool,daf_xf_euro6_4x2_c,trailer.scs_flat_b,trailer_def.scs.flatbed.single_3.flatbed_w,4,1,0
69261,_nameless.17f.7417.58e0,betunia,novi_sad,balkan_loco,craiova,1,495,0,0,largetubes,mercedes_4x2_c,trailer.scs_log,trailer_def.scs.log.single_3.steel,6,1,0
69261,_nameless.17f.7417.6850,villco_mkt,osijek,dfh,bremen,1,1413,0,0,used_plast_c,mercedes_6x2_b,trailer.scs_gosck20,trailer_def.scs.gooseneck.singl_3e_20.container,15,1,0
69261,_nameless.17f.7417.6370,villco_mkt,osijek,gnt,daugavpils,0,1537,0,0,empty_palet,daf_xf_euro6_4x2_c,trailer.scs_dry_s,trailer_def.scs.box.single_3.dryvan,33,1,0
69261,_nameless.17f.7417.65e0,kaarfor,bastia,brawen,trikala,0,875,1620,1979,used_plast,mercedes_4x2,trailer.kasbhr_scs,trailer_def.kassbohrer.scs.single_3_13.curtain,34,1,0
69261,_nameless.17f.7417.66b0,kaarfor,bastia,lkwlog,dover,0,1181,875,1493,empty_palet,mercedes_actros_2014_4x2_c,trailer.profiliner17,trailer_def.krone.profiliner.single_3.curtain,33,1,0
69261,_nameless.17f.7417.5810,kaarfor,bastia,tras_med,catania,0,581,930,1133,used_packag,scania_streamline_4x2_top_560,trailer.profiliner17,trailer_def.krone.profiliner.single_3.curtain,33,1,0
69261,_nameless.17f.7417.5260,rock_eater,istanbul,te_logistica,cagliari,0,1127,1410,1624,roller,volvo_fh16_6x4_700,trailer.scs_lowbed_4,trailer_def.scs.lowbed.single_4_sh.short,1,1,0
69261,_nameless.17f.7417.5190,rock_eater,istanbul,fallow,cluj_napoca,1,1085,0,0,jcb_bhl4cx,man_tgx_euro6_6x4_xlx,trailer.scs_lowbed_3,trailer_def.scs.lowbed.single_3.short,1,1,0
69261,_nameless.17f.7417.6100,rock_eater,istanbul,st_roza_bg,pirdop,1,457,0,0,gravel,iveco_h_4x2_a,trailer.scs_dumper,trailer_def.scs.dumper.single_3.steel,13,1,0
69261,_nameless.17f.7417.5400,bjork,goteborg,sanbuilders,warszawa,0,1257,105,404,lumber_p,man_4x2_c,trailer.scs_flat_b,trailer_def.scs.flatbed.single_3.flatbed_w,6,1,0
69261,_nameless.17f.7417.5740,bjork,goteborg,skog_paper,gavle,2,550,0,0,wood_bark,scania_r_4x2_top_480,trailer.scs_dumper,trailer_def.scs.dumper.single_3.steel,27,1,0
69261,_nameless.17f.7417.5cf0,bjork,goteborg,trameri,warszawa,1,1258,105,404,empty_spool,scania_r2016_6x2_high_460,trailer.scs_lowbed41,trailer_def.scs.lowbed.single_41_ln.long,4,1,0
69261,_nameless.17f.7417.55a0,bjork,goteborg,dfh,bremen,2,952,0,0,logs,iveco_sway_4x2_500,trailer.scs_log,trailer_def.scs.log.single_3.steel,32,1,0
69261,_nameless.17f.7417.5a80,polarislines,stavanger,gnt,panevezys,0,1280,510,1110,watermelons,scania_r_6x4_top_620,trailer.scs_ins_s,trailer_def.scs.box.single_3.insulated,33,1,0
69261,_nameless.17f.7417.5b50,polarislines,stavanger,norrsken,borlange,0,865,0,0,radiators,"""double/daf_xf_euro6_4x2_a""",trailer.profiline17d,trailer_def.krone.profiliner.double_3_2.curtain,52,1,0
69261,_nameless.17f.7417.5f60,polarislines,stavanger,eurogoodies,edinburgh,0,887,1335,2366,rice,daf_xd25,trailer.scs_curt,trailer_def.scs.box.single_3.curtain,33,1,0
69261,_nameless.17f.7417.6030,euroacres,magdeburg,tesore_gust,parma,0,1058,0,0,chicken_meat,daf_4x2_b,trailer.scs_ref_a,trailer_def.scs.box.single_3.reefer,33,1,0
69261,_nameless.183.3a76.c6f0,euroacres,magdeburg,norrsken,goteborg,1,858,105,404,cauliflower,scania_s2016_4x2_norm_370,trailer.scs_dry_m,trailer_def.scs.box.single_3.dryvan_m,33,1,0
69261,_nameless.183.3a76.ac20,euroacres,magdeburg,onnelik,parnu,1,1408,0,0,volvo_bucket,volvo_fh2012_4x2_750,trailer.scs_lowbed41,trailer_def.scs.lowbed.single_41_ln.long,1,1,0
69261,_nameless.183.3a76.bfa0,konstnr,oslo,renar,vasteraas,0,526,0,0,jcb_exc245xr,"""heavy/volvo_fh16_6x4_750""",trailer.scs_lowbed_4,trailer_def.scs.lowbed.single_4_sh.short,1,1,0
69261,_nameless.183.3a76.9ff0,nord_sten,kalmar,nch,turku,1,429,540,1170,excav_soil,renault_magnum_6x2_a,trailer.scs_dumper,trailer_def.scs.dumper.single_3.steel,21,1,0
69261,_nameless.183.3a76.c960,lkwlog,frankfurt,rt_log,rostock,1,680,0,0,spher_valves,man_4x2_a,trailer.scs_curt_a,trailer_def.scs.box.single_3.curtain,33,1,0
69261,_nameless.183.3a76.b920,lkwlog,frankfurt,blt,kaunas,1,1335,0,0,emp_wine_bot,mercedes_6x2_b,trailer.scs_curt_s,trailer_def.scs.box.single_3.curtain,33,1,0
69261,_nameless.183.3a76.acf0,lkwlog,frankfurt,fallow,targu_mures,1,1562,0,0,wood_chipper,"""heavy/volvo_fh16_6x4_750""",trailer.scs_lowlow2e,trailer_def.scs.lowloader.single_2_ln.long,1,1,0
69261,_nameless.183.3a76.c890,lkwlog,frankfurt,tradeaux,ajaccio,0,1122,840,1193,volvo_a25g,"""heavy/man_6x4""",trailer.scs_lowlow4e,trailer_def.scs.lowloader.single_4_ln.long,1,1,0
69261,_nameless.183.3a76.a0c0,lkwlog,frankfurt,bcp,birmingham,2,973,35,300,mtl_coil,volvo_fh2021_4x2_420,trailer.scs_flat_b,trailer_def.scs.flatbed.single_3.flatbed_w,1,1,0
69261,_nameless.183.3a76.c620,brawen,ljubljana,posped,verona,1,482,0,0,almond,mercedes_4x2_c,trailer.scs_curt,trailer_def.scs.box.single_3.curtain,33,1,0
69261,_nameless.183.3a76.b780,brawen,ljubljana,stokes,calais,0,1333,0,0,med_vaccine,mercedes_actros_2014_4x2_a,trailer.coolliner17,trailer_def.krone.coolliner.single_3.reefer,33,1,0
69261,_nameless.183.3a76.c3b0,brawen,ljubljana,lkwlog,graz,0,216,0,0,emp_wine_bar,iveco_sway_4x2_500,trailer.scs_dry_s,trailer_def.scs.box.single_3.dryvan,33,1,0
69261,_nameless.183.3a76.b850,norr_food,stockholm,rosmark_ru,luga,1,538,570,1270,used_plast_c,renault_magnum_4x2_a,trailer.scs_gosck40,trailer_def.scs.gooseneck.singl_3e_40.container,30,1,0
69261,_nameless.183.3a76.b9f0,norr_food,stockholm,ns_oil,vaasa,0,527,300,680,empty_palet,"""double/scania_r_4x2_top_500""",trailer.scs_curt_2,trailer_def.scs.box.double_3_2.curtain,52,1,0
69261,_nameless.183.3a76.adc0,norr_food,stockholm,renor,kristiansund,0,956,40,46,used_packag,"""double/daf_xf_euro6_4x2_a""",trailer.scs_dry_b2,trailer_def.scs.box.bdouble_3_3.dryvan,52,1,0
69261,_nameless.183.3a76.cf10,bhv,madrid,tras_med,cagliari,2,853,720,827,vans_vt,volvo_fh16_4x2_540,trailer.truck_trans,trailer_def.vans_vt.truck_trans,100,1,0
69261,_nameless.183.3a76.cfe0,bhv,madrid,bhv,lemans,0,1284,0,0,pickup_gr,scania_streamline_6x2_norm_440,trailer.truck_trans,trailer_def.pickup_gr.truck_trans,100,1,0
69261,_nameless.183.3a76.b2a0,tdc_auto,vigo,bhv,albacete,2,836,0,0,car_d,renault_premium_4x2_c,trailer.car_trans,trailer_def.car_d.car_trans,100,1,0
69261,_nameless.183.3a76.bac0,tdc_auto,vigo,rt_log,zaragoza,0,835,0,0,car_ibe,iveco_6x2_a,trailer.car_trans,trailer_def.car_ibe.car_trans,100,1,0
69261,_nameless.183.3a76.b030,tdc_auto,vigo,bhv,toulouse,0,1107,0,0,car_balt1,iveco_4x2_b,trailer.car_trans,trailer_def.car_balt1.car_trans,100,1,0
69261,_nameless.183.3a76.ca30,tdc_auto,vigo,exomar,cordoba,2,993,0,0,volvo_cars,volvo_fh2024_4x2_780,trailer.car_trans,trailer_def.volvo_cars.car_trans,100,1,0
69261,_nameless.183.3a76.a330,eurogoodies,dortmund,gnt,kristiansand,0,791,195,1052,beverages_t,scania_streamline_4x2_norm_380,trailer.ffb_tsalm32,trailer_def.feldbinder.tsalm.single_3_32.32_3_2,23,1,0
69261,_nameless.183.3a76.cbd0,eurogoodies,dortmund,log_atlan,bilbao,2,1549,0,0,nonalco_beer,scania_streamline_4x2_norm_380,trailer.kasbhr_sbt,trailer_def.kassbohrer.sbt.single_3_13.dryvan,33,1,0
69261,_nameless.183.3a76.a400,app,ciudad_real,costruzi_hal,sassari,2,741,720,827,vol_ew240emh,"""heavy/scania_s2016_8x4_high_770""",trailer.scs_lowbed41,trailer_def.scs.lowbed.single_41_ln.long,1,1,0
69261,_nameless.183.3a76.a190,app,ciudad_real,cesta_sl,algeciras,2,449,0,0,onion,"""double/volvo_fh2024_4x2_780""",trailer.scs_curt_b2,trailer_def.scs.box.bdouble_3_3.curtain,52,1,0
69261,_nameless.183.3a76.af60,dunavia,osijek,brawen,thessaloniki,0,940,0,0,natur_rubber,scania_r_4x2_top_480,trailer.scs_dry,trailer_def.scs.box.single_3.dryvan,33,1,0
69261,_nameless.183.3a76.be00,dunavia,osijek,nosko,vilnius,0,1344,0,0,oranges,man_4x2_a,trailer.scs_ref_s,trailer_def.scs.box.single_3.reefer,33,1,0
69261,_nameless.183.3a76.b6b0,dunavia,osijek,sanbuild_bas,munchen,1,798,0,0,iron_pipes,daf_xgp_4x2_530,trailer.scs_log,trailer_def.scs.log.single_3.steel,28,1,0
69261,_nameless.183.3a76.c070,villco_mkt,bijelo_polje,tradeaux,budapest,0,615,0,0,empty_palet,mercedes_4x2_c,trailer.scs_dry_m,trailer_def.scs.box.single_3.dryvan_m,32,1,0
69261,_nameless.183.3a76.bc60,villco_mkt,bijelo_polje,cargotras,palermo,0,916,560,767,used_plast_c,scania_s2016_4x2_high_590,trailer.kasbhr_shg20,trailer_def.kassbohrer.shg.singl_3e_20.container,15,1,0
69261,_nameless.183.3a76.c140,vitas_pwr_co,beograd,quarry,salzburg,2,957,0,0,jcb_dmp6t2,"""heavy/man_6x4""",trailer.scs_lowbed_4,trailer_def.scs.lowbed.single_4_sh.short,1,1,0
69261,_nameless.183.3a76.ae90,costruzi_bas,firenze,exomar,taranto,0,845,0,0,jcb_mexc19ce,mercedes_actros_2014_6x2_a,trailer.scs_flat_b,trailer_def.scs.flatbed.single_3.flatbed_w,3,1,0
69261,_nameless.183.3a76.c480,sal_fi,pori,gnt,bergen,1,1258,540,1170,used_plast_c,renault_magnum_6x2_a,trailer.krone.boxliner220,trailer_def.krone.boxliner.single_3_220.container,30,1,0
69261,_nameless.183.3a76.b100,sal_fi,pori,gnt,valmiera,1,637,150,430,prosciutto,daf_xf_4x2_370,trailer.scs_ref_s,trailer_def.scs.box.single_3.reefer,33,1,0
69261,_nameless.183.3a76.b440,sal_fi,pori,renar,karesuando,0,937,0,0,transmis,daf_xgp_4x2_530,trailer.scs_dry_s,trailer_def.scs.box.single_3.dryvan,33,1,0
69261,_nameless.183.3a76.c7c0,sal_fi,pori,nordic_ports,bodo,0,793,300,680,vent_tube,daf_xf_euro6_6x4_c,trailer.scs_flat_b,trailer_def.scs.flatbed.single_3.flatbed_w,2,1,0
69261,_nameless.183.3a76.9d80,sellplan,london,tradeaux,ajaccio,0,1294,875,1493,used_plast,daf_xgp25_4x2_530,trailer.profiliner17,trailer_def.krone.profiliner.single_3.curtain,33,1,0
69261,_nameless.183.3a76.cca0,sellplan,london,stokes,liege,0,484,35,300,used_packag,daf_xf_euro6_6x2_a,trailer.scs_dry_m,trailer_def.scs.box.single_3.dryvan_m,33,1,0
69261,_nameless.183.3a76.b510,sellplan,london,posped,lodz,0,1492,35,300,empty_palet,scania_streamline_4x2_norm_380,trailer.profiliner17,trailer_def.krone.profiliner.single_3.curtain,33,1,0
69261,_nameless.183.3a76.b5e0,sanbuilders,berlin,transinet,cambridge,0,1278,35,300,ter_forklift,man_tgx_euro6_4x2_xxl,trailer.scs_flat_b,trailer_def.scs.flatbed.single_3.flatbed_w,2,1,0
69261,_nameless.183.3a76.9e50,sanbuilders,berlin,quarry,innsbruck,1,726,0,0,jcb_mexc19ce,scania_r_4x2_top_480,trailer.profilinehd,trailer_def.krone.profilinerhd.single_3.flatbed,3,1,0
69261,_nameless.183.3a76.bd30,ateria,tallinn,nch,kouvola,0,367,150,430,limonades,volvo_fh16_4x2_540,trailer.scs_dry_m,trailer_def.scs.box.single_3.dryvan_m,30,1,0
69261,_nameless.183.3a76.c2e0,sanbuild_cem,dortmund,polarislines,oslo,2,1462,0,0,empty_spool,renault_premium_4x2_c,trailer.scs_flat_b,trailer_def.scs.flatbed.single_3.flatbed_w,4,1,0
69261,_nameless.183.3a76.a260,cont_port_it,trieste,transinet,szczecin,2,1191,0,0,salt_spice_c,volvo_fh16_4x2_540,trailer.krone.boxliner220,trailer_def.krone.boxliner.single_3_220.container,30,1,0
69261,_nameless.183.3a76.a4d0,cont_port_it,trieste,pp_chimica,olbia,0,1244,840,879,chlorine,man_4x2_a,trailer.krone.boxliner40,trailer_def.krone.boxliner.single_3_40.container,80,1,0
69261,_nameless.183.3a76.c550,cont_port_it,trieste,wgcc,strasbourg,0,913,0,0,sodium,iveco_4x2_b,trailer.scs_gosck220,trailer_def.scs.gooseneck.singl_3e_220.container,80,1,0
69261,_nameless.183.3a76.a810,nord_crown,odense,sellplan,sheffield,0,329,1140,1314,canned_beef,scania_r_4x2_top_480,trailer.coollineret,trailer_def.krone.ecoolliner.single_3.reefer,24,1,0
69261,_nameless.183.3a76.a8e0,nord_crown,odense,gnt,valmiera,1,1135,510,1110,pesto,volvo_fh2021_4x2_750,trailer.scs_dry_ms,trailer_def.scs.box.single_3.dryvan_m,33,1,0
69261,_nameless.183.3a76.a9b0,nord_crown,odense,transinet,mannheim,2,853,0,0,pork_meat,daf_xf_euro6_4x2_a,trailer.coolliner17,trailer_def.krone.coolliner.single_3.reefer,33,1,0
69261,_nameless.183.3a76.aa80,domdepo,villarreal,te_logistica,sassari,0,371,720,827,cable_reel,"""heavy/iveco_6x4""",trailer.kasbhr_slle,trailer_def.kassbohrer.sll.single_3_ln.low,1,1,0
69261,_nameless.183.3a76.da70,domdepo,villarreal,euroacres,torino,0,1278,0,0,roofing_felt,daf_xd_1,trailer.dryliner17,trailer_def.krone.dryliner.single_3.dryvan,33,1,0
69261,_nameless.183.3a76.faf0,domdepo,villarreal,rt_log,sevilla,1,678,0,0,granite_cube,daf_xgp25_4x2_530,trailer.scs_dumper,trailer_def.scs.dumper.single_3.steel,12,1,0
69261,_nameless.183.3a76.e0f0,domdepo,villarreal,sanbuilders,luxembourg,0,1445,0,0,marb_blck2,scania_s2016_6x2_high_460,trailer.profilinehd,trailer_def.krone.profilinerhd.single_3.flatbed,2,1,0
69261,_nameless.183.3a76.e840,polar_fish,alesund,baltomorsk,rezekne,1,1340,510,1110,ter_forklift,man_tgx_2020_6x2,trailer.profilinehd,trailer_def.krone.profilinerhd.single_3.flatbed,2,1,0
69261,_nameless.183.3a76.e910,polar_fish,alesund,polarislines,ventspils,1,914,510,1110,smokd_sprats,iveco_sway_4x2_580,trailer.scs_ins_s,trailer_def.scs.box.single_3.insulated,33,1,0
69261,_nameless.183.3a77.00a0,polar_fish,alesund,norse_rail,narvik,2,1165,95,127,frozen_hake,volvo_fh2021_4x2_420,trailer.coolliner17,trailer_def.krone.coolliner.single_3.reefer,33,1,0
69261,_nameless.183.3a76.db40,mjolnir_min,arvidsjaur,norse_rail,rovaniemi,0,369,0,0,volvo_bucket,mercedes_4x2_b,trailer.scs_lowlow4e,trailer_def.scs.lowloader.single_4_ln.long,1,1,0
69261,_nameless.183.3a77.04b0,mjolnir_min,arvidsjaur,transinet,bialystok,0,1295,510,1110,gravel,man_tgx_euro6_4x2_xxl,trailer.scs_dumper,trailer_def.scs.dumper.single_3.steel,13,1,0
69261,_nameless.183.3a76.e9e0,mjolnir_min,arvidsjaur,mjolnir_min,ivalo,2,638,0,0,sand,scania_s2016_6x2_high_460,trailer.ffb_kip60,trailer_def.feldbinder.kip.single_3_60.silo_60_3p,19,1,0
69261,_nameless.183.3a76.d8d0,tradeaux,clermont,eurogoodies,cardiff,0,1068,35,300,mozzarela,daf_xf_euro6_6x4_c,trailer.scs_ref_s,trailer_def.scs.box.single_3.reefer,33,1,0
69261,_nameless.183.3a76.d3f0,tradeaux,clermont,rt_log,a_coruna,0,1310,0,0,empty_barr,scania_streamline_4x2_norm_380,trailer.scs_dry,trailer_def.scs.box.single_3.dryvan,33,1,0
69261,_nameless.183.3a77.0240,tradeaux,clermont,tradeaux,felixstowe,0,934,35,300,maple_syrup,mercedes_6x2_b,trailer.scs_curt,trailer_def.scs.box.single_3.curtain,33,1,0
69261,_nameless.183.3a76.f200,exomar,cordoba,app,coimbra,0,785,0,0,logs,scania_s2016_4x2_norm_370,trailer.scs_log,trailer_def.scs.log.single_3.steel,32,1,0
69261,_nameless.183.3a76.ef90,exomar,cordoba,wilnet_trans,marseille,0,1449,0,0,plastic_gra,mercedes_4x2_a,trailer.ffb_eut35,trailer_def.feldbinder.eut.single_3_35.silo_35_3p,22,1,0
69261,_nameless.183.3a76.d9a0,exomar,cordoba,posped,swansea,0,1148,1076,1172,natur_rubber,volvo_fh2021_4x2_750,trailer.scs_dry,trailer_def.scs.box.single_3.dryvan,33,1,0
69261,_nameless.183.3a76.f2d0,exomar,cordoba,trans_cab,santander,0,864,0,0,mob_crusher,"""heavy/renault_t_6x4""",trailer.scs_lowlowd4,trailer_def.scs.lowloader.single_4_sh.short,1,1,0
69261,_nameless.183.3a76.d4c0,nofeba,ornskoldsvik,gnt,svolvaer,0,765,150,132,bricks,volvo_fh2012_4x2_420,trailer.profilinebm,trailer_def.krone.profilinerbm.single_3.brick,32,1,0
69261,_nameless.183.3a76.fc90,nofeba,ornskoldsvik,konstnr,oslo,1,701,0,0,concr_beams,"""heavy/scania_streamline_8x4_top_730""",trailer.scs_lowlow4e,trailer_def.scs.lowloader.single_4_ln.long,1,1,0
69261,_nameless.183.3a76.e770,nofeba,ornskoldsvik,domdepo,utena,2,888,510,1110,empty_spool,iveco_4x2_b,trailer.scs_lowbed_4,trailer_def.scs.lowbed.single_4_sh.short,3,1,0
69261,_nameless.183.3a76.fd60,skog_paper,gavle,kivi,turku,0,308,540,1170,emptytank,renault_magnum_6x2_a,trailer.profilinehd,trailer_def.krone.profilinerhd.single_3.flatbed,1,1,0
69261,_nameless.183.3a76.e1c0,skog_paper,gavle,nch_ru,petersburg,1,627,570,1270,empty_spool,man_4x2_a,trailer.scs_lowbed_3,trailer_def.scs.lowbed.single_3.short,3,1,0
69261,_nameless.183.3a76.ffd0,skog_paper,gavle,sal_fi,joensuu,2,861,300,680,used_packag,daf_xf_euro6_6x2_a,trailer.scs_curt_a,trailer_def.scs.box.single_3.curtain,33,1,0
69261,_nameless.183.3a76.f610,skog_paper,gavle,renar,kotka,2,587,540,1170,large_cont,renault_premium_6x2_a,trailer.scs_lowbed41,trailer_def.scs.lowbed.single_41_ln.long,36,1,0
69261,_nameless.183.3a76.e430,adrica,split,rt_log,linz,0,834,0,0,re_bars,mercedes_actros_2014_4x2_c,trailer.scs_flat_b,trailer_def.scs.flatbed.single_3.flatbed_w,2,1,0
69261,_nameless.183.3a76.e290,adrica,split,posped,warszawa,1,1385,0,0,czl_muv75,"""heavy/daf_6x4""",trailer.kasbhr_sla,trailer_def.kassbohrer.sla.single_3_sh.lowbed,1,1,0
69261,_nameless.183.3a76.d660,adrica,split,eumefa,sarajevo,1,341,0,0,fueltanker,man_4x2_a,trailer.kasbhr_shg40,trailer_def.kassbohrer.shg.singl_3e_40.container,80,1,0
69261,_nameless.183.3a76.e360,kaarfor,pitesti,te_logistica,napoli,1,1058,540,420,used_plast_c,daf_xd,trailer.scs_gosck40,trailer_def.scs.gooseneck.singl_3e_40.container,30,1,0
69261,_nameless.183.3a76.ff00,kaarfor,pitesti,stokes,poznan,0,1449,0,0,used_packag,man_6x4_b,trailer.scs_dry,trailer_def.scs.box.single_3.dryvan,33,1,0
69261,_nameless.183.3a76.d730,kaarfor,pitesti,dunavia,novi_sad,2,592,0,0,used_plast,renault_t_6x2,trailer.scs_curt,trailer_def.scs.box.single_3.curtain,33,1,0
69261,_nameless.183.3a76.e500,fle,stuttgart,rt_log,barcelona,1,1245,0,0,post_packag,volvo_fh16_4x2_540,trailer.scs_dry_m,trailer_def.scs.box.single_3.dryvan_m,33,1,0
69261,_nameless.183.3a76.f470,fle,stuttgart,transinet,szczecin,1,809,0,0,cut_flowers,man_tgx_2020_4x2,trailer.coolliner17,trailer_def.krone.coolliner.single_3.reefer,33,1,0
69261,_nameless.183.3a76.fbc0,fle,stuttgart,dfh,berlin,0,672,0,0,air_mails,daf_xd25,trailer.dryliner17,trailer_def.krone.dryliner.single_3.dryvan,33,1,0
69261,_nameless.183.3a76.eb80,fle,stuttgart,stokes,poznan,0,845,0,0,olive_tree,daf_xgp25_4x2_530,trailer.scs_brick_r,trailer_def.scs.flatbed.single_3.brick,1,1,0
69261,_nameless.183.3a76.dc10,baltomorsk,kaunas,gnt,jonkoping,0,609,510,1110,jcb_ft4220,daf_xf_euro6_4x2_c,trailer.kasbhr_sll,trailer_def.kassbohrer.sll.single_3_sh.low,1,1,0
69261,_nameless.183.3a76.e5d0,baltomorsk,kaunas,itcc,linz,2,1171,0,0,large_cont,man_tgx_2020,trailer.scs_lowbed_3,trailer_def.scs.lowbed.single_3.short,27,1,0
69261,_nameless.183.3a76.d800,fle,kristiansund,norrsken,orebro,0,825,40,46,toys,"""double/mercedes_4x2_a""",trailer.scs_curt_b2,trailer_def.scs.box.bdouble_3_3.curtain,52,1,0
69261,_nameless.183.3a76.ec50,fle,kristiansund,drekkar,karlskrona,0,1188,40,46,apples,"""double/daf_xd""",trailer.scs_dry_2,trailer_def.scs.box.double_3_2.dryvan,52,1,0
69261,_nameless.183.3a76.d250,fle,kristiansund,norrsken,borlange,1,723,40,46,olive_tree,renault_premium_4x2_c,trailer.scs_brick_r,trailer_def.scs.flatbed.single_3.brick,1,1,0
69261,_nameless.183.3a77.0170,lkwlog,graz,exomar,bologna,0,593,0,0,sq_tub,volvo_fh16_6x4_700,trailer.profilinehd,trailer_def.krone.profilinerhd.single_3.flatbed,2,1,0
69261,_nameless.183.3a76.f950,lkwlog,graz,lognstick,hunedoara,2,782,0,0,truck_tyres,daf_xf_4x2_370,trailer.scs_dry,trailer_def.scs.box.single_3.dryvan,33,1,0
69261,_nameless.183.3a76.ed20,lkwlog,graz,kaarfor,magdeburg,1,848,0,0,clothes,mercedes_4x2,trailer.kasbhr_sbt,trailer_def.kassbohrer.sbt.single_3_13.dryvan,34,1,0
69261,_nameless.183.3a76.eec0,lkwlog,graz,icaria,kavala,0,1320,0,0,brake_fluid,renault_t_4x2h,trailer.scs_gosck220,trailer_def.scs.gooseneck.singl_3e_220.container,30,1,0
69261,_nameless.183.3a76.f540,sporklift,plovdiv,brawen,banja_luka,2,909,0,0,used_plast,scania_s2016_6x2_high_460,trailer.scs_dry_s,trailer_def.scs.box.single_3.dryvan,33,1,0
69261,_nameless.183.3a76.f6e0,sporklift,plovdiv,exomar,roma,0,1094,570,745,used_plast_c,scania_streamline_4x2_top_560,trailer.scs_gosck20,trailer_def.scs.gooseneck.singl_3e_20.container,15,1,0
69261,_nameless.183.3a76.f7b0,sporklift,plovdiv,posped,lublin,1,1407,0,0,used_packag,volvo_fh2021_4x2_750,trailer.scs_dry_a,trailer_def.scs.box.single_3.dryvan,33,1,0
69261,_nameless.183.3a77.0310,eumefa,tirana,shuttle,salzburg,2,1346,0,0,empty_barr,volvo_fh16_6x4_700,trailer.scs_dry_ms,trailer_def.scs.box.single_3.dryvan_m,33,1,0
69261,_nameless.183.3a76.fa20,eumefa,tirana,adrica,rijeka,1,973,0,0,used_plast_c,man_4x2_a,trailer.scs_gosck20,trailer_def.scs.gooseneck.singl_3e_20.container,15,1,0
69261,_nameless.183.3a77.03e0,eumefa,tirana,tm_istanbul,istanbul,1,1105,0,0,comp_process,renault_premium_4x2_a,trailer.kasbhr_shg45,trailer_def.kassbohrer.scs.single_3_13.curtain,34,1,0
69261,_nameless.183.3a76.d180,eumefa,tirana,fallow,zenica,2,581,0,0,truck_batt_c,volvo_fh2021_4x2_750,trailer.krone.boxliner220,trailer_def.krone.boxliner.single_3_220.container,30,1,0
69261,_nameless.183.3a76.d320,lognstick,hunedoara,posped,katowice,2,916,0,0,train_part,volvo_fh2021_4x2_420,trailer.profilinehd,trailer_def.krone.profilinerhd.single_3.flatbed,4,1,0
69261,_nameless.183.3a76.dce0,lognstick,hunedoara,balkan_loco,ljubljana,2,872,0,0,grass_rolls,daf_xf_euro6_4x2_b,trailer.kasbhr_sbt,trailer_def.kassbohrer.sbt.single_3_13.dryvan,34,1,0
69261,_nameless.183.3a76.ddb0,lognstick,hunedoara,sporklift,karlovo,0,670,0,0,tyres,renault_magnum_4x2_a,trailer.scs_dry_m,trailer_def.scs.box.single_3.dryvan_m,33,1,0
69261,_nameless.183.3a76.de80,lognstick,hunedoara,sanbuilders,salzburg,1,1036,0,0,plast_pipes,renault_magnum_4x2_a,trailer.profilinehd,trailer_def.krone.profilinerhd.single_3.flatbed,4,1,0
69261,_nameless.183.3a77.0650,vitas_pwr,magdeburg,drekkar,aarhus,0,552,0,0,empty_palet,mercedes_6x4_a,trailer.scs_curt_a,trailer_def.scs.box.single_3.curtain,33,1,0
69261,_nameless.183.3a77.1aa0,agronord,kristiansand,gnt,jonkoping,0,765,0,0,straw_bales,man_tgx_2020,trailer.kasbhr_scs,trailer_def.kassbohrer.scs.single_3_13.curtain,6,1,0
69261,_nameless.183.3a77.1420,agronord,kristiansand,norrsken,orebro,0,728,0,0,kr_stc1370,volvo_fh16_6x4_700,trailer.kasbhr_slle,trailer_def.kassbohrer.sll.single_3_ln.low,1,1,0
69261,_nameless.183.3a77.14f0,agronord,kristiansand,norrsken,stockholm,1,923,0,0,auger_wag,daf_4x2_b,trailer.kasbhr_slle,trailer_def.kassbohrer.sll.single_3_ln.low,1,1,0
69261,_nameless.183.3a77.0cd0,cont_port,helsinki,trameri,warszawa,0,1079,150,430,acetylene,scania_r2016_4x2_norm_370,trailer.scs_gosck20,trailer_def.scs.gooseneck.singl_3e_20.container,40,1,0
69261,_nameless.183.3a77.15c0,cont_port,helsinki,blt,siauliai,1,605,150,430,exhausts_c,scania_s2016_4x2_high_590,trailer.scs_gosck220,trailer_def.scs.gooseneck.singl_3e_220.container,30,1,0
69261,_nameless.183.3a77.19d0,cont_port,helsinki,skog_paper,trondheim,0,1053,300,680,sulfuric,daf_xgp_4x2_530,trailer.scs_gosck20,trailer_def.scs.gooseneck.singl_3e_20.container,40,1,0
69261,_nameless.183.3a77.0720,syllurgy,kragujevac,brawen,bacau,0,795,0,0,re_bars,scania_r_6x4_top_620,trailer.profilinehd,trailer_def.krone.profilinerhd.single_3.flatbed,2,1,0
69261,_nameless.183.3a77.0f40,syllurgy,kragujevac,stokes,katowice,1,944,0,0,concr_cent,mercedes_6x2_b,trailer.profilinehd,trailer_def.krone.profilinerhd.single_3.flatbed,7,1,0
69261,_nameless.183.3a77.1830,rt_log,salzburg,te_logistica,napoli,1,1213,0,0,limonades,scania_r2016_6x4_high_660,trailer.kasbhr_sbt,trailer_def.kassbohrer.sbt.single_3_13.dryvan,34,1,0
69261,_nameless.183.3a77.1690,rt_log,salzburg,bosfir,banja_luka,2,662,0,0,jcb_pw125qe,man_tgx_euro6_4x2_xl,trailer.scs_flat_b,trailer_def.scs.flatbed.single_3.flatbed_w,24,1,0
69261,_nameless.183.3a77.0580,rt_log,salzburg,balkan_loco,veli_tarnovo,0,1404,0,0,chlorine,daf_4x2_b,trailer.krone.boxliner220,trailer_def.krone.boxliner.single_3_220.container,80,1,0
69261,_nameless.183.3a77.1280,ladoga_ru,petersburg,bhv,orebro,0,713,570,1270,pickup_gr,daf_xd_2,trailer.truck_trans,trailer_def.pickup_gr.truck_trans,100,1,0
69261,_nameless.183.3a77.10e0,ladoga_ru,petersburg,nordic_ports,tornio,0,952,0,0,car_d,man_tgx_euro6_6x4_xlx,trailer.car_trans,trailer_def.car_d.car_trans,100,1,0
69261,_nameless.183.3a77.1760,ladoga_ru,petersburg,drekkar,uppsala,2,565,570,1270,vans_vt,daf_xg_4x2_450,trailer.truck_trans,trailer_def.vans_vt.truck_trans,100,1,0
69261,_nameless.183.3a77.08c0,ladoga_ru,petersburg,lateds,daugavpils,2,614,0,0,large_cont,man_tgx_2020,trailer.kasbhr_sla,trailer_def.kassbohrer.sla.single_3_sh.lowbed,27,1,0
69261,_nameless.183.3a77.0a60,ladoga_ru,petersburg,ateria,joensuu,0,612,0,0,empty_palet,scania_r_6x4_top_620,trailer.kasbhr_shg45,trailer_def.kassbohrer.scs.single_3_13.curtain,34,1,0
69261,_nameless.183.3a77.11b0,ladoga_ru,petersburg,norse_rail,rovaniemi,2,997,0,0,cars_fr,iveco_h_4x2_a,trailer.car_trans,trailer_def.cars_fr.car_trans,100,1,0
69261,_nameless.183.3a77.0b30,norrsken,aalborg,gnt,panevezys,1,872,705,1787,cable_reel,"""heavy/mercedes_actros_8x4""",trailer.kasbhr_slle,trailer_def.kassbohrer.sll.single_3_ln.low,1,1,0
69261,_nameless.183.3a77.0da0,norrsken,aalborg,sellplan,klagenfurt,0,1450,0,0,salt_spices,man_6x4_b,trailer.scs_curt_s,trailer_def.scs.box.single_3.curtain,33,1,0
69261,_nameless.183.3a77.0e70,norrsken,aalborg,transinet,ostrava,0,1278,0,0,nuts,renault_magnum_6x4_a,trailer.scs_dry_s,trailer_def.scs.box.single_3.dryvan,33,1,0
69261,_nameless.183.3a77.1010,norrsken,aalborg,stokes,maribor,0,1463,0,0,post_packag,scania_streamline_4x2_top_560,trailer.scs_dry,trailer_def.scs.box.single_3.dryvan,33,1,0
69261,_nameless.183.753d.4f20,norrsken,aalborg,stokes,wien,0,1346,0,0,cont_trees,man_tgx_2020_4x2,trailer.scs_curt,trailer_def.scs.box.single_3.curtain,33,1,0
69261,_nameless.183.753d.5670,nutri_molle,hamar,suprema,kaunas,0,851,510,1110,food_oil_t,renault_premium_4x2_a,trailer.scs_fodt,trailer_def.scs.foodtank.single_3.paint,25,1,0
69261,_nameless.183.753d.7620,nutri_molle,hamar,blt,paldiski,0,509,570,1270,pet_food,man_4x2_a,trailer.profiliner17,trailer_def.krone.profiliner.single_3.curtain,33,1,0
69261,_nameless.183.753d.4e50,nutri_molle,hamar,norrsken,karlskrona,0,716,0,0,olive_oil,volvo_fh16_4x2_540,trailer.scs_dry,trailer_def.scs.box.single_3.dryvan,33,1,0
69261,_nameless.183.753d.6e00,nutri_molle,hamar,eurogoodies,dortmund,1,1488,0,0,pet_food_c,volvo_fh2012_4x2_420,trailer.scs_gosck40,trailer_def.scs.gooseneck.singl_3e_40.container,30,1,0
69261,_nameless.183.753d.5810,norr_food,gavle,polarislines,stavanger,0,984,0,0,used_packag,mercedes_actros_2014_4x2_c,trailer.scs_dry_a,trailer_def.scs.box.single_3.dryvan,33,1,0
69261,_nameless.183.753d.5400,norr_food,gavle,sal_fi,kajaani,1,876,0,0,used_plast_c,scania_streamline_6x2_norm_440,trailer.kasbhr_shg20,trailer_def.kassbohrer.shg.singl_3e_20.container,15,1,0
69261,_nameless.183.753d.72e0,norr_food,gavle,norrsken,orebro,2,301,0,0,empty_palet,mercedes_4x2_a,trailer.dryliner17,trailer_def.krone.dryliner.single_3.dryvan,33,1,0
69261,_nameless.183.753d.4b10,norr_food,gavle,nordic_ports,mo_i_rana,0,977,0,0,used_plast,scania_r_4x2_top_480,trailer.kasbhr_sbt,trailer_def.kassbohrer.sbt.single_3_13.dryvan,34,1,0
69261,_nameless.183.753d.62a0,cnp,novi_sad,ns_oil,zurich,2,1339,0,0,motor_oil_c,iveco_4x2_b,trailer.kasbhr_shg40,trailer_def.kassbohrer.shg.singl_3e_40.container,30,1,0
69261,_nameless.183.753d.59b0,cnp,novi_sad,lognstick,hunedoara,0,465,0,0,jcb_dmp6t2,"""heavy/daf_xgp_4x2_530""",trailer.scs_lowlowd2,trailer_def.scs.lowloader.single_2_sh.short,1,1,0
69261,_nameless.183.753d.4be0,cnp,novi_sad,nucleon,cernavoda,0,873,0,0,cable_reel,"""heavy/daf_xd""",trailer.kasbhr_sll,trailer_def.kassbohrer.sll.single_3_sh.low,1,1,0
69261,_nameless.183.753d.6ed0,tree_et,graz,nos_pat,bourges,0,1469,0,0,lumber_p,daf_6x2_a,trailer.scs_flat_b,trailer_def.scs.flatbed.single_3.flatbed_w,6,1,0
69261,_nameless.183.753d.6fa0,tree_et,graz,zelenye_a,kaliningrad,0,1172,0,0,wooden_beams,scania_streamline_6x4_top_480,trailer.kasbhr_sbt,trailer_def.kassbohrer.sbt.single_3_13.dryvan,2,1,0
69261,_nameless.183.753d.4d80,tree_et,graz,lognstick,galati,1,1417,0,0,tractor,daf_xf_euro6_4x2_b,trailer.scs_lowbed41,trailer_def.scs.lowbed.single_41_ln.long,1,1,0
69261,_nameless.183.753d.5e90,bhv,vaxjo,renar,kotka,0,879,540,1170,mondeos,daf_xf_4x2_370,trailer.car_trans,trailer_def.mondeos.car_trans,100,1,0
69261,_nameless.183.753d.6ac0,ns_oil,sines,acc,madrid,1,601,0,0,kerosene,renault_premium_6x2_a,trailer.scs_fueltank,trailer_def.scs.fueltank.single_3.fueltank,30,1,0
69261,_nameless.183.753d.5f60,ns_oil,sines,acc,port_sagunt,0,955,0,0,ethane,scania_r_4x2_top_480,trailer.scs_gastank,trailer_def.scs.gastank.single_3.gastank,40,1,0
69261,_nameless.183.753d.5190,ns_oil,sines,app,valencia,1,900,0,0,fueltanker,man_4x2_c,trailer.kasbhr_shg20,trailer_def.kassbohrer.shg.singl_3e_20.container,40,1,0
69261,_nameless.183.753d.5740,ns_oil,tallinn,norse_rail,gavle,0,318,570,1270,ethane,mercedes_actros_2014_4x2_c,trailer.scs_gastank,trailer_def.scs.gastank.single_3.gastank,40,1,0
69261,_nameless.183.753d.54d0,ns_oil,tallinn,primel,kajaani,1,551,150,430,petrol,renault_magnum_6x4_a,trailer.scs_fueltank,trailer_def.scs.fueltank.single_3.fueltank,30,1,0
69261,_nameless.183.753d.6510,eurogoodies,podgorica,eolo_lines,lile_rousse,1,762,1590,1654,pears,scania_s2016_4x2_high_590,trailer.scs_dry_s,trailer_def.scs.box.single_3.dryvan,33,1,0
69261,_nameless.183.753d.76f0,eurogoodies,podgorica,lkwlog,szeged,0,632,0,0,watermelons,scania_r2016_4x2_high_500,trailer.scs_ref_a,trailer_def.scs.box.single_3.reefer,33,1,0
69261,_nameless.183.753d.55a0,eurogoodies,podgorica,eurogoodies,bystrica,0,928,0,0,beef_meat,scania_streamline_4x2_top_560,trailer.coolliner17,trailer_def.krone.coolliner.single_3.reefer,33,1,0
69261,_nameless.183.753d.5a80,shuttle,bihac,fcp,torino,2,1050,0,0,ter_forklift,volvo_fh2021_6x2_540,trailer.profilinehd,trailer_def.krone.profilinerhd.single_3.flatbed,2,1,0
69261,_nameless.183.753d.7140,shuttle,bihac,stokes,tuzla,1,358,0,0,carb_water,man_4x2_c,trailer.kasbhr_sbt,trailer_def.kassbohrer.sbt.single_3_13.dryvan,30,1,0
69261,_nameless.183.753d.5260,shuttle,bihac,eurogoodies,venezia,0,647,0,0,nonalco_beer,scania_r2016_6x2_high_460,trailer.scs_curt_a,trailer_def.scs.box.single_3.curtain,33,1,0
69261,_nameless.183.753d.77c0,shuttle,bihac,cargotras,livorno,0,950,0,0,limonades,scania_r2016_4x2_high_500,trailer.scs_dry,trailer_def.scs.box.single_3.dryvan,30,1,0
69261,_nameless.183.753d.61d0,shuttle,bihac,transinet,torino,1,1050,0,0,iced_coffee,scania_r_6x4_top_620,trailer.scs_curt,trailer_def.scs.box.single_3.curtain,33,1,0
69261,_nameless.183.753d.4490,shuttle,bihac,lkwlog,dortmund,1,1290,0,0,beverages_c,daf_xf_euro6_4x2_b,trailer.krone.boxliner220,trailer_def.krone.boxliner.single_3_220.container,30,1,0
69261,_nameless.183.753d.5b50,euroacres,verona,tras_med,bari,2,875,0,0,kr_bigm450,man_tgx_2020_6x2,trailer.scs_lowlow2e,trailer_def.scs.lowloader.single_2_ln.long,1,1,0
69261,_nameless.183.753d.6370,euroacres,verona,euroacres,dijon,0,719,0,0,tractor_au,renault_magnum_6x4_a,trailer.kasbhr_sll,trailer_def.kassbohrer.sll.single_3_sh.low,1,1,0
69261,_nameless.183.753d.5c20,norrsken,orebro,renar,kristiansund,1,834,40,46,pet_food,mercedes_actros_2014_4x2_b,trailer.scs_curt_a,trailer_def.scs.box.single_3.curtain,33,1,0
69261,_nameless.183.753d.7210,norrsken,orebro,eurogoodies,szczecin,0,990,105,404,gnocchi,renault_t_4x2,trailer.scs_ins_a,trailer_def.scs.box.single_3.insulated,33,1,0
69261,_nameless.183.753d.6780,norrsken,orebro,rt_log,nurnberg,0,1394,105,404,emp_wine_bot,"""double/volvo_fh16_4x2_700""",trailer.profiline17d,trailer_def.krone.profiliner.double_3_2.curtain,44,1,0
69261,_nameless.183.753d.5cf0,norrsken,orebro,nch,kouvola,0,598,540,1170,air_mails,"""double/renault_premium_4x2_a""",trailer.scs_dry_b2,trailer_def.scs.box.bdouble_3_3.dryvan,52,1,0
69261,_nameless.183.753d.6030,norrsken,orebro,nch,turku,1,300,540,1170,emp_wine_bar,"""double/volvo_fh2012_4x2_750""",trailer.scs_dry_2,trailer_def.scs.box.double_3_2.dryvan,52,1,0
69261,_nameless.183.753d.4cb0,eolo_lines,algeciras,eolo_lines,cagliari,0,1377,720,827,yogurt,renault_t_6x2,trailer.scs_ref,trailer_def.scs.box.single_3.reefer,33,1,0
69261,_nameless.183.753d.4560,eolo_lines,algeciras,app,gijon,0,1024,0,0,truck_tyres,daf_xgp_4x2_530,trailer.scs_curt_a,trailer_def.scs.box.single_3.curtain,33,1,0
69261,_nameless.183.753d.6440,eolo_lines,algeciras,app,madrid,2,642,0,0,beef_meat,volvo_fh2024_4x2_420,trailer.scs_ref_a,trailer_def.scs.box.single_3.reefer,33,1,0
69261,_nameless.183.753d.5dc0,eolo_lines,algeciras,batisse_base,calvi,2,1192,930,1182,plumb_suppl,daf_4x2_a,trailer.dryliner17,trailer_def.krone.dryliner.single_3.dryvan,33,1,0
69261,_nameless.183.753d.6c60,subse,osijek,villco_mkt,mitilini,0,962,730,1440,pet_food,daf_xd_1,trailer.profiliner17,trailer_def.krone.profiliner.single_3.curtain,33,1,0
69261,_nameless.183.753d.4a40,subse,osijek,tradeaux,lyon,0,1519,0,0,liver_paste,volvo_fh16_4x2_540,trailer.scs_ref_a,trailer_def.scs.box.single_3.reefer,33,1,0
69261,_nameless.183.753d.6100,ika_bohag,rijeka,exomar,roma,1,971,0,0,empty_palet,mercedes_actros_2014_4x2_b,trailer.kasbhr_scs,trailer_def.kassbohrer.scs.single_3_13.curtain,34,1,0
69261,_nameless.183.753d.50c0,ika_bohag,rijeka,lkwlog,kosice,2,713,0,0,used_packag,mercedes_actros_2014_4x2_b,trailer.kasbhr_shg45,trailer_def.kassbohrer.scs.single_3_13.curtain,34,1,0
69261,_nameless.183.753d.4630,ika_bohag,rijeka,sellplan,torino,0,886,0,0,pot_flowers,man_4x2_a,trailer.scs_ref,trailer_def.scs.box.single_3.reefer,33,1,0
69261,_nameless.183.753d.6850,crnodrvo,bijelo_polje,balkan_loco,edirne,0,874,0,0,forwarder,"""heavy/renault_6x4""",trailer.scs_lowlow4e,trailer_def.scs.lowloader.single_4_ln.long,1,1,0
69261,_nameless.183.753d.6d30,crnodrvo,bijelo_polje,transinet,debrecen,1,707,0,0,logs,iveco_sway_4x2_580,trailer.scs_log,trailer_def.scs.log.single_3.steel,32,1,0
69261,_nameless.183.753d.4ff0,mvm_carriere,bordeaux,vitas_pwr_co,burgos,0,541,0,0,crawler,"""heavy/volvo_fh2024_6x4_600""",trailer.kasbhr_sla,trailer_def.kassbohrer.sla.single_3_sh.lowbed,1,1,0
69261,_nameless.183.753d.7480,mvm_carriere,bordeaux,rt_log,a_coruna,2,926,0,0,jcb_mexc19ce,daf_4x2_b,trailer.profilinehd,trailer_def.krone.profilinerhd.single_3.flatbed,3,1,0
69261,_nameless.183.753d.4700,mvm_carriere,bordeaux,tree_et,nurnberg,1,1484,0,0,volvo_bucket,man_tgx_2020,trailer.scs_lowbed_4,trailer_def.scs.lowbed.single_4_sh.short,1,1,0
69261,_nameless.183.753d.47d0,mvm_carriere,bordeaux,te_logistica,cagliari,1,884,720,827,jcb_pw125qe,scania_streamline_6x2_norm_440,trailer.scs_flat_b,trailer_def.scs.flatbed.single_3.flatbed_w,24,1,0
69261,_nameless.183.753d.48a0,renat,siauliai,suprema,kuusamo,0,1182,150,430,furniture,daf_xgp25_4x2_530,trailer.scs_dry_m,trailer_def.scs.box.single_3.dryvan_m,33,1,0
69261,_nameless.183.753d.4970,renat,siauliai,bcp,pecs,0,1432,0,0,forklifts,iveco_sway_4x2_460,trailer.scs_lowbed41,trailer_def.scs.lowbed.single_41_ln.long,3,1,0
69261,_nameless.183.753d.8730,renat,siauliai,baltomors_ru,luga,0,528,0,0,ter_forklift,man_tgx_2020_6x2,trailer.scs_flat_b,trailer_def.scs.flatbed.single_3.flatbed_w,2,1,0
69261,_nameless.183.753d.8180,renat,siauliai,renar,oslo,1,782,510,1110,large_cont,daf_xd_2,trailer.kasbhr_sla,trailer_def.kassbohrer.sla.single_3_sh.lowbed,27,1,0
69261,_nameless.183.753d.7b00,eurogoodies,leipzig,eurogoodies,dover,2,977,91,384,coconut_milk,scania_streamline_4x2_top_560,trailer.scs_dry_m,trailer_def.scs.box.single_3.dryvan_m,30,1,0
69261,_nameless.183.753d.8f50,eurogoodies,leipzig,adrica,split,0,1310,0,0,coconut_oil,renault_magnum_6x4_a,trailer.scs_dry,trailer_def.scs.box.single_3.dryvan,31,1,0
69261,_nameless.183.753d.7bd0,eurogoodies,leipzig,norrsken,karlskrona,0,792,105,404,garlic,scania_r_6x2_high_500,trailer.scs_dry,trailer_def.scs.box.single_3.dryvan,33,1,0
69261,_nameless.183.753d.8ce0,eurogoodies,leipzig,pk_medved_ru,kaliningrad,1,763,0,0,pork_meat,scania_s2016_6x4_high_730,trailer.scs_ins_a,trailer_def.scs.box.single_3.insulated,33,1,0
69261,_nameless.183.753d.83f0,boisserie,limoges,stokes,amsterdam,0,1061,0,0,exc_craw,"""heavy/man_6x4""",trailer.scs_lowlow4e,trailer_def.scs.lowloader.single_4_ln.long,1,1,0
69261,_nameless.183.753d.8c10,boisserie,limoges,trans_cab,barcelona,0,607,0,0,mob_tr_winch,"""heavy/scania_streamline_8x4_top_730""",trailer.scs_lowlowd2,trailer_def.scs.lowloader.single_2_sh.short,1,1,0
69261,_nameless.183.753d.8250,boisserie,limoges,scs_paper,setubal,0,1445,0,0,wshavings,mercedes_4x2,trailer.ffb_eut35,trailer_def.feldbinder.eut.single_3_35.silo_35_3p,35,1,0
69261,_nameless.183.753d.7e40,boisserie,limoges,sanbuilders,salzburg,0,1321,0,0,wooden_beams,iveco_sway_4x2_580,trailer.scs_log,trailer_def.scs.log.single_3.steel,2,1,0
69261,_nameless.183.753d.7d70,pp_chimica,terni,balkan_loco,edirne,0,1312,570,745,dynamite,daf_xf_euro6_4x2_b,trailer.kasbhr_shg45,trailer_def.kassbohrer.scs.single_3_13.curtain,34,1,0
69261,_nameless.183.753d.7fe0,fintyre,tampere,polar_fish,kuusamo,2,643,0,0,empty_palet,renault_magnum_4x2_a,trailer.scs_curt_s,trailer_def.scs.box.single_3.curtain,33,1,0
69261,_nameless.183.753d.8590,fintyre,tampere,agronord,kristiansand,2,1195,540,1170,ter_forklift,iveco_h_4x2_a,trailer.scs_flat_b,trailer_def.scs.flatbed.single_3.flatbed_w,2,1,0
69261,_nameless.183.753d.84c0,rt_log,barcelona,batisse_road,bordeaux,0,694,0,0,granite_cube,volvo_fh2024_4x2_780,trailer.scs_dumper,trailer_def.scs.dumper.single_3.steel,11,1,0
69261,_nameless.183.753d.7a30,rt_log,barcelona,eolo_lines,cagliari,0,257,720,827,coconut_milk,volvo_fh2024_6x2_500,trailer.scs_dry,trailer_def.scs.box.single_3.dryvan,33,1,0
69261,_nameless.183.753d.8e80,rt_log,barcelona,scs_paper,salamanca,1,849,0,0,wood_bark,volvo_fh2024_4x2_780,trailer.scs_dumper,trailer_def.scs.dumper.single_3.steel,27,1,0
69261,_nameless.183.753d.8660,cesta_sl,malaga,cnp,catania,0,886,1557,1788,empty_palet,renault_t_4x2h,trailer.profiliner17,trailer_def.krone.profiliner.single_3.curtain,33,1,0
69261,_nameless.183.753d.88d0,cesta_sl,malaga,rt_log,zaragoza,0,813,0,0,used_plast_c,volvo_fh2012_4x2_420,trailer.krone.boxliner40,trailer_def.krone.boxliner.single_3_40.container,30,1,0
69261,_nameless.183.753d.89a0,cesta_sl,malaga,trans_cab,valladolid,1,788,0,0,used_packag,scania_r_4x2_top_480,trailer.dryliner17,trailer_def.krone.dryliner.single_3.dryvan,33,1,0
69261,_nameless.183.753d.8a70,cesta_sl,malaga,app,madrid,0,524,0,0,used_plast,daf_xd_1,trailer.dryliner17,trailer_def.krone.dryliner.single_3.dryvan,33,1,0
69261,_nameless.183.753d.7890,lkwlog,duisburg,transinet,southampton,0,618,35,300,toys,scania_r_4x2_top_480,trailer.kasbhr_shg45,trailer_def.kassbohrer.scs.single_3_13.curtain,34,1,0
69261,_nameless.183.753d.7960,lkwlog,duisburg,renar,calvi,0,1268,840,1193,metal_cans,volvo_fh2021_4x2_420,trailer.kasbhr_sbt,trailer_def.kassbohrer.sbt.single_3_13.dryvan,34,1,0
69261,_nameless.183.753d.1a50,lkwlog,duisburg,quarry,strasbourg,1,561,0,0,watertank,daf_xf_euro6_4x2_a,trailer.scs_lowbed_3,trailer_def.scs.lowbed.single_3.short,1,1,0
69261,_nameless.183.753d.2680,lkwlog,duisburg,stokes,zurich,0,631,0,0,locomotive,"""heavy/volvo_fh2012_8x4_700""",trailer.scs_lowbed41,trailer_def.scs.lowbed.single_41_ln.long,1,1,0
69261,_nameless.183.753d.4080,byggpro,andenes,renar,vasteraas,0,1600,0,0,rooflights,iveco_h_4x2_a,trailer.kasbhr_scs,trailer_def.kassbohrer.scs.single_3_13.curtain,34,1,0
69261,_nameless.183.753d.32b0,byggpro,andenes,nordic_ports,bodo,0,533,150,132,wshavings,scania_r2016_6x2_high_460,trailer.ffb_kip60,trailer_def.feldbinder.kip.single_3_60.silo_60_3p,60,1,0
69261,_nameless.183.753d.14a0,byggpro,andenes,renar,jyvaskyla,1,1303,0,0,metal_beams,volvo_fh2012_4x2_750,trailer.profilinehd,trailer_def.krone.profilinerhd.single_3.flatbed,2,1,0
69261,_nameless.183.753d.2dd0,byggpro,andenes,norrsken,alta,0,941,0,0,largetubes,scania_r_6x2_high_500,trailer.scs_log,trailer_def.scs.log.single_3.steel,6,1,0
69261,_nameless.183.753d.3d40,kaarfor,reims,posped,strasbourg,2,324,0,0,used_plast_c,man_tgx_2020,trailer.scs_gosck20,trailer_def.scs.gooseneck.singl_3e_20.container,15,1,0
69261,_nameless.183.753d.1300,kaarfor,reims,cargotras,milano,0,853,0,0,used_packag,daf_4x2_a,trailer.scs_dry,trailer_def.scs.box.single_3.dryvan,33,1,0
69261,_nameless.183.753d.2410,kaarfor,reims,tradeaux,nice,1,986,0,0,used_plast,iveco_sway_4x2_500,trailer.kasbhr_shg45,trailer_def.kassbohrer.scs.single_3_13.curtain,34,1,0
69261,_nameless.183.753d.3fb0,radus_ru,pleven,sanbuilders,debrecen,1,845,0,0,concr_stair,iveco_sway_4x2_460,trailer.scs_flat_b,trailer_def.scs.flatbed.single_3.flatbed_w,3,1,0
69261,_nameless.183.753d.21a0,radus_ru,pleven,costruzi_win,taranto,1,903,570,745,concr_beams2,man_tgx_euro6_4x2_xxl,trailer.scs_flat_b,trailer_def.scs.flatbed.single_3.flatbed_w,2,1,0
69261,_nameless.183.753d.35f0,radus_ru,pleven,cnp,taranto,0,890,570,745,concr_cent,scania_r2016_4x2_high_500,trailer.profilinehd,trailer_def.krone.profilinerhd.single_3.flatbed,7,1,0
69261,_nameless.183.753d.2f70,radus_ru,pleven,quarry,katowice,0,1279,0,0,watertank,man_tgx_2020_4x2,trailer.kasbhr_sll,trailer_def.kassbohrer.sll.single_3_sh.low,1,1,0
69261,_nameless.183.753d.4150,slava,tuzla,balkan_loco,edirne,0,997,0,0,car_it,scania_r_6x4_top_620,trailer.car_trans,trailer_def.car_it.car_trans,100,1,0
69261,_nameless.183.753d.25b0,slava,tuzla,balkan_loco,skopje,0,676,0,0,car_balt1,volvo_fh16_6x4_700,trailer.car_trans,trailer_def.car_balt1.car_trans,100,1,0
69261,_nameless.183.753d.24e0,slava,tuzla,lkwlog,lublin,0,942,0,0,scooters,mercedes_4x2,trailer.kasbhr_scs,trailer_def.kassbohrer.scs.single_3_13.curtain,34,1,0
69261,_nameless.183.753d.1d90,mjolnir_min,lulea,renar,turku,1,787,0,0,watertank,scania_s2016_6x4_high_730,trailer.profilinehd,trailer_def.krone.profilinerhd.single_3.flatbed,2,1,0
69261,_nameless.183.753d.2ea0,mjolnir_min,lulea,gnt,alesund,0,1221,65,82,dozer,"""heavy/volvo_fh16_6x4_750""",trailer.scs_lowlow4e,trailer_def.scs.lowloader.single_4_ln.long,1,1,0
69261,_nameless.183.753d.1160,fallow,podgorica,ttk_bg,plovdiv,0,748,0,0,apples_c,scania_s2016_6x4_high_730,trailer.kasbhr_shg20,trailer_def.kassbohrer.shg.singl_3e_20.container,15,1,0
69261,_nameless.183.753d.3e10,fallow,podgorica,icaria,chania,1,925,540,826,metal_pipes,mercedes_4x2_b,trailer.profilinehd,trailer_def.krone.profilinerhd.single_3.flatbed,1,1,0
69261,_nameless.183.753d.2000,fallow,podgorica,tras_med,catania,0,738,560,767,kr_ecb880cv,scania_s2016_4x2_high_590,trailer.scs_lowbed41,trailer_def.scs.lowbed.single_41_ln.long,1,1,0
69261,_nameless.183.753d.1570,fallow,podgorica,tras_med,roma,1,630,540,420,natur_rubber,mercedes_4x2,trailer.scs_dry_m,trailer_def.scs.box.single_3.dryvan_m,33,1,0
69261,_nameless.183.753d.1e60,lefko,larissa,balkan_loco,ruse,1,838,0,0,apples,volvo_fh2012_4x2_750,trailer.profiliner17,trailer_def.krone.profiliner.single_3.curtain,33,1,0
69261,_nameless.183.753d.2d00,lefko,larissa,euroacres,wien,0,1527,0,0,young_seed,mercedes_6x2_b,trailer.kasbhr_sbt,trailer_def.kassbohrer.sbt.single_3_13.dryvan,34,1,0
69261,_nameless.183.753d.1090,lefko,larissa,tesore_gust,milano,0,1279,570,745,onion,daf_xd25,trailer.scs_curt_a,trailer_def.scs.box.single_3.curtain,33,1,0
69261,_nameless.183.753d.3ee0,lefko,larissa,exomar,olbia,0,866,1410,1624,tomatoes,man_tgx_euro6_4x2_xxl,trailer.scs_ins_a,trailer_def.scs.box.single_3.insulated,33,1,0
69261,_nameless.183.753d.3040,bhv,ajaccio,tradeaux,brest,0,1220,930,1182,vans_vt,volvo_fh2024_4x2_780,trailer.truck_trans,trailer_def.vans_vt.truck_trans,100,1,0
69261,_nameless.183.753d.3110,bhv,ajaccio,stokes,dijon,0,615,840,1193,scooters,renault_t_4x2h,trailer.kasbhr_shg45,trailer_def.kassbohrer.scs.single_3_13.curtain,34,1,0
69261,_nameless.183.753d.4220,villco_mkt,ljubljana,icaria,kavala,0,1212,0,0,used_plast_c,renault_premium_4x2_a,trailer.scs_gosck20,trailer_def.scs.gooseneck.singl_3e_20.container,15,1,0
69261,_nameless.183.753d.42f0,villco_mkt,ljubljana,shuttle,bremen,1,1178,0,0,empty_palet,iveco_4x2_b,trailer.kasbhr_sbt,trailer_def.kassbohrer.sbt.single_3_13.dryvan,33,1,0
69261,_nameless.183.753d.2750,villco_mkt,ljubljana,posped,strasbourg,1,762,0,0,used_packag,renault_t_4x2,trailer.kasbhr_shg45,trailer_def.kassbohrer.scs.single_3_13.curtain,34,1,0
69261,_nameless.183.753d.1640,villco_mkt,ljubljana,lkwlog,frankfurt,2,748,0,0,used_plast,volvo_fh2021_6x2_540,trailer.profiliner17,trailer_def.krone.profiliner.single_3.curtain,33,1,0
69261,_nameless.183.753d.1980,itcc_scrap,banja_luka,st_roza_bg,burgas,0,1027,0,0,crawler,"""heavy/renault_t_6x4""",trailer.scs_lowlowd2,trailer_def.scs.lowloader.single_2_sh.short,1,1,0
69261,_nameless.183.753d.2270,itcc_scrap,banja_luka,radus_ru,ruse,0,861,0,0,scrap_metals,man_4x2_a,trailer.scs_dumper,trailer_def.scs.dumper.single_3.steel,8,1,0
69261,_nameless.183.753d.3c70,itcc_scrap,banja_luka,rock_eater,varna,0,1032,0,0,volvo_bucket,daf_xd25,trailer.kasbhr_sll,trailer_def.kassbohrer.sll.single_3_sh.low,1,1,0
69261,_nameless.183.753d.1710,cnp,pitesti,bosfir,bihac,0,991,0,0,lpg_t,iveco_sway_4x2_460,trailer.scs_gastank,trailer_def.scs.gastank.single_3.gastank,40,1,0
69261,_nameless.183.753d.2820,cnp,pitesti,posped,lublin,1,1165,0,0,transformat,"""heavy/daf_xgp_4x2_530""",trailer.scs_lowlowd4,trailer_def.scs.lowloader.single_4_sh.short,1,1,0
69261,_nameless.183.753d.2b60,cnp,pitesti,sanbuild_win,berlin,0,1596,0,0,jcb_dmp6t2,"""heavy/renault_6x4""",trailer.scs_lowbed_4,trailer_def.scs.lowbed.single_4_sh.short,1,1,0
69261,_nameless.183.753d.43c0,cnp,pitesti,cargotras,catanzaro,1,1150,540,420,carbn_pwdr_c,daf_xf_euro6_4x2_c,trailer.krone.boxliner220,trailer_def.krone.boxliner.single_3_220.container,30,1,0
69261,_nameless.183.753d.18b0,sanbuilders,debrecen,adrica,rijeka,2,744,0,0,ter_forklift,daf_xg_4x2_450,trailer.scs_flat_b,trailer_def.scs.flatbed.single_3.flatbed_w,2,1,0
69261,_nameless.183.753d.17e0,sanbuild_hms,jyvaskyla,bjork,goteborg,1,804,540,1170,mob_tr_winch,"""heavy/renault_t_6x4""",trailer.scs_lowlow4e,trailer_def.scs.lowloader.single_4_ln.long,1,1,0
69261,_nameless.183.753d.28f0,sanbuild_hms,jyvaskyla,renar,vaxjo,2,840,540,1170,empty_palet,man_6x4_b,trailer.scs_dry_ms,trailer_def.scs.box.single_3.dryvan_m,33,1,0
69261,_nameless.183.753d.29c0,sanbuild_hms,jyvaskyla,norrsken,stockholm,0,428,540,1170,square_baler,renault_magnum_6x4_a,trailer.scs_lowbed41,trailer_def.scs.lowbed.single_41_ln.long,1,1,0
69261,_nameless.183.753d.31e0,konstnr_hal,kiruna,nch,riga,0,1407,150,430,digger500,iveco_sway_4x2_500,trailer.scs_lowlowd2,trailer_def.scs.lowloader.single_2_sh.short,1,1,0
69261,_nameless.183.753d.3380,konstnr_hal,kiruna,gnt,valmiera,0,1437,150,430,jcb_mexc19ce,iveco_sway_4x2_460,trailer.profilinehd,trailer_def.krone.profilinerhd.single_3.flatbed,3,1,0
69261,_nameless.183.753d.13d0,konstnr_hal,kiruna,blt,tartu,0,1252,150,430,mob_stacker,"""heavy/iveco_6x4""",trailer.scs_lowlowd4,trailer_def.scs.lowloader.single_4_sh.short,1,1,0
69261,_nameless.183.753d.3a00,sanbuilders,bern,lkwlog,duisburg,1,709,0,0,dozer,"""heavy/scania_streamline_8x4_top_730""",trailer.scs_lowbed41,trailer_def.scs.lowbed.single_41_ln.long,1,1,0
69261,_nameless.183.753d.3450,sanbuilders,bern,te_logistica,cagliari,0,1178,720,827,empty_palet,volvo_fh2021_6x2_540,trailer.scs_dry,trailer_def.scs.box.single_3.dryvan,33,1,0
69261,_nameless.183.753d.1b20,sanbuilders,bern,steinbr_str,erfurt,2,702,0,0,mob_stacker,"""heavy/scania_s2016_6x4_high_730""",trailer.scs_lowlowd4,trailer_def.scs.lowloader.single_4_sh.short,1,1,0
69261,_nameless.183.753d.3ad0,wgcc,kuopio,ns_chem_ru,luga,0,786,0,0,lead,scania_s2016_6x4_high_730,trailer.kasbhr_shg40,trailer_def.kassbohrer.shg.singl_3e_40.container,80,1,0
69261,_nameless.183.753d.36c0,itcc,kosice,rt_log,linz,0,653,0,0,elect_wiring,mercedes_4x2,trailer.scs_curt_s,trailer_def.scs.box.single_3.curtain,33,1,0
69261,_nameless.183.753d.1bf0,itcc,kosice,cnp,livorno,2,1302,0,0,concr_cent,renault_t_4x2,trailer.scs_flat_b,trailer_def.scs.flatbed.single_3.flatbed_w,7,1,0
69261,_nameless.183.753d.3790,itcc,kosice,cnp,constanta,0,1217,0,0,concr_stair,mercedes_actros_2014_4x2_b,trailer.scs_flat_b,trailer_def.scs.flatbed.single_3.flatbed_w,3,1,0
69261,_nameless.183.753d.3860,itcc,kosice,kathode,nurnberg,1,947,0,0,forklifts,scania_r2016_6x2_high_460,trailer.scs_lowbed_4,trailer_def.scs.lowbed.single_4_sh.short,3,1,0
69261,_nameless.183.753d.1cc0,huilant,larochelle,fle,frankfurt,0,1164,0,0,kerosene,scania_s2016_4x2_norm_370,trailer.willig.fuel_cistern,trailer_def.scs.fueltank.single_3.fueltank,30,1,0
69261,_nameless.183.753d.3930,huilant,larochelle,app,badajoz,0,1312,0,0,fuel_oil,daf_xf_euro6_4x2_a,trailer.willig.fuel_cistern,trailer_def.scs.fueltank.single_3.fueltank,30,1,0
69261,_nameless.183.450f.b1d0,subse,clermont,lkwlog,amsterdam,2,1052,0,0,canned_pork,man_4x2_c,trailer.scs_ref,trailer_def.scs.box.single_3.reefer,33,1,0
69261,_nameless.183.450f.98a0,subse,clermont,te_logistica,parma,0,812,0,0,coconut_milk,renault_t_4x2,trailer.kasbhr_sbt,trailer_def.kassbohrer.sbt.single_3_13.dryvan,34,1,0
69261,_nameless.183.450f.a740,subse,clermont,log_atlan,almeria,0,1399,0,0,beverages,scania_streamline_4x2_norm_380,trailer.scs_dry_m,trailer_def.scs.box.single_3.dryvan_m,33,1,0
69261,_nameless.183.450f.b6b0,domdepo_ru,vyborg,konstnr_wind,gedser,2,1433,540,1170,mtl_coil,renault_t_4x2,trailer.profilinehd,trailer_def.krone.profilinerhd.single_3.flatbed,1,1,0
69261,_nameless.183.450f.92f0,domdepo_ru,vyborg,gnt,panevezys,0,838,0,0,alu_profile,daf_xf_euro6_4x2_c,trailer.profilinehd,trailer_def.krone.profilinerhd.single_3.flatbed,2,1,0
69261,_nameless.183.450f.9f20,domdepo_ru,vyborg,sal_fi,ivalo,1,1153,0,0,plastic_gra,mercedes_actros_2014_6x4_b,trailer.ffb_eut35,trailer_def.feldbinder.eut.single_3_35.silo_35_3p,19,1,0
69261,_nameless.183.450f.a400,domdepo_ru,vyborg,onnelik,narva,1,312,0,0,excav_soil,iveco_sway_4x2_460,trailer.scs_dumper,trailer_def.scs.dumper.single_3.steel,17,1,0
69261,_nameless.183.450f.a4d0,domdepo_ru,vyborg,gnt,helsingborg,0,1176,540,1170,iron_pipes,daf_xf_euro6_6x4_c,trailer.scs_log,trailer_def.scs.log.single_3.steel,28,1,0
69261,_nameless.183.450f.9e50,nord_sten,sundsvall,nord_sten,kiruna,0,682,0,0,jcb_th540180,renault_premium_4x2_a,trailer.kasbhr_slle,trailer_def.kassbohrer.sll.single_3_ln.low,1,1,0
69261,_nameless.183.450f.9970,nord_sten,sundsvall,baltomorsk,klaipeda,1,585,510,1110,jcb_bhl4cx,renault_t_6x2,trailer.scs_lowbed41,trailer_def.scs.lowbed.single_41_ln.long,1,1,0
69261,_nameless.183.450f.ac20,nord_sten,sundsvall,dfh,rostock,1,1158,105,404,jcb_mexc19ce,man_tgx_2020_6x2,trailer.profilinehd,trailer_def.krone.profilinerhd.single_3.flatbed,3,1,0
69261,_nameless.183.450f.a810,ika_bohag,murcia,rt_log,zaragoza,1,595,0,0,used_packag,iveco_6x2_a,trailer.scs_dry_a,trailer_def.scs.box.single_3.dryvan,33,1,0
69261,_nameless.183.450f.a260,ika_bohag,murcia,app,malaga,0,433,0,0,pot_flowers,mercedes_6x4_a,trailer.scs_ref_a,trailer_def.scs.box.single_3.reefer,33,1,0
69261,_nameless.183.450f.9cb0,ika_bohag,murcia,tras_med,catania,1,420,1557,1788,empty_palet,man_tgx_euro6_4x2_xxl,trailer.scs_dry_m,trailer_def.scs.box.single_3.dryvan_m,33,1,0
69261,_nameless.183.450f.9d80,polar_fish,stavanger,tradeaux,lille,2,1260,195,1052,caviar,volvo_fh2024_4x2_420,trailer.scs_ins_a,trailer_def.scs.box.single_3.insulated,33,1,0
69261,_nameless.183.450f.a330,polar_fish,stavanger,eurogoodies,wroclaw,1,1364,195,1052,froz_octopi,scania_r_4x2_top_480,trailer.coolliner17,trailer_def.krone.coolliner.single_3.reefer,33,1,0
69261,_nameless.183.450f.9490,viljo_paper,tampere,domdepo,utena,2,845,150,430,empty_spool,renault_premium_6x4_a,trailer.scs_lowbed_4,trailer_def.scs.lowbed.single_4_sh.short,3,1,0
69261,_nameless.183.450f.9be0,viljo_paper,tampere,aerobalt,kaunas,0,826,150,430,large_cont,scania_r2016_6x2_high_460,trailer.scs_lowbed_3,trailer_def.scs.lowbed.single_3.short,27,1,0
69261,_nameless.183.450f.b440,viljo_paper,tampere,nch,turku,1,217,0,0,emptytank,renault_premium_4x2_c,trailer.scs_flat_b,trailer_def.scs.flatbed.single_3.flatbed_w,1,1,0
69261,_nameless.183.450f.a9b0,app,valencia,log_atlan,a_coruna,2,948,0,0,volvo_rims,volvo_fh2024_4x2_780,trailer.scs_flat_b,trailer_def.scs.flatbed.single_3.flatbed_w,5,1,0
69261,_nameless.183.450f.af60,app,valencia,trans_cab,santander,0,654,0,0,ibc_cont,mercedes_4x2_a,trailer.dryliner17,trailer_def.krone.dryliner.single_3.dryvan,33,1,0
69261,_nameless.183.450f.b370,cnp,wien,ai,bremen,1,994,0,0,kerosene,renault_magnum_6x2_a,trailer.willig.fuel_cistern,trailer_def.scs.fueltank.single_3.fueltank,30,1,0
69261,_nameless.183.450f.a8e0,cnp,wien,quarry,zurich,0,757,0,0,fuel_oil,renault_premium_6x4_a,trailer.scs_fueltank,trailer_def.scs.fueltank.single_3.fueltank,27,1,0
69261,_nameless.183.450f.8c70,cnp,wien,rock_eater,lamia,0,1510,0,0,fueltanker,renault_magnum_6x4_a,trailer.kasbhr_shg40,trailer_def.kassbohrer.shg.singl_3e_40.container,80,1,0
69261,_nameless.183.450f.b510,cnp,wien,drekkar,malmo,1,1025,105,404,volvo_a25g,"""heavy/scania_streamline_8x4_top_730""",trailer.scs_lowbed41,trailer_def.scs.lowbed.single_41_ln.long,1,1,0
69261,_nameless.183.450f.9560,norrsken,borlange,blt_ru,petersburg,1,715,570,1270,motorcycles,daf_xd25,trailer.scs_dry,trailer_def.scs.box.single_3.dryvan,33,1,0
69261,_nameless.183.450f.aa80,norrsken,borlange,sal_fi,oulu,0,798,0,0,hi_volt_cabl,volvo_fh2021_4x2_750,trailer.profiliner17,trailer_def.krone.profiliner.single_3.curtain,33,1,0
69261,_nameless.183.450f.bc60,norrsken,borlange,norr_food,andenes,1,1477,0,0,olive_oil_t,scania_r2016_6x4_high_660,trailer.ffb_tsalm32,trailer_def.feldbinder.tsalm.single_3_32.32_3_2,30,1,0
69261,_nameless.183.450f.8ee0,norrsken,borlange,rosmark_ru,kaliningrad,2,706,510,1110,med_vaccine,man_tgx_euro6_4x2_xxl,trailer.scs_ins_s,trailer_def.scs.box.single_3.insulated,33,1,0
69261,_nameless.183.450f.9150,norrsken,borlange,eurogoodies,berlin,1,1099,105,404,honey,"""double/iveco_4x2_a""",trailer.scs_curt_2,trailer_def.scs.box.double_3_2.curtain,30,1,0
69261,_nameless.183.450f.b780,transinet,cambridge,rt_log,hamburg,0,985,35,300,beverages,daf_xf_euro6_6x4_c,trailer.scs_ref_s,trailer_def.scs.box.single_3.reefer,30,1,0
69261,_nameless.183.450f.ab50,transinet,cambridge,eurogoodies,groningen,2,865,35,300,conc_juice_t,iveco_sway_4x2_580,trailer.scs_fodt,trailer_def.scs.foodtank.single_3.paint,18,1,0
69261,_nameless.183.450f.b5e0,transinet,cambridge,rt_log,innsbruck,2,1350,35,300,smokd_eel,daf_xf_euro6_4x2_c,trailer.scs_ref_s,trailer_def.scs.box.single_3.reefer,33,1,0
69261,_nameless.183.450f.b920,transinet,cambridge,tradeaux,clermont,2,907,35,300,smokd_sprats,volvo_fh16_4x2_420,trailer.scs_ref_s,trailer_def.scs.box.single_3.reefer,33,1,0
69261,_nameless.183.450f.acf0,aci,milano,aci,roma,2,576,0,0,apples_c,scania_r2016_6x4_high_660,trailer.krone.boxliner20,trailer_def.krone.boxliner.single_3.container,15,1,0
69261,_nameless.183.450f.9b10,aci,milano,betunia,pristina,1,1466,0,0,empty_spool,scania_s2016_4x2_norm_370,trailer.profilinehd,trailer_def.krone.profilinerhd.single_3.flatbed,4,1,0
69261,_nameless.183.450f.8ba0,aci,milano,villco,sarajevo,1,1221,0,0,apples,renault_t_4x2,trailer.scs_dry_s,trailer_def.scs.box.single_3.dryvan,33,1,0
69261,_nameless.183.450f.9ff0,baltomors_ru,pskov,euroacres,travemunde,0,1551,0,0,wood_bark,iveco_4x2_c,trailer.scs_dumper,trailer_def.scs.dumper.single_3.steel,27,1,0
69261,_nameless.183.450f.b850,baltomors_ru,pskov,lintukai_hrv,kuusamo,0,1180,0,0,log_harvest,"""heavy/iveco_6x4""",trailer.kasbhr_slle,trailer_def.kassbohrer.sll.single_3_ln.low,1,1,0
69261,_nameless.183.450f.a0c0,baltomors_ru,pskov,renat,siauliai,2,399,0,0,wooden_beams,volvo_fh16_4x2_420,trailer.scs_log,trailer_def.scs.log.single_3.steel,2,1,0
69261,_nameless.183.450f.adc0,cnp_str,nis,ns_oil,zurich,0,1579,0,0,fueltanker,renault_magnum_6x2_a,trailer.scs_gosck40,trailer_def.scs.gooseneck.singl_3e_40.container,80,1,0
69261,_nameless.183.450f.b9f0,cnp_str,nis,ns_oil,wien,0,861,0,0,motor_oil_c,man_tgx_2020_4x2,trailer.krone.boxliner40,trailer_def.krone.boxliner.single_3_40.container,30,1,0
69261,_nameless.183.450f.a190,cnp_str,nis,ai,banja_luka,0,602,0,0,kerosene,renault_premium_6x4_a,trailer.willig.fuel_cistern,trailer_def.scs.fueltank.single_3.fueltank,30,1,0
69261,_nameless.183.450f.ae90,cnp_str,nis,syllurgy,banja_luka,0,659,0,0,lpg,iveco_4x2_c,trailer.krone.boxliner20,trailer_def.krone.boxliner.single_3.container,40,1,0
69261,_nameless.183.450f.b030,domdepo,frankfurt,sanbuilders,birmingham,0,972,35,300,stone_wool,iveco_h_4x2_a,trailer.kasbhr_scs,trailer_def.kassbohrer.scs.single_3_13.curtain,34,1,0
69261,_nameless.183.450f.bac0,domdepo,frankfurt,rt_log,barcelona,0,1286,0,0,marb_blck2,scania_streamline_6x4_top_480,trailer.scs_flat_b,trailer_def.scs.flatbed.single_3.flatbed_w,2,1,0
69261,_nameless.183.450f.b100,domdepo,frankfurt,nbfc,calais,2,612,0,0,metal_center,"""heavy/man_tgx_2020_8x4""",trailer.scs_lowlowd4,trailer_def.scs.lowloader.single_4_sh.short,1,1,0
69261,_nameless.183.450f.bb90,domdepo,frankfurt,ortiz,barcelona,0,1290,0,0,mtl_coil,man_tgx_2020_6x2,trailer.profilinehd,trailer_def.krone.profilinerhd.single_3.flatbed,1,1,0
69261,_nameless.183.450f.8930,domdepo,frankfurt,drekkar,bergen,1,1481,195,1052,largetubes,mercedes_actros_2014_4x2_a,trailer.scs_log,trailer_def.scs.log.single_3.steel,6,1,0
69261,_nameless.183.450f.9700,nord_crown,aalborg,norrsken,stockholm,0,629,195,677,beverages_t,renault_premium_6x4_a,trailer.scs_fodt,trailer_def.scs.foodtank.single_3.paint,25,1,0
69261,_nameless.183.450f.8a00,nord_crown,aalborg,stokes,katowice,1,1248,0,0,drymilk,mercedes_actros_2014_4x2_b,trailer.profiliner17,trailer_def.krone.profiliner.single_3.curtain,33,1,0
69261,_nameless.183.450f.8ad0,nord_crown,aalborg,lkwlog,manchester,2,445,1140,1314,pet_food,mercedes_4x2_c,trailer.kasbhr_shg45,trailer_def.kassbohrer.scs.single_3_13.curtain,34,1,0
69261,_nameless.183.450f.8e10,nord_crown,aalborg,sellplan,nurnberg,0,980,0,0,sausages,"""double/mercedes_4x2_a""",trailer.scs_ins_b2,trailer_def.scs.box.bdouble_3_3.insulated,29,1,0
69261,_nameless.183.450f.8fb0,sanbuild_hms,beograd,rock_eater,kavala,0,613,0,0,roller,mercedes_4x2,trailer.scs_lowbed_3,trailer_def.scs.lowbed.single_3.short,1,1,0
69261,_nameless.183.450f.9080,sanbuild_hms,beograd,rock_eater,lamia,0,876,0,0,jcb_exc245xr,"""heavy/scania_streamline_8x4_top_730""",trailer.scs_lowbed_3,trailer_def.scs.lowbed.single_3.short,1,1,0
69261,_nameless.183.450f.9220,sanbuild_hms,beograd,posped,bystrica,1,577,0,0,tracks,iveco_h_4x2_a,trailer.scs_lowbed_4,trailer_def.scs.lowbed.single_4_sh.short,1,1,0
69261,_nameless.183.450f.9630,itcc_scrap,zenica,stokes,pristina,0,523,0,0,crawler,"""heavy/daf_xd""",trailer.scs_lowlow4e,trailer_def.scs.lowloader.single_4_ln.long,1,1,0
69261,_nameless.183.450f.c2e0,itcc_scrap,zenica,rock_eater,istanbul,2,1083,0,0,jcb_wload457,volvo_fh2021_6x2_540,trailer.scs_lowbed_3,trailer_def.scs.lowbed.single_3.short,1,1,0
69261,_nameless.183.450f.e6a0,itcc_scrap,zenica,wgcc,frankfurt,0,1269,0,0,large_cont,scania_s2016_6x4_high_730,trailer.scs_lowbed_3,trailer_def.scs.lowbed.single_3.short,27,1,0
69261,_nameless.183.450f.ca30,itcc_scrap,zenica,balkan_loco,ruse,0,767,0,0,scrap_metals,iveco_sway_4x2_500,trailer.scs_dumper,trailer_def.scs.dumper.single_3.steel,8,1,0
69261,_nameless.183.450f.cfe0,trameri,klagenfurt,posped,lublin,1,899,0,0,empty_spool,iveco_sway_4x2_580,trailer.scs_lowbed_4,trailer_def.scs.lowbed.single_4_sh.short,3,1,0
69261,_nameless.183.450f.c550,trameri,klagenfurt,ika_bohag,ancona,0,713,0,0,forklifts,volvo_fh2012_4x2_420,trailer.kasbhr_sla,trailer_def.kassbohrer.sla.single_3_sh.lowbed,3,1,0
69261,_nameless.183.450f.de80,trameri,klagenfurt,tradeaux,olsztyn,1,1021,0,0,plast_film,man_tgx_euro6_4x2_xl,trailer.profiliner17,trailer_def.krone.profiliner.single_3.curtain,33,1,0
69261,_nameless.183.450f.cd70,renar,kotka,renar,skelleftea,0,898,0,0,lux_yacht,scania_r2016_4x2_high_500,trailer.scs_lowbed_3,trailer_def.scs.lowbed.single_3.short,1,1,0
69261,_nameless.183.450f.d9a0,renar,kotka,fintyre,tampere,0,345,0,0,nylon_cord,mercedes_4x2_c,trailer.scs_dry,trailer_def.scs.box.single_3.dryvan,33,1,0
69261,_nameless.183.450f.d250,renar,kotka,gnt,jonkoping,2,764,540,1170,conc_juice_t,renault_premium_6x4_a,trailer.ffb_tsalm32,trailer_def.feldbinder.tsalm.single_3_32.32_3_2,21,1,0
69261,_nameless.183.450f.c3b0,posped,bratislava,drekkar,odense,1,1044,105,404,largetubes,mercedes_6x4_a,trailer.scs_flat_b,trailer_def.scs.flatbed.single_3.flatbed_w,6,1,0
69261,_nameless.183.450f.c7c0,posped,bratislava,tradeaux,lille,0,1258,0,0,truck_rims_c,daf_xf_euro6_4x2_b,trailer.kasbhr_shg20,trailer_def.kassbohrer.shg.singl_3e_20.container,15,1,0
69261,_nameless.183.450f.d730,sanbuild_cem,split,sanbuilders,berlin,1,1450,0,0,stones,scania_s2016_4x2_norm_370,trailer.scs_dumper,trailer_def.scs.dumper.single_3.steel,11,1,0
69261,_nameless.183.450f.dc10,gnt,svolvaer,renar,arvidsjaur,0,513,150,132,concr_beams2,scania_s2016_6x2_high_460,trailer.profilinehd,trailer_def.krone.profilinerhd.single_3.flatbed,2,1,0
69261,_nameless.183.450f.e840,gnt,svolvaer,aerobalt,helsinki,2,1443,0,0,air_mails,renault_t_6x2,trailer.scs_dry_ms,trailer_def.scs.box.single_3.dryvan_m,33,1,0
69261,_nameless.183.450f.d3f0,gnt,svolvaer,agronord,umea,1,669,150,132,planter,scania_r_4x2_top_480,trailer.scs_lowlow2e,trailer_def.scs.lowloader.single_2_ln.long,1,1,0
69261,_nameless.183.450f.d180,gnt,svolvaer,polarislines,nynashamn,0,1231,150,132,canned_beans,man_6x4_b,trailer.scs_dry,trailer_def.scs.box.single_3.dryvan,33,1,0
69261,_nameless.183.450f.dce0,dans_jardin,bordeaux,tradeaux,lille,2,1013,0,0,kr_bigp1290,scania_streamline_4x2_norm_380,trailer.scs_lowlow2e,trailer_def.scs.lowloader.single_2_ln.long,1,1,0
69261,_nameless.183.450f.d590,dans_jardin,bordeaux,app,faro,2,1430,0,0,disc_harrows,renault_magnum_6x4_a,trailer.scs_lowlowd2,trailer_def.scs.lowloader.single_2_sh.short,1,1,0
69261,_nameless.183.450f.da70,dans_jardin,bordeaux,supercesta,zaragoza,0,530,0,0,cauliflower,daf_xf_euro6_6x4_c,trailer.scs_dry_ms,trailer_def.scs.box.single_3.dryvan_m,33,1,0
69261,_nameless.183.450f.d660,dans_jardin,bordeaux,lkwlog,dortmund,0,1292,0,0,beans,daf_xd_1,trailer.profiliner17,trailer_def.krone.profiliner.single_3.curtain,33,1,0
69261,_nameless.183.450f.cb00,dans_jardin,bordeaux,exomar,burgos,2,484,0,0,tomatoes,daf_xf_euro6_4x2_a,trailer.scs_ref_s,trailer_def.scs.box.single_3.reefer,33,1,0
69261,_nameless.183.450f.db40,bjork,linkoping,lkwlog,nurnberg,0,1302,105,404,mulcher,"""heavy/daf_xd""",trailer.kasbhr_slle,trailer_def.kassbohrer.sll.single_3_ln.low,1,1,0
69261,_nameless.183.450f.ce40,bjork,linkoping,renar,dombas,0,797,0,0,volvo_ec220e,scania_r_4x2_top_480,trailer.scs_lowbed_3,trailer_def.scs.lowbed.single_3.short,1,1,0
69261,_nameless.183.450f.e910,bjork,linkoping,onnelik,narva,0,481,570,1270,wooden_beams,renault_t_6x2,trailer.scs_curt_a,trailer_def.scs.box.single_3.curtain,2,1,0
69261,_nameless.183.450f.e430,bjork,linkoping,tree_et,olsztyn,0,560,630,790,tractors,mercedes_actros_2014_6x4_b,trailer.kasbhr_sll,trailer_def.kassbohrer.sll.single_3_sh.low,1,1,0
69261,_nameless.183.450f.c140,bjork,linkoping,euroacres,osnabruck,1,1166,0,0,logs,daf_6x2_a,trailer.scs_log,trailer_def.scs.log.single_3.steel,32,1,0
69261,_nameless.183.450f.cca0,ateria,helsinki,sellplan,olsztyn,2,999,150,430,canned_pork,renault_premium_6x2_a,trailer.scs_ref_s,trailer_def.scs.box.single_3.reefer,31,1,0
69261,_nameless.183.450f.e500,ateria,helsinki,nordic_ports,ornskoldsvik,2,510,300,680,coconut_oil,mercedes_actros_2014_4x2_a,trailer.kasbhr_shg45,trailer_def.kassbohrer.scs.single_3_13.curtain,34,1,0
69261,_nameless.183.450f.d320,nucleon,paluel,rt_log,nurnberg,0,868,0,0,forklifts,scania_streamline_6x4_top_480,trailer.scs_lowbed41,trailer_def.scs.lowbed.single_41_ln.long,3,1,0
69261,_nameless.183.450f.df50,nucleon,paluel,quarry,cardiff,0,634,35,300,volvo_bucket,mercedes_actros_2014_4x2_a,trailer.kasbhr_sll,trailer_def.kassbohrer.sll.single_3_sh.low,1,1,0
69261,_nameless.183.450f.d0b0,radus,tartu,nch,turku,2,379,150,430,concr_beams2,volvo_fh2012_4x2_750,trailer.scs_flat_b,trailer_def.scs.flatbed.single_3.flatbed_w,2,1,0
69261,_nameless.183.450f.c620,polarislines,naantali,dfh,bremen,1,1313,540,1170,nylon_cord,iveco_sway_4x2_580,trailer.profiliner17,trailer_def.krone.profiliner.single_3.curtain,32,1,0
69261,_nameless.183.450f.eab0,polarislines,naantali,gnt,helsingborg,1,639,540,1170,olives,scania_streamline_4x2_top_560,trailer.scs_dry_m,trailer_def.scs.box.single_3.dryvan_m,33,1,0
69261,_nameless.183.450f.d800,tradeaux,toulouse,iberatomica,almaraz,0,1021,0,0,jcb_g100rs,renault_t_6x2,trailer.profilinehd,trailer_def.krone.profilinerhd.single_3.flatbed,4,1,0
69261,_nameless.183.450f.e1c0,tradeaux,toulouse,wilnet_trans,lemans,2,733,0,0,olive_oil,man_tgx_euro6_4x2_xl,trailer.scs_curt,trailer_def.scs.box.single_3.curtain,33,1,0
69261,_nameless.183.450f.cf10,tradeaux,toulouse,lisette_log,lemans,1,731,0,0,plant_substr,man_4x2_a,trailer.scs_dry_m,trailer_def.scs.box.single_3.dryvan_m,32,1,0
69261,_nameless.183.450f.c070,tradeaux,toulouse,acc,coimbra,2,1234,0,0,cable_reel,"""heavy/daf_xgp_4x2_530""",trailer.scs_lowlow4e,trailer_def.scs.lowloader.single_4_ln.long,1,1,0
69261,_nameless.183.450f.eb80,tradeaux,toulouse,lkwlog,osnabruck,0,1394,0,0,hvac,scania_r_4x2_norm_360,trailer.scs_lowbed41,trailer_def.scs.lowbed.single_41_ln.long,4,1,0
69261,_nameless.183.450f.be00,rimaf,tekirdag,tras_med,catania,1,1257,590,1092,kr_vpv190xc,scania_r_6x2_high_500,trailer.scs_lowlow4e,trailer_def.scs.lowloader.single_4_ln.long,1,1,0
69261,_nameless.183.450f.bed0,rimaf,tekirdag,fattoria_f,napoli,2,965,570,745,fert_spread,mercedes_4x2,trailer.scs_lowlow2e,trailer_def.scs.lowloader.single_2_ln.long,1,1,0
69261,_nameless.183.450f.c480,rimaf,tekirdag,fle,istanbul,1,190,0,0,live_cattle,volvo_fh2024_6x2_500,trailer.scs_livestk,trailer_def.scs.livestock.single_3s.str_stl,42,1,0
69261,_nameless.183.450e.fa30,rimaf,tekirdag,balkan_loco,skopje,2,631,0,0,tractor_c,"""heavy/scania_s2016_6x4_high_730""",trailer.scs_lowlow2e,trailer_def.scs.lowloader.single_2_ln.long,1,1,0
69261,_nameless.183.450e.f550,stokes,cardiff,elcano_fla,santander,0,284,1080,1176,sq_tub,volvo_fh2012_6x2_500,trailer.profilinehd,trailer_def.krone.profilinerhd.single_3.flatbed,2,1,0
69261,_nameless.183.450e.ee00,stokes,cardiff,exomar,burgos,1,450,1076,1172,cott_harvest,"""heavy/scania_r_6x4_top_730""",trailer.kasbhr_slle,trailer_def.kassbohrer.sll.single_3_ln.low,1,1,0
69261,_nameless.183.450f.1c50,cantera,burgos,cantera,a_coruna,1,601,0,0,excavator,mercedes_6x2_b,trailer.scs_lowbed_3,trailer_def.scs.lowbed.single_3.short,1,1,0
69261,_nameless.183.450f.1770,low_field,edirne,shuttle,podgorica,1,980,0,0,ffb_tsalm32,scania_r2016_6x2_high_460,trailer.ffb_tsalm32,trailer_def.ffb_tsalm32.ffb_tsalm32,100,1,0
69261,_nameless.183.450e.f2e0,low_field,edirne,balkan_loco,craiova,2,696,0,0,nuts,daf_xg_4x2_450,trailer.dryliner17,trailer_def.krone.dryliner.single_3.dryvan,33,1,0
69261,_nameless.183.450e.f140,kaarfor,swansea,rt_log,madrid,1,782,1076,1172,empty_palet,daf_xgp25_4x2_530,trailer.kasbhr_sbt,trailer_def.kassbohrer.sbt.single_3_13.dryvan,33,1,0
69261,_nameless.183.450f.1ec0,kaarfor,swansea,transinet,mannheim,1,1078,35,300,used_plast_c,man_tgx_euro6_4x2_xxl,trailer.scs_gosck20,trailer_def.scs.gooseneck.singl_3e_20.container,15,1,0
69261,_nameless.183.450e.f3b0,kaarfor,swansea,lisette_log,lemans,0,879,35,300,used_plast,scania_s2016_4x2_norm_370,trailer.kasbhr_shg45,trailer_def.kassbohrer.scs.single_3_13.curtain,34,1,0
69261,_nameless.183.450e.f480,sanbuild_cem,frankfurt,exomar,olbia,1,1430,720,827,cement,daf_4x2_a,trailer.ffb_kip60,trailer_def.feldbinder.kip.single_3_60.silo_60_3p,16,1,0
69261,_nameless.183.450f.1020,sanbuild_cem,frankfurt,lisette_log,rennes,0,941,0,0,jcb_dmp6t2,"""heavy/mercedes_6x4""",trailer.kasbhr_sll,trailer_def.kassbohrer.sll.single_3_sh.low,1,1,0
69261,_nameless.183.450f.0b40,shuttle,alesund,renar,kotka,1,1277,540,1170,limonades,mercedes_actros_2014_4x2_a,trailer.scs_curt,trailer_def.scs.box.single_3.curtain,33,1,0
69261,_nameless.183.450e.f620,shuttle,alesund,polarislines,liepaja,1,1003,510,1110,beverages,mercedes_actros_2014_4x2_a,trailer.scs_ins_a,trailer_def.scs.box.single_3.insulated,31,1,0
69261,_nameless.183.450e.fbd0,shuttle,alesund,gnt,kalmar,0,1144,0,0,beverages_t,iveco_h_4x2_a,trailer.ffb_tsalm32,trailer_def.feldbinder.tsalm.single_3_32.32_3_2,27,1,0
69261,_nameless.183.450f.15d0,shuttle,alesund,renor,karlstad,0,803,0,0,forklifts,volvo_fh16_4x2_420,trailer.scs_lowbed41,trailer_def.scs.lowbed.single_41_ln.long,5,1,0
69261,_nameless.183.450f.1840,shuttle,alesund,renar,andenes,1,1376,215,214,beverages_c,scania_streamline_6x2_norm_440,trailer.scs_gosck220,trailer_def.scs.gooseneck.singl_3e_220.container,30,1,0
69261,_nameless.183.450f.08d0,shuttle,alesund,renor,mo_i_rana,0,719,65,82,used_plast_c,scania_r_6x4_top_620,trailer.scs_gosck20,trailer_def.scs.gooseneck.singl_3e_20.container,15,1,0
69261,_nameless.183.450e.f210,cnp,thessaloniki,stokes,wien,0,1249,0,0,fuel_oil,volvo_fh2021_4x2_750,trailer.willig.fuel_cistern,trailer_def.scs.fueltank.single_3.fueltank,30,1,0
69261,_nameless.183.450f.0590,cnp,thessaloniki,icaria,kalamata,0,738,0,0,cable_reel,"""heavy/daf_6x4""",trailer.scs_lowlow4e,trailer_def.scs.lowloader.single_4_ln.long,1,1,0
69261,_nameless.183.450f.0800,cnp,thessaloniki,ai,sarajevo,0,742,0,0,propane,iveco_4x2_b,trailer.scs_gastank,trailer_def.scs.gastank.single_3.gastank,40,1,0
69261,_nameless.183.450f.1360,lintukainen,rovaniemi,lintukainen,tallinn,0,897,150,430,jcb_th540180,scania_r2016_6x4_high_660,trailer.kasbhr_sll,trailer_def.kassbohrer.sll.single_3_sh.low,1,1,0
69261,_nameless.183.450f.1910,lintukainen,rovaniemi,nord_sten,sundsvall,0,564,0,0,volvo_ec220e,daf_4x2_b,trailer.scs_lowbed_3,trailer_def.scs.lowbed.single_3.short,1,1,0
69261,_nameless.183.450f.0250,lintukainen,rovaniemi,gnt,panevezys,0,1263,150,430,vol_ew240emh,"""heavy/renault_t_6x4""",trailer.scs_lowbed41,trailer_def.scs.lowbed.single_41_ln.long,1,1,0
69261,_nameless.183.450e.f6f0,lkwlog,magdeburg,tradeaux,krakow,2,673,0,0,metal_center,"""heavy/volvo_fh2012_8x4_700""",trailer.kasbhr_sll,trailer_def.kassbohrer.sll.single_3_sh.low,1,1,0
69261,_nameless.183.450f.09a0,lkwlog,magdeburg,tree_et,bialystok,1,744,0,0,volvo_bucket,iveco_6x2_a,trailer.scs_lowbed41,trailer_def.scs.lowbed.single_41_ln.long,1,1,0
69261,_nameless.183.450e.ffe0,lkwlog,magdeburg,mvm_carriere,montpellier,1,1394,0,0,cable_reel,"""heavy/volvo_fh16_6x4_750""",trailer.scs_lowlow4e,trailer_def.scs.lowloader.single_4_ln.long,1,1,0
69261,_nameless.183.450f.1b80,lkwlog,magdeburg,nord_sten,kalmar,1,887,105,404,jcb_bhl4cx,iveco_sway_4x2_580,trailer.scs_lowbed_4,trailer_def.scs.lowbed.single_4_sh.short,1,1,0
69261,_nameless.183.450f.10f0,lintukainen,lappeenranta,sal_fi,ivalo,2,917,0,0,jcb_mexc19ce,mercedes_4x2,trailer.scs_flat_b,trailer_def.scs.flatbed.single_3.flatbed_w,3,1,0
69261,_nameless.183.450f.0ce0,lintukainen,lappeenranta,drekkar,linkoping,1,691,540,1170,mulcher,"""heavy/daf_xd""",trailer.scs_lowlow2e,trailer_def.scs.lowloader.single_2_ln.long,1,1,0
69261,_nameless.183.450e.ff10,lintukainen,lappeenranta,nordic_ports,trondheim,2,1109,300,680,logs,man_tgx_euro6_6x4_xlx,trailer.scs_log,trailer_def.scs.log.single_3.steel,32,1,0
69261,_nameless.183.450f.11c0,shuttle,beograd,cargotras,palermo,0,1345,560,767,limonades,man_tgx_euro6_6x4_xlx,trailer.kasbhr_scs,trailer_def.kassbohrer.scs.single_3_13.curtain,32,1,0
69261,_nameless.183.450f.1290,shuttle,beograd,icaria,mitilini,0,755,730,1440,beverages_c,iveco_6x2_a,trailer.scs_gosck20,trailer_def.scs.gooseneck.singl_3e_20.container,15,1,0
69261,_nameless.183.450e.ed30,shuttle,beograd,exomar,roma,0,1409,0,0,forklifts,volvo_fh2021_6x2_540,trailer.scs_lowbed_4,trailer_def.scs.lowbed.single_4_sh.short,3,1,0
69261,_nameless.183.450e.fca0,shuttle,beograd,blt,siauliai,0,1422,0,0,used_plast,volvo_fh16_4x2_420,trailer.scs_dry_ms,trailer_def.scs.box.single_3.dryvan_m,33,1,0
69261,_nameless.183.450e.eed0,ika_bohag,orebro,polarislines,kokkola,0,657,300,680,empty_palet,renault_premium_4x2_a,trailer.kasbhr_shg45,trailer_def.kassbohrer.scs.single_3_13.curtain,34,1,0
69261,_nameless.183.450e.efa0,ika_bohag,orebro,polarislines,helsinki,0,532,540,1170,pot_flowers,man_tgx_2020,trailer.scs_ins_s,trailer_def.scs.box.single_3.insulated,33,1,0
69261,_nameless.183.450f.0db0,ika_bohag,orebro,gnt,bergen,1,891,0,0,used_packag,volvo_fh2024_4x2_420,trailer.scs_dry_ms,trailer_def.scs.box.single_3.dryvan_m,33,1,0
69261,_nameless.183.450e.fe40,eurogoodies,szczecin,tradeaux,grimsby,2,1543,35,300,onion,mercedes_4x2,trailer.scs_dry_s,trailer_def.scs.box.single_3.dryvan,33,1,0
69261,_nameless.183.450f.1500,kaarfor,budapest,stokes,erfurt,0,908,0,0,used_plast_c,man_tgx_euro6_4x2_xxl,trailer.krone.boxliner40,trailer_def.krone.boxliner.single_3_40.container,30,1,0
69261,_nameless.183.450f.00b0,kaarfor,budapest,ns_oil_ru,kaliningrad,0,974,0,0,empty_palet,mercedes_4x2_b,trailer.scs_curt_s,trailer_def.scs.box.single_3.curtain,33,1,0
69261,_nameless.183.450f.0730,kaarfor,budapest,stokes,tirana,0,981,0,0,used_plast,daf_xd,trailer.scs_curt,trailer_def.scs.box.single_3.curtain,33,1,0
69261,_nameless.183.450e.f7c0,nch,turku,ai,kassel,0,1543,540,1170,sulfuric,mercedes_4x2_a,trailer.kasbhr_shg20,trailer_def.kassbohrer.shg.singl_3e_20.container,40,1,0
69261,_nameless.183.450e.f890,nch,turku,nordic_ports,mo_i_rana,0,871,300,680,fish_chips,"""double/renault_premium_4x2_a""",trailer.scs_ref_2,trailer_def.scs.box.double_3_2.reefer,52,1,0
69261,_nameless.183.450f.0e80,nch,turku,renar,lulea,0,787,0,0,sheep_wool,"""double/man_4x2_a""",trailer.scs_dry_2,trailer_def.scs.box.double_3_2.dryvan,52,1,0
69261,_nameless.183.450e.f960,nch,turku,transinet,szczecin,0,1466,150,430,mob_screener,"""heavy/scania_r_6x4_top_730""",trailer.scs_lowbed41,trailer_def.scs.lowbed.single_41_ln.long,1,1,0
69261,_nameless.183.450f.2950,kaarfor,iasi,posped,lublin,0,1149,0,0,used_plast_c,volvo_fh2012_4x2_420,trailer.scs_gosck220,trailer_def.scs.gooseneck.singl_3e_220.container,30,1,0
69261,_nameless.183.450f.3f40,kaarfor,iasi,lognstick,tekirdag,0,976,0,0,used_plast,scania_r2016_6x4_high_660,trailer.scs_dry_m,trailer_def.scs.box.single_3.dryvan_m,33,1,0
69261,_nameless.183.450f.34b0,kaarfor,iasi,tradeaux,pecs,0,930,0,0,empty_palet,daf_xd,trailer.scs_dry_m,trailer_def.scs.box.single_3.dryvan_m,32,1,0
69261,_nameless.183.450f.3b30,kaarfor,iasi,stokes,maribor,1,1196,0,0,used_packag,iveco_4x2_c,trailer.kasbhr_shg45,trailer_def.kassbohrer.scs.single_3_13.curtain,34,1,0
69261,_nameless.183.450f.26e0,trameri,amsterdam,gnt,helsingborg,0,964,0,0,empty_barr,volvo_fh2024_4x2_780,trailer.scs_dry_ms,trailer_def.scs.box.single_3.dryvan_m,33,1,0
69261,_nameless.183.450f.2470,trameri,amsterdam,stokes,dijon,1,749,0,0,overweight,scania_streamline_6x2_norm_440,trailer.scs_lowbed41,trailer_def.scs.lowbed.single_41_ln.long,1,1,0
69261,_nameless.183.450f.3310,norr_food,odense,lkwlog,dortmund,0,614,0,0,used_packag,iveco_sway_4x2_580,trailer.scs_dry,trailer_def.scs.box.single_3.dryvan,33,1,0
69261,_nameless.183.450f.5390,norr_food,odense,renar,arvidsjaur,2,1478,0,0,used_plast,mercedes_4x2_a,trailer.kasbhr_shg45,trailer_def.kassbohrer.scs.single_3_13.curtain,34,1,0
69261,_nameless.183.450f.4420,sanbuilders,brno,lkwlog,magdeburg,2,591,0,0,jcb_dmphtd5e,volvo_fh2024_6x2_500,trailer.profilinehd,trailer_def.krone.profilinerhd.single_3.flatbed,7,1,0
69261,_nameless.183.450f.5120,sanbuilders,brno,lkwlog,lodz,1,398,0,0,volvo_a25g,"""heavy/man_tgx_2020_8x4""",trailer.scs_lowlow4e,trailer_def.scs.lowloader.single_4_ln.long,1,1,0
69261,_nameless.183.450f.2af0,kivi,kotka,gnt,kalmar,1,824,540,1170,volvo_bucket,mercedes_actros_2014_6x2_a,trailer.kasbhr_slle,trailer_def.kassbohrer.sll.single_3_ln.low,1,1,0
69261,_nameless.183.450f.3580,kivi,kotka,konstnr_hs,malmo,1,1030,540,1170,stones,scania_s2016_4x2_norm_370,trailer.scs_dumper,trailer_def.scs.dumper.single_3.steel,13,1,0
69261,_nameless.183.450f.3c00,cont_port,tallinn,wgcc,gdansk,2,954,0,0,neon,daf_4x2_a,trailer.krone.boxliner40,trailer_def.krone.boxliner.single_3_40.container,80,1,0
69261,_nameless.183.450f.3650,cont_port,tallinn,gnt,kalmar,0,591,570,1270,chem_sorb_c,daf_xd_1,trailer.krone.boxliner40,trailer_def.krone.boxliner.single_3_40.container,30,1,0
69261,_nameless.183.450f.4010,cont_port,tallinn,cont_port,alesund,0,1028,570,1270,arsenic,iveco_sway_4x2_460,trailer.krone.boxliner20,trailer_def.krone.boxliner.single_3.container,40,1,0
69261,_nameless.183.450f.51f0,timberturtle,hunedoara,low_field,constanta,0,794,0,0,lumber,volvo_fh2024_4x2_780,trailer.profilinehd,trailer_def.krone.profilinerhd.single_3.flatbed,3,1,0
69261,_nameless.183.450f.3240,timberturtle,hunedoara,lkwlog,kosice,1,628,0,0,jcb_bhl4cx,volvo_fh16_4x2_420,trailer.scs_lowbed_4,trailer_def.scs.lowbed.single_4_sh.short,1,1,0
69261,_nameless.183.450f.37f0,timberturtle,hunedoara,lognstick,galati,2,572,0,0,logs,volvo_fh2012_6x2_500,trailer.scs_log,trailer_def.scs.log.single_3.steel,32,1,0
69261,_nameless.183.450f.2130,batisse_road,bordeaux,globeur,lehavre,2,818,0,0,jcb_exc245xr,"""heavy/scania_r_6x4_top_730""",trailer.scs_lowbed_3,trailer_def.scs.lowbed.single_3.short,1,1,0
69261,_nameless.183.450f.49d0,renar,vaxjo,posped,strasbourg,1,1429,0,0,comp_process,man_4x2_a,trailer.scs_dry_a,trailer_def.scs.box.single_3.dryvan,33,1,0
69261,_nameless.183.450f.3cd0,renar,vaxjo,polarislines,frederikshv,1,316,195,677,chem_sorbent,iveco_sway_4x2_580,trailer.kasbhr_scs,trailer_def.kassbohrer.scs.single_3_13.curtain,34,1,0
69261,_nameless.183.450f.3720,renar,vaxjo,dfh,berlin,1,695,105,404,stone_wool,mercedes_6x4_a,trailer.scs_dry_a,trailer_def.scs.box.single_3.dryvan,33,1,0
69261,_nameless.183.450f.2d60,fui,firenze,wilnet_trans,lemans,0,1392,0,0,ffb_tsalm32,man_6x4_b,trailer.ffb_tsalm32,trailer_def.ffb_tsalm32.ffb_tsalm32,100,1,0
69261,_nameless.183.450f.3da0,fui,firenze,subse,bitola,0,989,570,745,beans,man_tgx_euro6_4x2_xl,trailer.scs_dry_a,trailer_def.scs.box.single_3.dryvan,33,1,0
69261,_nameless.183.450f.4eb0,eolo_lines,porto_vecchi,cesta_sl,granada,1,1030,930,1182,iced_coffee,daf_xd_2,trailer.kasbhr_scs,trailer_def.kassbohrer.scs.single_3_13.curtain,34,1,0
69261,_nameless.183.450f.2540,eolo_lines,porto_vecchi,cargotras,livorno,0,624,840,1193,canned_beef,daf_xf_euro6_6x4_c,trailer.scs_ins_s,trailer_def.scs.box.single_3.insulated,33,1,0
69261,_nameless.183.450f.2bc0,lisette_log,nice,dans_jardin,bordeaux,0,934,0,0,tractors,man_4x2_a,trailer.scs_lowbed41,trailer_def.scs.lowbed.single_41_ln.long,1,1,0
69261,_nameless.183.450f.52c0,lisette_log,nice,exomar,olbia,0,824,720,827,goat_cheese,scania_streamline_6x4_top_480,trailer.scs_ins,trailer_def.scs.box.single_3.insulated,33,1,0
69261,_nameless.183.450f.2fd0,lisette_log,nice,lkwlog,venezia,0,590,0,0,disc_harrows,iveco_sway_4x2_580,trailer.scs_lowlow4e,trailer_def.scs.lowloader.single_4_ln.long,1,1,0
69261,_nameless.183.450f.41b0,fcp,manchester,renor,kobenhavn,2,480,1140,1314,scrap_metals,renault_t_4x2h,trailer.scs_dumper,trailer_def.scs.dumper.single_3.steel,8,1,0
69261,_nameless.183.450f.5460,fcp,manchester,norrsken,goteborg,0,831,1140,1314,used_plast,daf_xg_4x2_450,trailer.kasbhr_scs,trailer_def.kassbohrer.scs.single_3_13.curtain,34,1,0
69261,_nameless.183.450f.30a0,sanbuild_cem,tirana,acc,terni,0,591,540,420,coal,mercedes_actros_2014_4x2_b,trailer.scs_dumper,trailer_def.scs.dumper.single_3.steel,15,1,0
69261,_nameless.183.450f.2a20,brawen,thessaloniki,balkan_loco,edirne,1,508,0,0,onion,daf_xf_4x2_370,trailer.scs_dry_s,trailer_def.scs.box.single_3.dryvan,33,1,0
69261,_nameless.183.450f.4de0,brawen,thessaloniki,brawen,ljubljana,2,1185,0,0,pet_food,iveco_4x2_b,trailer.scs_dry,trailer_def.scs.box.single_3.dryvan,33,1,0
69261,_nameless.183.450f.2200,brawen,thessaloniki,fallow,podgorica,0,642,0,0,asph_miller,"""heavy/daf_6x4""",trailer.scs_lowbed41,trailer_def.scs.lowbed.single_41_ln.long,1,1,0
69261,_nameless.183.450f.2c90,shuttle,vlore,icaria,argostoli,1,412,460,720,limonades,daf_xg_4x2_450,trailer.scs_dry_ms,trailer_def.scs.box.single_3.dryvan_m,30,1,0
69261,_nameless.183.450f.22d0,shuttle,vlore,rt_log,salzburg,1,1506,0,0,used_packag,scania_r_4x2_norm_360,trailer.kasbhr_scs,trailer_def.kassbohrer.scs.single_3_13.curtain,34,1,0
69261,_nameless.183.450f.3170,shuttle,vlore,adrica,split,1,696,0,0,bottle_water,mercedes_4x2,trailer.kasbhr_shg45,trailer_def.kassbohrer.scs.single_3_13.curtain,32,1,0
69261,_nameless.183.450f.3a60,shuttle,vlore,lkwlog,brno,0,1453,0,0,nonalco_beer,mercedes_actros_2014_6x2_a,trailer.kasbhr_scs,trailer_def.kassbohrer.scs.single_3_13.curtain,34,1,0
69261,_nameless.183.450f.23a0,shuttle,vlore,lognstick,bucuresti,0,1044,0,0,carb_water,daf_xf_euro6_4x2_a,trailer.scs_curt,trailer_def.scs.box.single_3.curtain,32,1,0
69261,_nameless.183.450f.40e0,shuttle,vlore,brawen,banja_luka,1,902,0,0,beverages_c,renault_premium_4x2_a,trailer.scs_gosck40,trailer_def.scs.gooseneck.singl_3e_40.container,30,1,0
69261,_nameless.183.450f.4280,trans_cab,murcia,kaarfor,montpellier,1,1037,0,0,honey,man_tgx_2020_6x2,trailer.scs_dry_s,trailer_def.scs.box.single_3.dryvan,33,1,0
69261,_nameless.183.450f.2f00,trans_cab,murcia,tras_med,catania,0,440,1557,1788,kr_vpv190xc,volvo_fh2021_6x2_540,trailer.kasbhr_sla,trailer_def.kassbohrer.sla.single_3_sh.lowbed,1,1,0
69261,_nameless.183.450f.4d10,tras_med,roma,stokes,dijon,0,1167,0,0,pet_food_c,scania_streamline_6x2_norm_440,trailer.kasbhr_shg20,trailer_def.kassbohrer.shg.singl_3e_20.container,15,1,0
69261,_nameless.183.450f.45c0,tras_med,roma,lkwlog,dortmund,1,1574,0,0,med_vaccine,mercedes_4x2_c,trailer.scs_ref,trailer_def.scs.box.single_3.reefer,33,1,0
69261,_nameless.183.450f.4690,tras_med,roma,sanbuilders,berlin,0,1472,0,0,glass,man_tgx_2020,trailer.panel_trans.glass,trailer_def.glass.panel_trans.glass,90,1,0
69261,_nameless.183.450f.4760,tras_med,roma,cargotras,olbia,0,520,840,879,med_equip,scania_r_4x2_norm_360,trailer.scs_ref_s,trailer_def.scs.box.single_3.reefer,33,1,0
69261,_nameless.183.450f.4830,eviksi,liepaja,posped,bratislava,0,1237,0,0,cont_trees,renault_premium_4x2_a,trailer.scs_ref,trailer_def.scs.box.single_3.reefer,33,1,0
69261,_nameless.183.450f.4900,eviksi,liepaja,sanbuilders,warszawa,2,635,0,0,ter_forklift,volvo_fh2012_4x2_420,trailer.scs_flat_b,trailer_def.scs.flatbed.single_3.flatbed_w,2,1,0
69261,_nameless.183.450f.4f80,eviksi,liepaja,ateria,lahti,0,746,150,430,carrots,daf_xf_euro6_6x2_a,trailer.scs_curt,trailer_def.scs.box.single_3.curtain,33,1,0
69261,_nameless.183.450f.4b70,costruzi_win,palermo,trans_cab,madrid,0,463,1557,1788,empty_palet,iveco_4x2_c,trailer.scs_curt_a,trailer_def.scs.box.single_3.curtain,33,1,0
69261,_nameless.183.450f.5050,costruzi_win,palermo,adrica,split,1,1162,620,662,jcb_dmp6t2,"""heavy/iveco_6x4""",trailer.scs_lowbed41,trailer_def.scs.lowbed.single_41_ln.long,1,1,0
69261,_nameless.183.450f.6f30,huerta,huelva,log_atlan,almeria,0,609,0,0,potatoes,man_tgx_euro6_4x2_xxl,trailer.scs_dry_ms,trailer_def.scs.box.single_3.dryvan_m,33,1,0
69261,_nameless.183.450f.86c0,huerta,huelva,mvm_carriere,bastia,1,1252,930,1182,volvo_bucket,renault_premium_6x4_a,trailer.scs_lowlowd4,trailer_def.scs.lowloader.single_4_sh.short,1,1,0
69261,_nameless.183.450f.6640,huerta,huelva,app,zaragoza,1,898,0,0,kr_stc1370,volvo_fh2024_6x2_500,trailer.scs_lowlow4e,trailer_def.scs.lowloader.single_4_ln.long,1,1,0
69261,_nameless.183.450f.8380,marina,bonifacio,baltrak,tekirdag,2,1411,1620,1979,large_cont,daf_xd_1,trailer.profilinehd,trailer_def.krone.profilinerhd.single_3.flatbed,33,1,0
69261,_nameless.183.450f.7000,rock_eater,brasov,rock_eater,kragujevac,2,660,0,0,roller,iveco_sway_4x2_460,trailer.kasbhr_sll,trailer_def.kassbohrer.sll.single_3_sh.low,1,1,0
69261,_nameless.183.450f.7340,domdepo_ru,pleven,betunia,pristina,2,472,0,0,marb_blck2,scania_streamline_4x2_norm_380,trailer.scs_flat_b,trailer_def.scs.flatbed.single_3.flatbed_w,2,1,0
69261,_nameless.183.450f.74e0,domdepo_ru,pleven,lefko,thessaloniki,0,542,0,0,wooden_beams,scania_s2016_6x2_high_460,trailer.scs_curt_a,trailer_def.scs.box.single_3.curtain,2,1,0
69261,_nameless.183.450f.7dd0,domdepo_ru,pleven,trainfoundry,resita,1,493,0,0,plast_pipes,man_6x4_b,trailer.scs_flat_b,trailer_def.scs.flatbed.single_3.flatbed_w,4,1,0
69261,_nameless.183.450f.5ef0,domdepo_ru,pleven,fallow,podgorica,2,695,0,0,wallpanels,volvo_fh16_4x2_420,trailer.panel_trans.wall,trailer_def.wallpanels.panel_trans.wall,85,1,0
69261,_nameless.183.450f.6230,domdepo_ru,pleven,betunia,zadar,2,1215,0,0,iron_pipes,scania_r2016_6x2_high_460,trailer.scs_log,trailer_def.scs.log.single_3.steel,28,1,0
69261,_nameless.183.450f.5fc0,stokes,warszawa,tradeaux,klagenfurt,0,873,0,0,windml_tube,daf_xf_euro6_4x2_b,trailer.kasbhr_sla,trailer_def.kassbohrer.sla.single_3_sh.lowbed,1,1,0
69261,_nameless.183.450f.6160,stokes,warszawa,rosmark,liepaja,2,647,0,0,mondeos,man_tgx_euro6_6x4_xlx,trailer.car_trans,trailer_def.mondeos.car_trans,100,1,0
69261,_nameless.183.450f.5a10,stokes,warszawa,ika_ru,petersburg,0,1222,0,0,furniture,daf_xgp_4x2_530,trailer.profiliner17,trailer_def.krone.profiliner.single_3.curtain,33,1,0
69261,_nameless.183.450f.5870,konstnr_hs,steinkjer,nord_sten,jonkoping,1,1137,0,0,volvo_bucket,renault_magnum_6x2_a,trailer.scs_lowlow2e,trailer_def.scs.lowloader.single_2_ln.long,1,1,0
69261,_nameless.183.450f.6e60,konstnr_hs,steinkjer,cemelt_win,liepaja,0,1078,510,1110,ter_forklift,scania_streamline_4x2_norm_380,trailer.scs_flat_b,trailer_def.scs.flatbed.single_3.flatbed_w,2,1,0
69261,_nameless.183.450f.81e0,acc,madrid,batisse_base,clermont,0,1083,0,0,metal_pipes,renault_premium_6x2_a,trailer.profilinehd,trailer_def.krone.profilinerhd.single_3.flatbed,2,1,0
69261,_nameless.183.450f.70d0,acc,madrid,cargotras,sassari,0,646,720,827,re_bars,mercedes_4x2_a,trailer.profilinehd,trailer_def.krone.profilinerhd.single_3.flatbed,2,1,0
69261,_nameless.183.450f.63d0,acc,madrid,batisse_base,calvi,1,661,930,1182,largetubes,iveco_sway_4x2_460,trailer.scs_log,trailer_def.scs.log.single_3.steel,6,1,0
69261,_nameless.183.450f.8790,posped,london,rt_log,nurnberg,2,924,35,300,volvo_rims,iveco_sway_4x2_580,trailer.scs_flat_b,trailer_def.scs.flatbed.single_3.flatbed_w,5,1,0
69261,_nameless.183.450f.6090,posped,london,shuttle,bremen,0,866,35,300,carrots_c,iveco_4x2_a,trailer.scs_gosck40,trailer_def.scs.gooseneck.singl_3e_40.container,30,1,0
69261,_nameless.183.450f.6300,posped,london,posped,verona,1,1373,35,300,vans_vt,scania_r2016_6x2_high_460,trailer.truck_trans,trailer_def.vans_vt.truck_trans,100,1,0
69261,_nameless.183.450f.7750,rt_log,travemunde,sanbuild_hms,mannheim,0,610,0,0,jcb_exc245xr,"""heavy/mercedes_6x4""",trailer.scs_lowbed_3,trailer_def.scs.lowbed.single_3.short,1,1,0
69261,_nameless.183.450f.71a0,rt_log,travemunde,brawen,ljubljana,1,1199,0,0,polyst_box,man_6x4_b,trailer.scs_dry_a,trailer_def.scs.box.single_3.dryvan,33,1,0
69261,_nameless.183.450f.6cc0,rt_log,travemunde,nord_crown,odense,0,383,0,0,almond,daf_xd_2,trailer.kasbhr_scs,trailer_def.kassbohrer.scs.single_3_13.curtain,34,1,0
69261,_nameless.183.450f.64a0,stokes,dijon,dfh,berlin,2,1104,0,0,chimney_syst,volvo_fh16_4x2_420,trailer.scs_dry_a,trailer_def.scs.box.single_3.dryvan,33,1,0
69261,_nameless.183.450f.7410,stokes,dijon,eurogoodies,leipzig,0,970,0,0,chocolate,daf_xf_euro6_6x2_a,trailer.scs_dry_a,trailer_def.scs.box.single_3.dryvan,30,1,0
69261,_nameless.183.450f.8450,stokes,dijon,dfh,duisburg,0,616,0,0,jcb_dmphtd5e,iveco_sway_4x2_580,trailer.scs_flat_b,trailer_def.scs.flatbed.single_3.flatbed_w,7,1,0
69261,_nameless.183.450f.8860,itcc,glasgow,stokes,amsterdam,0,564,660,995,outdr_flr_tl,mercedes_actros_2014_4x2_a,trailer.scs_dry_m,trailer_def.scs.box.single_3.dryvan_m,32,1,0
69261,_nameless.183.450f.6710,itcc,glasgow,konstnr_hs,helsingborg,0,872,1140,1314,concr_stair,man_6x4_b,trailer.profilinehd,trailer_def.krone.profilinerhd.single_3.flatbed,3,1,0
69261,_nameless.183.450f.75b0,sag_tre,steinkjer,norrsken,karlstad,2,928,0,0,jcb_th540180,scania_r2016_6x2_high_460,trailer.scs_lowlow2e,trailer_def.scs.lowloader.single_2_ln.long,1,1,0
69261,_nameless.183.450f.6b20,sag_tre,steinkjer,drekkar,uppsala,1,758,0,0,empty_palet,"""double/scania_s2016_6x4_high_660""",trailer.scs_curt_2,trailer_def.scs.box.double_3_2.curtain,52,1,0
69261,_nameless.183.450f.7b60,sag_tre,steinkjer,lintukainen,kuusamo,2,1184,0,0,ter_forklift,scania_r2016_4x2_norm_370,trailer.scs_flat_b,trailer_def.scs.flatbed.single_3.flatbed_w,2,1,0
69261,_nameless.183.450f.7f70,sag_tre,steinkjer,gnt,vilnius,0,1256,510,1110,exc_craw,"""heavy/scania_s2016_6x4_high_730""",trailer.scs_lowlow4e,trailer_def.scs.lowloader.single_4_ln.long,1,1,0
69261,_nameless.183.450f.6980,sag_tre,steinkjer,muromec,pskov,0,1213,570,1270,forklifts,daf_6x2_a,trailer.scs_lowbed41,trailer_def.scs.lowbed.single_41_ln.long,4,1,0
69261,_nameless.183.450f.68b0,sag_tre,steinkjer,sanbuild_hms,skelleftea,0,734,0,0,jcb_exc245xr,"""heavy/daf_xd""",trailer.scs_lowbed41,trailer_def.scs.lowbed.single_41_ln.long,1,1,0
69261,_nameless.183.450f.6d90,trameri,brno,tradeaux,olsztyn,0,671,0,0,sandwch_pnls,scania_streamline_4x2_norm_380,trailer.scs_curt_s,trailer_def.scs.box.single_3.curtain,33,1,0
69261,_nameless.183.450f.7680,trameri,brno,ika_bohag,beograd,0,744,0,0,forklifts,daf_6x2_a,trailer.scs_lowbed_3,trailer_def.scs.lowbed.single_3.short,4,1,0
69261,_nameless.183.450f.5530,trameri,brno,gnt,kalmar,0,1174,105,404,emptytank,iveco_6x2_a,trailer.profilinehd,trailer_def.krone.profilinerhd.single_3.flatbed,1,1,0
69261,_nameless.183.450f.79c0,ika_bohag,haparanda,renar,jyvaskyla,0,418,0,0,used_packag,mercedes_actros_2014_4x2_a,trailer.scs_curt,trailer_def.scs.box.single_3.curtain,33,1,0
69261,_nameless.183.450f.7a90,ika_bohag,haparanda,dfh,rostock,0,1593,105,404,pot_flowers,volvo_fh2024_4x2_780,trailer.scs_ins_a,trailer_def.scs.box.single_3.insulated,33,1,0
69261,_nameless.183.450f.6a50,ika_bohag,haparanda,renar,kuusamo,2,255,0,0,empty_palet,mercedes_actros_2014_6x4_b,trailer.kasbhr_scs,trailer_def.kassbohrer.scs.single_3_13.curtain,34,1,0
69261,_nameless.183.450f.82b0,cesta_sl,salamanca,chimi,larochelle,0,977,0,0,empty_palet,renault_t_4x2,trailer.scs_curt_s,trailer_def.scs.box.single_3.curtain,33,1,0
69261,_nameless.183.450f.5600,cesta_sl,salamanca,ts_atlas,lisboa,1,418,0,0,used_plast_c,scania_r_6x2_high_500,trailer.krone.boxliner40,trailer_def.krone.boxliner.single_3_40.container,30,1,0
69261,_nameless.183.450f.6bf0,cesta_sl,salamanca,eolo_lines,lile_rousse,2,969,930,1182,used_packag,scania_r2016_6x4_high_660,trailer.scs_dry_m,trailer_def.scs.box.single_3.dryvan_m,33,1,0
69261,_nameless.183.450f.56d0,cesta_sl,salamanca,eolo_lines,palermo,2,763,1557,1788,used_plast,scania_r_6x4_top_620,trailer.scs_dry_s,trailer_def.scs.box.single_3.dryvan,33,1,0
69261,_nameless.183.450f.5bb0,ika_bohag,aalborg,suprema,parnu,0,840,765,1947,pot_flowers,renault_t_6x2,trailer.scs_ref_a,trailer_def.scs.box.single_3.reefer,33,1,0
69261,_nameless.183.3c74.7de0,ika_bohag,aalborg,ns_oil,klaipeda,0,816,705,1787,empty_palet,iveco_sway_4x2_460,trailer.scs_dry,trailer_def.scs.box.single_3.dryvan,33,1,0
69261,_nameless.183.3c74.8530,sal,livorno,stokes,tirana,2,785,540,420,jcb_mexc19ce,daf_xd_1,trailer.scs_flat_b,trailer_def.scs.flatbed.single_3.flatbed_w,3,1,0
69261,_nameless.183.3c74.6580,sag_tre,oslo,dfh,rostock,1,824,105,404,jcb_dmphtd5e,daf_xg_4x2_450,trailer.profilinehd,trailer_def.krone.profilinerhd.single_3.flatbed,7,1,0
69261,_nameless.183.3c74.8460,sag_tre,oslo,nch,turku,1,727,540,1170,wood_chipper,"""heavy/volvo_fh16_6x4_750""",trailer.kasbhr_slle,trailer_def.kassbohrer.sll.single_3_ln.low,1,1,0
69261,_nameless.183.3c74.7760,sag_tre,oslo,skog_paper,trondheim,0,696,0,0,ter_forklift,daf_xd,trailer.profilinehd,trailer_def.krone.profilinerhd.single_3.flatbed,2,1,0
69261,_nameless.183.3c74.8c80,sag_tre,oslo,gnt,helsingborg,0,552,0,0,jcb_pw125qe,renault_premium_4x2_a,trailer.profilinehd,trailer_def.krone.profilinerhd.single_3.flatbed,24,1,0
69261,_nameless.183.3c74.8d50,sag_tre,oslo,viljo_paper,kouvola,2,1072,540,1170,logs,daf_xf_euro6_4x2_a,trailer.scs_log,trailer_def.scs.log.single_3.steel,32,1,0
69261,_nameless.183.3c74.7010,sag_tre,oslo,borealis,bodo,0,1326,0,0,wooden_beams,mercedes_actros_2014_6x2_a,trailer.scs_log,trailer_def.scs.log.single_3.steel,2,1,0
69261,_nameless.183.3c74.7900,euroacres,bialystok,rt_log,bern,0,1520,0,0,ffb_eut35,iveco_4x2_b,trailer.ffb_eut35,trailer_def.ffb_eut35.ffb_eut35,100,1,0
69261,_nameless.183.3c74.7eb0,euroacres,bialystok,norrsken,orebro,0,799,510,1110,straw_bales,daf_xd_2,trailer.scs_curt_s,trailer_def.scs.box.single_3.curtain,6,1,0
69261,_nameless.183.3c74.6f40,ns_oil_ru,kaliningrad,rt_log,graz,1,1116,0,0,ethane,daf_xd25,trailer.scs_gastank,trailer_def.scs.gastank.single_3.gastank,40,1,0
69261,_nameless.183.3c74.70e0,ns_oil_ru,kaliningrad,timberturtle,brasov,2,1544,0,0,lpg_t,daf_xg_4x2_450,trailer.scs_gastank,trailer_def.scs.gastank.single_3.gastank,40,1,0
69261,_nameless.183.3c74.7aa0,ns_oil_ru,kaliningrad,bcp,munchen,0,1102,0,0,motor_oil,mercedes_4x2_b,trailer.kasbhr_shg45,trailer_def.kassbohrer.scs.single_3_13.curtain,34,1,0
69261,_nameless.183.3c74.71b0,ns_oil_ru,kaliningrad,nord_sten,kalmar,1,460,630,790,fueltanker,scania_s2016_6x2_high_460,trailer.scs_gosck220,trailer_def.scs.gooseneck.singl_3e_220.container,80,1,0
69261,_nameless.183.3c74.7350,marina,cagliari,tradeaux,paris,2,1331,720,827,yacht,renault_premium_6x4_a,trailer.scs_lowbed_4,trailer_def.scs.lowbed.single_4_sh.short,1,1,0
69261,_nameless.183.3c74.6a60,comoto,valladolid,chimi,larochelle,0,772,0,0,contamin,volvo_fh2012_6x2_500,trailer.krone.boxliner220,trailer_def.krone.boxliner.single_3_220.container,80,1,0
69261,_nameless.183.3c74.79d0,comoto,valladolid,vitas_pwr,pamplona,0,406,0,0,ibc_cont,daf_xgp25_4x2_530,trailer.scs_curt_s,trailer_def.scs.box.single_3.curtain,33,1,0
69261,_nameless.183.3c74.8940,comoto,valladolid,log_atlan,almeria,0,753,0,0,empty_palet,scania_r_4x2_top_480,trailer.dryliner17,trailer_def.krone.dryliner.single_3.dryvan,33,1,0
69261,_nameless.183.3c74.8ef0,comoto,valladolid,renar,calvi,0,734,930,1182,scaffoldings,iveco_sway_4x2_500,trailer.profiliner17,trailer_def.krone.profiliner.single_3.curtain,33,1,0
69261,_nameless.183.3c74.7420,comoto,valladolid,wilnet_trans,porto_vecchi,0,830,930,1182,used_battery,mercedes_actros_2014_6x2_a,trailer.scs_dry_s,trailer_def.scs.box.single_3.dryvan,33,1,0
69261,_nameless.183.3c74.8a10,balkan_loco,ruse,sanbuilders,salzburg,1,1379,0,0,oil,renault_premium_6x2_a,trailer.scs_fueltank,trailer_def.scs.fueltank.single_3.fueltank,28,1,0
69261,_nameless.183.3c74.7b70,balkan_loco,ruse,fallow,zagreb,0,941,0,0,plastic_gra,scania_streamline_4x2_top_560,trailer.ffb_eut35,trailer_def.feldbinder.eut.single_3_35.silo_35_3p,19,1,0
69261,_nameless.183.3c74.6da0,exomar,burgos,ocean_sol,setubal,0,815,0,0,radiators,mercedes_actros_2014_4x2_b,trailer.scs_dry_m,trailer_def.scs.box.single_3.dryvan_m,33,1,0
69261,_nameless.183.3c74.5bc0,exomar,burgos,eurogoodies,liege,2,1478,0,0,yogurt,scania_s2016_6x2_high_460,trailer.scs_ref,trailer_def.scs.box.single_3.reefer,33,1,0
69261,_nameless.183.3c74.7c40,exomar,burgos,exomar,cordoba,2,676,0,0,vans_vt,man_tgx_2020_6x2,trailer.truck_trans,trailer_def.vans_vt.truck_trans,100,1,0
69261,_nameless.183.3c74.75c0,exomar,burgos,cesare_smar,palermo,2,669,1557,1788,caviar,renault_t_4x2h,trailer.scs_ins_s,trailer_def.scs.box.single_3.insulated,33,1,0
69261,_nameless.183.3c74.7830,vitas_pwr,ciudad_real,rt_log,zaragoza,1,472,0,0,empty_spool,man_4x2_a,trailer.scs_lowbed_3,trailer_def.scs.lowbed.single_3.short,3,1,0
69261,_nameless.183.3c74.5c90,vitas_pwr,ciudad_real,wilnet_trans,porto_vecchi,0,822,930,1182,empty_palet,renault_premium_4x2_a,trailer.scs_curt_s,trailer_def.scs.box.single_3.curtain,33,1,0
69261,_nameless.183.3c74.5d60,ika_bohag,stavanger,posped,linz,0,1540,195,1052,pot_flowers,iveco_4x2_b,trailer.scs_ref,trailer_def.scs.box.single_3.reefer,33,1,0
69261,_nameless.183.3c74.63e0,ika_bohag,stavanger,globeur,lehavre,0,1526,195,1052,used_packag,volvo_fh2012_4x2_750,trailer.scs_dry_ms,trailer_def.scs.box.single_3.dryvan_m,33,1,0
69261,_nameless.183.3c74.5e30,ika_bohag,stavanger,dfh,berlin,2,1016,195,1052,empty_palet,daf_4x2_a,trailer.scs_dry_s,trailer_def.scs.box.single_3.dryvan,33,1,0
69261,_nameless.183.3c74.6cd0,tradeaux,prague,polarislines,stavanger,2,1305,195,1052,plums,volvo_fh2021_4x2_750,trailer.scs_ref_a,trailer_def.scs.box.single_3.reefer,33,1,0
69261,_nameless.183.3c74.5f00,tradeaux,prague,posped,strasbourg,1,574,0,0,carrots_c,renault_premium_4x2_c,trailer.scs_gosck220,trailer_def.scs.gooseneck.singl_3e_220.container,30,1,0
69261,_nameless.183.3c74.7690,domdepo,timisoara,cargotras,pescara,2,1549,0,0,concr_cent,mercedes_actros_2014_4x2_c,trailer.scs_flat_b,trailer_def.scs.flatbed.single_3.flatbed_w,7,1,0
69261,_nameless.183.3c74.5fd0,domdepo,timisoara,euroacres,travemunde,0,1396,0,0,outdr_flr_tl,scania_s2016_6x2_high_460,trailer.profilinebm,trailer_def.krone.profilinerbm.single_3.brick,32,1,0
69261,_nameless.183.3c74.68c0,domdepo,timisoara,domdepo,iasi,0,599,0,0,marb_blck,man_tgx_euro6_6x4_xlx,trailer.scs_flat_b,trailer_def.scs.flatbed.single_3.flatbed_w,2,1,0
69261,_nameless.183.3c74.86d0,domdepo,timisoara,balkan_loco,sarajevo,1,529,0,0,wooden_beams,daf_xgp25_4x2_530,trailer.scs_log,trailer_def.scs.log.single_3.steel,2,1,0
69261,_nameless.183.3c74.8120,eolo_lines,huelva,log_atlan,salamanca,0,533,0,0,toys,iveco_4x2_c,trailer.kasbhr_scs,trailer_def.kassbohrer.scs.single_3_13.curtain,34,1,0
69261,_nameless.183.3c74.87a0,eolo_lines,huelva,eurogoodies,plymouth,0,1027,1076,1172,carb_water,scania_r2016_4x2_norm_370,trailer.scs_curt_a,trailer_def.scs.box.single_3.curtain,32,1,0
69261,_nameless.183.3c74.60a0,eolo_lines,huelva,rt_log,madrid,1,622,0,0,furniture,renault_premium_6x2_a,trailer.dryliner17,trailer_def.krone.dryliner.single_3.dryvan,33,1,0
69261,_nameless.183.3c74.81f0,eolo_lines,huelva,log_atlan,leon,0,784,0,0,potatoes,volvo_fh2024_4x2_420,trailer.scs_dry_a,trailer_def.scs.box.single_3.dryvan,33,1,0
69261,_nameless.183.3c74.6990,dans_jardin,marseille,eurogoodies,leipzig,1,1409,0,0,barley,daf_xf_euro6_4x2_c,trailer.ffb_eut35,trailer_def.feldbinder.eut.single_3_35.silo_35_3p,35,1,0
69261,_nameless.183.3c74.6170,dans_jardin,marseille,cesta_sl,madrid,1,1201,0,0,onion,renault_premium_6x4_a,trailer.kasbhr_shg45,trailer_def.kassbohrer.scs.single_3_13.curtain,34,1,0
69261,_nameless.183.3c74.8870,dans_jardin,marseille,globeur,rennes,1,1053,0,0,basil,man_tgx_euro6_6x4_xlx,trailer.scs_dry_s,trailer_def.scs.box.single_3.dryvan,33,1,0
69261,_nameless.183.3c74.82c0,dans_jardin,marseille,euroacres,magdeburg,1,1433,0,0,volvo_bucket,daf_6x2_a,trailer.scs_lowbed41,trailer_def.scs.lowbed.single_41_ln.long,1,1,0
69261,_nameless.183.3c74.6240,borealis,svolvaer,renar,dombas,0,1023,150,132,ibc_cont,renault_t_4x2,trailer.scs_curt,trailer_def.scs.box.single_3.curtain,33,1,0
69261,_nameless.183.3c74.8390,borealis,svolvaer,drekkar,bergen,0,1356,255,281,vol_ew240emh,"""heavy/man_6x4""",trailer.scs_lowlow2e,trailer_def.scs.lowloader.single_2_ln.long,1,1,0
69261,_nameless.183.3c74.ad00,dans_jardin,nantes,supercesta,sevilla,0,1562,0,0,carrots_c,scania_streamline_4x2_norm_380,trailer.kasbhr_shg40,trailer_def.kassbohrer.shg.singl_3e_40.container,30,1,0
69261,_nameless.183.3c74.b2b0,dans_jardin,nantes,dfh,berlin,1,1537,0,0,ffb_kip60,volvo_fh2012_4x2_420,trailer.ffb_kip60,trailer_def.ffb_kip60.ffb_kip60,100,1,0
69261,_nameless.183.3c74.bba0,dans_jardin,nantes,exomar,guarda,0,1258,0,0,carrots,scania_s2016_6x4_high_730,trailer.scs_dry_a,trailer_def.scs.box.single_3.dryvan,33,1,0
69261,_nameless.183.3c74.a9c0,dans_jardin,nantes,eolo_lines,marseille,0,1057,0,0,cont_trees,daf_xd,trailer.scs_ins_s,trailer_def.scs.box.single_3.insulated,33,1,0
69261,_nameless.183.3c74.a820,lisette_log,larochelle,mvm_carriere,bastia,0,936,930,1182,mob_stacker,"""heavy/man_tgx_2020_8x4""",trailer.kasbhr_sll,trailer_def.kassbohrer.sll.single_3_sh.low,1,1,0
69261,_nameless.183.3c74.9f30,lisette_log,larochelle,fle,bastia,2,973,930,1182,comp_process,daf_xf_euro6_6x2_a,trailer.scs_curt,trailer_def.scs.box.single_3.curtain,33,1,0
69261,_nameless.183.3c74.9980,lisette_log,larochelle,tradeaux,dusseldorf,1,1151,0,0,concr_beams,"""heavy/daf_6x4""",trailer.scs_lowlow4e,trailer_def.scs.lowloader.single_4_ln.long,1,1,0
69261,_nameless.183.3c74.9a50,lisette_log,larochelle,transinet,southampton,2,943,35,300,chicken_meat,daf_xgp25_4x2_530,trailer.scs_ins_a,trailer_def.scs.box.single_3.insulated,33,1,0
69261,_nameless.183.3c74.b860,rock_eater,constanta,rock_eater,hunedoara,0,677,0,0,emptytank,renault_t_4x2,trailer.profilinehd,trailer_def.krone.profilinerhd.single_3.flatbed,1,1,0
69261,_nameless.183.3c74.9b20,rock_eater,constanta,rock_eater,hunedoara,2,677,0,0,digger500,mercedes_4x2,trailer.scs_lowbed_3,trailer_def.scs.lowbed.single_3.short,1,1,0
69261,_nameless.183.3c74.c080,batisse_base,calvi,dfh,bremen,0,1579,840,1193,jcb_pw125qe,renault_premium_4x2_c,trailer.profilinehd,trailer_def.krone.profilinerhd.single_3.flatbed,24,1,0
69261,_nameless.183.3c74.a4e0,batisse_base,calvi,dfh,duisburg,0,1282,840,1193,jcb_th540180,iveco_sway_4x2_460,trailer.scs_lowbed41,trailer_def.scs.lowbed.single_41_ln.long,1,1,0
69261,_nameless.183.3c74.bc70,nord_crown,orebro,posped,carlisle,1,1185,1140,1314,beverages,volvo_fh16_4x2_420,trailer.scs_ref,trailer_def.scs.box.single_3.reefer,30,1,0
69261,_nameless.183.3c74.9e60,nord_crown,orebro,blt_ru,petersburg,2,720,570,1270,drymilk,scania_r_6x4_top_620,trailer.scs_dry_a,trailer_def.scs.box.single_3.dryvan,33,1,0
69261,_nameless.183.3c74.a1a0,nord_crown,orebro,sellplan,olsztyn,1,769,510,1110,pet_food,volvo_fh2021_4x2_750,trailer.kasbhr_shg45,trailer_def.kassbohrer.scs.single_3_13.curtain,34,1,0
69261,_nameless.183.3c74.c150,nord_crown,orebro,nch,vilnius,0,608,510,1110,conc_juice_t,mercedes_4x2_a,trailer.ffb_tsalm32,trailer_def.feldbinder.tsalm.single_3_32.32_3_2,18,1,0
69261,_nameless.183.3c74.b450,nord_crown,orebro,lkwlog,koln,0,1447,0,0,concen_juice,volvo_fh2021_6x2_540,trailer.scs_curt,trailer_def.scs.box.single_3.curtain,32,1,0
69261,_nameless.183.3c74.bd40,trameri,budapest,wilnet_trans,porto_vecchi,0,1582,840,1193,used_packag,volvo_fh2021_4x2_420,trailer.scs_dry_m,trailer_def.scs.box.single_3.dryvan_m,33,1,0
69261,_nameless.183.3c74.bee0,trameri,budapest,sanbuilders,krakow,1,374,0,0,copp_rf_gutt,volvo_fh2021_4x2_750,trailer.scs_dry_s,trailer_def.scs.box.single_3.dryvan,33,1,0
69261,_nameless.183.3c74.aea0,trameri,budapest,batisse_hs,lyon,0,1523,0,0,rooflights,volvo_fh2021_4x2_750,trailer.scs_curt_s,trailer_def.scs.box.single_3.curtain,33,1,0
69261,_nameless.183.3c74.a000,rt_log,linz,rt_log,travemunde,2,944,0,0,wshavings,mercedes_6x2_b,trailer.scs_dumper,trailer_def.scs.dumper.single_3.steel,27,1,0
69261,_nameless.183.3c74.a340,rt_log,linz,domdepo,frankfurt,2,503,0,0,excav_soil,daf_xf_4x2_370,trailer.scs_dumper,trailer_def.scs.dumper.single_3.steel,17,1,0
69261,_nameless.183.3c74.8fc0,rt_log,linz,rt_log,innsbruck,0,325,0,0,air_mails,daf_xg_4x2_450,trailer.profiliner17,trailer_def.krone.profiliner.single_3.curtain,33,1,0
69261,_nameless.183.3c74.af70,rt_log,linz,adrica,rijeka,2,572,0,0,scaffoldings,daf_xd,trailer.scs_curt_s,trailer_def.scs.box.single_3.curtain,33,1,0
69261,_nameless.183.3c74.ba00,stokes,wien,suprema,parnu,0,1464,0,0,atl_cod_flt,man_tgx_euro6_4x2_xxl,trailer.scs_ins_a,trailer_def.scs.box.single_3.insulated,33,1,0
69261,_nameless.183.3c74.b040,stokes,wien,lognstick,galati,0,1281,0,0,salt_spices,scania_r_6x4_top_620,trailer.dryliner17,trailer_def.krone.dryliner.single_3.dryvan,33,1,0
69261,_nameless.183.3c74.a410,stokes,wien,nucleon,paluel,0,1381,0,0,hipresstank,scania_r_4x2_norm_360,trailer.scs_flat_b,trailer_def.scs.flatbed.single_3.flatbed_w,8,1,0
69261,_nameless.183.3c74.b110,ttk_bg,sofia,baltrak,tekirdag,0,579,0,0,roofing_felt,mercedes_actros_2014_6x4_b,trailer.kasbhr_shg45,trailer_def.kassbohrer.scs.single_3_13.curtain,34,1,0
69261,_nameless.183.3c74.c220,ttk_bg,sofia,sanbuilders,brno,0,1118,0,0,precast_strs,renault_premium_4x2_a,trailer.scs_dry_ms,trailer_def.scs.box.single_3.dryvan_m,32,1,0
69261,_nameless.183.3c74.a0d0,ttk_bg,sofia,posped,bratislava,1,969,0,0,lux_yacht,daf_xgp25_4x2_530,trailer.scs_lowbed_3,trailer_def.scs.lowbed.single_3.short,1,1,0
69261,_nameless.183.3c74.be10,tdc_auto,santander,transinet,sheffield,1,453,1080,1176,mondeos,volvo_fh16_6x4_700,trailer.car_trans,trailer_def.mondeos.car_trans,100,1,0
69261,_nameless.183.3c74.9640,tdc_auto,santander,aaa,cagliari,0,837,720,827,car_ibe,volvo_fh2021_6x2_540,trailer.car_trans,trailer_def.car_ibe.car_trans,100,1,0
69261,_nameless.183.3c74.add0,tdc_auto,santander,transinet,sheffield,0,453,1080,1176,car_balt2,iveco_4x2_c,trailer.van_trans,trailer_def.car_balt2.van_trans,100,1,0
69261,_nameless.183.3c74.bad0,itcc_scrap,koln,sal,terni,0,1431,0,0,crawler,"""heavy/man_tgx_2020_8x4""",trailer.scs_lowlow2e,trailer_def.scs.lowloader.single_2_ln.long,1,1,0
69261,_nameless.183.3c74.a680,ms_stein,trondheim,ns_chem_ru,luga,0,1316,570,1270,hipresstank,volvo_fh2024_4x2_420,trailer.scs_flat_b,trailer_def.scs.flatbed.single_3.flatbed_w,8,1,0
69261,_nameless.183.3c74.9710,ms_stein,trondheim,norse_rail,narvik,0,897,30,45,volvo_bucket,iveco_6x2_a,trailer.kasbhr_sla,trailer_def.kassbohrer.sla.single_3_sh.lowbed,1,1,0
69261,_nameless.183.3c74.b380,ms_stein,trondheim,norse_rail,ostersund,2,334,0,0,granite_cube,mercedes_6x4_a,trailer.scs_dumper,trailer_def.scs.dumper.single_3.steel,12,1,0
69261,_nameless.183.3c74.a750,posped,verona,te_logistica,sassari,1,980,840,879,used_packag,volvo_fh2021_6x2_540,trailer.scs_curt_s,trailer_def.scs.box.single_3.curtain,33,1,0
69261,_nameless.183.3c74.9bf0,posped,verona,batisse_wind,montpellier,0,894,0,0,volvo_a25g,"""heavy/renault_t_6x4""",trailer.scs_lowbed41,trailer_def.scs.lowbed.single_41_ln.long,1,1,0
69261,_nameless.183.3c74.c2f0,posped,verona,sanbuilders,berlin,0,982,0,0,chimney_syst,volvo_fh16_6x4_700,trailer.kasbhr_scs,trailer_def.kassbohrer.scs.single_3_13.curtain,34,1,0
69261,_nameless.183.3c74.a8f0,sanbuild_cem,pristina,stokes,wien,1,1017,0,0,mob_crusher,"""heavy/mercedes_6x4""",trailer.scs_lowlow4e,trailer_def.scs.lowloader.single_4_ln.long,1,1,0
69261,_nameless.183.3c74.b520,sanbuild_cem,pristina,lkwlog,lodz,0,1319,0,0,digger500,scania_streamline_6x2_norm_440,trailer.kasbhr_sll,trailer_def.kassbohrer.sll.single_3_sh.low,1,1,0
69261,_nameless.183.3c74.aa90,sanbuild_cem,pristina,christopoulo,kalamata,1,1055,0,0,stones,mercedes_6x2_b,trailer.scs_dumper,trailer_def.scs.dumper.single_3.steel,11,1,0
69261,_nameless.183.3c74.9090,euroacres,geneve,wilnet_trans,porto_vecchi,1,443,840,1193,jcb_bhl4cx,scania_r2016_4x2_norm_370,trailer.scs_lowbed41,trailer_def.scs.lowbed.single_41_ln.long,1,1,0
69261,_nameless.183.3c74.b5f0,euroacres,geneve,tradeaux,klagenfurt,0,1083,0,0,grass_rolls,volvo_fh2024_6x2_500,trailer.scs_dry_s,trailer_def.scs.box.single_3.dryvan,33,1,0
69261,_nameless.183.3c74.9230,balkan_loco,ljubljana,lkwlog,duisburg,0,1017,0,0,carrots,volvo_fh16_4x2_420,trailer.scs_dry,trailer_def.scs.box.single_3.dryvan,33,1,0
69261,_nameless.183.3c74.ac30,agregados,coimbra,trans_cab,barcelona,1,1218,0,0,bricks,renault_t_4x2,trailer.scs_brick_r,trailer_def.scs.flatbed.single_3.brick,32,1,0
69261,_nameless.183.3c74.9570,agregados,coimbra,posped,swansea,0,1159,1076,1172,emptytank,daf_xf_euro6_6x4_c,trailer.scs_flat_b,trailer_def.scs.flatbed.single_3.flatbed_w,1,1,0
69261,_nameless.183.3c74.b790,krone,werlte,ai,nurnberg,2,588,0,0,hipresstank,renault_magnum_4x2_a,trailer.scs_flat_b,trailer_def.scs.flatbed.single_3.flatbed_w,8,1,0
69261,_nameless.183.3c74.94a0,krone,werlte,norrsken,aalborg,1,609,0,0,used_plast_c,renault_premium_4x2_a,trailer.scs_gosck20,trailer_def.scs.gooseneck.singl_3e_20.container,15,1,0
69261,_nameless.183.3c74.93d0,krone,werlte,stokes,stuttgart,0,645,0,0,used_plast,man_tgx_2020,trailer.scs_dry,trailer_def.scs.box.single_3.dryvan,33,1,0
69261,_nameless.183.3c74.dc20,krone,werlte,stokes,zurich,0,769,0,0,ter_forklift,scania_r_6x4_top_620,trailer.scs_flat_b,trailer_def.scs.flatbed.single_3.flatbed_w,2,1,0
69261,_nameless.183.3c74.d9b0,rt_log,a_coruna,ns_chem,puertollano,0,857,0,0,lead,renault_premium_4x2_c,trailer.krone.boxliner20,trailer_def.krone.boxliner.single_3.container,40,1,0
69261,_nameless.183.3c74.eac0,rt_log,a_coruna,app,valencia,2,933,0,0,large_cont,man_tgx_2020_6x2,trailer.scs_lowbed_4,trailer_def.scs.lowbed.single_4_sh.short,27,1,0
69261,_nameless.183.3c74.f070,rt_log,a_coruna,app,madrid,0,619,0,0,used_plast_c,scania_r2016_6x4_high_660,trailer.kasbhr_shg20,trailer_def.kassbohrer.shg.singl_3e_20.container,15,1,0
69261,_nameless.183.3c74.ee00,rt_log,a_coruna,lisette_log,ajaccio,1,1109,930,1182,protec_cloth,daf_xd25,trailer.dryliner17,trailer_def.krone.dryliner.single_3.dryvan,33,1,0
69261,_nameless.183.3c74.ed30,ladoga,turku,bhv,tromso,0,1338,0,0,car_it,scania_r2016_6x4_high_660,trailer.car_trans,trailer_def.car_it.car_trans,100,1,0
69261,_nameless.183.3c74.db50,ladoga,turku,nordic_ports,ornskoldsvik,2,388,300,680,empty_palet,"""double/daf_xgp_4x2_530""",trailer.profiline17d,trailer_def.krone.profiliner.double_3_2.curtain,52,1,0
69261,_nameless.183.3c74.cb10,ladoga,turku,nordic_ports,sundsvall,0,473,300,680,car_ibe,iveco_sway_4x2_500,trailer.car_trans,trailer_def.car_ibe.car_trans,100,1,0
69261,_nameless.183.3c74.d260,ladoga,turku,nch,vilnius,0,831,150,430,car_gr,iveco_6x2_a,trailer.car_trans,trailer_def.car_gr.car_trans,100,1,0
69261,_nameless.183.3c74.cbe0,ladoga,turku,renar,dombas,2,763,540,1170,jcb_th540180,renault_t_4x2,trailer.scs_lowbed_4,trailer_def.scs.lowbed.single_4_sh.short,1,1,0
69261,_nameless.183.3c74.e1d0,ladoga,turku,baltomorsk,ventspils,2,769,150,430,large_cont,scania_r2016_4x2_norm_370,trailer.scs_lowbed_3,trailer_def.scs.lowbed.single_3.short,27,1,0
69261,_nameless.183.3c74.ccb0,low_field,constanta,tradeaux,pecs,2,1098,0,0,peas,daf_xf_euro6_6x2_a,trailer.scs_curt,trailer_def.scs.box.single_3.curtain,33,1,0
69261,_nameless.183.3c74.f140,low_field,constanta,fallow,timisoara,1,781,0,0,square_baler,daf_xf_euro6_4x2_a,trailer.scs_lowbed_4,trailer_def.scs.lowbed.single_4_sh.short,1,1,0
69261,_nameless.183.3c74.f3b0,low_field,constanta,tras_med,bari,1,1176,570,745,cut_flowers,volvo_fh2012_6x2_500,trailer.scs_ref_a,trailer_def.scs.box.single_3.reefer,33,1,0
69261,_nameless.183.3c74.f210,exomar,roma,baltrak,tekirdag,0,1236,570,745,outdr_flr_tl,man_tgx_2020_6x2,trailer.scs_dry,trailer_def.scs.box.single_3.dryvan,32,1,0
69261,_nameless.183.3c74.c630,exomar,roma,eurogoodies,klagenfurt,2,885,0,0,gummy_bears,renault_premium_4x2_c,trailer.scs_dry_ms,trailer_def.scs.box.single_3.dryvan_m,33,1,0
69261,_nameless.183.3c74.d330,exomar,roma,subse,osijek,0,1326,0,0,empty_palet,renault_t_4x2h,trailer.scs_curt_s,trailer_def.scs.box.single_3.curtain,33,1,0
69261,_nameless.183.3c74.e2a0,exomar,roma,aluxion,mostar,0,517,600,315,cement,mercedes_6x4_a,trailer.ffb_eut35,trailer_def.feldbinder.eut.single_3_35.silo_35_3p,17,1,0
69261,_nameless.183.3c74.d8e0,exomar,roma,icaria,kalamata,0,1029,570,745,asph_miller,"""heavy/man_6x4""",trailer.scs_lowlow4e,trailer_def.scs.lowloader.single_4_ln.long,1,1,0
69261,_nameless.183.3c74.cf20,exomar,roma,euroacres,geneve,1,938,0,0,kr_stc1370,renault_magnum_4x2_a,trailer.scs_lowlow4e,trailer_def.scs.lowloader.single_4_ln.long,1,1,0
69261,_nameless.183.3c74.ec60,exomar,roma,dunavia,novi_sad,0,1466,0,0,truck_rims_c,mercedes_actros_2014_4x2_a,trailer.scs_gosck20,trailer_def.scs.gooseneck.singl_3e_20.container,15,1,0
69261,_nameless.183.3c74.c8a0,exomar,roma,tras_med,genova,0,540,0,0,plums,daf_xf_euro6_4x2_a,trailer.scs_ins,trailer_def.scs.box.single_3.insulated,33,1,0
69261,_nameless.183.3c74.dcf0,exomar,roma,posped,rotterdam,0,1591,0,0,caravans,mercedes_4x2_c,trailer.truck_trans,trailer_def.caravans.truck_trans,100,1,0
69261,_nameless.183.3c74.de90,exomar,roma,te_logistica,sassari,0,480,840,879,chicken_meat,volvo_fh2012_4x2_420,trailer.scs_ins,trailer_def.scs.box.single_3.insulated,33,1,0
69261,_nameless.183.3c74.df60,exomar,roma,villco_mkt,mitilini,1,960,1245,2053,cheese,scania_r2016_6x4_high_660,trailer.scs_ins_a,trailer_def.scs.box.single_3.insulated,33,1,0
69261,_nameless.183.3c74.eed0,exomar,roma,icaria,athens,0,944,570,745,med_equip,volvo_fh2012_6x2_500,trailer.scs_dry_s,trailer_def.scs.box.single_3.dryvan,33,1,0
69261,_nameless.183.3c74.cff0,transinet,munchen,tras_med,roma,0,912,0,0,locomotive,"""heavy/man_tgx_euro6_8x4_xlx""",trailer.scs_lowbed41,trailer_def.scs.lowbed.single_41_ln.long,1,1,0
69261,_nameless.183.3c74.e850,transinet,munchen,sanbuilders,krakow,2,763,0,0,digger500,iveco_4x2_b,trailer.kasbhr_sll,trailer_def.kassbohrer.sll.single_3_sh.low,1,1,0
69261,_nameless.183.3c74.d810,sal,terni,lisette_log,nice,2,722,0,0,jcb_pw125qe,volvo_fh2024_6x2_500,trailer.profilinehd,trailer_def.krone.profilinerhd.single_3.flatbed,24,1,0
69261,_nameless.183.3c74.d400,sal,terni,transinet,mannheim,1,1221,0,0,volvo_bucket,scania_r_4x2_top_480,trailer.kasbhr_sla,trailer_def.kassbohrer.sla.single_3_sh.lowbed,1,1,0
69261,_nameless.183.3c74.efa0,sal,terni,jastuk,kragujevac,1,1574,0,0,wooden_beams,scania_r2016_6x4_high_660,trailer.scs_log,trailer_def.scs.log.single_3.steel,2,1,0
69261,_nameless.183.3c74.e100,kivi,helsinki,ms_stein,kristiansand,0,1214,540,1170,mob_crusher,"""heavy/volvo_fh2021_6x4_540""",trailer.kasbhr_slle,trailer_def.kassbohrer.sll.single_3_ln.low,1,1,0
69261,_nameless.183.3c74.d0c0,kivi,helsinki,gnt,uppsala,2,399,540,1170,jcb_dmphtd5e,scania_s2016_4x2_norm_370,trailer.scs_flat_b,trailer_def.scs.flatbed.single_3.flatbed_w,7,1,0
69261,_nameless.183.3c74.d5a0,kivi,helsinki,norrsken,stockholm,1,408,540,1170,excavator,iveco_6x2_a,trailer.scs_lowbed_4,trailer_def.scs.lowbed.single_4_sh.short,1,1,0
69261,_nameless.183.3c74.e370,stokes,tuzla,tradeaux,hannover,2,1438,0,0,moto_tires,mercedes_actros_2014_4x2_a,trailer.kasbhr_shg20,trailer_def.kassbohrer.shg.singl_3e_20.container,15,1,0
69261,_nameless.183.3c74.f2e0,stokes,tuzla,lkwlog,kosice,1,635,0,0,polyst_box,man_tgx_euro6_4x2_xxl,trailer.dryliner17,trailer_def.krone.dryliner.single_3.dryvan,33,1,0
69261,_nameless.183.3c74.f550,stokes,tuzla,balkan_loco,pleven,0,721,0,0,cable_reel,"""heavy/daf_6x4""",trailer.kasbhr_slle,trailer_def.kassbohrer.sll.single_3_ln.low,1,1,0
69261,_nameless.183.3c74.ca40,wilnet_trans,porto_vecchi,batisse_wind,larochelle,1,927,840,1193,mob_screener,"""heavy/man_tgx_2020_8x4""",trailer.kasbhr_slle,trailer_def.kassbohrer.sll.single_3_ln.low,1,1,0
69261,_nameless.183.3c74.c490,wilnet_trans,porto_vecchi,batisse_road,bordeaux,2,781,840,1193,digger500,scania_s2016_4x2_high_590,trailer.kasbhr_sla,trailer_def.kassbohrer.sla.single_3_sh.lowbed,1,1,0
69261,_nameless.183.3c74.cd80,wilnet_trans,porto_vecchi,kaarfor,verona,0,733,840,1193,milk,scania_streamline_6x4_top_480,trailer.scs_curt_s,trailer_def.scs.box.single_3.curtain,33,1,0
69261,_nameless.183.3c74.ce50,wilnet_trans,porto_vecchi,sellplan,salzburg,0,1179,840,1193,nuts,scania_r2016_6x4_high_660,trailer.kasbhr_scs,trailer_def.kassbohrer.scs.single_3_13.curtain,34,1,0
69261,_nameless.183.3c74.d190,wilnet_trans,porto_vecchi,tradeaux,toulouse,1,487,840,1193,carb_water,renault_premium_4x2_a,trailer.scs_curt,trailer_def.scs.box.single_3.curtain,33,1,0
69261,_nameless.183.3c74.e6b0,wilnet_trans,porto_vecchi,log_atlan,porto,1,1242,930,1182,harvest_bins,daf_xf_4x2_370,trailer.scs_curt_s,trailer_def.scs.box.single_3.curtain,33,1,0
69261,_nameless.183.3c74.d4d0,marina,zadar,exomar,olbia,2,958,1440,1194,lux_yacht,daf_xd_1,trailer.kasbhr_sla,trailer_def.kassbohrer.sla.single_3_sh.lowbed,1,1,0
69261,_nameless.183.3c74.d670,marina,zadar,fallow,timisoara,0,884,0,0,yacht,mercedes_4x2_c,trailer.scs_lowbed_4,trailer_def.scs.lowbed.single_4_sh.short,1,1,0
69261,_nameless.183.3c74.ddc0,kaarfor,ruse,posped,lodz,0,1463,0,0,used_plast_c,daf_xf_euro6_4x2_b,trailer.kasbhr_shg20,trailer_def.kassbohrer.shg.singl_3e_20.container,15,1,0
69261,_nameless.183.3c74.da80,kaarfor,ruse,fallow,vlore,1,916,0,0,empty_palet,man_tgx_euro6_6x4_xlx,trailer.scs_dry_s,trailer_def.scs.box.single_3.dryvan,33,1,0
69261,_nameless.183.3c74.e030,kaarfor,ruse,cargotras,olbia,1,1392,1410,1624,used_packag,scania_s2016_6x4_high_730,trailer.scs_dry_a,trailer_def.scs.box.single_3.dryvan,33,1,0
69261,_nameless.183.3c74.e510,batisse_road,lemans,iberatomica,almaraz,0,1414,0,0,dozer,"""heavy/volvo_fh2012_8x4_700""",trailer.scs_lowlowd4,trailer_def.scs.lowloader.single_4_sh.short,1,1,0
69261,_nameless.183.3c74.e780,quarry,zurich,stokes,poznan,1,1039,0,0,volvo_bucket,mercedes_4x2_b,trailer.kasbhr_sll,trailer_def.kassbohrer.sll.single_3_sh.low,1,1,0
69261,_nameless.183.3c74.e920,quarry,zurich,tras_med,roma,1,945,0,0,digger1000,daf_xd,trailer.scs_lowbed_3,trailer_def.scs.lowbed.single_3.short,1,1,0
69261,_nameless.183.3c74.c3c0,quarry,zurich,lisette_log,bordeaux,2,1190,0,0,jcb_bhl4cx,renault_premium_6x4_a,trailer.kasbhr_sla,trailer_def.kassbohrer.sla.single_3_sh.lowbed,1,1,0
69261,_nameless.183.3c74.f6f0,quarry,zurich,rt_log,rostock,0,1070,0,0,jcb_exc245xr,"""heavy/man_tgx_euro6_8x4_xlx""",trailer.scs_lowbed_4,trailer_def.scs.lowbed.single_4_sh.short,1,1,0
69261,_nameless.183.3c74.eb90,radus,kouvola,gnt,alesund,0,1300,540,1170,metal_center,"""heavy/volvo_fh2012_8x4_700""",trailer.scs_lowlowd4,trailer_def.scs.lowloader.single_4_sh.short,1,1,0
69261,_nameless.183.3c74.c7d0,radus,kouvola,renar,stavanger,2,1491,540,1170,mat_handler,"""heavy/renault_t_6x4""",trailer.scs_lowlow4e,trailer_def.scs.lowloader.single_4_ln.long,1,1,0
69261,_nameless.183.3c75.0660,ika_bohag,borlange,kaarfor,poznan,0,1336,105,404,pot_flowers,volvo_fh2021_6x2_540,trailer.coolliner17,trailer_def.krone.coolliner.single_3.reefer,33,1,0
69261,_nameless.183.3c75.1d20,ika_bohag,borlange,pk_medved_ru,petersburg,0,597,570,1270,empty_palet,renault_t_4x2h,trailer.scs_dry_a,trailer_def.scs.box.single_3.dryvan,33,1,0
69261,_nameless.183.3c75.10f0,ika_bohag,borlange,norrsken,karlskrona,1,581,0,0,used_packag,volvo_fh2021_4x2_420,trailer.scs_dry,trailer_def.scs.box.single_3.dryvan,33,1,0
69261,_nameless.183.3c75.0b40,severoatm_ru,sosnovy_bor,gnt,alesund,2,1225,570,1270,vol_ew240emh,"""heavy/scania_r_6x4_top_730""",trailer.scs_lowbed41,trailer_def.scs.lowbed.single_41_ln.long,1,1,0
69261,_nameless.183.3c75.1910,severoatm_ru,sosnovy_bor,freyr,lillehammer,0,916,570,1270,volvo_bucket,iveco_h_4x2_a,trailer.scs_lowlow4e,trailer_def.scs.lowloader.single_4_ln.long,1,1,0
69261,_nameless.183.3c75.22d0,nordic_ports,mo_i_rana,ibp,naantali,0,865,300,680,watertank,daf_xf_euro6_4x2_c,trailer.kasbhr_slle,trailer_def.kassbohrer.sll.single_3_ln.low,2,1,0
69261,_nameless.183.3c75.0590,nordic_ports,mo_i_rana,renar,turku,1,853,300,680,locomotive,"""heavy/daf_xgp_4x2_530""",trailer.scs_lowbed41,trailer_def.scs.lowbed.single_41_ln.long,1,1,0
69261,_nameless.183.3c75.0ce0,nordic_ports,mo_i_rana,polarislines,karlskrona,0,1587,0,0,tyres,renault_magnum_6x4_a,trailer.scs_dry_s,trailer_def.scs.box.single_3.dryvan,33,1,0
69261,_nameless.183.3c75.1500,nordic_ports,mo_i_rana,gnt,svolvaer,2,361,150,132,logs,iveco_6x2_a,trailer.scs_log,trailer_def.scs.log.single_3.steel,32,1,0
69261,_nameless.183.3c75.0800,nord_crown,bergen,norse_rail,narvik,2,1435,135,194,iced_coffee,"""double/iveco_sway_4x2_580""",trailer.scs_curt_2,trailer_def.scs.box.double_3_2.curtain,52,1,0
69261,_nameless.183.3c75.15d0,nord_crown,bergen,blt_ru,pskov,0,1464,570,1270,beverages,daf_xf_euro6_4x2_b,trailer.kasbhr_scs,trailer_def.kassbohrer.scs.single_3_13.curtain,32,1,0
69261,_nameless.183.3c75.1360,nord_crown,bergen,nord_crown,odense,0,887,195,1052,mozzarela,"""double/daf_xd""",trailer.scs_ins_2,trailer_def.scs.box.double_3_2.insulated,52,1,0
69261,_nameless.183.3c74.ff10,nord_crown,bergen,polarislines,ventspils,0,1070,510,1110,carb_water,man_4x2_a,trailer.kasbhr_sbt,trailer_def.kassbohrer.sbt.single_3_13.dryvan,30,1,0
69261,_nameless.183.3c75.1430,nord_crown,bergen,kaarfor,magdeburg,0,1263,195,1052,sausages,daf_xd,trailer.scs_ins_s,trailer_def.scs.box.single_3.insulated,33,1,0
69261,_nameless.183.3c75.0f50,konstnr_wind,linkoping,sal_fi,joensuu,1,876,540,1170,mob_screener,"""heavy/volvo_fh2021_6x4_540""",trailer.scs_lowlow4e,trailer_def.scs.lowloader.single_4_ln.long,1,1,0
69261,_nameless.183.3c75.2470,ika_bohag,malmo,nordic_ports,trondheim,0,1110,0,0,pot_flowers,man_tgx_2020,trailer.scs_ins_s,trailer_def.scs.box.single_3.insulated,33,1,0
69261,_nameless.183.3c75.0730,ika_bohag,malmo,nordic_ports,mo_i_rana,1,1535,0,0,used_packag,daf_4x2_a,trailer.scs_curt,trailer_def.scs.box.single_3.curtain,33,1,0
69261,_nameless.183.3c75.08d0,ika_bohag,malmo,renor,mikkeli,0,1035,540,1170,empty_palet,renault_magnum_6x4_a,trailer.profiliner17,trailer_def.krone.profiliner.single_3.curtain,33,1,0
69261,_nameless.183.3c75.2540,fcp,poznan,nch,vilnius,1,676,0,0,car_d,man_tgx_2020_4x2,trailer.car_trans,trailer_def.car_d.car_trans,100,1,0
69261,_nameless.183.3c75.1ab0,fcp,poznan,wgcc,rotterdam,1,895,0,0,contamin,daf_xf_euro6_6x4_c,trailer.scs_gosck20,trailer_def.scs.gooseneck.singl_3e_20.container,40,1,0
69261,_nameless.183.3c75.11c0,dans_jardin,bourges,tradeaux,hannover,0,1057,0,0,apples_c,daf_xgp_4x2_530,trailer.scs_gosck20,trailer_def.scs.gooseneck.singl_3e_20.container,15,1,0
69261,_nameless.183.3c75.09a0,dans_jardin,bourges,transinet,cambridge,2,713,35,300,wheat,scania_streamline_4x2_norm_380,trailer.ffb_eut35,trailer_def.feldbinder.eut.single_3_35.silo_35_3p,35,1,0
69261,_nameless.183.3c75.0c10,dans_jardin,bourges,kaarfor,nice,2,801,0,0,cauliflower,iveco_4x2_c,trailer.scs_curt,trailer_def.scs.box.single_3.curtain,33,1,0
69261,_nameless.183.3c75.0e80,fle,kobenhavn,kaarfor,amsterdam,2,823,0,0,caviar,daf_xf_euro6_6x2_a,trailer.scs_ref,trailer_def.scs.box.single_3.reefer,33,1,0
69261,_nameless.183.3c75.0320,fle,kobenhavn,posped,lublin,0,984,105,404,olive_tree,volvo_fh2024_4x2_780,trailer.scs_brick_r,trailer_def.scs.flatbed.single_3.brick,1,1,0
69261,_nameless.183.3c75.1020,fle,kobenhavn,trameri,liverpool,1,532,1140,1314,empty_spool,iveco_6x2_a,trailer.kasbhr_sla,trailer_def.kassbohrer.sla.single_3_sh.lowbed,3,1,0
69261,_nameless.183.3c75.1ec0,low_field,galati,shuttle,salzburg,1,1588,0,0,carrots_c,iveco_4x2_b,trailer.krone.boxliner40,trailer_def.krone.boxliner.single_3_40.container,30,1,0
69261,_nameless.183.3c75.16a0,low_field,galati,tradeaux,budapest,2,961,0,0,oranges,iveco_4x2_b,trailer.scs_ref,trailer_def.scs.box.single_3.reefer,33,1,0
69261,_nameless.183.3c75.1770,low_field,galati,stokes,warszawa,0,1551,0,0,plums,daf_4x2_a,trailer.scs_ref,trailer_def.scs.box.single_3.reefer,33,1,0
69261,_nameless.183.3c75.19e0,sellplan,venezia,icaria,kavala,0,1597,0,0,used_plast,daf_xd25,trailer.scs_dry_a,trailer_def.scs.box.single_3.dryvan,33,1,0
69261,_nameless.183.3c75.1b80,sellplan,venezia,ns_oil,brasov,1,1516,0,0,empty_palet,daf_xgp25_4x2_530,trailer.scs_dry_m,trailer_def.scs.box.single_3.dryvan_m,32,1,0
69261,_nameless.183.3c75.2060,sellplan,venezia,brawen,novi_sad,0,942,0,0,used_plast_c,volvo_fh2012_6x2_500,trailer.kasbhr_shg20,trailer_def.kassbohrer.shg.singl_3e_20.container,15,1,0
69261,_nameless.183.3c75.1f90,posped,szeged,lateds,daugavpils,0,1376,0,0,plums,mercedes_actros_2014_4x2_b,trailer.scs_ref_a,trailer_def.scs.box.single_3.reefer,33,1,0
69261,_nameless.183.3c75.2130,posped,szeged,fallow,patras,2,1399,0,0,exc_craw,"""heavy/man_tgx_euro6_8x4_xlx""",trailer.scs_lowlow4e,trailer_def.scs.lowloader.single_4_ln.long,1,1,0
69261,_nameless.183.3c74.fbd0,nch,riga,rt_log,graz,0,1445,0,0,hwaste,man_tgx_2020_4x2,trailer.kasbhr_shg20,trailer_def.kassbohrer.shg.singl_3e_20.container,40,1,0
69261,_nameless.183.3c75.2200,nch,riga,tree_et,graz,1,1437,0,0,oil,daf_xg_4x2_450,trailer.scs_fueltank,trailer_def.scs.fueltank.single_3.fueltank,28,1,0
69261,_nameless.183.3c75.2610,nch,riga,sal_fi,kouvola,1,547,150,430,honey,mercedes_actros_2014_6x2_a,trailer.scs_curt,trailer_def.scs.box.single_3.curtain,33,1,0
69261,_nameless.183.3c74.f7c0,nch,riga,sanbuild_bas,munchen,1,1537,0,0,iron_pipes,mercedes_actros_2014_6x4_b,trailer.scs_log,trailer_def.scs.log.single_3.steel,28,1,0
69261,_nameless.183.3c75.03f0,ns_oil,bilbao,itcc,glasgow,1,798,1076,1172,oil,daf_xf_euro6_4x2_b,trailer.willig.fuel_cistern,trailer_def.scs.fueltank.single_3.fueltank,28,1,0
69261,_nameless.183.3c74.fd70,ns_oil,bilbao,dfh,duisburg,2,1556,0,0,lpg_t,mercedes_6x2_b,trailer.scs_gastank,trailer_def.scs.gastank.single_3.gastank,40,1,0
69261,_nameless.183.3c74.f890,ns_oil,bilbao,transinet,cambridge,0,1462,35,300,ethane,mercedes_actros_2014_4x2_a,trailer.scs_gastank,trailer_def.scs.gastank.single_3.gastank,40,1,0
69261,_nameless.183.3c74.f960,ns_oil,bilbao,transinet,cambridge,0,1462,35,300,kerosene,mercedes_4x2_c,trailer.scs_fueltank,trailer_def.scs.fueltank.single_3.fueltank,30,1,0
69261,_nameless.183.3c74.fa30,ns_oil,timisoara,acc,taranto,2,933,540,420,motor_oil_c,daf_6x2_a,trailer.krone.boxliner220,trailer_def.krone.boxliner.single_3_220.container,30,1,0
69261,_nameless.183.3c74.fb00,ns_oil,timisoara,fallow,istanbul,1,1110,0,0,fueltanker,scania_streamline_6x2_norm_440,trailer.scs_gosck20,trailer_def.scs.gooseneck.singl_3e_20.container,40,1,0
69261,_nameless.183.3c74.fca0,ns_oil,timisoara,dfh,hamburg,0,1392,0,0,ethane,man_tgx_euro6_4x2_xl,trailer.scs_gastank,trailer_def.scs.gastank.single_3.gastank,40,1,0
69261,_nameless.183.3c74.fe40,ns_oil,timisoara,tree_et,liege,0,1502,0,0,diesel,man_tgx_euro6_4x2_xxl,trailer.willig.fuel_cistern,trailer_def.scs.fueltank.single_3.fueltank,28,1,0
69261,_nameless.183.3c74.ffe0,fle,bastia,trameri,plymouth,1,1549,875,1493,empty_spool,volvo_fh2012_4x2_420,trailer.scs_lowbed_4,trailer_def.scs.lowbed.single_4_sh.short,3,1,0
69261,_nameless.183.3c75.00b0,fle,bastia,cesta_sl,leon,0,912,930,1182,frsh_herbs,renault_premium_6x2_a,trailer.scs_ref_s,trailer_def.scs.box.single_3.reefer,33,1,0
69261,_nameless.183.3c74.4360,fle,bastia,fle,almeria,1,965,930,1182,fresh_fish,volvo_fh2024_6x2_500,trailer.scs_ref,trailer_def.scs.box.single_3.reefer,33,1,0
69261,_nameless.183.3c74.33f0,fle,bastia,sellplan,prague,1,1451,840,1193,apples,iveco_4x2_a,trailer.kasbhr_scs,trailer_def.kassbohrer.scs.single_3_13.curtain,34,1,0
69261,_nameless.183.3c74.3660,aci,genova,tradeaux,lille,2,1126,0,0,frsh_herbs,renault_t_4x2h,trailer.scs_ref_s,trailer_def.scs.box.single_3.reefer,33,1,0
69261,_nameless.183.3c74.5540,aci,genova,fle,frankfurt,1,872,0,0,fresh_fish,volvo_fh2021_4x2_420,trailer.scs_ref,trailer_def.scs.box.single_3.reefer,33,1,0
69261,_nameless.183.3c74.5950,aci,genova,dunavia,novi_sad,2,1353,0,0,apples,scania_r_6x2_high_500,trailer.scs_dry_s,trailer_def.scs.box.single_3.dryvan,33,1,0
69261,_nameless.183.3c74.4ab0,aci,genova,tradeaux,klagenfurt,0,788,0,0,post_packag,scania_r2016_6x4_high_660,trailer.scs_curt_s,trailer_def.scs.box.single_3.curtain,33,1,0
69261,_nameless.183.3c74.3e80,ortiz,barcelona,engeron,puertollano,1,776,0,0,mobile_crane,"""heavy/iveco_6x4""",trailer.scs_lowlow4e,trailer_def.scs.lowloader.single_4_ln.long,1,1,0
69261,_nameless.183.3c74.38d0,ortiz,barcelona,exomar,olbia,0,154,720,827,scaffoldings,renault_magnum_6x2_a,trailer.drylineret,trailer_def.krone.edryliner.single_3.dryvan,33,1,0
69261,_nameless.183.3c74.4d20,ortiz,barcelona,bhv,ajaccio,0,13,930,1182,car_f,man_tgx_2020,trailer.car_trans,trailer_def.car_f.car_trans,100,1,0
69261,_nameless.183.3c74.4df0,ortiz,barcelona,stokes,liege,2,1289,0,0,volvo_cars,scania_r_4x2_norm_360,trailer.car_trans,trailer_def.volvo_cars.car_trans,100,1,0
69261,_nameless.183.3c74.5200,lvr,riga,renar,vaxjo,0,665,510,1110,diesel_gen,mercedes_actros_2014_4x2_a,trailer.scs_curt_s,trailer_def.scs.box.single_3.curtain,33,1,0
69261,_nameless.183.3c74.27c0,lvr,riga,rt_log,salzburg,2,1519,0,0,large_cont,man_tgx_2020_4x2,trailer.scs_lowbed_4,trailer_def.scs.lowbed.single_4_sh.short,27,1,0
69261,_nameless.183.3c74.53a0,lvr,riga,tradeaux,prague,0,1198,0,0,czl_es300,"""heavy/man_tgx_euro6_8x4_xlx""",trailer.scs_lowbed_4,trailer_def.scs.lowbed.single_4_sh.short,1,1,0
69261,_nameless.183.3c74.2b00,lvr,riga,norrsken,stockholm,1,268,510,1110,mobile_crane,"""heavy/volvo_fh2021_6x4_540""",trailer.scs_lowbed41,trailer_def.scs.lowbed.single_41_ln.long,1,1,0
69261,_nameless.183.3c74.4770,lvr,riga,norrsken,aalborg,0,882,705,1787,czl_muv75,"""heavy/scania_s2016_8x4_high_770""",trailer.scs_lowbed_3,trailer_def.scs.lowbed.single_3.short,1,1,0
69261,_nameless.183.3c74.2e40,lvr,riga,ms_stein,oslo,0,884,510,1110,hipresstank,man_tgx_euro6_6x4_xlx,trailer.profilinehd,trailer_def.krone.profilinerhd.single_3.flatbed,8,1,0
69261,_nameless.183.3c74.49e0,lvr,riga,polarislines,oslo,1,845,510,1110,empty_spool,iveco_sway_4x2_580,trailer.scs_flat_b,trailer_def.scs.flatbed.single_3.flatbed_w,4,1,0
69261,_nameless.183.3c74.4840,vitas_pwr_co,salamanca,sanbuilders,bern,1,1599,0,0,forklifts,iveco_sway_4x2_500,trailer.scs_lowbed_3,trailer_def.scs.lowbed.single_3.short,4,1,0
69261,_nameless.183.3c74.4290,nordic_ports,ornskoldsvik,norrsken,alta,0,1154,0,0,chocolate,"""double/renault_magnum_4x2_a""",trailer.profiline17d,trailer_def.krone.profiliner.double_3_2.curtain,52,1,0
69261,_nameless.183.3c74.4430,nordic_ports,ornskoldsvik,nch,tallinn,0,563,450,1110,barley,iveco_4x2_c,trailer.scs_silo,trailer_def.scs.silo.single_3_10.silo,30,1,0
69261,_nameless.183.3c74.34c0,nordic_ports,ornskoldsvik,suprema,kuusamo,1,619,0,0,canned_tuna,"""double/renault_magnum_4x2_a""",trailer.scs_ins_b2,trailer_def.scs.box.bdouble_3_3.insulated,52,1,0
69261,_nameless.183.3c74.4500,nordic_ports,ornskoldsvik,transinet,bialystok,1,1025,510,1110,largetubes,iveco_sway_4x2_500,trailer.scs_log,trailer_def.scs.log.single_3.steel,6,1,0
69261,_nameless.183.3c74.52d0,nord_crown,ostersund,stokes,warszawa,0,1241,510,1110,gnocchi,volvo_fh16_4x2_420,trailer.coolliner17,trailer_def.krone.coolliner.single_3.reefer,33,1,0
69261,_nameless.183.3c74.4020,nord_crown,ostersund,norr_food,kalmar,0,864,0,0,conc_juice_t,mercedes_actros_2014_6x2_a,trailer.scs_fodt,trailer_def.scs.foodtank.single_3.paint,22,1,0
69261,_nameless.183.3c74.5a20,nord_crown,ostersund,renat,helsinki,1,738,300,680,large_cont,daf_xf_4x2_370,trailer.scs_lowbed41,trailer_def.scs.lowbed.single_41_ln.long,36,1,0
69261,_nameless.183.3c74.30b0,agrominta,utena,kaarfor,munchen,2,1551,0,0,peas,renault_premium_4x2_c,trailer.scs_dry_m,trailer_def.scs.box.single_3.dryvan_m,33,1,0
69261,_nameless.183.3c74.4ec0,wgcc,alesund,polar_fish,kuusamo,2,1553,65,82,sodhydro,scania_r_4x2_norm_360,trailer.scs_gosck40,trailer_def.scs.gooseneck.singl_3e_40.container,80,1,0
69261,_nameless.183.3c74.4f90,wgcc,alesund,rt_log,rostock,0,1304,105,404,magnesium,volvo_fh2012_4x2_420,trailer.kasbhr_shg20,trailer_def.kassbohrer.shg.singl_3e_20.container,40,1,0
69261,_nameless.183.3c74.45d0,wgcc,alesund,ika_bohag,orebro,2,882,0,0,ter_forklift,scania_r_6x4_top_620,trailer.profilinehd,trailer_def.krone.profilinerhd.single_3.flatbed,2,1,0
69261,_nameless.183.3c74.46a0,ns_chem,stockholm,wgcc,lulea,0,754,0,0,sodchlor,iveco_sway_4x2_460,trailer.ffb_tsaadr22,trailer_def.feldbinder.tsaadr.single_3_22a.22_3_1,73,1,0
69261,_nameless.183.3c74.3f50,ns_chem,stockholm,wgcc,lulea,1,754,0,0,ammonia,daf_6x2_a,trailer.scs_gastank,trailer_def.scs.gastank.single_3.gastank,38,1,0
69261,_nameless.183.3c74.3590,eviksi,daugavpils,blt,siauliai,2,309,0,0,beans,volvo_fh2021_4x2_750,trailer.profiliner17,trailer_def.krone.profiliner.single_3.curtain,33,1,0
69261,_nameless.183.3c74.5060,eviksi,daugavpils,nord_crown,kobenhavn,0,1091,510,1110,barley,scania_s2016_4x2_high_590,trailer.ffb_eut35,trailer_def.feldbinder.eut.single_3_35.silo_35_3p,35,1,0
69261,_nameless.183.3c74.4910,app,madrid,rt_log,geneve,2,1393,0,0,alu_ingot,daf_xf_euro6_4x2_c,trailer.profilinehd,trailer_def.krone.profilinerhd.single_3.flatbed,28,1,0
69261,_nameless.183.3c74.4c50,app,madrid,kaarfor,montpellier,0,987,0,0,watermelons,scania_streamline_4x2_top_560,trailer.scs_ref_a,trailer_def.scs.box.single_3.reefer,33,1,0
69261,_nameless.183.3c74.2f10,bhv,faro,rt_log,zaragoza,0,1035,0,0,mondeos,scania_r_6x2_high_500,trailer.car_trans,trailer_def.mondeos.car_trans,100,1,0
69261,_nameless.183.3c74.3250,bhv,faro,rt_log,sevilla,2,262,0,0,vans_id,volvo_fh2021_4x2_750,trailer.van_trans,trailer_def.vans_id.van_trans,100,1,0
69261,_nameless.183.3c74.5130,drekkar,aarhus,norr_food,jonkoping,0,636,0,0,outdr_flr_tl,scania_streamline_4x2_top_560,trailer.profilinebm,trailer_def.krone.profilinerbm.single_3.brick,32,1,0
69261,_nameless.183.3c74.5880,drekkar,aarhus,transinet,sheffield,1,339,1140,1314,bottle_water,renault_premium_4x2_a,trailer.scs_dry_s,trailer_def.scs.box.single_3.dryvan,30,1,0
69261,_nameless.183.3c74.5470,drekkar,aarhus,fallow,zagreb,1,1548,0,0,empty_barr,daf_xf_euro6_4x2_b,trailer.scs_dry_a,trailer_def.scs.box.single_3.dryvan,33,1,0
69261,_nameless.183.3c74.56e0,trameri,szeged,drekkar,odense,1,1397,105,404,plast_film,renault_t_6x2,trailer.dryliner17,trailer_def.krone.dryliner.single_3.dryvan,33,1,0
69261,_nameless.183.3c74.2890,trameri,szeged,ika_bohag,sofia,0,596,0,0,plast_film_c,iveco_4x2_a,trailer.scs_gosck20,trailer_def.scs.gooseneck.singl_3e_20.container,15,1,0
69261,_nameless.183.3c74.2960,trameri,szeged,agrominta_a,utena,0,1314,0,0,emptytank,man_tgx_2020,trailer.scs_flat_b,trailer_def.scs.flatbed.single_3.flatbed_w,1,1,0
69261,_nameless.183.3c74.3180,crnodrvo_log,bijelo_polje,lkwlog,graz,0,1048,0,0,mulcher,"""heavy/daf_6x4""",trailer.scs_lowbed41,trailer_def.scs.lowbed.single_41_ln.long,1,1,0
69261,_nameless.183.3c74.2a30,crnodrvo_log,bijelo_polje,dfh,berlin,0,1567,0,0,log_harvest,"""heavy/scania_streamline_8x4_top_730""",trailer.scs_lowlow2e,trailer_def.scs.lowloader.single_2_ln.long,1,1,0
69261,_nameless.183.3c74.2bd0,crnodrvo_log,bijelo_polje,sanbuilders,warszawa,2,1409,0,0,logs,scania_r_6x2_high_500,trailer.scs_log,trailer_def.scs.log.single_3.steel,32,1,0
69261,_nameless.183.3c74.2ca0,metallis,trondheim,renor,kajaani,2,1263,0,0,large_cont,renault_t_6x2,trailer.kasbhr_sla,trailer_def.kassbohrer.sla.single_3_sh.lowbed,27,1,0
69261,_nameless.183.3c74.2d70,metallis,trondheim,norse_rail,narvik,1,885,30,45,scrap_metals,mercedes_actros_2014_4x2_c,trailer.scs_dumper,trailer_def.scs.dumper.single_3.steel,10,1,0
69261,_nameless.183.3c74.3320,metallis,trondheim,renar,mikkeli,1,992,300,680,volvo_bucket,daf_xd_1,trailer.kasbhr_sla,trailer_def.kassbohrer.sla.single_3_sh.lowbed,1,1,0
69261,_nameless.183.3c74.3800,ika_bohag,paris,lkwlog,dortmund,0,574,0,0,pot_flowers,iveco_4x2_b,trailer.scs_ins_a,trailer_def.scs.box.single_3.insulated,33,1,0
69261,_nameless.183.3c74.39a0,ika_bohag,paris,tesore_gust,milano,0,967,0,0,empty_palet,scania_s2016_6x2_high_460,trailer.scs_dry_ms,trailer_def.scs.box.single_3.dryvan_m,33,1,0
69261,_nameless.183.3c74.3a70,ika_bohag,paris,dfh,bremen,0,784,0,0,used_packag,scania_streamline_6x4_top_480,trailer.kasbhr_scs,trailer_def.kassbohrer.scs.single_3_13.curtain,34,1,0
69261,_nameless.183.3c74.3b40,tras_med,bari,tm_istanbul,istanbul,1,927,570,745,pet_food_c,scania_r2016_6x2_high_460,trailer.kasbhr_shg40,trailer_def.kassbohrer.shg.singl_3e_40.container,30,1,0
69261,_nameless.183.3c74.3c10,tras_med,bari,icaria,heraklion,1,532,1110,1505,vans_id,scania_s2016_6x4_high_730,trailer.van_trans,trailer_def.vans_id.van_trans,100,1,0
69261,_nameless.183.3cdb.5780,tras_med,bari,dunavia,osijek,0,1561,0,0,square_baler,man_tgx_2020_6x2,trailer.scs_lowbed41,trailer_def.scs.lowbed.single_41_ln.long,1,1,0
69261,_nameless.183.3cdb.5850,tras_med,bari,christopoulo,chios,1,531,1110,1585,rooflights,man_tgx_euro6_4x2_xxl,trailer.kasbhr_scs,trailer_def.kassbohrer.scs.single_3_13.curtain,34,1,0
69261,_nameless.183.3cdb.67c0,tras_med,bari,bosfir,banja_luka,1,1484,0,0,tractor,scania_streamline_6x2_norm_440,trailer.scs_lowlow2e,trailer_def.scs.lowloader.single_2_ln.long,1,1,0
69261,_nameless.183.3cdb.7250,suprema,oulu,renor,kobenhavn,0,1561,0,0,used_plast,daf_xf_euro6_4x2_a,trailer.scs_dry_m,trailer_def.scs.box.single_3.dryvan_m,33,1,0
69261,_nameless.183.3cdb.6e40,suprema,oulu,renar,kristiansund,0,1352,25,36,used_plast_c,volvo_fh2021_4x2_750,trailer.scs_gosck40,trailer_def.scs.gooseneck.singl_3e_40.container,30,1,0
69261,_nameless.183.3cdb.66f0,suprema,oulu,renar,lahti,0,462,0,0,used_packag,daf_xf_euro6_6x2_a,trailer.scs_dry_s,trailer_def.scs.box.single_3.dryvan,33,1,0
69261,_nameless.183.3cdb.51d0,suprema,oulu,nordic_ports,bodo,0,728,0,0,empty_palet,"""double/iveco_h_4x2_a""",trailer.scs_curt_2,trailer_def.scs.box.double_3_2.curtain,52,1,0
69261,_nameless.183.3cdb.7a70,fle,cluj_napoca,brawen,ljubljana,0,984,0,0,cut_flowers,man_tgx_euro6_4x2_xl,trailer.coolliner17,trailer_def.krone.coolliner.single_3.reefer,33,1,0
69261,_nameless.183.3cdb.7180,fle,cluj_napoca,brawen,bucuresti,1,565,0,0,post_packag,volvo_fh2021_4x2_750,trailer.scs_dry,trailer_def.scs.box.single_3.dryvan,33,1,0
69261,_nameless.183.3cdb.7320,fle,cluj_napoca,aerobalt,kaunas,0,1387,0,0,air_mails,volvo_fh2012_6x2_500,trailer.scs_curt_s,trailer_def.scs.box.single_3.curtain,33,1,0
69261,_nameless.183.3cdb.5920,tradeaux,paris,transinet,rotterdam,0,419,0,0,jcb_dmp6t2,"""heavy/volvo_fh2021_6x4_540""",trailer.scs_lowbed_3,trailer_def.scs.lowbed.single_3.short,1,1,0
69261,_nameless.183.3cdb.7db0,tradeaux,paris,eolo_lines,cagliari,1,1342,720,827,shock_absorb,volvo_fh16_4x2_540,trailer.scs_dry,trailer_def.scs.box.single_3.dryvan,33,1,0
69261,_nameless.183.3cdb.62e0,tradeaux,paris,exomar,bologna,0,1261,0,0,alu_ingot,iveco_4x2_a,trailer.scs_flat_b,trailer_def.scs.flatbed.single_3.flatbed_w,33,1,0
69261,_nameless.183.3cdb.73f0,tradeaux,paris,tradeaux,nice,0,916,0,0,glass,man_tgx_euro6_4x2_xl,trailer.panel_trans.glass,trailer_def.glass.panel_trans.glass,99,1,0
69261,_nameless.183.3cdb.79a0,tradeaux,paris,dfh,berlin,1,998,0,0,apples,iveco_sway_4x2_580,trailer.scs_curt_a,trailer_def.scs.box.single_3.curtain,33,1,0
69261,_nameless.183.3cdb.6140,ika_bohag,rennes,transinet,szczecin,0,1559,0,0,pot_flowers,renault_premium_4x2_c,trailer.scs_ref_a,trailer_def.scs.box.single_3.reefer,33,1,0
69261,_nameless.183.3cdb.74c0,ika_bohag,rennes,wilnet_trans,marseille,2,1097,0,0,empty_palet,scania_r_4x2_top_480,trailer.dryliner17,trailer_def.krone.dryliner.single_3.dryvan,33,1,0
69261,_nameless.183.3cdb.59f0,ika_bohag,rennes,trans_cab,vigo,0,1458,0,0,used_packag,daf_xf_euro6_4x2_a,trailer.scs_dry_s,trailer_def.scs.box.single_3.dryvan,33,1,0
69261,_nameless.183.3cdb.5ac0,ika_bohag,umea,suprema,jyvaskyla,0,253,300,680,pot_flowers,scania_r2016_4x2_norm_370,trailer.scs_ins_s,trailer_def.scs.box.single_3.insulated,33,1,0
69261,_nameless.183.3cdb.6210,ika_bohag,umea,dfh,rostock,0,1288,105,404,used_packag,man_4x2_a,trailer.scs_curt_s,trailer_def.scs.box.single_3.curtain,33,1,0
69261,_nameless.183.3cdb.5b90,ika_bohag,umea,renar,narva,0,650,450,1110,empty_palet,volvo_fh16_4x2_420,trailer.scs_dry_ms,trailer_def.scs.box.single_3.dryvan_m,32,1,0
69261,_nameless.183.3cdb.6a30,icaria,kavala,fallow,vlore,1,692,0,0,basil,renault_magnum_4x2_a,trailer.scs_curt,trailer_def.scs.box.single_3.curtain,33,1,0
69261,_nameless.183.3cdb.4f60,icaria,kavala,balkan_loco,skopje,0,419,0,0,vinegar,volvo_fh2024_6x2_500,trailer.scs_curt_s,trailer_def.scs.box.single_3.curtain,33,1,0
69261,_nameless.183.3cdb.7800,icaria,kavala,balkan_loco,craiova,0,667,0,0,tractor_c,"""heavy/mercedes_actros_8x4""",trailer.kasbhr_slle,trailer_def.kassbohrer.sll.single_3_ln.low,1,1,0
69261,_nameless.183.3cdb.6ca0,bhv,limoges,posped,london,0,830,35,300,scooters,daf_xd_2,trailer.scs_dry_ms,trailer_def.scs.box.single_3.dryvan_m,33,1,0
69261,_nameless.183.3cdb.7c10,bhv,limoges,posped,swansea,0,1123,35,300,vans_fd,daf_4x2_a,trailer.van_trans,trailer_def.vans_fd.van_trans,100,1,0
69261,_nameless.183.3cdb.5e00,baltomors_ru,petersburg,tree_et,katowice,0,1442,0,0,jcb_mexc19ce,volvo_fh2024_4x2_420,trailer.profilinehd,trailer_def.krone.profilinerhd.single_3.flatbed,3,1,0
69261,_nameless.183.3cdb.7590,baltomors_ru,petersburg,freyr,jonkoping,1,797,570,1270,lumber_p,scania_r_6x4_top_620,trailer.profilinehd,trailer_def.krone.profilinerhd.single_3.flatbed,6,1,0
69261,_nameless.183.3cdb.5510,cargotras,sassari,villco_mkt,mitilini,0,965,2085,2932,sheep_wool,daf_xf_4x2_370,trailer.scs_dry_s,trailer_def.scs.box.single_3.dryvan,33,1,0
69261,_nameless.183.3cdb.7660,cargotras,sassari,rt_log,bern,0,937,720,827,oil_filt_c,iveco_sway_4x2_460,trailer.krone.boxliner40,trailer_def.krone.boxliner.single_3_40.container,30,1,0
69261,_nameless.183.3cdb.5ed0,cargotras,sassari,lkwlog,venezia,2,985,840,879,concr_cent,renault_premium_6x4_a,trailer.profilinehd,trailer_def.krone.profilinerhd.single_3.flatbed,7,1,0
69261,_nameless.183.3cdb.6f10,cargotras,sassari,vitas_pwr_co,sines,2,1243,720,827,ter_forklift,daf_xf_4x2_370,trailer.scs_flat_b,trailer_def.scs.flatbed.single_3.flatbed_w,2,1,0
69261,_nameless.183.3cdb.7ce0,cargotras,sassari,cesare_smar,palermo,0,228,720,778,beverages,iveco_sway_4x2_500,trailer.coollineret,trailer_def.krone.ecoolliner.single_3.reefer,28,1,0
69261,_nameless.183.3cdb.5fa0,cargotras,sassari,posped,verona,0,959,840,879,sawpanels,daf_xf_euro6_6x2_a,trailer.scs_dry_ms,trailer_def.scs.box.single_3.dryvan_m,33,1,0
69261,_nameless.183.3cdb.6620,fattoria_f,roma,ttk_bg,plovdiv,0,1082,570,745,tractor,renault_t_6x2,trailer.scs_lowbed_3,trailer_def.scs.lowbed.single_3.short,1,1,0
69261,_nameless.183.3cdb.6fe0,fattoria_f,roma,lkwlog,luxembourg,0,1336,0,0,planter,volvo_fh2024_4x2_420,trailer.scs_lowlow4e,trailer_def.scs.lowloader.single_4_ln.long,1,1,0
69261,_nameless.183.3cdb.5100,fattoria_f,roma,te_logistica,cagliari,0,217,840,879,fert_spread,daf_xgp25_4x2_530,trailer.scs_lowlow2e,trailer_def.scs.lowloader.single_2_ln.long,1,1,0
69261,_nameless.183.3cdb.7730,renar,jyvaskyla,rosmark_ru,vyborg,2,448,0,0,shock_absorb,renault_t_4x2,trailer.scs_dry_m,trailer_def.scs.box.single_3.dryvan_m,33,1,0
69261,_nameless.183.3cdb.6d70,renar,jyvaskyla,renar,karesuando,0,756,0,0,icecream,man_4x2_c,trailer.coolliner17,trailer_def.krone.coolliner.single_3.reefer,33,1,0
69261,_nameless.183.3cdb.6550,renar,jyvaskyla,gnt,bergen,0,1452,540,1170,drymilk,"""double/renault_t_4x2h""",trailer.scs_dry_b2,trailer_def.scs.box.bdouble_3_3.dryvan,52,1,0
69261,_nameless.183.3cdb.7e80,renar,jyvaskyla,gnt,panevezys,0,754,150,430,conc_juice_t,daf_6x2_a,trailer.ffb_tsalm32,trailer_def.feldbinder.tsalm.single_3_32.32_3_2,18,1,0
69261,_nameless.183.3cdb.6bd0,byggpro,skelleftea,byggpro,kajaani,1,426,0,0,iron_pipes,daf_xg_4x2_450,trailer.scs_log,trailer_def.scs.log.single_3.steel,28,1,0
69261,_nameless.183.3cdb.5370,byggpro,skelleftea,renar,jyvaskyla,0,609,0,0,precast_strs,man_tgx_euro6_4x2_xl,trailer.scs_dry_a,trailer_def.scs.box.single_3.dryvan,33,1,0
69261,_nameless.183.3cdb.70b0,byggpro,skelleftea,drekkar,linkoping,0,786,0,0,guard_rails,scania_r_4x2_norm_360,trailer.scs_dry,trailer_def.scs.box.single_3.dryvan,33,1,0
69261,_nameless.183.3cdb.7f50,byggpro,skelleftea,cemelt_fla,valmiera,0,911,450,1110,alu_profile,volvo_fh2012_4x2_420,trailer.profilinehd,trailer_def.krone.profilinerhd.single_3.flatbed,2,1,0
69261,_nameless.183.3cdb.5440,tradeaux,kassel,lkwlog,brno,2,622,0,0,press_sl_val,renault_premium_4x2_c,trailer.kasbhr_scs,trailer_def.kassbohrer.scs.single_3_13.curtain,34,1,0
69261,_nameless.183.3cdb.4cf0,tradeaux,kassel,rosmark,rezekne,1,1539,0,0,emptytank,daf_xf_euro6_6x4_c,trailer.scs_flat_b,trailer_def.scs.flatbed.single_3.flatbed_w,1,1,0
69261,_nameless.183.3cdb.4dc0,tradeaux,kassel,transinet,cambridge,2,1001,35,300,silica,volvo_fh2021_6x2_540,trailer.scs_dry_a,trailer_def.scs.box.single_3.dryvan,33,1,0
69261,_nameless.183.3cdb.55e0,tradeaux,kassel,sanbuilders,birmingham,1,1107,35,300,volvo_ec220e,scania_r_4x2_norm_360,trailer.scs_lowbed_3,trailer_def.scs.lowbed.single_3.short,1,1,0
69261,_nameless.183.3cdb.4e90,bhv,lemans,tradeaux,hannover,0,987,0,0,motorcycles,daf_xf_euro6_6x4_c,trailer.scs_dry_m,trailer_def.scs.box.single_3.dryvan_m,33,1,0
69261,_nameless.183.3cdb.ada0,kathode,dusseldorf,rt_log,salzburg,0,740,0,0,transformat,"""heavy/scania_s2016_6x4_high_730""",trailer.scs_lowlowd4,trailer_def.scs.lowloader.single_4_sh.short,1,1,0
69261,_nameless.183.3cdb.8500,kathode,dusseldorf,cargotras,sassari,0,1462,720,827,rooflights,daf_xgp_4x2_530,trailer.scs_curt_s,trailer_def.scs.box.single_3.curtain,33,1,0
69261,_nameless.183.3cdb.b280,konstnr_hs,malmo,euroacres,dresden,1,678,105,404,watertank,daf_xf_euro6_6x4_c,trailer.scs_lowbed41,trailer_def.scs.lowbed.single_41_ln.long,2,1,0
69261,_nameless.183.3cdb.b0e0,konstnr_hs,malmo,sanbuilders,warszawa,0,903,105,404,digger500,volvo_fh16_6x4_700,trailer.scs_lowbed_4,trailer_def.scs.lowbed.single_4_sh.short,1,1,0
69261,_nameless.183.3cdb.a310,konstnr_hs,malmo,blt,paldiski,0,680,570,1270,large_cont,daf_xgp_4x2_530,trailer.scs_flat_b,trailer_def.scs.flatbed.single_3.flatbed_w,33,1,0
69261,_nameless.183.3cdb.9bc0,marmo,livorno,rt_log,innsbruck,1,593,0,0,jcb_pw125qe,scania_r_6x2_high_500,trailer.scs_flat_b,trailer_def.scs.flatbed.single_3.flatbed_w,24,1,0
69261,_nameless.183.3cdb.85d0,egres,kouvola,eviksi,riga,0,650,150,430,kr_vpv190xc,scania_r_6x4_top_620,trailer.scs_lowlowd4,trailer_def.scs.lowloader.single_4_sh.short,1,1,0
69261,_nameless.183.3cdb.86a0,feldbinder,winsen,trameri,vaasa,2,1595,540,1170,hipresstank,volvo_fh16_4x2_420,trailer.scs_flat_b,trailer_def.scs.flatbed.single_3.flatbed_w,8,1,0
69261,_nameless.183.3cdb.b1b0,feldbinder,winsen,stokes,dijon,1,1042,0,0,used_packag,volvo_fh16_6x4_700,trailer.dryliner17,trailer_def.krone.dryliner.single_3.dryvan,33,1,0
69261,_nameless.183.3cdb.8910,feldbinder,winsen,renar,stavanger,0,763,195,1052,used_plast_c,iveco_sway_4x2_460,trailer.scs_gosck20,trailer_def.scs.gooseneck.singl_3e_20.container,15,1,0
69261,_nameless.183.3cdb.9540,freyr,esbjerg,tradeaux,dusseldorf,0,617,0,0,kr_vpv190xc,man_tgx_2020_4x2,trailer.scs_lowlowd2,trailer_def.scs.lowloader.single_2_sh.short,1,1,0
69261,_nameless.183.3cdb.8df0,freyr,esbjerg,transinet,bialystok,0,1230,0,0,tractors,man_tgx_2020_6x2,trailer.scs_lowbed41,trailer_def.scs.lowbed.single_41_ln.long,1,1,0
69261,_nameless.183.3cdb.9d60,freyr,esbjerg,quarry,reims,2,990,0,0,digger1000,iveco_4x2_b,trailer.kasbhr_sla,trailer_def.kassbohrer.sla.single_3_sh.lowbed,1,1,0
69261,_nameless.183.3cdb.92d0,freyr,esbjerg,stokes,cardiff,1,1425,35,300,packag_food,man_tgx_2020,trailer.profiliner17,trailer_def.krone.profiliner.single_3.curtain,33,1,0
69261,_nameless.183.3cdb.ac00,freyr,esbjerg,eurogoodies,dusseldorf,1,618,0,0,goat_cheese,daf_xf_euro6_4x2_a,trailer.scs_ins,trailer_def.scs.box.single_3.insulated,33,1,0
69261,_nameless.183.3cdb.9470,marina,napoli,marina,cernavoda,0,1418,570,745,lux_yacht,scania_r_4x2_norm_360,trailer.kasbhr_sla,trailer_def.kassbohrer.sla.single_3_sh.lowbed,1,1,0
69261,_nameless.183.3cdb.a580,tree_et,birmingham,lkwlog,dortmund,0,863,35,300,skidder,"""heavy/scania_r2016_8x4_high_730""",trailer.scs_lowlow2e,trailer_def.scs.lowloader.single_2_ln.long,1,1,0
69261,_nameless.183.3cdb.b350,tree_et,birmingham,trans_cab,santander,0,366,1080,1176,mulcher,"""heavy/scania_r2016_8x4_high_730""",trailer.scs_lowlow4e,trailer_def.scs.lowloader.single_4_ln.long,1,1,0
69261,_nameless.183.3cdb.96e0,tree_et,birmingham,stokes,calais,2,332,91,384,vol_ew240emh,"""heavy/scania_r2016_8x4_high_730""",trailer.scs_lowbed_4,trailer_def.scs.lowbed.single_4_sh.short,1,1,0
69261,_nameless.183.3cdb.8770,norse_rail,gavle,norse_rail,narvik,0,1022,0,0,cut_flowers,scania_r2016_6x2_high_460,trailer.coolliner17,trailer_def.krone.coolliner.single_3.reefer,33,1,0
69261,_nameless.183.3cdb.8f90,norse_rail,gavle,bhv,stockholm,1,185,0,0,vans_fd,iveco_h_4x2_a,trailer.van_trans,trailer_def.vans_fd.van_trans,100,1,0
69261,_nameless.183.3cdb.9e30,ai,nis,icaria,mitilini,2,444,730,1440,shock_absorb,volvo_fh2021_4x2_750,trailer.kasbhr_scs,trailer_def.kassbohrer.scs.single_3_13.curtain,34,1,0
69261,_nameless.183.3cdb.acd0,ai,nis,exomar,olbia,1,977,1380,1299,exhausts_c,daf_xd,trailer.kasbhr_shg40,trailer_def.kassbohrer.shg.singl_3e_40.container,30,1,0
69261,_nameless.183.3cdb.a0a0,nos_pat,lehavre,gnt,bastia,2,1063,840,1193,horse_tr,volvo_fh16_4x2_540,trailer.truck_trans,trailer_def.horse_tr.truck_trans,100,1,0
69261,_nameless.183.3cdb.9060,nos_pat,lehavre,stokes,liege,0,579,0,0,disc_harrows,man_tgx_2020_4x2,trailer.kasbhr_sla,trailer_def.kassbohrer.sla.single_3_sh.lowbed,1,1,0
69261,_nameless.183.3cdb.9200,nos_pat,lehavre,wilnet_trans,porto_vecchi,0,918,840,1193,cheese,renault_premium_6x2_a,trailer.scs_ref,trailer_def.scs.box.single_3.reefer,33,1,0
69261,_nameless.183.3cdb.9610,aerobalt,vilnius,transinet,munchen,2,1393,0,0,apples,mercedes_4x2,trailer.scs_dry_s,trailer_def.scs.box.single_3.dryvan,33,1,0
69261,_nameless.183.3cdb.a3e0,aerobalt,vilnius,shuttle,novi_sad,1,1293,0,0,grapes,man_tgx_2020_4x2,trailer.scs_ins,trailer_def.scs.box.single_3.insulated,33,1,0
69261,_nameless.183.3cdb.ae70,aerobalt,vilnius,norse_rail,gavle,0,615,510,1110,post_packag,mercedes_actros_2014_6x4_b,trailer.scs_curt_a,trailer_def.scs.box.single_3.curtain,33,1,0
69261,_nameless.183.3cdb.9fd0,aerobalt,vilnius,fcp,berlin,1,871,0,0,comp_process,volvo_fh2024_4x2_780,trailer.kasbhr_shg45,trailer_def.kassbohrer.scs.single_3_13.curtain,34,1,0
69261,_nameless.183.3cdb.9f00,ns_chem_ru,luga,ateria,lahti,0,584,0,0,empty_palet,iveco_4x2_c,trailer.scs_dry_ms,trailer_def.scs.box.single_3.dryvan_m,32,1,0
69261,_nameless.183.3cdb.b010,ns_chem_ru,luga,ns_chem,stockholm,0,575,570,1270,hmetal,scania_r_6x2_high_500,trailer.krone.boxliner20,trailer_def.krone.boxliner.single_3.container,40,1,0
69261,_nameless.183.3cdb.9a20,fjoste,lulea,konstnr_wind,honningsvag,0,891,0,0,concr_beams,"""heavy/renault_6x4""",trailer.scs_lowlow4e,trailer_def.scs.lowloader.single_4_ln.long,1,1,0
69261,_nameless.183.3cdb.8020,fjoste,lulea,renar,stavanger,1,1498,0,0,iron_pipes,scania_r_6x2_high_500,trailer.scs_log,trailer_def.scs.log.single_3.steel,28,1,0
69261,_nameless.183.3cdb.80f0,fjoste,lulea,norrsken,alta,1,887,0,0,cement,scania_s2016_6x4_high_730,trailer.scs_silo,trailer_def.scs.silo.single_3_10.silo,18,1,0
69261,_nameless.183.3cdb.9950,baltomorsk,daugavpils,lintukainen,ivalo,0,1537,150,430,jcb_pw125qe,mercedes_6x2_b,trailer.profilinehd,trailer_def.krone.profilinerhd.single_3.flatbed,24,1,0
69261,_nameless.183.3cdb.a650,baltomorsk,daugavpils,sal_fi,helsinki,2,566,150,430,mulcher,"""heavy/mercedes_6x4""",trailer.scs_lowlowd4,trailer_def.scs.lowloader.single_4_sh.short,1,1,0
69261,_nameless.183.3cdb.81c0,baltomorsk,daugavpils,transinet,kassel,0,1432,0,0,logs,man_tgx_2020_6x2,trailer.scs_log,trailer_def.scs.log.single_3.steel,32,1,0
69261,_nameless.183.3cdb.aa60,voitureux,paris,eurogoodies,koln,0,517,0,0,large_cont,renault_t_4x2,trailer.scs_lowbed_3,trailer_def.scs.lowbed.single_3.short,27,1,0
69261,_nameless.183.3cdb.8290,voitureux,paris,scs_paper,navia,2,1401,0,0,ter_forklift,scania_s2016_4x2_norm_370,trailer.scs_flat_b,trailer_def.scs.flatbed.single_3.flatbed_w,2,1,0
69261,_nameless.183.3cdb.8430,voitureux,paris,costruzi_bas,firenze,0,1235,0,0,jcb_th540180,daf_xf_euro6_4x2_c,trailer.scs_lowlowd2,trailer_def.scs.lowloader.single_2_sh.short,1,1,0
69261,_nameless.183.3cdb.89e0,voitureux,paris,wgcc,aarhus,2,1123,0,0,car_f,daf_xf_euro6_4x2_b,trailer.car_trans,trailer_def.car_f.car_trans,100,1,0
69261,_nameless.183.3cdb.a4b0,voitureux,paris,transinet,cambridge,1,450,35,300,car_balt1,scania_r2016_4x2_high_500,trailer.car_trans,trailer_def.car_balt1.car_trans,100,1,0
69261,_nameless.183.3cdb.a720,voitureux,paris,dfh,bremen,1,773,0,0,car_it,scania_r_4x2_norm_360,trailer.car_trans,trailer_def.car_it.car_trans,100,1,0
69261,_nameless.183.3cdb.8ab0,voitureux,paris,bhv,limoges,1,491,0,0,cars_fr,daf_xf_euro6_4x2_a,trailer.car_trans,trailer_def.cars_fr.car_trans,100,1,0
69261,_nameless.183.3cdb.8b80,freyr,jonkoping,polarislines,esbjerg,1,713,0,0,drymilk,mercedes_4x2_c,trailer.scs_curt_s,trailer_def.scs.box.single_3.curtain,33,1,0
69261,_nameless.183.3cdb.9af0,freyr,jonkoping,nordic_ports,sundsvall,0,563,0,0,tractor_c,"""heavy/scania_r_6x4_top_730""",trailer.scs_lowlow4e,trailer_def.scs.lowloader.single_4_ln.long,1,1,0
69261,_nameless.183.3cdb.a240,freyr,jonkoping,rt_log,rostock,1,569,105,404,horse_tr,mercedes_actros_2014_4x2_a,trailer.truck_trans,trailer_def.horse_tr.truck_trans,100,1,0
69261,_nameless.183.3cdb.a7f0,vitas_pwr_co,sevilla,ika_bohag,murcia,0,593,0,0,forklifts,man_4x2_a,trailer.scs_lowbed41,trailer_def.scs.lowbed.single_41_ln.long,5,1,0
69261,_nameless.183.3cdb.d160,wgcc,grimsby,rt_log,zurich,2,1201,35,300,contamin,volvo_fh16_4x2_420,trailer.krone.boxliner20,trailer_def.krone.boxliner.single_3.container,40,1,0
69261,_nameless.183.3cdb.d710,wgcc,grimsby,cont_port,duisburg,1,868,35,300,sodium,man_tgx_2020,trailer.scs_gosck220,trailer_def.scs.gooseneck.singl_3e_220.container,80,1,0
69261,_nameless.183.3cdb.c1f0,wgcc,grimsby,eco,marseille,0,1458,35,300,ethane,renault_t_4x2,trailer.scs_gastank,trailer_def.scs.gastank.single_3.gastank,40,1,0
69261,_nameless.183.3cdb.d640,mvm_carriere,bastia,brawen,thessaloniki,0,906,1620,1979,dozer,"""heavy/renault_t_6x4""",trailer.scs_lowbed41,trailer_def.scs.lowbed.single_41_ln.long,1,1,0
69261,_nameless.183.3cdb.c390,mvm_carriere,bastia,marmo,firenze,0,875,840,1193,crawler,"""heavy/scania_r_6x4_top_730""",trailer.scs_lowlowd4,trailer_def.scs.lowloader.single_4_sh.short,1,1,0
69261,_nameless.183.3cdb.cef0,mvm_carriere,bastia,rt_log,zaragoza,1,365,930,1182,stone_dust,scania_streamline_6x2_norm_440,trailer.ffb_kip60,trailer_def.feldbinder.kip.single_3_60.silo_60_3p,16,1,0
69261,_nameless.183.3cdb.bd10,mvm_carriere,bastia,wilnet_trans,limoges,0,775,840,1193,hipresstank,renault_t_6x2,trailer.scs_flat_b,trailer_def.scs.flatbed.single_3.flatbed_w,8,1,0
69261,_nameless.183.3cdb.cfc0,norrsken,hamar,rt_log,hamburg,0,1214,0,0,drymilk,scania_s2016_4x2_high_590,trailer.scs_dry_s,trailer_def.scs.box.single_3.dryvan,33,1,0
69261,_nameless.183.3cdb.e340,norrsken,hamar,drekkar,malmo,0,670,0,0,plastic_gra,volvo_fh2012_6x2_500,trailer.ffb_eut35,trailer_def.feldbinder.eut.single_3_35.silo_35_3p,22,1,0
69261,_nameless.183.3cdb.b830,norrsken,hamar,rosmark,riga,2,732,510,1110,yogurt,mercedes_4x2,trailer.coolliner17,trailer_def.krone.coolliner.single_3.reefer,33,1,0
69261,_nameless.183.3cdb.c460,norrsken,hamar,marina,klaipeda,0,676,510,1110,fueltanker,scania_r_4x2_norm_360,trailer.scs_gosck40,trailer_def.scs.gooseneck.singl_3e_40.container,80,1,0
69261,_nameless.183.3cdb.baa0,norrsken,hamar,polarislines,vaasa,0,645,300,680,metal_cans,daf_xg_4x2_450,trailer.scs_dry_s,trailer_def.scs.box.single_3.dryvan,33,1,0
69261,_nameless.183.3cdb.c530,tdc_auto,bremen,rt_log,linz,0,969,0,0,car_ibe,iveco_6x2_a,trailer.car_trans,trailer_def.car_ibe.car_trans,100,1,0
69261,_nameless.183.3cdb.ce20,tdc_auto,bremen,bhv,lemans,1,1058,0,0,car_gr,renault_magnum_6x2_a,trailer.car_trans,trailer_def.car_gr.car_trans,100,1,0
69261,_nameless.183.3cdb.d090,ocean_sol,algeciras,rt_log,a_coruna,2,1161,0,0,lux_yacht,man_tgx_2020_6x2,trailer.kasbhr_sla,trailer_def.kassbohrer.sla.single_3_sh.lowbed,1,1,0
69261,_nameless.183.3cdb.d300,ocean_sol,algeciras,wilnet_trans,limoges,1,1525,0,0,empty_barr,scania_r2016_6x2_high_460,trailer.scs_dry_s,trailer_def.scs.box.single_3.dryvan,33,1,0
69261,_nameless.183.3cdb.c600,adrica,zadar,stokes,wien,0,671,0,0,truck_tyres,iveco_4x2_a,trailer.scs_dry_m,trailer_def.scs.box.single_3.dryvan_m,33,1,0
69261,_nameless.183.3cdb.c6d0,adrica,zadar,rock_eater,hunedoara,0,1085,0,0,motor_oil_c,scania_r2016_6x4_high_660,trailer.kasbhr_shg20,trailer_def.kassbohrer.shg.singl_3e_20.container,15,1,0
69261,_nameless.183.3cdb.c7a0,adrica,zadar,lkwlog,lublin,1,1250,0,0,protec_cloth,daf_xf_euro6_4x2_c,trailer.profiliner17,trailer_def.krone.profiliner.single_3.curtain,33,1,0
69261,_nameless.183.3cdb.e0d0,bhv,vaasa,norrsken,hamar,0,641,300,680,mondeos,volvo_fh2021_4x2_420,trailer.car_trans,trailer_def.mondeos.car_trans,100,1,0
69261,_nameless.183.3cdb.bb70,bhv,vaasa,posped,warszawa,0,1389,150,430,caravans,scania_r2016_4x2_high_500,trailer.truck_trans,trailer_def.caravans.truck_trans,100,1,0
69261,_nameless.183.3cdb.d3d0,bhv,vaasa,norrsken,orebro,0,497,300,680,volvo_cars,scania_r_6x4_top_620,trailer.car_trans,trailer_def.volvo_cars.car_trans,100,1,0
69261,_nameless.183.3cdb.c870,tm_istanbul,istanbul,exomar,taranto,0,1014,570,745,fireworks,renault_premium_6x4_a,trailer.profiliner17,trailer_def.krone.profiliner.single_3.curtain,33,1,0
69261,_nameless.183.3cdb.e410,tm_istanbul,istanbul,villco_mkt,novi_sad,2,1020,0,0,frsh_herbs,daf_xf_euro6_4x2_a,trailer.coolliner17,trailer_def.krone.coolliner.single_3.reefer,33,1,0
69261,_nameless.183.3cdb.bde0,tm_istanbul,istanbul,bhv,ruse,0,464,0,0,car_gr,mercedes_4x2_b,trailer.car_trans,trailer_def.car_gr.car_trans,100,1,0
69261,_nameless.183.3cdb.d4a0,tm_istanbul,istanbul,tras_med,cagliari,1,1165,1410,1624,mob_stacker,"""heavy/scania_s2016_6x4_high_730""",trailer.scs_lowbed_3,trailer_def.scs.lowbed.single_3.short,1,1,0
69261,_nameless.183.3cdb.d570,fjoste,kokkola,konstnr_hs,malmo,0,1181,300,680,concr_stair,volvo_fh16_4x2_540,trailer.scs_flat_b,trailer_def.scs.flatbed.single_3.flatbed_w,3,1,0
69261,_nameless.183.3cdb.d7e0,fjoste,kokkola,baltomorsk,ventspils,1,1078,150,430,crawler,"""heavy/scania_streamline_8x4_top_730""",trailer.scs_lowbed_3,trailer_def.scs.lowbed.single_3.short,1,1,0
69261,_nameless.183.3cdb.beb0,fjoste,kokkola,nch,tallinn,1,616,150,430,iron_pipes,scania_r_4x2_top_480,trailer.scs_log,trailer_def.scs.log.single_3.steel,28,1,0
69261,_nameless.183.3cdb.df30,quarry,sheffield,stokes,zurich,1,1244,35,300,jcb_bhl4cx,daf_xd_1,trailer.kasbhr_slle,trailer_def.kassbohrer.sll.single_3_ln.low,1,1,0
69261,_nameless.183.3cdb.dbf0,quarry,sheffield,nos_pat,bourges,0,992,35,300,watertank,scania_r_4x2_top_480,trailer.scs_lowlowd4,trailer_def.scs.lowloader.single_4_sh.short,1,1,0
69261,_nameless.183.3cdb.e680,gnt,ventspils,borealis,mikkeli,0,783,150,430,transmis,scania_s2016_4x2_norm_370,trailer.scs_dry_a,trailer_def.scs.box.single_3.dryvan,33,1,0
69261,_nameless.183.3cdb.d8b0,gnt,ventspils,transinet,munchen,0,1544,0,0,med_equip,man_tgx_2020,trailer.scs_dry_a,trailer_def.scs.box.single_3.dryvan,33,1,0
69261,_nameless.183.3cdb.c940,gnt,ventspils,nch,vilnius,2,397,0,0,vans_fd,iveco_4x2_c,trailer.van_trans,trailer_def.vans_fd.van_trans,100,1,0
69261,_nameless.183.3cdb.cc80,piac,napoli,posped,bystrica,2,1597,0,0,vans_vt,man_tgx_2020_6x2,trailer.truck_trans,trailer_def.vans_vt.truck_trans,100,1,0
69261,_nameless.183.3cdb.ca10,piac,napoli,stokes,stuttgart,2,1321,0,0,caravans,daf_xf_euro6_6x2_a,trailer.truck_trans,trailer_def.caravans.truck_trans,100,1,0
69261,_nameless.183.3cdb.e750,piac,napoli,renar,calvi,1,317,1050,1234,scaffoldings,renault_etech_t,trailer.profiliner17,trailer_def.krone.profiliner.single_3.curtain,33,1,0
69261,_nameless.183.3cdb.d980,piac,napoli,gnt,bastia,0,391,1050,1234,empty_barr,mercedes_4x2_b,trailer.dryliner17,trailer_def.krone.dryliner.single_3.dryvan,33,1,0
69261,_nameless.183.3cdb.db20,piac,napoli,fallow,vlore,0,336,540,420,cable_reel,"""heavy/daf_xd""",trailer.kasbhr_sll,trailer_def.kassbohrer.sll.single_3_sh.low,1,1,0
69261,_nameless.183.3cdb.b420,piac,napoli,globeur,bourges,1,1544,0,0,used_battery,volvo_fh16_4x2_540,trailer.scs_curt_a,trailer_def.scs.box.single_3.curtain,33,1,0
69261,_nameless.183.3cdb.dcc0,piac,napoli,rt_log,barcelona,0,1584,0,0,car_f,renault_magnum_6x2_a,trailer.car_trans,trailer_def.car_f.car_trans,100,1,0
69261,_nameless.183.3cdb.b4f0,kathode,munchen,syschema,kavala,2,1559,0,0,hipresstank,mercedes_4x2_b,trailer.scs_flat_b,trailer_def.scs.flatbed.single_3.flatbed_w,8,1,0
69261,_nameless.183.3cdb.b5c0,kathode,munchen,te_logistica,parma,1,595,0,0,used_plast_c,daf_xf_4x2_370,trailer.kasbhr_shg20,trailer_def.kassbohrer.shg.singl_3e_20.container,15,1,0
69261,_nameless.183.3cdb.de60,kathode,munchen,norrsken,malmo,0,917,105,404,used_battery,scania_streamline_4x2_top_560,trailer.profiliner17,trailer_def.krone.profiliner.single_3.curtain,33,1,0
69261,_nameless.183.3cdb.b690,kathode,munchen,gnt,daugavpils,0,1575,0,0,truck_batt_c,daf_xf_euro6_6x2_a,trailer.scs_gosck40,trailer_def.scs.gooseneck.singl_3e_40.container,30,1,0
69261,_nameless.183.3cdb.e000,kathode,munchen,itcc,dusseldorf,0,596,0,0,fueltanker,daf_xf_euro6_6x2_a,trailer.scs_gosck40,trailer_def.scs.gooseneck.singl_3e_40.container,80,1,0
69261,_nameless.183.3cdb.cae0,itcc,skopje,fcp,leipzig,1,1534,0,0,fueltanker,volvo_fh16_4x2_540,trailer.scs_gosck20,trailer_def.scs.gooseneck.singl_3e_20.container,40,1,0
69261,_nameless.183.3cdb.dd90,itcc,skopje,exomar,bologna,2,1544,0,0,floorpanels,iveco_4x2_b,trailer.panel_trans.floor,trailer_def.floorpanels.panel_trans.floor,82,1,0
69261,_nameless.183.3cdb.e270,tdc_auto,koper,aaa,cagliari,0,1124,840,879,car_balt2,renault_magnum_6x2_a,trailer.van_trans,trailer_def.car_balt2.van_trans,100,1,0
69261,_nameless.183.3cdb.b760,tdc_auto,koper,brawen,ioannina,0,1567,0,0,volvo_cars,man_tgx_euro6_4x2_xxl,trailer.car_trans,trailer_def.volvo_cars.car_trans,100,1,0
69261,_nameless.183.3cdb.cd50,tdc_auto,koper,bhv,galati,0,1432,0,0,car_balt1,iveco_sway_4x2_580,trailer.car_trans,trailer_def.car_balt1.car_trans,100,1,0
69261,_nameless.183.3cdb.b900,tdc_auto,koper,rt_log,linz,1,559,0,0,car_gr,renault_premium_4x2_a,trailer.car_trans,trailer_def.car_gr.car_trans,100,1,0
69261,_nameless.183.3cdb.bc40,trans_cab,valladolid,app,coimbra,1,559,0,0,sandwch_pnls,man_tgx_euro6_4x2_xxl,trailer.scs_dry_a,trailer_def.scs.box.single_3.dryvan,33,1,0
69261,_nameless.183.3cdb.bf80,trans_cab,valladolid,stokes,plymouth,0,303,1076,1172,disc_harrows,man_tgx_euro6_4x2_xxl,trailer.kasbhr_slle,trailer_def.kassbohrer.sll.single_3_ln.low,1,1,0
69261,_nameless.183.3cdb.fd40,trans_cab,valladolid,renar,calvi,0,731,930,1182,scaffoldings,man_4x2_a,trailer.scs_curt,trailer_def.scs.box.single_3.curtain,33,1,0
69261,_nameless.183.3cdc.0f20,tradeaux,lyon,eolo_lines,porto_vecchi,0,306,840,1193,milk,scania_s_2024e,trailer.scs_curt_s,trailer_def.scs.box.single_3.curtain,33,1,0
69261,_nameless.183.3cdc.10c0,tradeaux,lyon,log_atlan,bilbao,1,922,0,0,hi_volt_cabl,daf_xf_euro6_6x2_a,trailer.scs_dry_ms,trailer_def.scs.box.single_3.dryvan_m,33,1,0
69261,_nameless.183.3cdb.edd0,tradeaux,lyon,tradeaux,grimsby,1,1176,35,300,kr_stc1370,mercedes_actros_2014_6x4_b,trailer.scs_lowlow2e,trailer_def.scs.lowloader.single_2_ln.long,1,1,0
69261,_nameless.183.3cdc.0150,tradeaux,lyon,posped,rotterdam,0,874,0,0,mob_stacker,"""heavy/scania_streamline_8x4_top_730""",trailer.kasbhr_slle,trailer_def.kassbohrer.sll.single_3_ln.low,1,1,0
69261,_nameless.183.3cdc.1260,eumefa,maribor,gnt,bastia,2,1432,840,1193,truck_batt,man_tgx_euro6_6x4_xlx,trailer.kasbhr_shg45,trailer_def.kassbohrer.scs.single_3_13.curtain,34,1,0
69261,_nameless.183.3cdc.1400,eumefa,maribor,cargotras,sassari,1,1461,840,879,comp_process,renault_premium_4x2_a,trailer.scs_dry,trailer_def.scs.box.single_3.dryvan,33,1,0
69261,_nameless.183.3cdc.0970,eumefa,maribor,itcc,osnabruck,0,1076,0,0,hvac,man_4x2_a,trailer.kasbhr_sla,trailer_def.kassbohrer.sla.single_3_sh.lowbed,3,1,0
69261,_nameless.183.3cdc.0b10,eumefa,maribor,te_logistica,parma,0,722,0,0,rooflights,daf_xf_euro6_4x2_a,trailer.scs_curt_a,trailer_def.scs.box.single_3.curtain,33,1,0
69261,_nameless.183.3cdb.fa00,transinet,torino,stokes,liege,1,1049,0,0,disc_harrows,mercedes_4x2,trailer.scs_lowlow4e,trailer_def.scs.lowloader.single_4_ln.long,1,1,0
69261,_nameless.183.3cdb.ed00,transinet,torino,sellplan,koln,1,964,0,0,rice_c,mercedes_6x4_a,trailer.krone.boxliner40,trailer_def.krone.boxliner.single_3_40.container,30,1,0
69261,_nameless.183.3cdb.fba0,transinet,torino,dunavia,osijek,0,1211,0,0,beverages,daf_6x2_a,trailer.scs_dry,trailer_def.scs.box.single_3.dryvan,31,1,0
69261,_nameless.183.3cdc.1190,wilnet_trans,marseille,cargotras,catanzaro,0,1492,0,0,milk,volvo_fh16_4x2_540,trailer.scs_curt_a,trailer_def.scs.box.single_3.curtain,33,1,0
69261,_nameless.183.3cdc.0d80,wilnet_trans,marseille,eurogoodies,wroclaw,1,1513,0,0,onion,daf_xd,trailer.profiliner17,trailer_def.krone.profiliner.single_3.curtain,33,1,0
69261,_nameless.183.3cdb.f5f0,wilnet_trans,marseille,tradeaux,budapest,2,1562,0,0,volvo_cars,scania_r_4x2_norm_360,trailer.car_trans,trailer_def.volvo_cars.car_trans,100,1,0
69261,_nameless.183.3cdc.14d0,wilnet_trans,marseille,rt_log,innsbruck,0,989,0,0,used_plast_c,volvo_fh16_4x2_420,trailer.krone.boxliner40,trailer_def.krone.boxliner.single_3_40.container,30,1,0
69261,_nameless.183.3cdb.f790,wilnet_trans,marseille,balkan_loco,maribor,1,1263,0,0,canned_pork,scania_streamline_6x2_norm_440,trailer.scs_ref_a,trailer_def.scs.box.single_3.reefer,31,1,0
69261,_nameless.183.3cdc.0a40,wilnet_trans,marseille,sellplan,klagenfurt,0,1177,0,0,goat_cheese,daf_xf_euro6_4x2_b,trailer.scs_ref_a,trailer_def.scs.box.single_3.reefer,33,1,0
69261,_nameless.183.3cdb.f860,wilnet_trans,marseille,bcp,bratislava,1,1468,0,0,transmis,mercedes_4x2_a,trailer.kasbhr_sbt,trailer_def.kassbohrer.sbt.single_3_13.dryvan,34,1,0
69261,_nameless.183.3cdb.fad0,domdepo,iasi,ttk_bg,sofia,0,761,0,0,chimney_syst,volvo_fh2021_6x2_540,trailer.scs_dry_a,trailer_def.scs.box.single_3.dryvan,33,1,0
69261,_nameless.183.3cdb.fee0,domdepo,iasi,balkan_loco,craiova,0,595,0,0,excav_soil,scania_s2016_4x2_norm_370,trailer.scs_dumper,trailer_def.scs.dumper.single_3.steel,17,1,0
69261,_nameless.183.3cdb.fc70,domdepo,iasi,balkan_loco,edirne,2,865,0,0,metal_center,"""heavy/renault_6x4""",trailer.scs_lowlowd4,trailer_def.scs.lowloader.single_4_sh.short,1,1,0
69261,_nameless.183.3cdc.0e50,domdepo,iasi,betunia,mostar,1,1312,0,0,logs,man_tgx_euro6_4x2_xxl,trailer.scs_log,trailer_def.scs.log.single_3.steel,32,1,0
69261,_nameless.183.3cdb.f110,nbfc,liverpool,nbfc,aberdeen,0,589,0,0,lead,daf_xf_euro6_4x2_b,trailer.scs_gosck20,trailer_def.scs.gooseneck.singl_3e_20.container,40,1,0
69261,_nameless.183.3cdb.f1e0,nbfc,liverpool,app,gijon,1,720,1080,1176,graph_grease,scania_r_6x4_top_620,trailer.scs_dry_a,trailer_def.scs.box.single_3.dryvan,33,1,0
69261,_nameless.183.3cdc.1330,nbfc,liverpool,nucleon,paluel,1,759,35,300,boric_acid,renault_magnum_6x4_a,trailer.scs_dry_s,trailer_def.scs.box.single_3.dryvan,33,1,0
69261,_nameless.183.3cdb.fe10,nbfc,liverpool,ns_oil,oslo,1,1160,1140,1314,motor_oil_c,volvo_fh16_4x2_540,trailer.scs_gosck40,trailer_def.scs.gooseneck.singl_3e_40.container,30,1,0
69261,_nameless.183.3cdb.f450,rock_eater,hunedoara,transinet,ostrava,0,939,0,0,jcb_dmphtd5e,scania_r_6x2_high_500,trailer.scs_flat_b,trailer_def.scs.flatbed.single_3.flatbed_w,7,1,0
69261,_nameless.183.3cdb.f2b0,rock_eater,hunedoara,stokes,bystrica,0,659,0,0,digger500,man_4x2_a,trailer.kasbhr_slle,trailer_def.kassbohrer.sll.single_3_ln.low,1,1,0
69261,_nameless.183.3cdb.ffb0,rock_eater,hunedoara,rock_eater,kragujevac,2,635,0,0,jcb_mexc19ce,scania_streamline_6x2_norm_440,trailer.scs_flat_b,trailer_def.scs.flatbed.single_3.flatbed_w,3,1,0
69261,_nameless.183.3cdc.15a0,rock_eater,hunedoara,imp_otel,iasi,2,457,0,0,ore,scania_s2016_4x2_high_590,trailer.scs_dumper,trailer_def.scs.dumper.single_3.steel,12,1,0
69261,_nameless.183.3cdb.eea0,ika_bohag,bayonne,cargotras,milano,0,1191,0,0,empty_palet,iveco_h_4x2_a,trailer.scs_dry_s,trailer_def.scs.box.single_3.dryvan,33,1,0
69261,_nameless.183.3cdc.0700,ika_bohag,bayonne,transinet,torino,0,1015,0,0,used_packag,mercedes_actros_2014_4x2_b,trailer.scs_dry,trailer_def.scs.box.single_3.dryvan,33,1,0
69261,_nameless.183.3cdc.1670,ika_bohag,bayonne,cargotras,olbia,0,668,720,827,pot_flowers,scania_streamline_4x2_norm_380,trailer.scs_ref,trailer_def.scs.box.single_3.reefer,33,1,0
69261,_nameless.183.3cdc.0220,aci,bologna,balkan_loco,pleven,1,1531,0,0,air_mails,scania_streamline_4x2_norm_380,trailer.kasbhr_scs,trailer_def.kassbohrer.scs.single_3_13.curtain,34,1,0
69261,_nameless.183.3cdc.02f0,aci,bologna,tradeaux,pecs,1,829,0,0,post_packag,mercedes_actros_2014_4x2_c,trailer.kasbhr_sbt,trailer_def.kassbohrer.sbt.single_3_13.dryvan,34,1,0
69261,_nameless.183.3cdb.f380,aci,bologna,brawen,banja_luka,0,836,0,0,cut_flowers,iveco_6x2_a,trailer.coolliner17,trailer_def.krone.coolliner.single_3.reefer,33,1,0
69261,_nameless.183.3cdb.e8f0,cnp,burgas,tradeaux,ajaccio,2,1424,1620,1979,fueltanker,man_tgx_euro6_4x2_xl,trailer.scs_gosck40,trailer_def.scs.gooseneck.singl_3e_40.container,80,1,0
69261,_nameless.183.3cdc.03c0,cnp,burgas,ai,kragujevac,0,658,0,0,motor_oil_c,scania_r_6x2_high_500,trailer.scs_gosck40,trailer_def.scs.gooseneck.singl_3e_40.container,30,1,0
69261,_nameless.183.3cdc.0490,cnp,burgas,fallow,larissa,0,756,0,0,watertank,man_tgx_euro6_6x4_xlx,trailer.scs_flat_b,trailer_def.scs.flatbed.single_3.flatbed_w,2,1,0
69261,_nameless.183.3cdc.07d0,sporklift,bucuresti,lognstick,tekirdag,2,567,0,0,used_plast,iveco_4x2_a,trailer.kasbhr_sbt,trailer_def.kassbohrer.sbt.single_3_13.dryvan,34,1,0
69261,_nameless.183.3cdb.e9c0,sporklift,bucuresti,stokes,bystrica,2,998,0,0,large_cont,renault_magnum_6x2_a,trailer.scs_lowbed_3,trailer_def.scs.lowbed.single_3.short,27,1,0
69261,_nameless.183.3cdb.ea90,sporklift,bucuresti,syllurgy,beograd,0,549,0,0,forklifts,renault_premium_6x4_a,trailer.scs_lowbed_4,trailer_def.scs.lowbed.single_4_sh.short,3,1,0
69261,_nameless.183.3cdb.ef70,sporklift,bucuresti,dunavia,novi_sad,0,710,0,0,used_battery,iveco_h_4x2_a,trailer.scs_curt,trailer_def.scs.box.single_3.curtain,33,1,0
69261,_nameless.183.3cdb.eb60,tree_et,felixstowe,ika_bohag,aarhus,1,912,480,960,forklifts,mercedes_actros_2014_4x2_c,trailer.scs_lowbed41,trailer_def.scs.lowbed.single_41_ln.long,4,1,0
69261,_nameless.183.3cdb.ec30,tree_et,felixstowe,transinet,frankfurt,0,881,35,300,wshavings,scania_s2016_4x2_norm_370,trailer.ffb_eut35,trailer_def.feldbinder.eut.single_3_35.silo_35_3p,35,1,0
69261,_nameless.183.3cdc.0630,tree_et,felixstowe,itcc,dortmund,1,719,35,300,ter_forklift,scania_streamline_4x2_norm_380,trailer.profilinehd,trailer_def.krone.profilinerhd.single_3.flatbed,2,1,0
69261,_nameless.183.3cdc.08a0,stokes,aberdeen,posped,london,0,841,0,0,sausages,volvo_fh2024_6x2_500,trailer.coolliner17,trailer_def.krone.coolliner.single_3.reefer,33,1,0
69261,_nameless.183.3cdc.0be0,stokes,aberdeen,renar,vasteraas,0,1600,1140,1314,coconut_oil,mercedes_4x2,trailer.kasbhr_sbt,trailer_def.kassbohrer.sbt.single_3_13.dryvan,31,1,0
69261,_nameless.183.3cdc.0cb0,stokes,aberdeen,polarislines,stavanger,2,1119,1335,2366,carrots,daf_xf_euro6_4x2_a,trailer.scs_dry_a,trailer_def.scs.box.single_3.dryvan,33,1,0
69261,_nameless.183.3cdb.3ff0,stokes,aberdeen,posped,rotterdam,0,639,660,995,metal_pipes,iveco_4x2_a,trailer.scs_flat_b,trailer_def.scs.flatbed.single_3.flatbed_w,2,1,0
69261,_nameless.183.3cdb.2fb0,vesna,bihac,kaarfor,iasi,1,1279,0,0,liver_paste,iveco_4x2_c,trailer.scs_ins_s,trailer_def.scs.box.single_3.insulated,33,1,0
69261,_nameless.183.3cdb.32f0,vesna,bihac,posped,bystrica,1,701,0,0,limonades,daf_xf_euro6_4x2_b,trailer.kasbhr_sbt,trailer_def.kassbohrer.sbt.single_3_13.dryvan,30,1,0
69261,_nameless.183.3cdb.2040,cesta_sl,barcelona,globeur,rennes,2,1091,0,0,used_plast,scania_r2016_4x2_norm_370,trailer.scs_dry_ms,trailer_def.scs.box.single_3.dryvan_m,33,1,0
69261,_nameless.183.3cdb.38a0,cesta_sl,barcelona,transinet,munchen,1,1379,0,0,empty_palet,daf_xgp25_4x2_530,trailer.scs_dry_a,trailer_def.scs.box.single_3.dryvan,33,1,0
69261,_nameless.183.3cdb.3970,cesta_sl,barcelona,exomar,a_coruna,1,1119,0,0,used_plast_c,mercedes_actros_2014_6x2_a,trailer.kasbhr_shg40,trailer_def.kassbohrer.shg.singl_3e_40.container,30,1,0
69261,_nameless.183.3cdb.3e50,cesta_sl,barcelona,cargotras,sassari,1,58,720,827,used_packag,mercedes_actros_2014_4x2_c,trailer.drylineret,trailer_def.krone.edryliner.single_3.dryvan,33,1,0
69261,_nameless.183.3cdb.3220,casa_olivera,lleida,stokes,liege,2,1487,0,0,olive_oil,volvo_fh2021_4x2_750,trailer.scs_curt_a,trailer_def.scs.box.single_3.curtain,33,1,0
69261,_nameless.183.3cdb.3560,casa_olivera,lleida,eolo_lines,marseille,1,725,0,0,honey,scania_r_6x2_high_500,trailer.profiliner17,trailer_def.krone.profiliner.single_3.curtain,33,1,0
69261,_nameless.183.3cdb.2860,casa_olivera,lleida,cesta_sl,leon,2,637,0,0,pears,"""double/man_4x2_a""",trailer.scs_ins_b2,trailer_def.scs.box.bdouble_3_3.insulated,52,1,0
69261,_nameless.183.3cdb.2450,casa_olivera,lleida,rt_log,zurich,0,1202,0,0,rye,volvo_fh2021_6x2_540,trailer.scs_silo,trailer_def.scs.silo.single_3_10.silo,30,1,0
69261,_nameless.183.3cdb.22b0,christopoulo,lamia,tm_istanbul,istanbul,0,857,0,0,wshavings,volvo_fh2012_4x2_750,trailer.ffb_kip60,trailer_def.feldbinder.kip.single_3_60.silo_60_3p,60,1,0
69261,_nameless.183.3cdb.4330,christopoulo,lamia,posped,bratislava,1,1466,0,0,refl_posts,renault_premium_4x2_a,trailer.scs_dry_a,trailer_def.scs.box.single_3.dryvan,33,1,0
69261,_nameless.183.3cdb.2930,christopoulo,lamia,balkan_loco,pleven,0,813,0,0,plumb_suppl,daf_xd25,trailer.scs_dry_m,trailer_def.scs.box.single_3.dryvan_m,33,1,0
69261,_nameless.183.3cdb.4a80,christopoulo,lamia,cargotras,sassari,2,839,1410,1624,logs,daf_xgp25_4x2_530,trailer.scs_log,trailer_def.scs.log.single_3.steel,32,1,0
69261,_nameless.183.3cdb.48e0,nosko,vilnius,eurogoodies,lublin,2,510,0,0,limonades,daf_4x2_a,trailer.kasbhr_scs,trailer_def.kassbohrer.scs.single_3_13.curtain,32,1,0
69261,_nameless.183.3cdb.3150,nosko,vilnius,suprema,jyvaskyla,0,889,150,430,prosciutto,volvo_fh2021_4x2_750,trailer.scs_ins_s,trailer_def.scs.box.single_3.insulated,33,1,0
69261,_nameless.183.3cdb.4260,cesta_sl,leon,te_logistica,cagliari,1,1012,720,827,used_packag,daf_xf_euro6_4x2_b,trailer.kasbhr_scs,trailer_def.kassbohrer.scs.single_3_13.curtain,34,1,0
69261,_nameless.183.3cdb.3f20,cesta_sl,leon,posped,metz,0,1564,0,0,used_plast,volvo_fh2021_4x2_750,trailer.kasbhr_sbt,trailer_def.kassbohrer.sbt.single_3_13.dryvan,34,1,0
69261,_nameless.183.3cdb.3a40,cesta_sl,leon,app,zaragoza,1,538,0,0,used_plast_c,daf_xg_4x2_450,trailer.krone.boxliner40,trailer_def.krone.boxliner.single_3_40.container,30,1,0
69261,_nameless.183.3cdb.40c0,cesta_sl,leon,stokes,dijon,0,1382,0,0,empty_palet,daf_xf_euro6_6x2_a,trailer.scs_curt_a,trailer_def.scs.box.single_3.curtain,33,1,0
69261,_nameless.183.3cdb.25f0,sellplan,southampton,lkwlog,luxembourg,2,559,35,300,empty_palet,volvo_fh2021_4x2_420,trailer.kasbhr_shg45,trailer_def.kassbohrer.scs.single_3_13.curtain,34,1,0
69261,_nameless.183.3cdb.33c0,sellplan,southampton,tradeaux,toulouse,0,1108,35,300,used_packag,daf_xf_4x2_370,trailer.dryliner17,trailer_def.krone.dryliner.single_3.dryvan,33,1,0
69261,_nameless.183.3cdb.2ad0,sellplan,southampton,globeur,montpellier,0,1135,35,300,used_plast,iveco_4x2_b,trailer.dryliner17,trailer_def.krone.dryliner.single_3.dryvan,33,1,0
69261,_nameless.183.3cdb.3700,cont_port,constanta,brawen,ioannina,1,1051,0,0,truck_batt_c,scania_streamline_6x2_norm_440,trailer.kasbhr_shg20,trailer_def.kassbohrer.shg.singl_3e_20.container,15,1,0
69261,_nameless.183.3cdb.2ba0,cont_port,constanta,baltrak,edirne,2,446,0,0,exhausts_c,mercedes_actros_2014_4x2_b,trailer.krone.boxliner20,trailer_def.krone.boxliner.single_3.container,15,1,0
69261,_nameless.183.3cdb.2a00,marina,durres,cnp,napoli,2,234,540,420,large_cont,scania_r_6x4_top_620,trailer.scs_lowbed_3,trailer_def.scs.lowbed.single_3.short,27,1,0
69261,_nameless.183.3cdb.4b50,marina,durres,tradeaux,budapest,0,1006,0,0,lux_yacht,mercedes_actros_2014_6x2_a,trailer.scs_lowbed_4,trailer_def.scs.lowbed.single_4_sh.short,1,1,0
69261,_nameless.183.3cdb.4740,marina,durres,fallow,zenica,1,617,0,0,yacht,mercedes_6x4_a,trailer.scs_lowbed_4,trailer_def.scs.lowbed.single_4_sh.short,1,1,0
69261,_nameless.183.3cdb.3490,posped,linz,polar_fish,goteborg,0,1300,105,404,plast_film_c,iveco_4x2_b,trailer.krone.boxliner40,trailer_def.krone.boxliner.single_3_40.container,30,1,0
69261,_nameless.183.3cdb.2c70,posped,linz,voitureux,rennes,0,1485,0,0,press_sl_val,scania_streamline_4x2_norm_380,trailer.profiliner17,trailer_def.krone.profiliner.single_3.curtain,33,1,0
69261,_nameless.183.3cdb.2380,dfh,dresden,polarislines,nynashamn,0,1160,105,404,diesel_gen,man_tgx_2020_4x2,trailer.scs_dry_a,trailer_def.scs.box.single_3.dryvan,33,1,0
69261,_nameless.183.3cdb.2520,dfh,dresden,cemelt_fla,cluj_napoca,0,1229,0,0,metal_beams,mercedes_6x2_b,trailer.profilinehd,trailer_def.krone.profilinerhd.single_3.flatbed,1,1,0
69261,_nameless.183.3cdb.4670,dfh,dresden,posped,warszawa,2,560,0,0,steel_cord,daf_4x2_a,trailer.scs_curt_s,trailer_def.scs.box.single_3.curtain,33,1,0
69261,_nameless.183.3cdb.26c0,dfh,dresden,brawen,novi_sad,1,880,0,0,largetubes,volvo_fh2021_4x2_420,trailer.scs_log,trailer_def.scs.log.single_3.steel,6,1,0
69261,_nameless.183.3cdb.4810,radus_ru,burgas,brawen,ioannina,0,878,0,0,empty_spool,volvo_fh2021_4x2_750,trailer.scs_lowbed_4,trailer_def.scs.lowbed.single_4_sh.short,3,1,0
69261,_nameless.183.3cdb.1820,radus_ru,burgas,fallow,zagreb,0,1151,0,0,metal_center,"""heavy/daf_xd""",trailer.kasbhr_sll,trailer_def.kassbohrer.sll.single_3_sh.low,1,1,0
69261,_nameless.183.3cdb.18f0,radus_ru,burgas,ccg_fla,rhodes,2,1110,810,1889,concr_stair,iveco_4x2_b,trailer.profilinehd,trailer_def.krone.profilinerhd.single_3.flatbed,3,1,0
69261,_nameless.183.3cdb.37d0,libellula,livorno,rt_log,salzburg,0,792,0,0,used_packag,scania_s2016_6x4_high_730,trailer.scs_dry_s,trailer_def.scs.box.single_3.dryvan,33,1,0
69261,_nameless.183.3cdb.19c0,libellula,livorno,eolo_lines,marseille,1,636,0,0,empty_barr,mercedes_6x4_a,trailer.scs_dry_s,trailer_def.scs.box.single_3.dryvan,33,1,0
69261,_nameless.183.3cdb.2790,libellula,livorno,te_logistica,sassari,0,799,840,879,empty_palet,daf_xf_euro6_4x2_b,trailer.scs_dry_m,trailer_def.scs.box.single_3.dryvan_m,33,1,0
69261,_nameless.183.3cdb.1a90,lavish_food,badajoz,eolo_lines,huelva,0,325,0,0,sausages,scania_r2016_4x2_high_500,trailer.coolliner17,trailer_def.krone.coolliner.single_3.reefer,33,1,0
69261,_nameless.183.3cdb.3b10,lavish_food,badajoz,eolo_lines,napoli,0,979,1300,1500,beverages,renault_magnum_4x2_a,trailer.kasbhr_sbt,trailer_def.kassbohrer.sbt.single_3_13.dryvan,34,1,0
69261,_nameless.183.3cdb.1ea0,renar,honningsvag,sanbuild_hms,rovaniemi,1,652,0,0,jcb_bhl4cx,mercedes_4x2,trailer.scs_lowbed_3,trailer_def.scs.lowbed.single_3.short,1,1,0
69261,_nameless.183.3cdb.3be0,renar,honningsvag,blt,paldiski,1,1520,150,430,kr_stc1370,scania_s2016_4x2_high_590,trailer.kasbhr_slle,trailer_def.kassbohrer.sll.single_3_ln.low,1,1,0
69261,_nameless.183.3cdb.3cb0,cont_port,esbjerg,renar,mikkeli,1,1401,540,1170,used_plast_c,renault_magnum_6x2_a,trailer.krone.boxliner220,trailer_def.krone.boxliner.single_3_220.container,30,1,0
69261,_nameless.183.3cdb.2d40,cont_port,esbjerg,nbfc,aberdeen,1,613,1140,1314,chlorine,iveco_h_4x2_a,trailer.scs_gosck20,trailer_def.scs.gooseneck.singl_3e_20.container,40,1,0
69261,_nameless.183.3cdb.3d80,cont_port,esbjerg,sanbuilders,luxembourg,1,880,0,0,lumber_p,iveco_4x2_a,trailer.profilinehd,trailer_def.krone.profilinerhd.single_3.flatbed,6,1,0
69261,_nameless.183.3cdb.2e10,baltomorsk,klaipeda,nord_sten,kalmar,1,472,510,1110,digger1000,man_tgx_euro6_6x4_xlx,trailer.kasbhr_sla,trailer_def.kassbohrer.sla.single_3_sh.lowbed,1,1,0
69261,_nameless.183.3cdb.2ee0,baltomorsk,klaipeda,rt_log,graz,1,1341,0,0,jcb_bhl4cx,volvo_fh2012_4x2_750,trailer.scs_lowbed_4,trailer_def.scs.lowbed.single_4_sh.short,1,1,0
69261,_nameless.183.3cdb.1c30,trans_cab,lisboa,globeur,montpellier,1,1405,0,0,fresh_fish,man_tgx_euro6_4x2_xl,trailer.scs_ref,trailer_def.scs.box.single_3.reefer,33,1,0
69261,_nameless.183.3cdb.1d00,trans_cab,lisboa,log_atlan,leon,2,549,0,0,motorcycles,daf_xf_euro6_4x2_c,trailer.scs_dry_s,trailer_def.scs.box.single_3.dryvan,33,1,0
69261,_nameless.183.3cdb.1f70,trans_cab,lisboa,globeur,montpellier,2,1405,0,0,electronics,volvo_fh2024_4x2_420,trailer.kasbhr_shg45,trailer_def.kassbohrer.scs.single_3_13.curtain,34,1,0
69261,_nameless.183.3cdb.2110,norse_rail,ostersund,renar,honningsvag,1,1402,0,0,dryers,scania_r2016_6x4_high_660,trailer.scs_curt_a,trailer_def.scs.box.single_3.curtain,33,1,0
69261,_nameless.183.3638.b4d0,norse_rail,ostersund,agronord,karlstad,2,599,0,0,ter_forklift,daf_xf_euro6_4x2_b,trailer.scs_flat_b,trailer_def.scs.flatbed.single_3.flatbed_w,2,1,0
69261,_nameless.183.3638.c030,norse_rail,ostersund,norr_food,odense,0,1290,0,0,sausages,scania_r_6x2_high_500,trailer.scs_ref_s,trailer_def.scs.box.single_3.reefer,33,1,0
69261,_nameless.183.3638.9e10,norse_rail,ostersund,nordic_ports,mo_i_rana,0,615,0,0,packag_food,renault_t_4x2h,trailer.dryliner17,trailer_def.krone.dryliner.single_3.dryvan,33,1,0
69261,_nameless.183.3638.9930,bhv,siauliai,dfh,dresden,0,963,0,0,pickup_gr,scania_r2016_4x2_high_500,trailer.truck_trans,trailer_def.pickup_gr.truck_trans,100,1,0
69261,_nameless.183.3638.c920,bhv,siauliai,tdc_auto,bremen,2,1297,0,0,car_ibe,mercedes_actros_2014_6x2_a,trailer.car_trans,trailer_def.car_ibe.car_trans,100,1,0
69261,_nameless.183.3638.c5e0,eurogoodies,bijelo_polje,posped,strasbourg,2,1581,0,0,drymilk,scania_streamline_6x2_norm_440,trailer.scs_curt,trailer_def.scs.box.single_3.curtain,33,1,0
69261,_nameless.183.3638.c510,eurogoodies,bijelo_polje,subse,brasov,0,797,0,0,lamb_stom,renault_t_4x2,trailer.scs_ref_a,trailer_def.scs.box.single_3.reefer,33,1,0
69261,_nameless.183.3638.9a00,eurogoodies,bijelo_polje,sellplan,nurnberg,1,1358,0,0,cheese,scania_s2016_6x4_high_730,trailer.scs_ins_s,trailer_def.scs.box.single_3.insulated,33,1,0
69261,_nameless.183.3638.a3c0,renar,tampere,blt,kunda,0,351,150,430,cement,daf_xd,trailer.scs_silo,trailer_def.scs.silo.single_3_10.silo,15,1,0
69261,_nameless.183.3638.aa40,renar,tampere,norrsken,karlskrona,0,774,540,1170,windml_tube,man_tgx_2020_4x2,trailer.scs_lowbed_4,trailer_def.scs.lowbed.single_4_sh.short,1,1,0
69261,_nameless.183.3638.c440,renar,tampere,posped,katowice,1,1441,150,430,pet_food,mercedes_actros_2014_4x2_b,trailer.scs_curt_a,trailer_def.scs.box.single_3.curtain,33,1,0
69261,_nameless.183.3638.ba80,renar,tampere,nord_sten,ostersund,2,550,300,680,fuel_oil,man_tgx_2020,trailer.willig.fuel_cistern,trailer_def.scs.fueltank.single_3.fueltank,30,1,0
69261,_nameless.183.3638.b260,posped,swansea,transinet,sheffield,2,406,0,0,salm_fillet,mercedes_6x4_a,trailer.coolliner17,trailer_def.krone.coolliner.single_3.reefer,33,1,0
69261,_nameless.183.3638.9ad0,posped,swansea,stokes,zurich,0,1225,35,300,truck_tyres,man_tgx_euro6_4x2_xxl,trailer.scs_dry_a,trailer_def.scs.box.single_3.dryvan,33,1,0
69261,_nameless.183.3638.c780,ika_bohag,roma,eolo_lines,porto_vecchi,2,901,840,1193,empty_palet,scania_r_4x2_top_480,trailer.kasbhr_scs,trailer_def.kassbohrer.scs.single_3_13.curtain,34,1,0
69261,_nameless.183.3638.acb0,ika_bohag,roma,rt_log,bern,1,907,0,0,used_packag,renault_premium_4x2_a,trailer.kasbhr_shg45,trailer_def.kassbohrer.scs.single_3_13.curtain,34,1,0
69261,_nameless.183.3638.c1d0,radus_ru,petersburg,norse_rail,kiruna,1,1368,0,0,empty_spool,scania_r_6x2_high_500,trailer.scs_lowbed_4,trailer_def.scs.lowbed.single_4_sh.short,3,1,0
69261,_nameless.183.3638.c2a0,radus_ru,petersburg,gnt,daugavpils,0,611,0,0,concr_cent,renault_t_4x2,trailer.profilinehd,trailer_def.krone.profilinerhd.single_3.flatbed,7,1,0
69261,_nameless.183.3638.be90,sanbuild_cem,tuzla,dfh,nurnberg,0,998,0,0,silica,iveco_sway_4x2_460,trailer.scs_curt_s,trailer_def.scs.box.single_3.curtain,33,1,0
69261,_nameless.183.3638.b8e0,sanbuild_cem,tuzla,sanbuild_bas,stuttgart,0,1047,0,0,jcb_dmp6t2,"""heavy/scania_r2016_8x4_high_730""",trailer.kasbhr_slle,trailer_def.kassbohrer.sll.single_3_ln.low,1,1,0
69261,_nameless.183.3638.a220,sanbuild_cem,tuzla,lkwlog,kosice,0,604,0,0,watertank,renault_t_4x2,trailer.scs_lowlow4e,trailer_def.scs.lowloader.single_4_ln.long,2,1,0
69261,_nameless.183.3638.b670,tree_et,a_coruna,boisserie,lemans,2,1365,0,0,mob_tr_winch,"""heavy/volvo_fh16_6x4_750""",trailer.scs_lowbed_3,trailer_def.scs.lowbed.single_3.short,1,1,0
69261,_nameless.183.3638.b740,tree_et,a_coruna,ocean_sol,gijon,1,254,0,0,forklifts,volvo_fh16_4x2_540,trailer.scs_lowbed_3,trailer_def.scs.lowbed.single_3.short,4,1,0
69261,_nameless.183.3638.c850,baltomorsk,valmiera,norse_rail,rovaniemi,2,1121,150,430,jcb_th540180,man_tgx_euro6_4x2_xxl,trailer.scs_lowbed41,trailer_def.scs.lowbed.single_41_ln.long,1,1,0
69261,_nameless.183.3638.bc20,baltomorsk,valmiera,gnt,jonkoping,0,611,510,1110,lumber,iveco_6x2_a,trailer.profilinehd,trailer_def.krone.profilinerhd.single_3.flatbed,3,1,0
69261,_nameless.183.3638.c370,rt_log,cordoba,ts_atlas,sines,0,598,0,0,nitrogen,volvo_fh16_6x4_700,trailer.scs_gosck20,trailer_def.scs.gooseneck.singl_3e_20.container,40,1,0
69261,_nameless.183.3638.b9b0,rt_log,cordoba,globeur,bordeaux,1,1180,0,0,food_oil_t,mercedes_actros_2014_6x2_a,trailer.ffb_tsalm32,trailer_def.feldbinder.tsalm.single_3_32.32_3_2,30,1,0
69261,_nameless.183.3638.bdc0,eumefa,beograd,fallow,istanbul,0,988,0,0,emptytank,scania_r_6x2_high_500,trailer.scs_flat_b,trailer_def.scs.flatbed.single_3.flatbed_w,1,1,0
69261,_nameless.183.3638.bf60,eumefa,beograd,tras_med,roma,0,1505,0,0,used_plast,renault_t_4x2,trailer.scs_curt_a,trailer_def.scs.box.single_3.curtain,33,1,0
69261,_nameless.183.3638.a2f0,eumefa,beograd,transinet,torino,1,1400,0,0,comp_process,mercedes_actros_2014_4x2_c,trailer.scs_curt_a,trailer_def.scs.box.single_3.curtain,33,1,0
69261,_nameless.183.3638.9c70,eumefa,beograd,fallow,targu_mures,2,623,0,0,used_battery,man_tgx_2020_6x2,trailer.profiliner17,trailer_def.krone.profiliner.single_3.curtain,33,1,0
69261,_nameless.183.3638.96c0,radus,banja_luka,radus_ru,sofia,1,783,0,0,volvo_bucket,renault_premium_4x2_a,trailer.scs_lowlow4e,trailer_def.scs.lowloader.single_4_ln.long,1,1,0
69261,_nameless.183.3638.9790,radus,banja_luka,tradeaux,paris,1,1559,0,0,empty_spool,iveco_6x2_a,trailer.kasbhr_sla,trailer_def.kassbohrer.sla.single_3_sh.lowbed,3,1,0
69261,_nameless.183.3638.9860,radus,banja_luka,fallow,podgorica,0,588,0,0,concr_cent,man_tgx_euro6_4x2_xxl,trailer.profilinehd,trailer_def.krone.profilinerhd.single_3.flatbed,7,1,0
69261,_nameless.183.3638.9ba0,cemelt_win,paldiski,nord_sten,jonkoping,0,497,570,1270,dozer,"""heavy/man_6x4""",trailer.kasbhr_sll,trailer_def.kassbohrer.sll.single_3_sh.low,1,1,0
69261,_nameless.183.3638.9d40,cemelt_win,paldiski,mjolnir_min,karesuando,0,1167,150,430,jcb_dmp6t2,"""heavy/man_tgx_2020_8x4""",trailer.scs_lowlowd2,trailer_def.scs.lowloader.single_2_sh.short,1,1,0
69261,_nameless.183.3638.a560,shuttle,iasi,transinet,debrecen,1,682,0,0,forklifts,scania_r2016_6x2_high_460,trailer.scs_lowbed_3,trailer_def.scs.lowbed.single_3.short,4,1,0
69261,_nameless.183.3638.9ee0,shuttle,iasi,villco_mkt,mitilini,0,985,730,1440,beverages_c,mercedes_4x2_c,trailer.scs_gosck20,trailer_def.scs.gooseneck.singl_3e_20.container,15,1,0
69261,_nameless.183.3638.a080,shuttle,iasi,stokes,bystrica,1,1019,0,0,carb_water,daf_xgp25_4x2_530,trailer.scs_curt,trailer_def.scs.box.single_3.curtain,32,1,0
69261,_nameless.183.3638.a150,shuttle,iasi,cont_port,rijeka,1,1312,0,0,used_plast_c,scania_s2016_4x2_high_590,trailer.scs_gosck40,trailer_def.scs.gooseneck.singl_3e_40.container,30,1,0
69261,_nameless.183.3638.a630,fle,bucuresti,villco_mkt,kavala,1,548,0,0,large_cont,renault_premium_4x2_a,trailer.scs_lowbed_4,trailer_def.scs.lowbed.single_4_sh.short,27,1,0
69261,_nameless.183.3638.a700,fle,bucuresti,lognstick,istanbul,1,617,0,0,med_equip,scania_r_6x2_high_500,trailer.scs_curt_s,trailer_def.scs.box.single_3.curtain,33,1,0
69261,_nameless.183.3638.a7d0,fle,bucuresti,posped,warszawa,2,1394,0,0,olive_tree,scania_r_6x2_high_500,trailer.scs_brick_r,trailer_def.scs.flatbed.single_3.brick,1,1,0
69261,_nameless.183.3638.a8a0,fle,bucuresti,eolo_lines,athens,2,1205,0,0,fresh_fish,man_tgx_euro6_4x2_xl,trailer.scs_ref,trailer_def.scs.box.single_3.reefer,33,1,0
69261,_nameless.183.3638.a970,ns_chem,kaunas,syschema,tuzla,0,1499,0,0,large_cont,renault_premium_6x4_a,trailer.scs_flat_b,trailer_def.scs.flatbed.single_3.flatbed_w,33,1,0
69261,_nameless.183.3638.ab10,ns_chem,kaunas,wgcc,sundsvall,0,804,510,1110,hmetal,man_tgx_euro6_4x2_xxl,trailer.kasbhr_shg20,trailer_def.kassbohrer.shg.singl_3e_20.container,40,1,0
69261,_nameless.183.3638.abe0,ns_chem,kaunas,renar,jyvaskyla,1,898,150,430,empty_palet,scania_streamline_6x2_norm_440,trailer.scs_dry_m,trailer_def.scs.box.single_3.dryvan_m,32,1,0
69261,_nameless.183.3638.ad80,ns_chem,kaunas,nch,riga,2,285,0,0,chlorine_t,man_4x2_a,trailer.scs_gastank,trailer_def.scs.gastank.single_3.gastank,14,1,0
69261,_nameless.183.3638.af20,ika_bohag,pescara,brawen,banja_luka,0,1185,0,0,pot_flowers,scania_r2016_4x2_high_500,trailer.coolliner17,trailer_def.krone.coolliner.single_3.reefer,33,1,0
69261,_nameless.183.3638.b0c0,ika_bohag,pescara,icaria,chios,1,799,1110,1585,empty_palet,scania_r_6x4_top_620,trailer.scs_curt,trailer_def.scs.box.single_3.curtain,33,1,0
69261,_nameless.183.3638.f9e0,ika_bohag,pescara,tras_med,genova,1,684,0,0,used_packag,renault_premium_4x2_c,trailer.scs_curt_s,trailer_def.scs.box.single_3.curtain,33,1,0
69261,_nameless.183.3638.e590,eurogoodies,edinburgh,sellplan,rostock,1,1108,660,995,apples_c,iveco_6x2_a,trailer.kasbhr_shg20,trailer_def.kassbohrer.shg.singl_3e_20.container,15,1,0
69261,_nameless.183.3638.edb0,eurogoodies,edinburgh,norrsken,karlskrona,0,934,1140,1314,pork_meat,scania_streamline_4x2_top_560,trailer.coolliner17,trailer_def.krone.coolliner.single_3.reefer,33,1,0
69261,_nameless.183.3638.da30,kaarfor,magdeburg,posped,rotterdam,0,573,0,0,used_plast,mercedes_6x4_a,trailer.kasbhr_sbt,trailer_def.kassbohrer.sbt.single_3_13.dryvan,34,1,0
69261,_nameless.183.3638.ec10,kaarfor,magdeburg,rt_log,innsbruck,0,736,0,0,used_packag,daf_xf_euro6_6x2_a,trailer.kasbhr_sbt,trailer_def.kassbohrer.sbt.single_3_13.dryvan,34,1,0
69261,_nameless.183.3638.e4c0,lkwlog,szeged,lefko,trikala,0,1041,0,0,lumber_p,daf_xf_euro6_6x4_c,trailer.profilinehd,trailer_def.krone.profilinerhd.single_3.flatbed,6,1,0
69261,_nameless.183.3638.f910,lkwlog,szeged,icaria,chios,1,913,690,1521,fresh_fish,scania_r2016_6x2_high_460,trailer.scs_ref,trailer_def.scs.box.single_3.reefer,33,1,0
69261,_nameless.183.3638.e660,lkwlog,szeged,tradeaux,klagenfurt,0,556,0,0,hi_volt_cabl,mercedes_6x4_a,trailer.scs_dry_a,trailer_def.scs.box.single_3.dryvan,33,1,0
69261,_nameless.183.3638.fab0,lkwlog,szeged,balkan_loco,ruse,0,740,0,0,alu_profile,volvo_fh2024_6x2_500,trailer.profilinehd,trailer_def.krone.profilinerhd.single_3.flatbed,2,1,0
69261,_nameless.183.3638.e180,lkwlog,szeged,lognstick,bucuresti,0,689,0,0,pot_flowers,renault_magnum_4x2_a,trailer.scs_ins_a,trailer_def.scs.box.single_3.insulated,33,1,0
69261,_nameless.183.3638.ee80,sag_tre_pln,lillehammer,konstnr_wind,linkoping,1,606,0,0,ter_forklift,scania_streamline_4x2_norm_380,trailer.profilinehd,trailer_def.krone.profilinerhd.single_3.flatbed,2,1,0
69261,_nameless.183.3638.ced0,sag_tre_pln,lillehammer,ika_bohag,odense,0,948,0,0,forklifts,mercedes_4x2_b,trailer.scs_lowbed_4,trailer_def.scs.lowbed.single_4_sh.short,4,1,0
69261,_nameless.183.3638.dca0,sag_tre_pln,lillehammer,lkwlog,gdansk,0,842,630,790,crawler,"""heavy/scania_streamline_8x4_top_730""",trailer.scs_lowbed41,trailer_def.scs.lowbed.single_41_ln.long,1,1,0
69261,_nameless.183.3638.c9f0,sag_tre_pln,lillehammer,polarislines,naantali,1,562,540,1170,empty_spool,scania_r2016_6x2_high_460,trailer.scs_lowbed41,trailer_def.scs.lowbed.single_41_ln.long,4,1,0
69261,_nameless.183.3638.fc50,ccg_fla,thessaloniki,nbfc,budapest,2,984,0,0,ter_forklift,iveco_h_4x2_a,trailer.profilinehd,trailer_def.krone.profilinerhd.single_3.flatbed,2,1,0
69261,_nameless.183.3638.f020,ccg_fla,thessaloniki,cargotras,olbia,2,808,1410,1624,digger500,volvo_fh2024_6x2_500,trailer.scs_lowlow4e,trailer_def.scs.lowloader.single_4_ln.long,1,1,0
69261,_nameless.183.3638.e730,syschema,osijek,balkan_loco,edirne,0,1028,0,0,ammunition,renault_t_4x2,trailer.scs_curt_a,trailer_def.scs.box.single_3.curtain,33,1,0
69261,_nameless.183.3638.d960,syschema,osijek,st_roza_bg,burgas,1,995,0,0,magnesium,volvo_fh2024_6x2_500,trailer.scs_gosck20,trailer_def.scs.gooseneck.singl_3e_20.container,40,1,0
69261,_nameless.183.3638.d7c0,wgcc,sundsvall,norse_rail,rovaniemi,1,523,0,0,pesticide,volvo_fh2012_4x2_420,trailer.krone.boxliner40,trailer_def.krone.boxliner.single_3_40.container,80,1,0
69261,_nameless.183.3638.dd70,wgcc,sundsvall,viln_paper,vilnius,0,839,510,1110,chemicals,scania_streamline_4x2_norm_380,trailer.ffb_tsaadr22,trailer_def.feldbinder.tsaadr.single_3_22a.22_3_1,73,1,0
69261,_nameless.183.3638.cfa0,wgcc,sundsvall,wgcc,aarhus,1,1330,0,0,fueltanker,renault_t_4x2,trailer.krone.boxliner40,trailer_def.krone.boxliner.single_3_40.container,80,1,0
69261,_nameless.183.3638.e8d0,renor,ornskoldsvik,viln_paper,vilnius,2,880,510,1110,wood_bark,iveco_h_4x2_a,trailer.scs_dumper,trailer_def.scs.dumper.single_3.steel,27,1,0
69261,_nameless.183.3638.d3b0,fallow,timisoara,shuttle,novi_sad,2,224,0,0,tomatoes,renault_t_4x2h,trailer.scs_ins_a,trailer_def.scs.box.single_3.insulated,33,1,0
69261,_nameless.183.3638.eb40,fallow,timisoara,tras_med,genova,0,1462,0,0,chimney_syst,daf_xf_euro6_6x4_c,trailer.kasbhr_sbt,trailer_def.kassbohrer.sbt.single_3_13.dryvan,34,1,0
69261,_nameless.183.3638.f500,fallow,timisoara,eurogoodies,klagenfurt,2,743,0,0,beans,volvo_fh2021_4x2_420,trailer.scs_curt_a,trailer_def.scs.box.single_3.curtain,33,1,0
69261,_nameless.183.3638.f770,fallow,timisoara,transinet,torino,0,1452,0,0,apples_c,renault_premium_4x2_a,trailer.krone.boxliner220,trailer_def.krone.boxliner.single_3_220.container,30,1,0
69261,_nameless.183.3638.d480,feldbinder_t,winsen,transinet,brussel,0,551,0,0,ffb_kip60,scania_r2016_6x4_high_660,trailer.ffb_kip60,trailer_def.ffb_kip60.ffb_kip60,100,1,0
69261,_nameless.183.3638.f6a0,feldbinder_t,winsen,dans_jardin,porto_vecchi,0,1442,840,1193,ffb_tsaadr22,volvo_fh2021_6x2_540,trailer.ffb_tsaadr22,trailer_def.ffb_tsaadr22.ffb_tsaadr22,100,1,0
69261,_nameless.183.3638.db00,bcp,munchen,fallow,vlore,0,1542,0,0,empty_palet,scania_s2016_6x4_high_730,trailer.kasbhr_shg45,trailer_def.kassbohrer.scs.single_3_13.curtain,34,1,0
69261,_nameless.183.3638.d140,bcp,munchen,dfh,dresden,1,427,0,0,car_balt1,volvo_fh2021_4x2_420,trailer.car_trans,trailer_def.car_balt1.car_trans,100,1,0
69261,_nameless.183.3638.de40,ns_oil,karlstad,renar,lulea,2,814,0,0,petrol,mercedes_actros_2014_4x2_b,trailer.willig.fuel_cistern,trailer_def.scs.fueltank.single_3.fueltank,30,1,0
69261,_nameless.183.3638.d550,ns_oil,karlstad,transinet,bialystok,2,835,510,1110,kerosene,daf_xf_4x2_370,trailer.scs_fueltank,trailer_def.scs.fueltank.single_3.fueltank,30,1,0
69261,_nameless.183.3638.df10,ns_oil,karlstad,baltomors_ru,petersburg,2,684,570,1270,fueltanker,volvo_fh16_4x2_420,trailer.kasbhr_shg40,trailer_def.kassbohrer.shg.singl_3e_40.container,80,1,0
69261,_nameless.183.3638.ece0,ns_oil,karlstad,sanbuilders,warszawa,0,1490,105,404,lpg,daf_xf_euro6_6x2_a,trailer.krone.boxliner220,trailer_def.krone.boxliner.single_3_220.container,80,1,0
69261,_nameless.183.3638.e9a0,larus,novo_mesto,transinet,rotterdam,0,1319,0,0,car_balt1,daf_xd25,trailer.car_trans,trailer_def.car_balt1.car_trans,100,1,0
69261,_nameless.183.3638.d620,larus,novo_mesto,dfh,dresden,0,779,0,0,used_packag,volvo_fh16_6x4_700,trailer.scs_curt_s,trailer_def.scs.box.single_3.curtain,33,1,0
69261,_nameless.183.3638.dfe0,posped,birmingham,stokes,dijon,0,1049,35,300,precast_strs,scania_s2016_6x2_high_460,trailer.scs_curt,trailer_def.scs.box.single_3.curtain,33,1,0
69261,_nameless.183.3638.ea70,posped,birmingham,sellplan,geneve,1,1197,35,300,salt_spices,volvo_fh2021_4x2_420,trailer.kasbhr_scs,trailer_def.kassbohrer.scs.single_3_13.curtain,34,1,0
69261,_nameless.183.3638.f290,mvm_carriere,nice,lkwlog,brno,0,1261,0,0,vol_ew240emh,"""heavy/scania_s2016_8x4_high_770""",trailer.scs_lowbed41,trailer_def.scs.lowbed.single_41_ln.long,1,1,0
69261,_nameless.183.3638.f5d0,mvm_carriere,nice,nos_pat,lleida,0,943,0,0,volvo_bucket,scania_s2016_6x2_high_460,trailer.scs_lowbed_3,trailer_def.scs.lowbed.single_3.short,1,1,0
69261,_nameless.183.3638.e0b0,spinelli,parma,ai,nurnberg,0,794,0,0,forklifts,man_tgx_2020_4x2,trailer.kasbhr_sla,trailer_def.kassbohrer.sla.single_3_sh.lowbed,3,1,0
69261,_nameless.183.3638.f840,spinelli,parma,fallow,vlore,1,891,540,420,empty_palet,man_4x2_a,trailer.scs_dry_ms,trailer_def.scs.box.single_3.dryvan_m,32,1,0
69261,_nameless.183.3638.cc60,spinelli,parma,tradeaux,hannover,2,1198,0,0,moto_tires,scania_s2016_4x2_high_590,trailer.dryliner17,trailer_def.krone.dryliner.single_3.dryvan,33,1,0
69261,_nameless.183.3638.fb80,gnt,vilnius,sal_fi,kouvola,0,800,150,430,precast_strs,daf_xd_2,trailer.scs_curt_s,trailer_def.scs.box.single_3.curtain,33,1,0
69261,_nameless.183.3638.cac0,gnt,vilnius,rt_log,linz,2,1197,0,0,food_oil_t,daf_4x2_b,trailer.scs_fodt,trailer_def.scs.foodtank.single_3.paint,25,1,0
69261,_nameless.183.3638.cb90,gnt,vilnius,rt_log,hamburg,2,1221,0,0,truck_batt,scania_r2016_6x4_high_660,trailer.scs_dry_s,trailer_def.scs.box.single_3.dryvan,33,1,0
69261,_nameless.183.3638.cd30,sporklift,karlovo,posped,bratislava,0,1074,0,0,used_plast_c,daf_4x2_a,trailer.kasbhr_shg40,trailer_def.kassbohrer.shg.singl_3e_40.container,30,1,0
69261,_nameless.183.3638.ce00,sporklift,karlovo,lognstick,hunedoara,0,686,0,0,used_plast,scania_streamline_6x4_top_480,trailer.kasbhr_shg45,trailer_def.kassbohrer.scs.single_3_13.curtain,34,1,0
69261,_nameless.183.3638.d210,sporklift,karlovo,rock_eater,argostoli,2,763,460,720,large_cont,renault_premium_4x2_c,trailer.scs_flat_b,trailer_def.scs.flatbed.single_3.flatbed_w,33,1,0
69261,_nameless.183.3638.d890,sporklift,karlovo,stokes,tirana,0,709,0,0,used_battery,daf_xf_euro6_6x2_a,trailer.scs_curt_s,trailer_def.scs.box.single_3.curtain,33,1,0
69261,_nameless.183.3638.e3f0,trainfoundry,resita,lkwlog,gdansk,0,1297,0,0,czl_muv75,"""heavy/mercedes_actros_8x4""",trailer.scs_lowbed_3,trailer_def.scs.lowbed.single_3.short,1,1,0
69261,_nameless.183.3638.dbd0,trainfoundry,resita,sanbuild_hms,novi_sad,0,396,0,0,jcb_g100rs,daf_4x2_a,trailer.scs_flat_b,trailer_def.scs.flatbed.single_3.flatbed_w,4,1,0
69261,_nameless.183.3638.e250,trainfoundry,resita,lognstick,bucuresti,0,452,0,0,empty_spool,daf_xd_1,trailer.kasbhr_sla,trailer_def.kassbohrer.sla.single_3_sh.lowbed,3,1,0
69261,_nameless.183.3638.e320,trainfoundry,resita,bcp,verona,2,1226,0,0,large_cont,daf_xf_euro6_4x2_b,trailer.profilinehd,trailer_def.krone.profilinerhd.single_3.flatbed,33,1,0
69261,_nameless.183.3639.0950,trainfoundry,resita,blt,kaunas,0,1391,0,0,czl_es300,"""heavy/volvo_fh16_6x4_750""",trailer.scs_lowbed_4,trailer_def.scs.lowbed.single_4_sh.short,1,1,0
69261,_nameless.183.3639.07b0,trainfoundry,resita,radus_ru,sofia,0,578,0,0,scrap_metals,iveco_4x2_a,trailer.scs_dumper,trailer_def.scs.dumper.single_3.steel,8,1,0
69261,_nameless.183.3639.1f40,trainfoundry,resita,quadrelli,bari,0,955,540,420,hipresstank,renault_premium_4x2_c,trailer.scs_flat_b,trailer_def.scs.flatbed.single_3.flatbed_w,8,1,0
69261,_nameless.183.3639.24f0,acc,bilbao,canteras_ds,murcia,1,915,0,0,emptytank,volvo_fh2012_4x2_750,trailer.scs_flat_b,trailer_def.scs.flatbed.single_3.flatbed_w,1,1,0
69261,_nameless.183.3639.0f00,acc,bilbao,wilnet_trans,lemans,0,883,0,0,sq_tub,daf_xd25,trailer.scs_flat_b,trailer_def.scs.flatbed.single_3.flatbed_w,2,1,0
69261,_nameless.183.3639.17f0,acc,bilbao,transinet,frankfurt,0,1568,0,0,crawler,"""heavy/renault_6x4""",trailer.scs_lowlow2e,trailer_def.scs.lowloader.single_2_ln.long,1,1,0
69261,_nameless.183.3639.1da0,acc,bilbao,trans_cab,lisboa,2,833,0,0,iron_pipes,mercedes_4x2,trailer.scs_log,trailer_def.scs.log.single_3.steel,28,1,0
69261,_nameless.183.3639.1310,ocean_sol,mangalia,stokes,maribor,0,1371,0,0,used_packag,daf_xd,trailer.kasbhr_sbt,trailer_def.kassbohrer.sbt.single_3_13.dryvan,34,1,0
69261,_nameless.183.3639.29d0,ocean_sol,mangalia,brawen,trikala,1,923,0,0,cable_reel,"""heavy/scania_r_6x4_top_730""",trailer.scs_lowlow4e,trailer_def.scs.lowloader.single_4_ln.long,1,1,0
69261,_nameless.183.3639.2d10,villco,athens,villco,sarajevo,0,1209,0,0,yogurt,renault_premium_6x2_a,trailer.scs_ins,trailer_def.scs.box.single_3.insulated,33,1,0
69261,_nameless.183.3639.2eb0,villco,athens,kaarfor,craiova,1,1117,0,0,lamb_stom,renault_premium_4x2_a,trailer.scs_ref,trailer_def.scs.box.single_3.reefer,33,1,0
69261,_nameless.183.3639.2aa0,euroacres,brussel,cesta_sl,barcelona,0,1311,0,0,peas,scania_r_4x2_top_480,trailer.scs_dry_ms,trailer_def.scs.box.single_3.dryvan_m,33,1,0
69261,_nameless.183.3639.0470,euroacres,brussel,tradeaux,clermont,2,843,0,0,tractor_au,volvo_fh2024_4x2_780,trailer.scs_lowlowd4,trailer_def.scs.lowloader.single_4_sh.short,1,1,0
69261,_nameless.183.3639.1720,syschema,beograd,betunia,zadar,1,799,0,0,empty_spool,volvo_fh2021_6x2_540,trailer.profilinehd,trailer_def.krone.profilinerhd.single_3.flatbed,4,1,0
69261,_nameless.183.3639.20e0,syschema,beograd,trameri,krakow,2,784,0,0,nitrogen,iveco_4x2_c,trailer.krone.boxliner40,trailer_def.krone.boxliner.single_3_40.container,80,1,0
69261,_nameless.183.3639.2b70,syschema,beograd,rt_log,rostock,0,1440,0,0,sodchlor,man_tgx_2020_6x2,trailer.kasbhr_stc,trailer_def.kassbohrer.stc.single_3.chemtank,99,1,0
69261,_nameless.183.3639.1a60,syschema,beograd,rt_log,zurich,1,1366,0,0,phosphor,iveco_4x2_b,trailer.scs_gosck40,trailer_def.scs.gooseneck.singl_3e_40.container,80,1,0
69261,_nameless.183.3639.14b0,bosfir,bihac,euroacres,bern,0,1308,0,0,logs,scania_r_6x4_top_620,trailer.scs_log,trailer_def.scs.log.single_3.steel,32,1,0
69261,_nameless.183.3639.2f80,steinbr_str,dortmund,quarry,wroclaw,0,883,0,0,volvo_bucket,renault_premium_4x2_a,trailer.scs_lowbed_4,trailer_def.scs.lowbed.single_4_sh.short,1,1,0
69261,_nameless.183.3639.0610,steinbr_str,dortmund,tradeaux,nice,0,1230,0,0,jcb_dmp6t2,"""heavy/mercedes_actros_8x4""",trailer.kasbhr_slle,trailer_def.kassbohrer.sll.single_3_ln.low,1,1,0
69261,_nameless.183.3639.2010,norr_food,vasteraas,renar,tampere,1,351,540,1170,used_packag,"""double/scania_streamline_4x2_top_560""",trailer.scs_dry_2,trailer_def.scs.box.double_3_2.dryvan,52,1,0
69261,_nameless.183.3639.0880,agronord,kalmar,stokes,katowice,2,631,630,790,carrots_c,renault_premium_4x2_c,trailer.krone.boxliner20,trailer_def.krone.boxliner.single_3.container,15,1,0
69261,_nameless.183.3639.0130,agronord,kalmar,baltomors_ru,luga,1,864,570,1270,tractor,scania_s2016_4x2_high_590,trailer.kasbhr_slle,trailer_def.kassbohrer.sll.single_3_ln.low,1,1,0
69261,_nameless.183.3639.1e70,agronord,kalmar,rt_log,nurnberg,2,1191,105,404,disc_harrows,man_tgx_2020_4x2,trailer.kasbhr_slle,trailer_def.kassbohrer.sll.single_3_ln.low,1,1,0
69261,_nameless.183.3639.1b30,rt_log,koln,tras_med,cagliari,0,1562,720,827,packag_food,daf_xf_4x2_370,trailer.scs_dry_s,trailer_def.scs.box.single_3.dryvan,33,1,0
69261,_nameless.183.3639.0af0,rt_log,koln,dfh,dresden,1,549,0,0,wallpanels,renault_magnum_4x2_a,trailer.panel_trans.wall,trailer_def.wallpanels.panel_trans.wall,85,1,0
69261,_nameless.183.3639.0540,rt_log,koln,costruzi_hal,sassari,1,1369,720,827,refl_posts,man_4x2_a,trailer.scs_dry_s,trailer_def.scs.box.single_3.dryvan,33,1,0
69261,_nameless.183.3639.1c00,rt_log,koln,dunavia,osijek,0,1342,0,0,mob_stacker,"""heavy/volvo_fh2024_6x4_600""",trailer.kasbhr_sll,trailer_def.kassbohrer.sll.single_3_sh.low,1,1,0
69261,_nameless.183.3639.3050,eurogoodies,bystrica,transinet,mannheim,2,969,0,0,nonalco_beer,mercedes_actros_2014_4x2_b,trailer.scs_dry_ms,trailer_def.scs.box.single_3.dryvan_m,32,1,0
69261,_nameless.183.3639.3120,eurogoodies,bystrica,kaarfor,munchen,0,685,0,0,prosciutto,volvo_fh2012_4x2_750,trailer.scs_ins_s,trailer_def.scs.box.single_3.insulated,33,1,0
69261,_nameless.183.3639.21b0,spinelli,valladolid,transinet,torino,0,1406,0,0,scrap_metals,mercedes_actros_2014_4x2_b,trailer.scs_dumper,trailer_def.scs.dumper.single_3.steel,10,1,0
69261,_nameless.183.3639.13e0,spinelli,valladolid,trans_cab,algeciras,0,830,0,0,used_packag,mercedes_actros_2014_6x2_a,trailer.scs_dry,trailer_def.scs.box.single_3.dryvan,33,1,0
69261,_nameless.183.3639.0d60,spinelli,valladolid,stokes,plymouth,0,302,1076,1172,moto_tires,scania_streamline_6x2_norm_440,trailer.scs_dry_ms,trailer_def.scs.box.single_3.dryvan_m,32,1,0
69261,_nameless.183.3639.1cd0,ika_bohag,porto,kaarfor,larochelle,0,1155,0,0,pot_flowers,daf_xf_euro6_4x2_a,trailer.scs_ref,trailer_def.scs.box.single_3.reefer,33,1,0
69261,_nameless.183.3639.0bc0,ika_bohag,porto,eolo_lines,lile_rousse,2,1193,930,1182,empty_palet,mercedes_4x2_a,trailer.scs_dry_m,trailer_def.scs.box.single_3.dryvan_m,33,1,0
69261,_nameless.183.3639.2280,ika_bohag,porto,app,valencia,1,932,0,0,used_packag,scania_r_6x2_high_500,trailer.scs_curt_a,trailer_def.scs.box.single_3.curtain,33,1,0
69261,_nameless.183.3639.0c90,drekkar,odense,tree_et,salzburg,0,1232,0,0,seal_bearing,mercedes_4x2_c,trailer.kasbhr_scs,trailer_def.kassbohrer.scs.single_3_13.curtain,34,1,0
69261,_nameless.183.3639.1580,drekkar,odense,sal_fi,helsinki,1,1106,540,1170,chocolate,scania_s2016_4x2_norm_370,trailer.kasbhr_scs,trailer_def.kassbohrer.scs.single_3_13.curtain,34,1,0
69261,_nameless.183.3639.0e30,drekkar,odense,transinet,bialystok,0,1097,105,404,floorpanels,daf_4x2_b,trailer.panel_trans.floor,trailer_def.floorpanels.panel_trans.floor,82,1,0
69261,_nameless.183.3638.fdf0,drekkar,odense,stokes,stuttgart,1,1019,0,0,czl_muv75,"""heavy/volvo_fh16_6x4_750""",trailer.scs_lowbed41,trailer_def.scs.lowbed.single_41_ln.long,1,1,0
69261,_nameless.183.3639.02d0,drekkar,odense,kaarfor,ostrava,1,1060,105,404,lamb_stom,volvo_fh2024_6x2_500,trailer.scs_ref,trailer_def.scs.box.single_3.reefer,33,1,0
69261,_nameless.183.3639.03a0,drekkar,odense,posped,warszawa,2,935,105,404,metal_pipes,scania_r2016_4x2_norm_370,trailer.profilinehd,trailer_def.krone.profilinerhd.single_3.flatbed,1,1,0
69261,_nameless.183.3639.2de0,tree_et,mannheim,konstnr_wind,gedser,0,808,105,404,forklifts,man_tgx_2020_6x2,trailer.kasbhr_sla,trailer_def.kassbohrer.sla.single_3_sh.lowbed,3,1,0
69261,_nameless.183.3639.1170,eviksi_a,liepaja,nordic_ports,mo_i_rana,0,1280,510,1110,auger_wag,iveco_4x2_b,trailer.scs_lowlow2e,trailer_def.scs.lowloader.single_2_ln.long,1,1,0
69261,_nameless.183.3639.1650,eviksi_a,liepaja,sal_fi,ivalo,0,1574,150,430,milk_t,daf_xf_euro6_6x2_a,trailer.ffb_tsalm32,trailer_def.feldbinder.tsalm.single_3_32.32_3_2,23,1,0
69261,_nameless.183.3638.fec0,suprema,panevezys,renor,kobenhavn,0,945,510,1110,used_plast_c,daf_xf_euro6_4x2_b,trailer.krone.boxliner40,trailer_def.krone.boxliner.single_3_40.container,30,1,0
69261,_nameless.183.3639.2690,suprema,panevezys,stokes,tuzla,1,1542,0,0,used_packag,daf_xg_4x2_450,trailer.dryliner17,trailer_def.krone.dryliner.single_3.dryvan,33,1,0
69261,_nameless.183.3639.2760,aerobalt,turku,renar,tornio,0,669,0,0,large_cont,renault_magnum_6x4_a,trailer.scs_lowbed_3,trailer_def.scs.lowbed.single_3.short,27,1,0
69261,_nameless.183.3638.ff90,aerobalt,turku,polarislines,goteborg,1,701,540,1170,apples,man_tgx_2020_6x2,trailer.kasbhr_shg45,trailer_def.kassbohrer.scs.single_3_13.curtain,34,1,0
69261,_nameless.183.3639.2830,aerobalt,turku,freyr,joensuu,0,548,0,0,live_cattle,renault_premium_4x2_a,trailer.scs_livestk,trailer_def.scs.livestock.single_3s.str_stl,42,1,0
69261,_nameless.183.3639.2900,itcc_scrap,linz,batisse_hs,lyon,2,1056,0,0,mat_handler,"""heavy/scania_r_6x4_top_730""",trailer.scs_lowlow4e,trailer_def.scs.lowloader.single_4_ln.long,1,1,0
69261,_nameless.183.3639.4160,itcc_scrap,linz,transinet,szczecin,0,698,0,0,volvo_bucket,volvo_fh16_4x2_540,trailer.scs_lowlow4e,trailer_def.scs.lowloader.single_4_ln.long,1,1,0
69261,_nameless.183.3639.3ef0,itcc_scrap,linz,cargotras,livorno,0,860,0,0,crawler,"""heavy/iveco_6x4""",trailer.scs_lowbed41,trailer_def.scs.lowbed.single_41_ln.long,1,1,0
69261,_nameless.183.3639.5ea0,trameri,strasbourg,wilnet_trans,porto_vecchi,0,736,840,1193,plast_film_c,volvo_fh2024_6x2_500,trailer.scs_gosck40,trailer_def.scs.gooseneck.singl_3e_40.container,30,1,0
69261,_nameless.183.3639.5f70,trameri,strasbourg,polarislines,stavanger,1,1355,195,1052,empty_spool,scania_streamline_4x2_norm_380,trailer.scs_lowbed_4,trailer_def.scs.lowbed.single_4_sh.short,3,1,0
69261,_nameless.183.3639.3530,aerobalt,kaunas,norse_rail,gavle,0,576,510,1110,grapes,renault_magnum_6x4_a,trailer.coolliner17,trailer_def.krone.coolliner.single_3.reefer,33,1,0
69261,_nameless.183.3639.4090,aerobalt,kaunas,gnt,valmiera,2,403,0,0,post_packag,man_tgx_2020_4x2,trailer.kasbhr_sbt,trailer_def.kassbohrer.sbt.single_3_13.dryvan,34,1,0
69261,_nameless.183.3639.3600,aerobalt,kaunas,polar_fish,umea,2,907,510,1110,large_cont,daf_xf_euro6_6x4_c,trailer.profilinehd,trailer_def.krone.profilinerhd.single_3.flatbed,33,1,0
69261,_nameless.183.3639.50d0,aerobalt,kaunas,fle,kobenhavn,1,1172,105,404,air_mails,scania_streamline_6x2_norm_440,trailer.scs_dry_m,trailer_def.scs.box.single_3.dryvan_m,33,1,0
69261,_nameless.183.3639.3d50,polar_fish,honningsvag,renar,tornio,2,764,0,0,fertilizer,scania_r2016_4x2_norm_370,trailer.scs_dry_s,trailer_def.scs.box.single_3.dryvan,32,1,0
69261,_nameless.183.3639.4d90,polar_fish,honningsvag,ateria,helsinki,0,1384,0,0,ter_forklift,renault_premium_4x2_a,trailer.scs_flat_b,trailer_def.scs.flatbed.single_3.flatbed_w,2,1,0
69261,_nameless.183.3639.4980,polar_fish,honningsvag,renar,parnu,0,1592,150,430,food_oil_t,volvo_fh16_4x2_420,trailer.scs_fodt,trailer_def.scs.foodtank.single_3.paint,25,1,0
69261,_nameless.183.3639.4cc0,app,zaragoza,lkwlog,venezia,1,1591,0,0,hvac,scania_s2016_4x2_norm_370,trailer.scs_lowbed_3,trailer_def.scs.lowbed.single_3.short,4,1,0
69261,_nameless.183.3639.3c80,app,zaragoza,eolo_lines,napoli,1,334,1300,1500,basil,scania_s2016_6x4_high_730,trailer.scs_dry,trailer_def.scs.box.single_3.dryvan,33,1,0
69261,_nameless.183.3639.3e20,app,zaragoza,huerta,sevilla,0,710,0,0,mason_jars,renault_magnum_6x2_a,trailer.profiliner17,trailer_def.krone.profiliner.single_3.curtain,33,1,0
69261,_nameless.183.3639.4e60,spinelli,pitesti,stokes,tirana,0,819,0,0,tyres,renault_magnum_4x2_a,trailer.scs_dry_a,trailer_def.scs.box.single_3.dryvan,33,1,0
69261,_nameless.183.3639.4300,spinelli,pitesti,transinet,debrecen,0,705,0,0,used_packag,scania_r2016_6x2_high_460,trailer.scs_dry_m,trailer_def.scs.box.single_3.dryvan_m,33,1,0
69261,_nameless.183.3639.32c0,spinelli,pitesti,transinet,munchen,0,1394,0,0,forklifts,daf_6x2_a,trailer.scs_lowbed_3,trailer_def.scs.lowbed.single_3.short,4,1,0
69261,_nameless.183.3639.5750,eurogoodies,venezia,ttk_bg,sofia,2,1335,0,0,yogurt,daf_xf_euro6_6x2_a,trailer.coolliner17,trailer_def.krone.coolliner.single_3.reefer,33,1,0
69261,_nameless.183.3639.5d00,eurogoodies,venezia,log_atlan,bilbao,1,1593,0,0,pet_food_c,renault_t_4x2h,trailer.kasbhr_shg20,trailer_def.kassbohrer.shg.singl_3e_20.container,15,1,0
69261,_nameless.183.3639.4f30,konstnr_wind,esbjerg,gnt,uppsala,1,788,195,677,forklifts,scania_r2016_6x4_high_660,trailer.kasbhr_sla,trailer_def.kassbohrer.sla.single_3_sh.lowbed,3,1,0
69261,_nameless.183.3639.37a0,subse,veli_tarnovo,sellplan,prague,0,1406,0,0,chicken_meat,volvo_fh16_6x4_700,trailer.scs_ref_s,trailer_def.scs.box.single_3.reefer,33,1,0
69261,_nameless.183.3639.5000,subse,veli_tarnovo,shuttle,podgorica,1,760,0,0,concen_juice,mercedes_4x2_b,trailer.scs_curt_s,trailer_def.scs.box.single_3.curtain,32,1,0
69261,_nameless.183.3639.5340,sanbuild_win,berlin,cnp,duisburg,0,623,0,0,ibc_cont,iveco_sway_4x2_500,trailer.scs_dry_a,trailer_def.scs.box.single_3.dryvan,33,1,0
69261,_nameless.183.3639.5c30,eurogoodies,debrecen,tradeaux,kassel,0,1188,0,0,drymilk,man_4x2_c,trailer.kasbhr_scs,trailer_def.kassbohrer.scs.single_3_13.curtain,34,1,0
69261,_nameless.183.3639.6040,eurogoodies,debrecen,shuttle,sofia,2,774,0,0,food_oil_t,mercedes_6x4_a,trailer.ffb_tsalm32,trailer_def.feldbinder.tsalm.single_3_32.32_3_2,25,1,0
69261,_nameless.183.3639.3a10,onnelik_a,tartu,renar,lahti,2,350,150,430,horse_tr,daf_6x2_a,trailer.truck_trans,trailer_def.horse_tr.truck_trans,100,1,0
69261,_nameless.183.3639.36d0,onnelik_a,tartu,norrsken,falun,1,435,570,1270,jcb_ft4220,scania_streamline_6x4_top_480,trailer.scs_lowlowd4,trailer_def.scs.lowloader.single_4_sh.short,1,1,0
69261,_nameless.183.3639.4230,onnelik_a,tartu,posped,bratislava,2,1517,0,0,cott_cheese,man_tgx_euro6_4x2_xl,trailer.scs_ins_a,trailer_def.scs.box.single_3.insulated,33,1,0
69261,_nameless.183.3639.43d0,ai,hannover,posped,katowice,2,756,0,0,seal_bearing,scania_streamline_6x2_norm_440,trailer.kasbhr_scs,trailer_def.kassbohrer.scs.single_3_13.curtain,32,1,0
69261,_nameless.183.3639.51a0,ai,hannover,blt,utena,2,1260,0,0,press_sl_val,man_tgx_euro6_4x2_xxl,trailer.profiliner17,trailer_def.krone.profiliner.single_3.curtain,33,1,0
69261,_nameless.183.3639.3390,eumefa,sarajevo,lognstick,istanbul,0,1002,0,0,used_plast_c,man_4x2_a,trailer.krone.boxliner20,trailer_def.krone.boxliner.single_3.container,15,1,0
69261,_nameless.183.3639.5410,eumefa,sarajevo,aerobalt,kaunas,0,1598,0,0,comp_process,mercedes_6x2_b,trailer.scs_curt_a,trailer_def.scs.box.single_3.curtain,33,1,0
69261,_nameless.183.3639.59c0,eumefa,sarajevo,icaria,chania,0,1218,540,826,truck_batt,man_tgx_euro6_4x2_xl,trailer.scs_dry_m,trailer_def.scs.box.single_3.dryvan_m,33,1,0
69261,_nameless.183.3639.44a0,rt_log,hamburg,euroacres,gdansk,0,763,0,0,fertilizer,volvo_fh2024_4x2_420,trailer.dryliner17,trailer_def.krone.dryliner.single_3.dryvan,32,1,0
69261,_nameless.183.3639.4bf0,rt_log,hamburg,ibp,naantali,0,1227,540,1170,kerosene,iveco_sway_4x2_580,trailer.scs_fueltank,trailer_def.scs.fueltank.single_3.fueltank,30,1,0
69261,_nameless.183.3639.47e0,rt_log,hamburg,dfh,nurnberg,0,565,0,0,med_equip,daf_xg_4x2_450,trailer.scs_curt_a,trailer_def.scs.box.single_3.curtain,33,1,0
69261,_nameless.183.3639.3460,ts_atlas,sines,ts_atlas,bilbao,1,1014,0,0,arsenic,volvo_fh2012_6x2_500,trailer.scs_gosck20,trailer_def.scs.gooseneck.singl_3e_20.container,40,1,0
69261,_nameless.183.3639.3fc0,ts_atlas,sines,app,malaga,2,699,0,0,exhausts_c,daf_xf_euro6_6x4_c,trailer.kasbhr_shg20,trailer_def.kassbohrer.shg.singl_3e_20.container,15,1,0
69261,_nameless.183.3639.4640,ts_atlas,sines,engeron,badajoz,1,403,0,0,chem_sorb_c,volvo_fh2012_6x2_500,trailer.krone.boxliner220,trailer_def.krone.boxliner.single_3_220.container,30,1,0
69261,_nameless.183.3639.4710,ts_atlas,sines,rt_log,a_coruna,0,692,0,0,potassium,renault_magnum_4x2_a,trailer.scs_gosck220,trailer_def.scs.gooseneck.singl_3e_220.container,80,1,0
69261,_nameless.183.3639.3ae0,ts_atlas,sines,pp_chimica,olbia,0,1368,720,827,neon,scania_streamline_6x2_norm_440,trailer.kasbhr_shg20,trailer_def.kassbohrer.shg.singl_3e_20.container,40,1,0
69261,_nameless.183.3639.3870,fle,podgorica,eurogoodies,innsbruck,1,1384,0,0,grapes,man_6x4_b,trailer.scs_ref_s,trailer_def.scs.box.single_3.reefer,33,1,0
69261,_nameless.183.3639.4a50,fle,podgorica,te_logistica,firenze,0,1468,0,0,empty_spool,scania_streamline_6x4_top_480,trailer.kasbhr_sla,trailer_def.kassbohrer.sla.single_3_sh.lowbed,3,1,0
69261,_nameless.183.3639.3bb0,fle,podgorica,icaria,chania,0,948,540,826,comp_process,scania_r_4x2_norm_360,trailer.scs_dry_s,trailer_def.scs.box.single_3.dryvan,33,1,0
69261,_nameless.183.3639.48b0,fle,podgorica,fle,nis,2,485,0,0,live_cattle,mercedes_4x2_a,trailer.scs_livestk,trailer_def.scs.livestock.single_3s.str_stl,42,1,0
69261,_nameless.183.3639.58f0,ts_atlas,algeciras,ts_atlas,barcelona,0,1124,0,0,pet_food_c,man_6x4_b,trailer.scs_gosck220,trailer_def.scs.gooseneck.singl_3e_220.container,30,1,0
69261,_nameless.183.3639.5a90,ts_atlas,algeciras,cesta_sl,leon,0,886,0,0,salt_spice_c,renault_magnum_6x2_a,trailer.krone.boxliner20,trailer_def.krone.boxliner.single_3.container,15,1,0
69261,_nameless.183.3639.3940,ts_atlas,algeciras,tras_med,catania,1,987,1557,1788,oil_filt_c,renault_magnum_4x2_a,trailer.scs_gosck40,trailer_def.scs.gooseneck.singl_3e_40.container,30,1,0
69261,_nameless.183.3639.4b20,ts_atlas,algeciras,chimi,montpellier,2,1563,0,0,potassium,volvo_fh16_4x2_420,trailer.scs_gosck40,trailer_def.scs.gooseneck.singl_3e_40.container,80,1,0
69261,_nameless.183.3639.55b0,ts_atlas,algeciras,rt_log,barcelona,0,1122,0,0,magnesium,renault_t_4x2,trailer.kasbhr_shg20,trailer_def.kassbohrer.shg.singl_3e_20.container,40,1,0
69261,_nameless.183.3638.8a90,scs_paper,setubal,trans_cab,lisboa,1,177,0,0,large_cont,mercedes_actros_2014_4x2_c,trailer.scs_lowbed_4,trailer_def.scs.lowbed.single_4_sh.short,27,1,0
69261,_nameless.183.3638.7160,scs_paper,setubal,cantera,guarda,0,430,0,0,emptytank,iveco_sway_4x2_580,trailer.profilinehd,trailer_def.krone.profilinerhd.single_3.flatbed,1,1,0
69261,_nameless.183.3638.92b0,scs_paper,setubal,cesta_sl,granada,2,801,0,0,paper,"""double/renault_magnum_4x2_a""",trailer.profiline17d,trailer_def.krone.profiliner.double_3_2.curtain,52,1,0
69261,_nameless.183.3638.6a10,scs_paper,setubal,renar,calvi,0,1216,930,1182,empty_barr,man_6x4_b,trailer.scs_curt_a,trailer_def.scs.box.single_3.curtain,33,1,0
69261,_nameless.183.3638.8750,fle,malaga,exomar,evora,1,630,0,0,post_packag,man_tgx_2020_4x2,trailer.scs_dry_s,trailer_def.scs.box.single_3.dryvan,33,1,0
69261,_nameless.183.3638.7230,fle,malaga,eolo_lines,lile_rousse,1,1133,930,1182,comp_process,scania_r2016_6x2_high_460,trailer.kasbhr_shg45,trailer_def.kassbohrer.scs.single_3_13.curtain,34,1,0
69261,_nameless.183.3638.6ef0,polar_fish,aalborg,stokes,dijon,0,1360,0,0,used_packag,daf_4x2_a,trailer.scs_curt,trailer_def.scs.box.single_3.curtain,33,1,0
69261,_nameless.183.3638.80d0,polar_fish,aalborg,eurogoodies,liege,2,950,0,0,can_sardines,daf_xf_euro6_4x2_a,trailer.scs_curt_s,trailer_def.scs.box.single_3.curtain,33,1,0
69261,_nameless.183.3638.7f30,radus,tekirdag,stokes,wien,1,1552,0,0,volvo_bucket,scania_streamline_4x2_norm_380,trailer.scs_lowlow4e,trailer_def.scs.lowloader.single_4_ln.long,1,1,0
69261,_nameless.183.3638.6fc0,radus,tekirdag,dunavia,beograd,2,1039,0,0,emptytank,volvo_fh16_6x4_700,trailer.scs_flat_b,trailer_def.scs.flatbed.single_3.flatbed_w,1,1,0
69261,_nameless.183.3638.73d0,norr_food,andenes,nordic_ports,tornio,0,896,0,0,used_packag,iveco_sway_4x2_580,trailer.scs_dry_m,trailer_def.scs.box.single_3.dryvan_m,33,1,0
69261,_nameless.183.3638.66d0,norr_food,andenes,polarislines,vaasa,0,1249,0,0,used_plast,"""double/iveco_h_4x2_a""",trailer.profiline17d,trailer_def.krone.profiliner.double_3_2.curtain,52,1,0
69261,_nameless.183.3638.8680,nord_crown,stavanger,renar,oslo,0,563,0,0,cott_cheese,volvo_fh2021_6x2_540,trailer.scs_ins_a,trailer_def.scs.box.single_3.insulated,33,1,0
69261,_nameless.183.3638.6ae0,nord_crown,stavanger,eurogoodies,berlin,0,1014,195,1052,mozzarela,daf_xf_euro6_4x2_a,trailer.scs_ins_s,trailer_def.scs.box.single_3.insulated,33,1,0
69261,_nameless.183.3638.9450,nord_crown,stavanger,lateds,valmiera,0,1360,510,1110,olives,iveco_sway_4x2_580,trailer.profiliner17,trailer_def.krone.profiliner.single_3.curtain,33,1,0
69261,_nameless.183.3638.9110,nord_crown,stavanger,rosmark,liepaja,0,1141,510,1110,canned_beef,man_tgx_2020_6x2,trailer.scs_ref_s,trailer_def.scs.box.single_3.reefer,32,1,0
69261,_nameless.183.3638.8270,fle,barcelona,rt_log,cordoba,1,905,0,0,grapes,scania_s2016_6x2_high_460,trailer.scs_ref_s,trailer_def.scs.box.single_3.reefer,33,1,0
69261,_nameless.183.3638.6bb0,fle,barcelona,tradeaux,hannover,0,1588,0,0,oranges,renault_t_4x2,trailer.scs_ins_s,trailer_def.scs.box.single_3.insulated,33,1,0
69261,_nameless.183.3638.85b0,fle,barcelona,rt_log,zurich,0,1010,0,0,air_mails,mercedes_actros_2014_4x2_a,trailer.profiliner17,trailer_def.krone.profiliner.single_3.curtain,33,1,0
69261,_nameless.183.3638.88f0,rock_eater,kavala,baltrak,tekirdag,1,232,0,0,volvo_a25g,"""heavy/man_tgx_euro6_8x4_xlx""",trailer.scs_lowlow2e,trailer_def.scs.lowloader.single_2_ln.long,1,1,0
69261,_nameless.183.3638.7bf0,marina,travemunde,tradeaux,prague,0,659,0,0,lux_yacht,daf_xd25,trailer.scs_lowbed_4,trailer_def.scs.lowbed.single_4_sh.short,1,1,0
69261,_nameless.183.3638.7e60,kathode,geneve,dunavia,osijek,1,1455,0,0,empty_barr,volvo_fh2024_4x2_420,trailer.scs_dry_a,trailer_def.scs.box.single_3.dryvan,33,1,0
69261,_nameless.183.3638.91e0,kathode,geneve,stokes,bystrica,0,1292,0,0,truck_batt_c,volvo_fh2012_6x2_500,trailer.krone.boxliner220,trailer_def.krone.boxliner.single_3_220.container,30,1,0
69261,_nameless.183.3638.8000,kathode,geneve,brawen,trikala,1,1588,570,745,comp_process,renault_magnum_4x2_a,trailer.scs_dry,trailer_def.scs.box.single_3.dryvan,33,1,0
69261,_nameless.183.3638.6d50,kathode,geneve,trameri,lille,1,784,0,0,electronics,iveco_6x2_a,trailer.scs_curt_s,trailer_def.scs.box.single_3.curtain,33,1,0
69261,_nameless.183.3638.81a0,renar,arvidsjaur,stokes,warszawa,1,1426,510,1110,jcb_th540180,daf_xf_euro6_4x2_c,trailer.kasbhr_slle,trailer_def.kassbohrer.sll.single_3_ln.low,1,1,0
69261,_nameless.183.3638.7570,renar,arvidsjaur,renar,mikkeli,1,761,0,0,jcb_bhl4cx,daf_4x2_a,trailer.scs_lowbed41,trailer_def.scs.lowbed.single_41_ln.long,1,1,0
69261,_nameless.183.3638.89c0,kivi,riga,tradeaux,olsztyn,0,577,0,0,emptytank,daf_4x2_b,trailer.scs_flat_b,trailer_def.scs.flatbed.single_3.flatbed_w,1,1,0
69261,_nameless.183.3638.8b60,kivi,riga,norse_rail,gavle,1,439,510,1110,tracks,daf_6x2_a,trailer.scs_lowbed_4,trailer_def.scs.lowbed.single_4_sh.short,1,1,0
69261,_nameless.183.3638.78b0,kivi,riga,blt,kaunas,0,293,0,0,empty_spool,man_6x4_b,trailer.scs_lowbed_3,trailer_def.scs.lowbed.single_3.short,3,1,0
69261,_nameless.183.3638.7640,granoro,rostock,tradeaux,hannover,2,384,0,0,empty_palet,scania_r_6x4_top_620,trailer.scs_curt_a,trailer_def.scs.box.single_3.curtain,33,1,0
69261,_nameless.183.3638.7710,granoro,rostock,eurogoodies,liege,0,810,0,0,canned_pork,iveco_sway_4x2_500,trailer.scs_ref,trailer_def.scs.box.single_3.reefer,31,1,0
69261,_nameless.183.3638.8dd0,granoro,rostock,renar,stavanger,1,726,300,1456,pet_food_c,daf_xd_1,trailer.kasbhr_shg40,trailer_def.kassbohrer.shg.singl_3e_40.container,30,1,0
69261,_nameless.183.3638.6870,granoro,rostock,rt_log,travemunde,1,205,0,0,coconut_oil,iveco_h_4x2_a,trailer.kasbhr_scs,trailer_def.kassbohrer.scs.single_3_13.curtain,32,1,0
69261,_nameless.183.3638.8340,granoro,rostock,norrsken,hamar,2,889,105,404,olive_oil,"""double/daf_xf_euro6_4x2_a""",trailer.scs_dry_b2,trailer_def.scs.box.bdouble_3_3.dryvan,28,1,0
69261,_nameless.183.3638.6c80,piac,bologna,aaa,cagliari,0,675,840,879,car_balt1,mercedes_actros_2014_6x2_a,trailer.car_trans,trailer_def.car_balt1.car_trans,100,1,0
69261,_nameless.183.3638.84e0,piac,bologna,dfh,nurnberg,1,774,0,0,car_f,man_6x4_b,trailer.car_trans,trailer_def.car_f.car_trans,100,1,0
69261,_nameless.183.3638.77e0,piac,bologna,brawen,banja_luka,0,856,0,0,used_plast_c,daf_xf_4x2_370,trailer.kasbhr_shg20,trailer_def.kassbohrer.shg.singl_3e_20.container,15,1,0
69261,_nameless.183.3638.8d00,piac,bologna,gnt,helsingborg,0,1588,105,404,used_battery,man_4x2_a,trailer.scs_curt,trailer_def.scs.box.single_3.curtain,33,1,0
69261,_nameless.183.3638.8ea0,piac,bologna,wgcc,frankfurt,0,984,0,0,car_d,daf_xg_4x2_450,trailer.car_trans,trailer_def.car_d.car_trans,100,1,0
69261,_nameless.183.3638.7980,piac,bologna,tradeaux,hannover,2,1179,0,0,vans_vt,scania_r2016_6x4_high_660,trailer.truck_trans,trailer_def.vans_vt.truck_trans,100,1,0
69261,_nameless.183.3638.7a50,piac,bologna,ai,kassel,0,1068,0,0,ibc_cont,volvo_fh2024_4x2_420,trailer.scs_dry_m,trailer_def.scs.box.single_3.dryvan_m,33,1,0
69261,_nameless.183.3638.6390,rt_log,madrid,vitas_pwr_co,salamanca,0,380,0,0,mob_stacker,"""heavy/iveco_6x4""",trailer.kasbhr_sll,trailer_def.kassbohrer.sll.single_3_sh.low,1,1,0
69261,_nameless.183.3638.7b20,rt_log,madrid,charmey,bern,0,1509,0,0,plast_film_c,scania_s2016_4x2_high_590,trailer.scs_gosck220,trailer_def.scs.gooseneck.singl_3e_220.container,30,1,0
69261,_nameless.183.3638.8f70,rt_log,madrid,stokes,cardiff,2,737,1076,1172,fuel_tanks,volvo_fh2024_4x2_780,trailer.scs_dry,trailer_def.scs.box.single_3.dryvan,33,1,0
69261,_nameless.183.3638.9040,rt_log,madrid,cargotras,sassari,0,648,720,827,cut_flowers,volvo_fh2012_6x2_500,trailer.coolliner17,trailer_def.krone.coolliner.single_3.reefer,33,1,0
69261,_nameless.183.3638.9380,bcp,bratislava,dfh,nurnberg,1,585,0,0,car_f,iveco_sway_4x2_580,trailer.car_trans,trailer_def.car_f.car_trans,100,1,0
69261,_nameless.183.3638.61f0,freyr,trelleborg,lkwlog,brno,0,991,105,404,sheep_wool,iveco_sway_4x2_460,trailer.scs_dry,trailer_def.scs.box.single_3.dryvan,33,1,0
69261,_nameless.183.3638.62c0,freyr,trelleborg,posped,bratislava,0,1113,105,404,milk,daf_xd_2,trailer.scs_dry_ms,trailer_def.scs.box.single_3.dryvan_m,33,1,0
69261,_nameless.183.3638.6460,freyr,trelleborg,renar,lillehammer,1,767,0,0,tractor_c,"""heavy/man_tgx_2020_8x4""",trailer.scs_lowlow4e,trailer_def.scs.lowloader.single_4_ln.long,1,1,0
69261,_nameless.183.3638.67a0,ocean_sol,setubal,trans_cab,santander,0,1014,0,0,lux_yacht,daf_xf_euro6_6x2_a,trailer.scs_lowlow2e,trailer_def.scs.lowloader.single_2_ln.long,1,1,0
69261,_nameless.183.46cc.22e0,ocean_sol,setubal,trans_cab,santander,0,1014,0,0,mat_handler,"""heavy/scania_streamline_8x4_top_730""",trailer.kasbhr_slle,trailer_def.kassbohrer.sll.single_3_ln.low,1,1,0
69261,_nameless.183.46cc.4ab0,itcc,sheffield,itcc,dortmund,2,919,35,300,cement,scania_r_6x4_top_620,trailer.ffb_eut35,trailer_def.feldbinder.eut.single_3_35.silo_35_3p,17,1,0
69261,_nameless.183.46cc.3250,itcc,sheffield,rt_log,salzburg,0,1538,35,300,metal_pipes,volvo_fh2021_4x2_750,trailer.profilinehd,trailer_def.krone.profilinerhd.single_3.flatbed,1,1,0
69261,_nameless.183.46cc.38d0,gallia_ferry,roscoff,posped,swansea,0,311,420,1000,fresh_fish,volvo_fh2012_4x2_420,trailer.coollineret,trailer_def.krone.ecoolliner.single_3.reefer,29,1,0
69261,_nameless.183.46cc.2f10,gallia_ferry,roscoff,log_atlan,porto,0,1592,0,0,bottle_water,renault_t_4x2,trailer.scs_curt,trailer_def.scs.box.single_3.curtain,33,1,0
69261,_nameless.183.46cc.2550,gallia_ferry,roscoff,tradeaux,felixstowe,1,527,420,1000,used_packag,scania_r2016_6x2_high_460,trailer.scs_dry_m,trailer_def.scs.box.single_3.dryvan_m,33,1,0
69261,_nameless.183.46cc.3db0,renar,andenes,nordic_ports,sundsvall,2,1230,0,0,asph_miller,"""heavy/daf_xd""",trailer.scs_lowbed41,trailer_def.scs.lowbed.single_41_ln.long,1,1,0
69261,_nameless.183.46cc.19f0,renar,andenes,renar,jyvaskyla,2,1309,0,0,carrots,mercedes_4x2_b,trailer.scs_curt,trailer_def.scs.box.single_3.curtain,33,1,0
69261,_nameless.183.46cc.3a70,renar,andenes,sal_fi,kuopio,0,1334,0,0,jcb_dmp6t2,"""heavy/scania_s2016_8x4_high_770""",trailer.scs_lowlowd2,trailer_def.scs.lowloader.single_2_sh.short,1,1,0
69261,_nameless.183.46cc.3c10,renar,andenes,renar,mikkeli,2,1397,0,0,almond,mercedes_actros_2014_4x2_c,trailer.scs_dry,trailer_def.scs.box.single_3.dryvan,33,1,0
69261,_nameless.183.46cc.39a0,dfh,berlin,posped,strasbourg,0,757,0,0,mob_stacker,"""heavy/man_6x4""",trailer.scs_lowlowd4,trailer_def.scs.lowloader.single_4_sh.short,1,1,0
69261,_nameless.183.46cc.3ce0,dfh,berlin,egres,helsinki,2,1446,150,430,big_bag_seed,mercedes_actros_2014_4x2_a,trailer.scs_dry_a,trailer_def.scs.box.single_3.dryvan,32,1,0
69261,_nameless.183.46cc.2620,dfh,berlin,nord_crown,aarhus,0,655,0,0,garlic,mercedes_actros_2014_6x4_b,trailer.scs_dry_m,trailer_def.scs.box.single_3.dryvan_m,33,1,0
69261,_nameless.183.46cc.2140,dfh,berlin,fallow,cluj_napoca,0,1419,0,0,largetubes,volvo_fh2012_6x2_500,trailer.scs_log,trailer_def.scs.log.single_3.steel,6,1,0
69261,_nameless.183.46cc.33f0,renat,helsinki,ika_bohag,linkoping,2,440,540,1170,ter_forklift,iveco_4x2_b,trailer.scs_flat_b,trailer_def.scs.flatbed.single_3.flatbed_w,2,1,0
69261,_nameless.183.46cc.4910,renat,helsinki,renor,skelleftea,1,576,300,680,empty_spool,iveco_4x2_a,trailer.profilinehd,trailer_def.krone.profilinerhd.single_3.flatbed,4,1,0
69261,_nameless.183.46cc.4b80,renat,helsinki,drekkar,karlskrona,2,731,540,1170,large_cont,daf_xd_1,trailer.scs_lowbed_4,trailer_def.scs.lowbed.single_4_sh.short,27,1,0
69261,_nameless.183.46cc.23b0,piac,beograd,transinet,munchen,0,894,0,0,car_ibe,daf_4x2_b,trailer.car_trans,trailer_def.car_ibe.car_trans,100,1,0
69261,_nameless.183.46cc.4d20,piac,beograd,icaria,mitilini,1,820,730,1440,used_plast_c,scania_r2016_4x2_norm_370,trailer.scs_gosck20,trailer_def.scs.gooseneck.singl_3e_20.container,15,1,0
69261,_nameless.183.46cc.2210,posped,rotterdam,lkwlog,manchester,2,225,660,995,precast_strs,man_tgx_euro6_6x4_xlx,trailer.drylineret,trailer_def.krone.edryliner.single_3.dryvan,33,1,0
69261,_nameless.183.46cc.1ac0,posped,rotterdam,tradeaux,clermont,0,959,0,0,fish_chips,volvo_fh16_6x4_700,trailer.scs_ref,trailer_def.scs.box.single_3.reefer,33,1,0
69261,_nameless.183.46cc.1b90,posped,rotterdam,lkwlog,koln,1,336,0,0,protec_cloth,daf_4x2_b,trailer.scs_dry_a,trailer_def.scs.box.single_3.dryvan,33,1,0
69261,_nameless.183.46cc.2480,piac,parma,transinet,munchen,0,643,0,0,scrap_metals,scania_r2016_6x4_high_660,trailer.scs_dumper,trailer_def.scs.dumper.single_3.steel,8,1,0
69261,_nameless.183.46cc.3e80,piac,parma,rt_log,koln,0,985,0,0,car_d,mercedes_actros_2014_4x2_c,trailer.car_trans,trailer_def.car_d.car_trans,100,1,0
69261,_nameless.183.46cc.2960,piac,parma,dfh,berlin,2,1168,0,0,empty_palet,daf_xgp_4x2_530,trailer.profiliner17,trailer_def.krone.profiliner.single_3.curtain,33,1,0
69261,_nameless.183.46cc.34c0,piac,parma,slava,tirana,0,817,540,420,car_gr,scania_r_4x2_norm_360,trailer.car_trans,trailer_def.car_gr.car_trans,100,1,0
69261,_nameless.183.46cc.2b00,piac,parma,stokes,bystrica,0,1135,0,0,used_plast_c,daf_xd25,trailer.kasbhr_shg20,trailer_def.kassbohrer.shg.singl_3e_20.container,15,1,0
69261,_nameless.183.46cc.2bd0,piac,parma,tras_med,bari,0,817,0,0,vans_id,man_4x2_a,trailer.van_trans,trailer_def.vans_id.van_trans,100,1,0
69261,_nameless.183.46cc.3590,piac,parma,posped,rotterdam,1,1128,0,0,used_plast,scania_streamline_6x4_top_480,trailer.dryliner17,trailer_def.krone.dryliner.single_3.dryvan,33,1,0
69261,_nameless.183.46cc.26f0,aerobalt,riga,posped,szeged,1,1428,0,0,olive_tree,mercedes_6x4_a,trailer.scs_brick_r,trailer_def.scs.flatbed.single_3.brick,1,1,0
69261,_nameless.183.46cc.1c60,aerobalt,riga,norrsken,stockholm,0,165,510,1110,med_equip,scania_r2016_6x2_high_460,trailer.kasbhr_shg45,trailer_def.kassbohrer.scs.single_3_13.curtain,34,1,0
69261,_nameless.183.46cc.27c0,aerobalt,riga,renar,steinkjer,0,990,510,1110,large_cont,man_tgx_2020_4x2,trailer.scs_flat_b,trailer_def.scs.flatbed.single_3.flatbed_w,33,1,0
69261,_nameless.183.46cc.3f50,aerobalt,riga,sellplan,olsztyn,1,541,0,0,apples,iveco_sway_4x2_500,trailer.scs_dry_a,trailer_def.scs.box.single_3.dryvan,33,1,0
69261,_nameless.183.46cc.4020,te_logistica,sassari,adrica,zadar,1,913,1440,1194,clothes,volvo_fh2024_4x2_420,trailer.scs_dry_a,trailer_def.scs.box.single_3.dryvan,33,1,0
69261,_nameless.183.46cc.30b0,te_logistica,sassari,icaria,athens,1,948,1410,1624,concr_beams,"""heavy/volvo_fh2024_6x4_600""",trailer.scs_lowbed41,trailer_def.scs.lowbed.single_41_ln.long,1,1,0
69261,_nameless.183.46cc.2e40,te_logistica,sassari,log_atlan,salamanca,0,920,720,827,truck_rims_c,mercedes_6x4_a,trailer.krone.boxliner20,trailer_def.krone.boxliner.single_3.container,15,1,0
69261,_nameless.183.46cc.3320,te_logistica,sassari,lkwlog,graz,0,1416,840,879,milk,mercedes_6x2_b,trailer.scs_curt_s,trailer_def.scs.box.single_3.curtain,33,1,0
69261,_nameless.183.46cc.2890,te_logistica,sassari,sanbuilders,london,2,1402,755,1127,concr_cent,iveco_sway_4x2_500,trailer.profilinehd,trailer_def.krone.profilinerhd.single_3.flatbed,7,1,0
69261,_nameless.183.46cc.41c0,te_logistica,sassari,lkwlog,osnabruck,0,1588,720,827,plastic_gra,scania_r2016_4x2_high_500,trailer.scs_silo,trailer_def.scs.silo.single_3_10.silo,17,1,0
69261,_nameless.183.46cc.4500,eolo_lines,messina,fallow,patras,2,743,590,1092,med_equip,daf_xf_euro6_4x2_c,trailer.scs_dry_m,trailer_def.scs.box.single_3.dryvan_m,33,1,0
69261,_nameless.183.46cc.3b40,eolo_lines,messina,app,badajoz,1,900,1557,1788,beverages,renault_premium_4x2_a,trailer.scs_curt_s,trailer_def.scs.box.single_3.curtain,33,1,0
69261,_nameless.183.46cc.4360,eolo_lines,messina,icaria,kavala,0,911,590,1092,scooters,man_6x4_b,trailer.scs_dry,trailer_def.scs.box.single_3.dryvan,33,1,0
69261,_nameless.183.46cc.2a30,renat,tartu,ika_bohag,aalborg,2,886,765,1947,ter_forklift,renault_magnum_6x4_a,trailer.profilinehd,trailer_def.krone.profilinerhd.single_3.flatbed,2,1,0
69261,_nameless.183.46cc.49e0,renat,tartu,byggpro,falun,0,432,570,1270,forklifts,scania_streamline_4x2_top_560,trailer.scs_lowbed_3,trailer_def.scs.lowbed.single_3.short,4,1,0
69261,_nameless.183.46cc.1d30,renat,tartu,nch,tallinn,1,159,0,0,furniture,iveco_4x2_a,trailer.kasbhr_sbt,trailer_def.kassbohrer.sbt.single_3_13.dryvan,34,1,0
69261,_nameless.183.46cc.2ca0,boisserie,marseille,tradeaux,ajaccio,2,382,840,1193,exc_craw,"""heavy/iveco_6x4""",trailer.scs_lowlow4e,trailer_def.scs.lowloader.single_4_ln.long,1,1,0
69261,_nameless.183.46cc.2d70,boisserie,marseille,fattoria_f,roma,1,947,0,0,wshavings,mercedes_6x2_b,trailer.ffb_kip60,trailer_def.feldbinder.kip.single_3_60.silo_60_3p,60,1,0
69261,_nameless.183.46cc.2fe0,boisserie,marseille,lkwlog,amsterdam,0,1178,0,0,wood_chipper,"""heavy/volvo_fh2012_8x4_700""",trailer.scs_lowlow4e,trailer_def.scs.lowloader.single_4_ln.long,1,1,0
69261,_nameless.183.46cc.4840,boisserie,marseille,euroacres,dijon,1,438,0,0,wooden_beams,scania_streamline_6x2_norm_440,trailer.scs_log,trailer_def.scs.log.single_3.steel,2,1,0
69261,_nameless.183.46cc.1e00,norr_food,helsingborg,norrsken,hamar,1,623,0,0,used_packag,volvo_fh2012_6x2_500,trailer.profiliner17,trailer_def.krone.profiliner.single_3.curtain,33,1,0
69261,_nameless.183.46cc.3660,fattoria_f,napoli,villco,nis,0,753,540,420,milk_t,scania_streamline_6x4_top_480,trailer.ffb_tsalm32,trailer_def.feldbinder.tsalm.single_3_32.32_3_2,23,1,0
69261,_nameless.183.46cc.3730,fattoria_f,napoli,artemia,rhodes,0,794,1380,2634,cott_cheese,daf_xf_euro6_4x2_b,trailer.coolliner17,trailer_def.krone.coolliner.single_3.reefer,33,1,0
69261,_nameless.183.46cc.3800,trainfoundry,zaragoza,cargotras,palermo,0,535,1440,1605,czl_es300,"""heavy/volvo_fh2024_6x4_600""",trailer.scs_lowbed_4,trailer_def.scs.lowbed.single_4_sh.short,1,1,0
69261,_nameless.183.46cc.45d0,trainfoundry,zaragoza,chimi,montpellier,0,719,0,0,hipresstank,scania_r2016_4x2_high_500,trailer.profilinehd,trailer_def.krone.profilinerhd.single_3.flatbed,8,1,0
69261,_nameless.183.46cc.46a0,trainfoundry,zaragoza,rt_log,zurich,0,1301,0,0,scrap_metals,iveco_4x2_b,trailer.scs_dumper,trailer_def.scs.dumper.single_3.steel,8,1,0
69261,_nameless.183.46cc.1fa0,trainfoundry,zaragoza,log_atlan,almeria,0,776,0,0,diesel_gen,daf_xd,trailer.scs_dry_ms,trailer_def.scs.box.single_3.dryvan_m,33,1,0
69261,_nameless.183.46cc.53a0,trainfoundry,zaragoza,transinet,brussel,0,1442,0,0,train_part2,mercedes_actros_2014_4x2_b,trailer.profilinehd,trailer_def.krone.profilinerhd.single_3.flatbed,3,1,0
69261,_nameless.183.46cc.7aa0,ika_bohag,a_coruna,cesta_sl,malaga,1,1106,0,0,pot_flowers,renault_t_4x2h,trailer.scs_ref,trailer_def.scs.box.single_3.reefer,33,1,0
69261,_nameless.183.46cc.5f00,ika_bohag,a_coruna,exomar,burgos,0,560,0,0,empty_palet,daf_xg_4x2_450,trailer.dryliner17,trailer_def.krone.dryliner.single_3.dryvan,33,1,0
69261,_nameless.183.46cc.60a0,ika_bohag,a_coruna,exomar,evora,0,665,0,0,used_packag,mercedes_6x2_b,trailer.profiliner17,trailer_def.krone.profiliner.single_3.curtain,33,1,0
69261,_nameless.183.46cc.5d60,syllurgy,beograd,rock_eater,istanbul,0,839,0,0,vol_ew240emh,"""heavy/mercedes_6x4""",trailer.kasbhr_sla,trailer_def.kassbohrer.sla.single_3_sh.lowbed,1,1,0
69261,_nameless.183.46cc.5540,syllurgy,beograd,fallow,istanbul,2,860,0,0,iron_pipes,daf_xf_euro6_6x4_c,trailer.scs_log,trailer_def.scs.log.single_3.steel,28,1,0
69261,_nameless.183.46cc.5fd0,cnp,constanta,ai,nis,2,750,0,0,large_cont,iveco_4x2_c,trailer.scs_lowbed_4,trailer_def.scs.lowbed.single_4_sh.short,27,1,0
69261,_nameless.183.46cc.6310,cnp,constanta,timberturtle,brasov,2,592,0,0,lpg,daf_xf_euro6_6x4_c,trailer.kasbhr_shg40,trailer_def.kassbohrer.shg.singl_3e_40.container,80,1,0
69261,_nameless.183.46cc.5200,cnp,constanta,transinet,debrecen,1,1043,0,0,lpg_t,mercedes_6x4_a,trailer.scs_gastank,trailer_def.scs.gastank.single_3.gastank,40,1,0
69261,_nameless.183.46cc.7de0,cnp,constanta,posped,katowice,0,1483,0,0,transformat,"""heavy/renault_6x4""",trailer.scs_lowlowd4,trailer_def.scs.lowloader.single_4_sh.short,1,1,0
69261,_nameless.183.46cc.5e30,bjork,vaxjo,stokes,bystrica,0,1415,105,404,tractor,mercedes_actros_2014_6x2_a,trailer.scs_lowbed_4,trailer_def.scs.lowbed.single_4_sh.short,1,1,0
69261,_nameless.183.46cc.7830,bjork,vaxjo,konstnr,gavle,0,608,0,0,vol_ew240emh,"""heavy/mercedes_actros_8x4""",trailer.scs_lowlow4e,trailer_def.scs.lowloader.single_4_ln.long,1,1,0
69261,_nameless.183.46cc.6650,bjork,vaxjo,sag_tre,lillehammer,0,624,0,0,mob_tr_winch,"""heavy/scania_s2016_6x4_high_730""",trailer.kasbhr_sla,trailer_def.kassbohrer.sla.single_3_sh.lowbed,1,1,0
69261,_nameless.183.46cc.67f0,bjork,vaxjo,viljo_paper,lappeenranta,1,960,540,1170,logs,renault_premium_6x4_a,trailer.scs_log,trailer_def.scs.log.single_3.steel,32,1,0
69261,_nameless.183.46cc.6240,sanbuild_bas,leipzig,fle,podgorica,1,1489,0,0,empty_spool,volvo_fh2012_4x2_420,trailer.scs_lowbed_4,trailer_def.scs.lowbed.single_4_sh.short,3,1,0
69261,_nameless.183.46cc.64b0,sanbuild_bas,leipzig,posped,warszawa,0,586,0,0,large_cont,scania_r2016_4x2_high_500,trailer.scs_lowbed_3,trailer_def.scs.lowbed.single_3.short,27,1,0
69261,_nameless.183.46cc.7f80,suprema,mikkeli,polarislines,vaasa,2,359,0,0,empty_palet,daf_xd_2,trailer.scs_dry,trailer_def.scs.box.single_3.dryvan,33,1,0
69261,_nameless.183.46cc.5af0,suprema,mikkeli,cont_port,pori,2,360,0,0,used_plast_c,daf_xg_4x2_450,trailer.krone.boxliner20,trailer_def.krone.boxliner.single_3.container,15,1,0
69261,_nameless.183.46cc.5950,suprema,mikkeli,renar,tornio,0,491,0,0,used_packag,daf_xgp_4x2_530,trailer.scs_curt_s,trailer_def.scs.box.single_3.curtain,33,1,0
69261,_nameless.183.46cc.56e0,subse,larissa,shuttle,timisoara,0,1010,0,0,olive_oil_t,man_tgx_2020_6x2,trailer.ffb_tsalm32,trailer_def.feldbinder.tsalm.single_3_32.32_3_2,25,1,0
69261,_nameless.183.46cc.7eb0,subse,larissa,posped,bystrica,2,1300,0,0,concen_juice,renault_premium_6x2_a,trailer.dryliner17,trailer_def.krone.dryliner.single_3.dryvan,31,1,0
69261,_nameless.183.46cc.6a60,jastuk,banja_luka,cesare_smar,milano,1,1011,0,0,furniture,renault_magnum_6x2_a,trailer.kasbhr_scs,trailer_def.kassbohrer.scs.single_3_13.curtain,34,1,0
69261,_nameless.183.46cc.57b0,jastuk,banja_luka,posped,metz,1,1279,0,0,empty_spool,daf_xd_1,trailer.scs_lowbed_3,trailer_def.scs.lowbed.single_3.short,3,1,0
69261,_nameless.183.46cc.6f40,jastuk,banja_luka,baltrak,istanbul,2,1244,0,0,ter_forklift,daf_xd_2,trailer.profilinehd,trailer_def.krone.profilinerhd.single_3.flatbed,2,1,0
69261,_nameless.183.46cc.5880,jastuk,banja_luka,tree_et,poznan,0,1122,0,0,mat_handler,"""heavy/scania_s2016_6x4_high_730""",trailer.scs_lowlow4e,trailer_def.scs.lowloader.single_4_ln.long,1,1,0
69261,_nameless.183.46cc.6990,ai,ljubljana,posped,warszawa,0,941,0,0,brake_pads,scania_r2016_4x2_norm_370,trailer.scs_dry_s,trailer_def.scs.box.single_3.dryvan,33,1,0
69261,_nameless.183.46cc.4df0,ai,ljubljana,baltomorsk,klaipeda,2,1522,0,0,large_cont,volvo_fh2021_4x2_750,trailer.profilinehd,trailer_def.krone.profilinerhd.single_3.flatbed,33,1,0
69261,_nameless.183.46cc.5a20,ai,ljubljana,fallow,targu_mures,0,1009,0,0,pumps,scania_r_6x2_high_500,trailer.scs_dry_ms,trailer_def.scs.box.single_3.dryvan_m,33,1,0
69261,_nameless.183.46cc.7690,sanbuild_hms,arvidsjaur,drekkar,karlskrona,2,1209,0,0,skidder,"""heavy/man_6x4""",trailer.scs_lowlow4e,trailer_def.scs.lowloader.single_4_ln.long,1,1,0
69261,_nameless.183.46cc.6170,sanbuild_hms,arvidsjaur,renar,oslo,0,1261,0,0,kr_bigm450,scania_s2016_4x2_high_590,trailer.scs_lowlow4e,trailer_def.scs.lowloader.single_4_ln.long,1,1,0
69261,_nameless.183.46cc.7c40,sanbuild_hms,arvidsjaur,drekkar,tromso,1,777,0,0,jcb_bhl4cx,daf_xf_euro6_6x2_a,trailer.scs_lowbed41,trailer_def.scs.lowbed.single_41_ln.long,1,1,0
69261,_nameless.183.46cc.6720,sellplan,geneve,adrica,rijeka,0,1207,0,0,used_plast_c,scania_r_6x2_high_500,trailer.scs_gosck220,trailer_def.scs.gooseneck.singl_3e_220.container,30,1,0
69261,_nameless.183.46cc.5bc0,sellplan,geneve,lkwlog,calais,1,864,0,0,empty_palet,renault_magnum_6x4_a,trailer.kasbhr_scs,trailer_def.kassbohrer.scs.single_3_13.curtain,34,1,0
69261,_nameless.183.46cc.5c90,sellplan,geneve,lisette_log,bordeaux,0,794,0,0,used_packag,scania_s2016_4x2_high_590,trailer.dryliner17,trailer_def.krone.dryliner.single_3.dryvan,33,1,0
69261,_nameless.183.46cc.6580,sellplan,geneve,dfh,dresden,0,1007,0,0,used_plast,volvo_fh2024_6x2_500,trailer.dryliner17,trailer_def.krone.dryliner.single_3.dryvan,33,1,0
69261,_nameless.183.46cc.6c00,cantera,santander,te_logistica,cagliari,1,828,720,827,mob_crusher,"""heavy/mercedes_6x4""",trailer.scs_lowbed_4,trailer_def.scs.lowbed.single_4_sh.short,1,1,0
69261,_nameless.183.46cc.6cd0,cantera,santander,marmo,firenze,2,1579,0,0,jcb_bhl4cx,mercedes_6x2_b,trailer.kasbhr_sla,trailer_def.kassbohrer.sla.single_3_sh.lowbed,1,1,0
69261,_nameless.183.46cc.7760,cantera,santander,marmo,sassari,2,659,720,827,crawler,"""heavy/renault_6x4""",trailer.kasbhr_sla,trailer_def.kassbohrer.sla.single_3_sh.lowbed,1,1,0
69261,_nameless.183.46cc.6da0,cantera,santander,wgcc,glasgow,1,810,1080,1176,watertank,daf_6x2_a,trailer.profilinehd,trailer_def.krone.profilinerhd.single_3.flatbed,2,1,0
69261,_nameless.183.46cc.70e0,icaria,heraklion,fallow,vlore,2,790,540,760,salm_fillet,scania_s2016_4x2_norm_370,trailer.scs_ref_a,trailer_def.scs.box.single_3.reefer,33,1,0
69261,_nameless.183.46cc.71b0,icaria,heraklion,icaria,mitilini,1,14,1215,2068,volvo_rims,daf_4x2_b,trailer.scs_flat_b,trailer_def.scs.flatbed.single_3.flatbed_w,5,1,0
69261,_nameless.183.46cc.7350,icaria,heraklion,balkan_loco,veli_tarnovo,1,1080,540,760,pot_flowers,man_tgx_euro6_6x4_xlx,trailer.scs_ins_a,trailer_def.scs.box.single_3.insulated,33,1,0
69261,_nameless.183.46cc.7420,icaria,heraklion,fattoria_f,napoli,0,764,1110,1505,wshavings,volvo_fh2021_6x2_540,trailer.ffb_eut35,trailer_def.feldbinder.eut.single_3_35.silo_35_3p,35,1,0
69261,_nameless.183.46cc.4f90,icaria,heraklion,fle,bastia,0,1130,2160,2739,med_equip,daf_xf_euro6_6x4_c,trailer.scs_dry,trailer_def.scs.box.single_3.dryvan,33,1,0
69261,_nameless.183.46cc.5060,lkwlog,felixstowe,tradeaux,toulouse,1,1177,35,300,med_vaccine,mercedes_actros_2014_4x2_a,trailer.scs_ref_s,trailer_def.scs.box.single_3.reefer,33,1,0
69261,_nameless.183.46cc.74f0,lkwlog,felixstowe,posped,metz,0,700,35,300,oil_filt_c,scania_r_6x2_high_500,trailer.scs_gosck20,trailer_def.scs.gooseneck.singl_3e_20.container,15,1,0
69261,_nameless.183.46cc.7b70,lkwlog,felixstowe,wgcc,strasbourg,1,856,35,300,metal_center,"""heavy/scania_s2016_8x4_high_770""",trailer.kasbhr_slle,trailer_def.kassbohrer.sll.single_3_ln.low,1,1,0
69261,_nameless.183.46cc.75c0,lkwlog,felixstowe,voitureux,rennes,1,857,35,300,transmis,daf_4x2_a,trailer.dryliner17,trailer_def.krone.dryliner.single_3.dryvan,33,1,0
69261,_nameless.183.46cc.7900,lkwlog,felixstowe,gnt,helsingborg,0,1168,480,960,cut_flowers,renault_premium_4x2_c,trailer.scs_ref_s,trailer_def.scs.box.single_3.reefer,33,1,0
69261,_nameless.183.46cc.79d0,lkwlog,felixstowe,lisette_log,nice,1,1388,35,300,big_bag_seed,iveco_4x2_b,trailer.scs_curt_a,trailer_def.scs.box.single_3.curtain,32,1,0
69261,_nameless.183.46cc.7d10,fle,leipzig,gnt,panevezys,0,1162,0,0,toys,daf_xf_euro6_4x2_a,trailer.dryliner17,trailer_def.krone.dryliner.single_3.dryvan,33,1,0
69261,_nameless.183.46cc.5130,fle,leipzig,posped,verona,0,824,0,0,olive_tree,mercedes_actros_2014_6x4_b,trailer.profilinebm,trailer_def.krone.profilinerbm.single_3.brick,1,1,0
69261,_nameless.183.46cc.9b20,fle,leipzig,transinet,cambridge,0,1208,35,300,cut_flowers,volvo_fh2024_6x2_500,trailer.scs_ref,trailer_def.scs.box.single_3.reefer,33,1,0
69261,_nameless.183.46cc.8a10,fle,leipzig,domdepo,timisoara,0,1064,0,0,empty_spool,daf_xf_euro6_4x2_c,trailer.scs_lowbed_4,trailer_def.scs.lowbed.single_4_sh.short,3,1,0
69261,_nameless.183.46cc.a5b0,fle,leipzig,rt_log,salzburg,2,517,0,0,med_equip,daf_xf_4x2_370,trailer.scs_curt_s,trailer_def.scs.box.single_3.curtain,33,1,0
69261,_nameless.183.46cc.94a0,gnt,bergen,norse_rail,ostersund,0,885,105,149,air_mails,scania_r_6x2_high_500,trailer.kasbhr_shg45,trailer_def.kassbohrer.scs.single_3_13.curtain,34,1,0
69261,_nameless.183.46cc.a0d0,gnt,bergen,sal_fi,pori,0,1245,540,1170,vans_id,mercedes_4x2_c,trailer.van_trans,trailer_def.vans_id.van_trans,100,1,0
69261,_nameless.183.46cc.ac30,gnt,bergen,polarislines,paldiski,0,1140,570,1270,olives,volvo_fh2021_6x2_540,trailer.dryliner17,trailer_def.krone.dryliner.single_3.dryvan,33,1,0
69261,_nameless.183.46cc.a000,ts_atlas,vigo,pp_chimica,olbia,0,1277,720,827,potassium,scania_r2016_4x2_norm_370,trailer.krone.boxliner20,trailer_def.krone.boxliner.single_3.container,40,1,0
69261,_nameless.183.46cc.8e20,ts_atlas,vigo,kaarfor,swansea,0,961,1080,1176,rice_c,mercedes_6x2_b,trailer.krone.boxliner20,trailer_def.krone.boxliner.single_3.container,15,1,0
69261,_nameless.183.46cc.9f30,ts_atlas,vigo,ts_atlas,bilbao,0,704,0,0,sodium,man_tgx_euro6_4x2_xl,trailer.scs_gosck20,trailer_def.scs.gooseneck.singl_3e_20.container,40,1,0
69261,_nameless.183.46cc.9d90,ts_atlas,vigo,ns_chem,puertollano,0,847,0,0,nitrogen,renault_t_4x2,trailer.krone.boxliner40,trailer_def.krone.boxliner.single_3_40.container,80,1,0
69261,_nameless.183.46cc.9090,ts_atlas,vigo,rt_log,sevilla,0,1002,0,0,carrots_c,scania_streamline_6x2_norm_440,trailer.kasbhr_shg20,trailer_def.kassbohrer.shg.singl_3e_20.container,15,1,0
69261,_nameless.183.46cc.b2b0,ts_atlas,vigo,rt_log,sevilla,2,1002,0,0,sulfuric,mercedes_actros_2014_4x2_b,trailer.scs_gosck20,trailer_def.scs.gooseneck.singl_3e_20.container,40,1,0
69261,_nameless.183.46cc.aa90,trans_cab,vigo,gnt,bastia,0,1175,930,1182,fert_spread,volvo_fh2024_6x2_500,trailer.scs_lowlow2e,trailer_def.scs.lowloader.single_2_ln.long,1,1,0
69261,_nameless.183.46cc.8ef0,trans_cab,vigo,cesta_sl,madrid,0,578,0,0,froz_octopi,iveco_6x2_a,trailer.coolliner17,trailer_def.krone.coolliner.single_3.reefer,33,1,0
69261,_nameless.183.46cc.a1a0,trans_cab,vigo,rt_log,madrid,0,582,0,0,truck_batt,renault_t_4x2h,trailer.scs_curt_s,trailer_def.scs.box.single_3.curtain,33,1,0
69261,_nameless.183.46cc.a270,kaarfor,montpellier,rt_log,a_coruna,0,1272,0,0,used_packag,volvo_fh16_4x2_420,trailer.scs_dry_ms,trailer_def.scs.box.single_3.dryvan_m,33,1,0
69261,_nameless.183.46cc.9bf0,kaarfor,montpellier,log_atlan,bilbao,1,684,0,0,empty_palet,scania_r_4x2_top_480,trailer.scs_curt_a,trailer_def.scs.box.single_3.curtain,33,1,0
69261,_nameless.183.46cc.87a0,kaarfor,montpellier,posped,bratislava,0,1572,0,0,used_plast_c,man_tgx_euro6_4x2_xl,trailer.krone.boxliner40,trailer_def.krone.boxliner.single_3_40.container,30,1,0
69261,_nameless.183.46cc.a680,ika_bohag,tampere,gnt,uppsala,0,286,540,1170,empty_palet,iveco_sway_4x2_580,trailer.scs_dry_s,trailer_def.scs.box.single_3.dryvan,33,1,0
69261,_nameless.183.46cc.af70,ika_bohag,tampere,norr_food,bodo,0,838,300,680,pot_flowers,scania_s2016_6x4_high_730,trailer.scs_ref_a,trailer_def.scs.box.single_3.reefer,33,1,0
69261,_nameless.183.46cc.8870,ika_bohag,tampere,nordic_ports,ornskoldsvik,1,346,300,680,used_packag,daf_4x2_b,trailer.dryliner17,trailer_def.krone.dryliner.single_3.dryvan,33,1,0
69261,_nameless.183.46cc.81f0,blt,kaunas,blt,tartu,0,560,0,0,alu_profile,renault_t_4x2,trailer.scs_flat_b,trailer_def.scs.flatbed.single_3.flatbed_w,2,1,0
69261,_nameless.183.46cc.a340,c_navale,messina,baltrak,edirne,0,1222,590,1092,mobile_crane,"""heavy/renault_6x4""",trailer.scs_lowbed41,trailer_def.scs.lowbed.single_41_ln.long,1,1,0
69261,_nameless.183.46cc.8460,icaria,rhodes,gnt,bastia,0,1166,2430,3868,square_baler,scania_streamline_4x2_top_560,trailer.kasbhr_sla,trailer_def.kassbohrer.sla.single_3_sh.lowbed,1,1,0
69261,_nameless.183.46cc.a820,icaria,rhodes,eolo_lines,napoli,2,780,1380,2634,used_plast,man_tgx_2020_4x2,trailer.scs_curt_a,trailer_def.scs.box.single_3.curtain,33,1,0
69261,_nameless.183.46cc.8940,ccg_fla,rhodes,brawen,lamia,2,222,810,1889,jcb_bhl4cx,volvo_fh2012_6x2_500,trailer.kasbhr_sla,trailer_def.kassbohrer.sla.single_3_sh.lowbed,1,1,0
69261,_nameless.183.46cc.8fc0,ccg_fla,rhodes,rimaf,bitola,0,590,810,1889,volvo_bucket,daf_xf_euro6_6x2_a,trailer.kasbhr_slle,trailer_def.kassbohrer.sll.single_3_ln.low,1,1,0
69261,_nameless.183.46cc.a410,norse_rail,kiruna,nordic_ports,sundsvall,0,672,0,0,plastic_gra,mercedes_4x2_b,trailer.scs_silo,trailer_def.scs.silo.single_3_10.silo,21,1,0
69261,_nameless.183.46cc.a8f0,norse_rail,kiruna,norrsken,aalborg,0,1482,195,677,used_plast,man_tgx_euro6_6x4_xlx,trailer.kasbhr_shg45,trailer_def.kassbohrer.scs.single_3_13.curtain,34,1,0
69261,_nameless.183.46cc.a9c0,norse_rail,kiruna,konstnr,oslo,1,1286,0,0,marb_slab,iveco_4x2_b,trailer.profilinehd,trailer_def.krone.profilinerhd.single_3.flatbed,3,1,0
69261,_nameless.183.46cc.ad00,norse_rail,kiruna,polarislines,frederikshv,0,1385,195,677,scaffoldings,iveco_4x2_b,trailer.scs_curt_s,trailer_def.scs.box.single_3.curtain,33,1,0
69261,_nameless.183.46cc.9300,kaarfor,hunedoara,brawen,skopje,0,730,0,0,used_plast_c,renault_t_4x2h,trailer.scs_gosck220,trailer_def.scs.gooseneck.singl_3e_220.container,30,1,0
69261,_nameless.183.46cc.9710,kaarfor,hunedoara,brawen,lamia,0,1145,0,0,used_packag,renault_magnum_6x2_a,trailer.kasbhr_shg45,trailer_def.kassbohrer.scs.single_3_13.curtain,34,1,0
69261,_nameless.183.46cc.93d0,kaarfor,hunedoara,stokes,pristina,0,586,0,0,used_plast,mercedes_actros_2014_4x2_b,trailer.scs_dry_a,trailer_def.scs.box.single_3.dryvan,33,1,0
69261,_nameless.183.46cc.b450,kaarfor,hunedoara,dfh,nurnberg,0,1225,0,0,empty_palet,volvo_fh2012_4x2_750,trailer.scs_dry_a,trailer_def.scs.box.single_3.dryvan,33,1,0
69261,_nameless.183.46cc.ab60,lognstick,galati,fui,catanzaro,1,1301,540,420,lumber,daf_xf_euro6_4x2_c,trailer.scs_flat_b,trailer_def.scs.flatbed.single_3.flatbed_w,3,1,0
69261,_nameless.183.46cc.8ae0,lognstick,galati,icaria,argostoli,0,1242,460,720,driller,mercedes_6x4_a,trailer.scs_lowbed41,trailer_def.scs.lowbed.single_41_ln.long,1,1,0
69261,_nameless.183.46cc.aea0,lognstick,galati,icaria,heraklion,0,1389,540,760,carb_water,iveco_6x2_a,trailer.kasbhr_shg45,trailer_def.kassbohrer.scs.single_3_13.curtain,32,1,0
69261,_nameless.183.46cc.b110,villco_mkt,zagreb,rt_log,rostock,2,1244,0,0,used_plast,scania_r2016_6x4_high_660,trailer.scs_dry,trailer_def.scs.box.single_3.dryvan,33,1,0
69261,_nameless.183.46cc.b1e0,villco_mkt,zagreb,balkan_loco,skopje,0,827,0,0,used_packag,man_6x4_b,trailer.scs_dry_s,trailer_def.scs.box.single_3.dryvan,33,1,0
69261,_nameless.183.46cc.b380,villco_mkt,zagreb,rt_log,graz,0,274,0,0,empty_palet,renault_premium_4x2_c,trailer.drylineret,trailer_def.krone.edryliner.single_3.dryvan,33,1,0
69261,_nameless.183.46cc.9230,villco_mkt,zagreb,cont_port_it,napoli,1,1324,0,0,used_plast_c,volvo_fh2021_4x2_420,trailer.scs_gosck20,trailer_def.scs.gooseneck.singl_3e_20.container,15,1,0
69261,_nameless.183.46cc.8c80,dfh,bremen,globeur,lehavre,0,798,0,0,chimney_syst,renault_t_4x2,trailer.scs_dry_a,trailer_def.scs.box.single_3.dryvan,33,1,0
69261,_nameless.183.46cc.b520,dfh,bremen,eurogoodies,lille,0,534,0,0,pesto,scania_s2016_6x2_high_460,trailer.kasbhr_shg45,trailer_def.kassbohrer.scs.single_3_13.curtain,34,1,0
69261,_nameless.183.46cc.82c0,dfh,bremen,lateds,valmiera,2,1509,0,0,grapes,daf_xf_euro6_6x4_c,trailer.scs_ref_a,trailer_def.scs.box.single_3.reefer,33,1,0
69261,_nameless.183.46cc.8d50,dfh,bremen,blt,utena,2,1384,0,0,iron_pipes,daf_4x2_b,trailer.scs_log,trailer_def.scs.log.single_3.steel,28,1,0
69261,_nameless.183.46cc.8390,sellplan,kosice,nch,tallinn,0,1379,0,0,used_packag,daf_xgp_4x2_530,trailer.scs_dry_a,trailer_def.scs.box.single_3.dryvan,33,1,0
69261,_nameless.183.46cc.8530,sellplan,kosice,lkwlog,luxembourg,0,1391,0,0,used_plast,mercedes_actros_2014_6x4_b,trailer.profiliner17,trailer_def.krone.profiliner.single_3.curtain,33,1,0
69261,_nameless.183.46cc.8600,sellplan,kosice,baltrak,tekirdag,0,1453,0,0,empty_palet,volvo_fh2021_6x2_540,trailer.kasbhr_scs,trailer_def.kassbohrer.scs.single_3_13.curtain,34,1,0
69261,_nameless.183.46cc.86d0,tradeaux,grimsby,cargotras,milano,1,1533,35,300,froz_octopi,scania_s2016_6x4_high_730,trailer.scs_ref_s,trailer_def.scs.box.single_3.reefer,33,1,0
69261,_nameless.183.46cc.9640,tradeaux,grimsby,polarislines,hirtshals,1,471,1140,1314,grapes,volvo_fh16_4x2_420,trailer.scs_ref_a,trailer_def.scs.box.single_3.reefer,33,1,0
69261,_nameless.183.46cc.97e0,tradeaux,grimsby,drekkar,karlskrona,2,682,1140,1314,clothes_c,scania_r_4x2_top_480,trailer.krone.boxliner20,trailer_def.krone.boxliner.single_3.container,15,1,0
69261,_nameless.183.46cc.98b0,tradeaux,grimsby,aerobalt,turku,0,1277,1680,2484,fresh_fish,scania_r_4x2_top_480,trailer.scs_ref_s,trailer_def.scs.box.single_3.reefer,33,1,0
69261,_nameless.183.46cc.9980,byggpro,alta,wgcc,oulu,1,828,0,0,largetubes,scania_r2016_6x2_high_460,trailer.scs_log,trailer_def.scs.log.single_3.steel,6,1,0
69261,_nameless.183.46cc.9a50,byggpro,alta,norse_rail,gavle,1,1419,0,0,metal_pipes,daf_4x2_b,trailer.profilinehd,trailer_def.krone.profilinerhd.single_3.flatbed,2,1,0
69261,_nameless.183.46cc.df60,byggpro,alta,norse_rail,gavle,0,1419,0,0,wshavings,scania_streamline_6x2_norm_440,trailer.ffb_kip60,trailer_def.feldbinder.kip.single_3_60.silo_60_3p,60,1,0
69261,_nameless.183.46cc.e510,byggpro,alta,renar,mikkeli,2,1228,0,0,sandwch_pnls,scania_r2016_4x2_norm_370,trailer.scs_dry_ms,trailer_def.scs.box.single_3.dryvan_m,33,1,0
69261,_nameless.183.46cc.da80,eurogoodies,klagenfurt,lkwlog,luxembourg,1,968,0,0,fresh_fish,daf_xd_2,trailer.coolliner17,trailer_def.krone.coolliner.single_3.reefer,33,1,0
69261,_nameless.183.46cc.ccb0,eurogoodies,klagenfurt,drekkar,malmo,0,1292,105,404,carb_water,scania_r2016_6x4_high_660,trailer.dryliner17,trailer_def.krone.dryliner.single_3.dryvan,33,1,0
69261,_nameless.183.46cc.e370,eurogoodies,klagenfurt,polarislines,kiel,2,1219,0,0,canned_beans,daf_xd,trailer.kasbhr_shg45,trailer_def.kassbohrer.scs.single_3_13.curtain,34,1,0
69261,_nameless.183.46cc.e6b0,bcp,kosice,fallow,larissa,0,1334,0,0,empty_barr,man_tgx_euro6_6x4_xlx,trailer.scs_dry_a,trailer_def.scs.box.single_3.dryvan,33,1,0
69261,_nameless.183.46cc.d260,bcp,kosice,stokes,tirana,2,1212,0,0,ibc_cont,man_tgx_euro6_4x2_xl,trailer.scs_dry_a,trailer_def.scs.box.single_3.dryvan,33,1,0
69261,_nameless.183.46cc.d190,marina,klaipeda,renar,lahti,0,832,150,430,lux_yacht,volvo_fh2024_4x2_420,trailer.scs_lowbed_3,trailer_def.scs.lowbed.single_3.short,1,1,0
69261,_nameless.183.46cc.d4d0,wgcc,strasbourg,acc,terni,2,990,0,0,nitrogen,daf_xf_euro6_4x2_b,trailer.kasbhr_shg20,trailer_def.kassbohrer.shg.singl_3e_20.container,40,1,0
69261,_nameless.183.46cc.bd40,wgcc,strasbourg,pp_chimica,terni,0,990,0,0,cyanide,mercedes_6x4_a,trailer.krone.boxliner20,trailer_def.krone.boxliner.single_3.container,40,1,0
69261,_nameless.183.46cc.ce50,wgcc,strasbourg,ns_chem,kristiansand,2,1176,195,1052,lead,iveco_4x2_c,trailer.scs_gosck220,trailer_def.scs.gooseneck.singl_3e_220.container,80,1,0
69261,_nameless.183.46cc.db50,fle,bodo,norrsken,falun,0,927,0,0,apples,volvo_fh2024_6x2_500,trailer.kasbhr_shg45,trailer_def.kassbohrer.scs.single_3_13.curtain,34,1,0
69261,_nameless.183.46cc.d330,fle,bodo,polarislines,naantali,2,881,300,680,med_equip,scania_s2016_4x2_high_590,trailer.scs_ins,trailer_def.scs.box.single_3.insulated,33,1,0
69261,_nameless.183.46cc.e5e0,fle,bodo,norse_rail,gavle,1,884,0,0,cut_flowers,"""double/renault_magnum_4x2_a""",trailer.scs_ref_b2,trailer_def.scs.box.bdouble_3_3.reefer,52,1,0
69261,_nameless.183.46cc.d400,fle,bodo,fle,tromso,2,608,30,45,air_mails,scania_s2016_6x4_high_730,trailer.scs_curt_s,trailer_def.scs.box.single_3.curtain,33,1,0
69261,_nameless.183.46cc.c220,fle,bodo,norse_rail,narvik,1,323,30,45,med_vaccine,daf_xgp25_4x2_530,trailer.scs_ins_a,trailer_def.scs.box.single_3.insulated,33,1,0
69261,_nameless.183.46cc.e440,polarislines,kokkola,suprema,kaunas,1,1144,150,430,garlic,man_tgx_2020,trailer.dryliner17,trailer_def.krone.dryliner.single_3.dryvan,33,1,0
69261,_nameless.183.46cc.e2a0,drekkar,bergen,cont_port,pori,0,1273,540,1170,truck_batt_c,volvo_fh2024_4x2_420,trailer.krone.boxliner40,trailer_def.krone.boxliner.single_3_40.container,30,1,0
69261,_nameless.183.46cc.c8a0,drekkar,bergen,renar,oslo,0,586,0,0,vol_ew240emh,"""heavy/scania_r2016_8x4_high_730""",trailer.scs_lowbed_3,trailer_def.scs.lowbed.single_3.short,1,1,0
69261,_nameless.183.46cc.e100,drekkar,bergen,blt,paldiski,2,1128,570,1270,fish_chips,daf_xd,trailer.scs_ref,trailer_def.scs.box.single_3.reefer,33,1,0
69261,_nameless.183.46cc.e780,drekkar,bergen,sanbuild_bas,koln,1,1450,195,1052,plast_pipes,scania_streamline_6x2_norm_440,trailer.scs_flat_b,trailer_def.scs.flatbed.single_3.flatbed_w,4,1,0
69261,_nameless.183.46cc.e1d0,drekkar,bergen,norse_rail,narvik,0,1435,135,194,ketchup,volvo_fh2012_6x2_500,trailer.scs_dry_ms,trailer_def.scs.box.single_3.dryvan_m,33,1,0
69261,_nameless.183.46cc.cd80,elcano_fla,santander,wilnet_trans,toulouse,2,545,0,0,jcb_mexc19ce,man_tgx_euro6_4x2_xl,trailer.profilinehd,trailer_def.krone.profilinerhd.single_3.flatbed,3,1,0
69261,_nameless.183.46cc.c560,konstnr_hs,linkoping,lintukainen,lappeenranta,0,685,540,1170,vol_ew240emh,"""heavy/volvo_fh2021_6x4_540""",trailer.kasbhr_sla,trailer_def.kassbohrer.sla.single_3_sh.lowbed,1,1,0
69261,_nameless.183.46cc.cb10,syllurgy,thessaloniki,domdepo,cluj_napoca,1,1060,0,0,concr_beams2,daf_xf_euro6_6x4_c,trailer.scs_flat_b,trailer_def.scs.flatbed.single_3.flatbed_w,2,1,0
69261,_nameless.183.46cc.d810,syllurgy,thessaloniki,tras_med,catania,0,891,590,1092,metal_pipes,scania_r_6x4_top_620,trailer.scs_flat_b,trailer_def.scs.flatbed.single_3.flatbed_w,2,1,0
69261,_nameless.183.46cc.c3c0,syllurgy,thessaloniki,brawen,ljubljana,0,1156,0,0,forklifts,daf_xf_euro6_6x2_a,trailer.scs_lowbed_4,trailer_def.scs.lowbed.single_4_sh.short,3,1,0
69261,_nameless.183.46cc.bee0,batisse_base,clermont,tras_med,cagliari,2,820,720,827,vol_ew240emh,"""heavy/scania_r_6x4_top_730""",trailer.scs_lowlow4e,trailer_def.scs.lowloader.single_4_ln.long,1,1,0
69261,_nameless.183.46cc.bc70,brawen,bacau,subse,edirne,1,926,0,0,soy_milk_t,mercedes_4x2_b,trailer.scs_fodt,trailer_def.scs.foodtank.single_3.paint,23,1,0
69261,_nameless.183.46cc.d0c0,brawen,bacau,rosmark_ru,kaliningrad,1,1592,0,0,largetubes,daf_xf_euro6_4x2_c,trailer.profilinehd,trailer_def.krone.profilinerhd.single_3.flatbed,6,1,0
69261,_nameless.183.46cc.e920,byggpro,kajaani,rosmark,liepaja,0,1071,150,430,sq_tub,iveco_h_4x2_a,trailer.profilinehd,trailer_def.krone.profilinerhd.single_3.flatbed,2,1,0
69261,_nameless.183.46cc.b5f0,byggpro,kajaani,gnt,vilnius,1,1119,150,430,plumb_suppl,daf_xf_4x2_370,trailer.profiliner17,trailer_def.krone.profiliner.single_3.curtain,33,1,0
69261,_nameless.183.46cc.dc20,byggpro,kajaani,norse_rail,ostersund,0,831,0,0,elect_wiring,volvo_fh16_4x2_420,trailer.scs_dry_ms,trailer_def.scs.box.single_3.dryvan_m,33,1,0
69261,_nameless.183.46cc.bfb0,byggpro,kajaani,nordic_ports,bodo,1,859,0,0,iron_pipes,volvo_fh2021_4x2_420,trailer.scs_log,trailer_def.scs.log.single_3.steel,28,1,0
69261,_nameless.183.46cc.d8e0,suprema,kuusamo,cont_port,tallinn,1,802,150,430,used_plast_c,daf_6x2_a,trailer.krone.boxliner40,trailer_def.krone.boxliner.single_3_40.container,30,1,0
69261,_nameless.183.46cc.d670,suprema,kuusamo,norrsken,borlange,0,939,0,0,used_plast,mercedes_4x2_a,trailer.dryliner17,trailer_def.krone.dryliner.single_3.dryvan,33,1,0
69261,_nameless.183.46cc.dcf0,suprema,kuusamo,polarislines,oslo,0,1265,0,0,used_packag,renault_magnum_6x4_a,trailer.scs_dry_s,trailer_def.scs.box.single_3.dryvan,33,1,0
69261,_nameless.183.46cc.b6c0,suprema,kuusamo,ns_oil,ornskoldsvik,0,613,0,0,empty_palet,"""double/daf_4x2_a""",trailer.scs_curt_2,trailer_def.scs.box.double_3_2.curtain,52,1,0
69261,_nameless.183.46cc.c080,polarislines,helsinki,sal_fi,joensuu,1,549,0,0,rooflights,iveco_4x2_b,trailer.profiliner17,trailer_def.krone.profiliner.single_3.curtain,33,1,0
69261,_nameless.183.46cc.de90,polarislines,helsinki,rosmark,rezekne,0,462,150,430,truck_rims,volvo_fh2012_6x2_500,trailer.scs_dry_s,trailer_def.scs.box.single_3.dryvan,33,1,0
69261,_nameless.183.46cc.c700,rump,craiova,eumefa,maribor,2,913,0,0,ibc_cont,iveco_h_4x2_a,trailer.scs_curt_s,trailer_def.scs.box.single_3.curtain,33,1,0
69261,_nameless.183.46cc.b790,rump,craiova,rt_log,nurnberg,1,1340,0,0,scrap_metals,daf_xg_4x2_450,trailer.scs_dumper,trailer_def.scs.dumper.single_3.steel,8,1,0
69261,_nameless.183.46cc.b860,rump,craiova,icaria,athens,0,1106,0,0,car_d,scania_s2016_6x4_high_730,trailer.car_trans,trailer_def.car_d.car_trans,100,1,0
69261,_nameless.183.46cc.b930,rump,craiova,lognstick,tekirdag,0,756,0,0,vans_id,man_tgx_euro6_4x2_xxl,trailer.van_trans,trailer_def.vans_id.van_trans,100,1,0
69261,_nameless.183.46cc.ba00,rump,craiova,slava,mostar,1,638,0,0,car_gr,daf_xg_4x2_450,trailer.car_trans,trailer_def.car_gr.car_trans,100,1,0
69261,_nameless.183.46cc.bad0,rump,craiova,posped,bystrica,1,776,0,0,cable_reel,"""heavy/volvo_fh2024_6x4_600""",trailer.kasbhr_sll,trailer_def.kassbohrer.sll.single_3_sh.low,1,1,0
69261,_nameless.183.46cc.bba0,suprema,jyvaskyla,norrsken,hamar,2,798,540,1170,used_plast,mercedes_6x2_b,trailer.scs_dry_s,trailer_def.scs.box.single_3.dryvan,33,1,0
69261,_nameless.183.46cc.c490,suprema,jyvaskyla,posped,warszawa,1,1276,150,430,used_packag,iveco_4x2_c,trailer.kasbhr_sbt,trailer_def.kassbohrer.sbt.single_3_13.dryvan,34,1,0
69261,_nameless.183.46cc.c7d0,suprema,jyvaskyla,transinet,bialystok,1,1114,150,430,used_plast_c,scania_s2016_4x2_high_590,trailer.scs_gosck220,trailer_def.scs.gooseneck.singl_3e_220.container,30,1,0
69261,_nameless.183.46cc.c970,suprema,jyvaskyla,posped,warszawa,0,1276,150,430,empty_palet,renault_t_4x2h,trailer.scs_curt_a,trailer_def.scs.box.single_3.curtain,33,1,0
69261,_nameless.183.46cc.ca40,renat,rezekne,renor,kiruna,0,1522,150,430,ter_forklift,renault_t_4x2h,trailer.profilinehd,trailer_def.krone.profilinerhd.single_3.flatbed,2,1,0
69261,_nameless.183.46cd.19e0,renat,rezekne,ibp,helsinki,2,625,150,430,large_cont,mercedes_6x2_b,trailer.scs_lowbed_3,trailer_def.scs.lowbed.single_3.short,27,1,0
69261,_nameless.183.46cc.eed0,renat,rezekne,radus,tampere,1,716,150,430,empty_spool,volvo_fh2024_6x2_500,trailer.kasbhr_sla,trailer_def.kassbohrer.sla.single_3_sh.lowbed,3,1,0
69261,_nameless.183.46cd.0c10,renat,rezekne,sellplan,kosice,0,1128,0,0,furniture,renault_premium_4x2_c,trailer.scs_dry_ms,trailer_def.scs.box.single_3.dryvan_m,33,1,0
69261,_nameless.183.46cc.fe40,rock_eat_str,podgorica,icaria,athens,0,932,0,0,crawler,"""heavy/scania_streamline_8x4_top_730""",trailer.scs_lowlow2e,trailer_def.scs.lowloader.single_2_ln.long,1,1,0
69261,_nameless.183.46cd.1c50,low_field,mostar,eurogoodies,wien,1,906,0,0,basil,volvo_fh2012_4x2_750,trailer.scs_dry_ms,trailer_def.scs.box.single_3.dryvan_m,33,1,0
69261,_nameless.183.46cc.f140,low_field,mostar,domdepo,tekirdag,0,1152,0,0,ffb_kip60,daf_xf_euro6_4x2_b,trailer.ffb_kip60,trailer_def.ffb_kip60.ffb_kip60,100,1,0
69261,_nameless.183.46cd.0db0,low_field,mostar,lkwlog,szeged,0,565,0,0,kr_gx520,man_4x2_a,trailer.kasbhr_slle,trailer_def.kassbohrer.sll.single_3_ln.low,1,1,0
69261,_nameless.183.46cd.0a70,low_field,mostar,tradeaux,olsztyn,1,1479,0,0,ter_forklift,volvo_fh2012_4x2_420,trailer.profilinehd,trailer_def.krone.profilinerhd.single_3.flatbed,2,1,0
69261,_nameless.183.46cd.03f0,cnp_str,vlore,cnp,livorno,2,864,540,420,kerosene,mercedes_actros_2014_4x2_c,trailer.scs_fueltank,trailer_def.scs.fueltank.single_3.fueltank,30,1,0
69261,_nameless.183.46cd.1910,cnp_str,vlore,balkan_loco,edirne,0,1000,0,0,lpg,scania_streamline_4x2_top_560,trailer.krone.boxliner220,trailer_def.krone.boxliner.single_3_220.container,80,1,0
69261,_nameless.183.46cd.0b40,cnp_str,vlore,sanbuilders,brno,0,1489,0,0,propane,daf_xgp25_4x2_530,trailer.scs_gastank,trailer_def.scs.gastank.single_3.gastank,40,1,0
69261,_nameless.183.46cc.f3b0,cnp_str,vlore,marina,olbia,2,687,1380,1299,fueltanker,volvo_fh2021_4x2_750,trailer.krone.boxliner220,trailer_def.krone.boxliner.single_3_220.container,80,1,0
69261,_nameless.183.46cd.0250,slava,mostar,transinet,ostrava,1,1038,0,0,car_d,volvo_fh2012_6x2_500,trailer.car_trans,trailer_def.car_d.car_trans,100,1,0
69261,_nameless.183.46cd.1d20,slava,mostar,balkan_loco,maribor,2,692,0,0,car_it,iveco_sway_4x2_460,trailer.car_trans,trailer_def.car_it.car_trans,100,1,0
69261,_nameless.183.46cd.0660,sanbuilders,nurnberg,mvm_carriere,bordeaux,1,1467,0,0,crawler,"""heavy/scania_s2016_8x4_high_770""",trailer.scs_lowlowd4,trailer_def.scs.lowloader.single_4_sh.short,1,1,0
69261,_nameless.183.46cd.04c0,sanbuilders,nurnberg,sanbuild_hms,beograd,1,1129,0,0,asph_miller,"""heavy/scania_r_6x4_top_730""",trailer.scs_lowbed41,trailer_def.scs.lowbed.single_41_ln.long,1,1,0
69261,_nameless.183.46cd.1020,drekkar,tromso,sal_fi,lappeenranta,0,1273,0,0,kr_bigm450,renault_premium_6x2_a,trailer.kasbhr_slle,trailer_def.kassbohrer.sll.single_3_ln.low,1,1,0
69261,_nameless.183.46cd.0e80,drekkar,tromso,sal_fi,ivalo,0,749,0,0,food_oil_t,daf_4x2_a,trailer.ffb_tsalm32,trailer_def.feldbinder.tsalm.single_3_32.32_3_2,30,1,0
69261,_nameless.183.46cc.fb00,drekkar,tromso,nordic_ports,tornio,0,658,0,0,olives,renault_magnum_6x4_a,trailer.scs_curt_a,trailer_def.scs.box.single_3.curtain,33,1,0
69261,_nameless.183.46cc.fca0,drekkar,tromso,nordic_ports,tornio,2,658,0,0,train_part,volvo_fh2021_4x2_750,trailer.profilinehd,trailer_def.krone.profilinerhd.single_3.flatbed,5,1,0
69261,_nameless.183.46cd.1500,drekkar,tromso,norrsken,falun,0,1268,0,0,empty_palet,daf_4x2_b,trailer.kasbhr_shg45,trailer_def.kassbohrer.scs.single_3_13.curtain,34,1,0
69261,_nameless.183.46cc.fa30,balkan_loco,pleven,icaria,chios,1,545,690,1521,grass_rolls,renault_magnum_4x2_a,trailer.kasbhr_scs,trailer_def.kassbohrer.scs.single_3_13.curtain,34,1,0
69261,_nameless.183.46cd.0590,balkan_loco,pleven,rt_log,graz,1,1116,0,0,rye,scania_s2016_6x4_high_730,trailer.ffb_kip60,trailer_def.feldbinder.kip.single_3_60.silo_60_3p,33,1,0
69261,_nameless.183.46cd.1840,balkan_loco,pleven,eurogoodies,venezia,1,1412,0,0,milk_t,mercedes_6x2_b,trailer.ffb_tsalm32,trailer_def.feldbinder.tsalm.single_3_32.32_3_2,23,1,0
69261,_nameless.183.46cd.15d0,cont_port,pori,shuttle,bremen,0,1458,540,1170,plast_film_c,man_4x2_a,trailer.kasbhr_shg40,trailer_def.kassbohrer.shg.singl_3e_40.container,30,1,0
69261,_nameless.183.46cc.f890,cont_port,pori,renar,jyvaskyla,1,280,0,0,carbn_pwdr_c,scania_r_6x2_high_500,trailer.scs_gosck20,trailer_def.scs.gooseneck.singl_3e_20.container,15,1,0
69261,_nameless.183.46cd.09a0,sanbuild_hms,skelleftea,gnt,kristiansand,1,1207,0,0,kr_stc1370,volvo_fh16_4x2_420,trailer.scs_lowlow4e,trailer_def.scs.lowloader.single_4_ln.long,1,1,0
69261,_nameless.183.46cc.f550,sanbuilders,birmingham,rt_log,barcelona,2,1590,35,300,roller,scania_streamline_4x2_top_560,trailer.kasbhr_slle,trailer_def.kassbohrer.sll.single_3_ln.low,1,1,0
69261,_nameless.183.46cd.0800,sanbuilders,birmingham,globeur,bayonne,1,1420,35,300,dozer,"""heavy/renault_t_6x4""",trailer.scs_lowlow4e,trailer_def.scs.lowloader.single_4_ln.long,1,1,0
69261,_nameless.183.46cd.08d0,sanbuilders,birmingham,batisse_road,lemans,0,801,35,300,watertank,man_6x4_b,trailer.scs_flat_b,trailer_def.scs.flatbed.single_3.flatbed_w,2,1,0
69261,_nameless.183.46cc.f620,icaria,athens,larus,novo_mesto,1,1600,0,0,transmis,mercedes_4x2,trailer.profiliner17,trailer_def.krone.profiliner.single_3.curtain,33,1,0
69261,_nameless.183.46cc.f6f0,icaria,athens,transinet,debrecen,1,1514,0,0,med_equip,renault_magnum_6x4_a,trailer.scs_dry_ms,trailer_def.scs.box.single_3.dryvan_m,33,1,0
69261,_nameless.183.46cc.f070,nbfc,berlin,lkwlog,luxembourg,1,790,0,0,watertank,iveco_sway_4x2_500,trailer.profilinehd,trailer_def.krone.profilinerhd.single_3.flatbed,2,1,0
69261,_nameless.183.46cd.0320,nbfc,berlin,rt_log,salzburg,0,670,0,0,acetylene,mercedes_4x2_c,trailer.krone.boxliner20,trailer_def.krone.boxliner.single_3.container,40,1,0
69261,_nameless.183.46cc.fd70,nbfc,berlin,rock_eater,kragujevac,0,1341,0,0,motor_oil_c,scania_s2016_6x2_high_460,trailer.scs_gosck220,trailer_def.scs.gooseneck.singl_3e_220.container,30,1,0
69261,_nameless.183.46cd.0f50,sellplan,wien,tradeaux,olsztyn,1,818,0,0,used_plast_c,iveco_6x2_a,trailer.krone.boxliner220,trailer_def.krone.boxliner.single_3_220.container,30,1,0
69261,_nameless.183.46cd.11c0,sellplan,wien,polarislines,hirtshals,0,1447,0,0,empty_palet,mercedes_4x2_b,trailer.profiliner17,trailer_def.krone.profiliner.single_3.curtain,33,1,0
69261,_nameless.183.46cd.10f0,sellplan,wien,te_logistica,parma,2,787,0,0,used_packag,daf_xd,trailer.scs_dry_ms,trailer_def.scs.box.single_3.dryvan_m,33,1,0
69261,_nameless.183.46cd.1290,sellplan,wien,lkwlog,luxembourg,1,948,0,0,used_plast,iveco_sway_4x2_500,trailer.dryliner17,trailer_def.krone.dryliner.single_3.dryvan,33,1,0
69261,_nameless.183.46cd.1430,christopoulo,kalamata,exomar,taranto,1,711,570,745,largetubes,volvo_fh2012_6x2_500,trailer.scs_log,trailer_def.scs.log.single_3.steel,6,1,0
69261,_nameless.183.46cd.1360,christopoulo,kalamata,sanbuild_cem,thessaloniki,0,755,0,0,stone_dust,daf_4x2_b,trailer.scs_dumper,trailer_def.scs.dumper.single_3.steel,16,1,0
69261,_nameless.183.46cc.fbd0,christopoulo,kalamata,cargotras,sassari,2,1039,1410,1624,mtl_coil,daf_xg_4x2_450,trailer.scs_flat_b,trailer_def.scs.flatbed.single_3.flatbed_w,2,1,0
69261,_nameless.183.46cd.16a0,christopoulo,kalamata,lisette_log,ajaccio,0,1078,1620,1979,elect_wiring,scania_streamline_6x2_norm_440,trailer.scs_dry_a,trailer_def.scs.box.single_3.dryvan,33,1,0
69261,_nameless.183.46cc.e9f0,scs_paper,zenica,tradeaux,krakow,1,767,0,0,empty_barr,daf_4x2_a,trailer.scs_dry_s,trailer_def.scs.box.single_3.dryvan,33,1,0
69261,_nameless.183.46cc.ff10,scs_paper,zenica,subse,bitola,0,913,0,0,paper,scania_r_4x2_norm_360,trailer.dryliner17,trailer_def.krone.dryliner.single_3.dryvan,33,1,0
69261,_nameless.183.46cc.eb90,scs_paper,zenica,icaria,heraklion,0,1413,540,760,emptytank,man_tgx_2020,trailer.scs_flat_b,trailer_def.scs.flatbed.single_3.flatbed_w,1,1,0
69261,_nameless.183.46cc.f7c0,batisse_hs,montpellier,globeur,bourges,0,439,0,0,empty_spool,daf_xd_1,trailer.scs_lowbed_4,trailer_def.scs.lowbed.single_4_sh.short,3,1,0
69261,_nameless.183.46cc.ec60,log_atlan,bilbao,posped,birmingham,0,1524,35,300,brake_pads,scania_r_6x4_top_620,trailer.kasbhr_sbt,trailer_def.kassbohrer.sbt.single_3_13.dryvan,34,1,0
69261,_nameless.183.46cc.ed30,log_atlan,bilbao,lisette_log,paris,0,961,0,0,tyres,volvo_fh2012_6x2_500,trailer.scs_dry_a,trailer_def.scs.box.single_3.dryvan,33,1,0
69261,_nameless.183.46cc.ee00,log_atlan,bilbao,sellplan,geneve,0,1048,0,0,olive_oil_t,renault_premium_4x2_a,trailer.scs_fodt,trailer_def.scs.foodtank.single_3.paint,25,1,0
69261,_nameless.183.46cc.ffe0,log_atlan,bilbao,stokes,dijon,0,1066,0,0,cable_reel,"""heavy/renault_t_6x4""",trailer.kasbhr_sll,trailer_def.kassbohrer.sll.single_3_sh.low,1,1,0
69261,_nameless.183.46cd.3e70,transinet,kassel,drekkar,bergen,0,1319,195,1052,nylon_cord,iveco_4x2_a,trailer.scs_dry_s,trailer_def.scs.box.single_3.dryvan,30,1,0
69261,_nameless.183.46cd.3f40,transinet,kassel,rt_log,graz,2,782,0,0,train_part2,mercedes_4x2_a,trailer.scs_flat_b,trailer_def.scs.flatbed.single_3.flatbed_w,3,1,0
69261,_nameless.183.46cd.3720,transinet,kassel,nch,vilnius,0,1222,0,0,transformat,"""heavy/daf_xd""",trailer.scs_lowlowd4,trailer_def.scs.lowloader.single_4_sh.short,1,1,0
69261,_nameless.183.46cd.3170,lkwlog,lublin,norrsken,borlange,2,1057,510,1110,plast_film_c,daf_xf_euro6_4x2_a,trailer.krone.boxliner40,trailer_def.krone.boxliner.single_3_40.container,30,1,0
69261,_nameless.183.46cd.4690,lkwlog,lublin,renar,turku,2,1276,150,430,alu_ingot,man_tgx_euro6_6x4_xlx,trailer.profilinehd,trailer_def.krone.profilinerhd.single_3.flatbed,28,1,0
69261,_nameless.183.46cd.27b0,lkwlog,lublin,drekkar,uppsala,2,914,510,1110,onion,man_tgx_2020_6x2,trailer.scs_dry,trailer_def.scs.box.single_3.dryvan,33,1,0
69261,_nameless.183.46cd.3b30,lkwlog,lublin,renar,tallinn,0,996,0,0,lamb_stom,volvo_fh2024_4x2_420,trailer.scs_ins_s,trailer_def.scs.box.single_3.insulated,33,1,0
69261,_nameless.183.46cd.3c00,lkwlog,lublin,fallow,cluj_napoca,0,837,0,0,truck_batt,renault_t_6x2,trailer.dryliner17,trailer_def.krone.dryliner.single_3.dryvan,33,1,0
69261,_nameless.183.46cd.2880,lkwlog,lublin,villco,nis,1,1108,0,0,olives,mercedes_4x2,trailer.kasbhr_scs,trailer_def.kassbohrer.scs.single_3_13.curtain,34,1,0
69261,_nameless.183.46cd.4010,renar,tallinn,renar,kuusamo,0,829,150,430,truck_batt,man_4x2_c,trailer.scs_dry_a,trailer_def.scs.box.single_3.dryvan,33,1,0
69261,_nameless.183.46cd.45c0,renar,tallinn,renar,tornio,1,809,150,430,furniture,daf_xd25,trailer.scs_dry,trailer_def.scs.box.single_3.dryvan,33,1,0
69261,_nameless.183.46cd.2470,renar,tallinn,norrsken,karlskrona,0,586,570,1270,liver_paste,man_4x2_a,trailer.scs_ref_a,trailer_def.scs.box.single_3.reefer,33,1,0
69261,_nameless.183.46cd.2950,shuttle,murcia,renar,calvi,1,713,930,1182,used_plast_c,iveco_h_4x2_a,trailer.scs_gosck20,trailer_def.scs.gooseneck.singl_3e_20.container,15,1,0
69261,_nameless.183.46cd.4760,shuttle,murcia,lisette_log,larochelle,1,1276,0,0,beverages_t,man_tgx_euro6_4x2_xl,trailer.ffb_tsalm32,trailer_def.feldbinder.tsalm.single_3_32.32_3_2,27,1,0
69261,_nameless.183.46cd.5050,shuttle,murcia,app,zaragoza,1,566,0,0,bottle_water,man_tgx_2020,trailer.kasbhr_sbt,trailer_def.kassbohrer.sbt.single_3_13.dryvan,34,1,0
69261,_nameless.183.46cd.1df0,bjork,sundsvall,drekkar,linkoping,0,528,0,0,crawler,"""heavy/scania_r_6x4_top_730""",trailer.scs_lowlow4e,trailer_def.scs.lowloader.single_4_ln.long,1,1,0
69261,_nameless.183.46cd.40e0,bjork,sundsvall,renar,turku,2,467,300,680,jcb_th540180,scania_r2016_4x2_high_500,trailer.scs_lowlow4e,trailer_def.scs.lowloader.single_4_ln.long,1,1,0
69261,_nameless.183.46cd.3da0,bjork,sundsvall,renar,lahti,0,500,300,680,mulcher,"""heavy/volvo_fh2021_6x4_540""",trailer.scs_lowlowd2,trailer_def.scs.lowloader.single_2_sh.short,1,1,0
69261,_nameless.183.46cd.2540,bjork,sundsvall,cemelt_bas,kaunas,0,756,510,1110,wooden_beams,mercedes_4x2,trailer.scs_log,trailer_def.scs.log.single_3.steel,2,1,0
69261,_nameless.183.46cd.1ec0,bltmetal,liepaja,borealis,bodo,2,1186,510,1110,metal_pipes,daf_4x2_b,trailer.profilinehd,trailer_def.krone.profilinerhd.single_3.flatbed,1,1,0
69261,_nameless.183.46cd.2e30,bltmetal,liepaja,sanbuilders,salzburg,1,1486,0,0,re_bars,volvo_fh16_4x2_540,trailer.scs_flat_b,trailer_def.scs.flatbed.single_3.flatbed_w,2,1,0
69261,_nameless.183.46cd.2610,bltmetal,liepaja,renar,kristiansund,1,1075,550,1156,iron_pipes,mercedes_6x4_a,trailer.scs_log,trailer_def.scs.log.single_3.steel,28,1,0
69261,_nameless.183.46cd.23a0,te_logistica,cagliari,globeur,bordeaux,1,924,720,827,rooflights,daf_xd25,trailer.scs_dry_m,trailer_def.scs.box.single_3.dryvan_m,33,1,0
69261,_nameless.183.46cd.34b0,te_logistica,cagliari,wilnet_trans,limoges,2,873,720,827,post_packag,iveco_sway_4x2_580,trailer.kasbhr_sbt,trailer_def.kassbohrer.sbt.single_3_13.dryvan,34,1,0
69261,_nameless.183.46cd.2af0,te_logistica,cagliari,kaarfor,constanta,2,1372,1410,1624,dryers,iveco_4x2_a,trailer.scs_dry_s,trailer_def.scs.box.single_3.dryvan,33,1,0
69261,_nameless.183.46cd.41b0,te_logistica,cagliari,globeur,bourges,0,965,720,827,scooters,man_4x2_a,trailer.kasbhr_sbt,trailer_def.kassbohrer.sbt.single_3_13.dryvan,34,1,0
69261,_nameless.183.46cd.44f0,te_logistica,cagliari,log_atlan,sevilla,0,1218,720,827,lux_yacht,daf_xg_4x2_450,trailer.scs_lowlow4e,trailer_def.scs.lowloader.single_4_ln.long,1,1,0
69261,_nameless.183.46cd.26e0,posped,metz,eurogoodies,lublin,0,1269,0,0,pet_food,scania_streamline_4x2_norm_380,trailer.scs_dry_m,trailer_def.scs.box.single_3.dryvan_m,33,1,0
69261,_nameless.183.46cd.4aa0,posped,metz,norr_food,kalmar,0,1503,0,0,paper,iveco_sway_4x2_460,trailer.scs_curt_a,trailer_def.scs.box.single_3.curtain,33,1,0
69261,_nameless.183.46cd.4de0,posped,metz,trameri,plymouth,1,874,35,300,oil,iveco_sway_4x2_460,trailer.scs_fueltank,trailer_def.scs.fueltank.single_3.fueltank,28,1,0
69261,_nameless.183.46cd.4eb0,borealis,mikkeli,baltomors_ru,petersburg,2,537,0,0,ter_forklift,scania_r2016_4x2_norm_370,trailer.profilinehd,trailer_def.krone.profilinerhd.single_3.flatbed,2,1,0
69261,_nameless.183.46cd.4280,borealis,mikkeli,gnt,daugavpils,0,824,150,430,used_plast,volvo_fh2012_4x2_420,trailer.scs_dry,trailer_def.scs.box.single_3.dryvan,33,1,0
69261,_nameless.183.46cd.2d60,sanbuilders,salzburg,tradeaux,prague,0,395,0,0,driller,mercedes_4x2_b,trailer.scs_lowbed41,trailer_def.scs.lowbed.single_41_ln.long,1,1,0
69261,_nameless.183.46cd.37f0,sanbuilders,salzburg,lkwlog,dortmund,1,787,0,0,asph_miller,"""heavy/renault_6x4""",trailer.scs_lowlow4e,trailer_def.scs.lowloader.single_4_ln.long,1,1,0
69261,_nameless.183.46cd.4c40,globeur,lehavre,sanbuilders,nurnberg,1,883,0,0,glass,renault_premium_6x2_a,trailer.panel_trans.glass,trailer_def.glass.panel_trans.glass,90,1,0
69261,_nameless.183.46cd.2c90,globeur,lehavre,tras_med,genova,0,1212,0,0,salt_spices,daf_xf_euro6_4x2_c,trailer.dryliner17,trailer_def.krone.dryliner.single_3.dryvan,33,1,0
69261,_nameless.183.46cd.3240,globeur,lehavre,lkwlog,magdeburg,1,958,0,0,plums,man_tgx_euro6_4x2_xl,trailer.coolliner17,trailer_def.krone.coolliner.single_3.reefer,33,1,0
69261,_nameless.183.46cd.2bc0,globeur,lehavre,eurogoodies,liege,0,432,0,0,conc_juice_t,mercedes_6x4_a,trailer.scs_fodt,trailer_def.scs.foodtank.single_3.paint,21,1,0
69261,_nameless.183.46cd.4f80,globeur,lehavre,tradeaux,ajaccio,0,1112,840,1193,froz_octopi,iveco_sway_4x2_580,trailer.scs_ref,trailer_def.scs.box.single_3.reefer,33,1,0
69261,_nameless.183.46cd.2f00,globeur,lehavre,globeur,bayonne,0,991,0,0,glass_packed,volvo_fh16_6x4_700,trailer.gls_trailer,trailer_def.glass_packed.gls_trailer,100,1,0
69261,_nameless.183.46cd.2fd0,tesore_gust,roma,brawen,thessaloniki,0,799,570,745,chicken_meat,scania_r2016_4x2_high_500,trailer.scs_ref_s,trailer_def.scs.box.single_3.reefer,33,1,0
69261,_nameless.183.46cd.4350,tesore_gust,roma,eurogoodies,klagenfurt,2,869,0,0,soy_milk_t,man_tgx_2020_4x2,trailer.ffb_tsalm32,trailer_def.feldbinder.tsalm.single_3_32.32_3_2,26,1,0
69261,_nameless.183.46cd.4900,drekkar,uppsala,renar,honningsvag,0,1511,0,0,kr_vpv190xc,volvo_fh2024_4x2_780,trailer.scs_lowbed_3,trailer_def.scs.lowbed.single_3.short,1,1,0
69261,_nameless.183.46cd.30a0,drekkar,uppsala,sellplan,erfurt,1,1548,0,0,chicken_meat,daf_xf_euro6_6x2_a,trailer.scs_ins_a,trailer_def.scs.box.single_3.insulated,33,1,0
69261,_nameless.183.46cd.33e0,drekkar,uppsala,sal_fi,kuopio,0,531,540,1170,steel_cord,daf_xf_euro6_6x2_a,trailer.kasbhr_shg45,trailer_def.kassbohrer.scs.single_3_13.curtain,34,1,0
69261,_nameless.183.46cd.3580,drekkar,uppsala,transinet,sheffield,1,1185,1140,1314,chocolate,renault_t_4x2,trailer.scs_dry,trailer_def.scs.box.single_3.dryvan,30,1,0
69261,_nameless.183.46cd.3a60,drekkar,uppsala,tradeaux,olsztyn,0,668,510,1110,truck_rims_c,volvo_fh2021_4x2_750,trailer.scs_gosck20,trailer_def.scs.gooseneck.singl_3e_20.container,15,1,0
69261,_nameless.183.46cd.49d0,eolo_lines,lile_rousse,rt_log,bern,0,778,840,1193,transmis,mercedes_4x2_a,trailer.scs_curt,trailer_def.scs.box.single_3.curtain,33,1,0
69261,_nameless.183.46cd.4420,eolo_lines,lile_rousse,stokes,calais,0,1240,840,1193,pot_flowers,renault_t_4x2h,trailer.scs_ins_a,trailer_def.scs.box.single_3.insulated,33,1,0
69261,_nameless.183.46cd.3650,eolo_lines,lile_rousse,stokes,plymouth,1,1592,875,1493,can_sardines,man_tgx_2020_4x2,trailer.scs_dry_a,trailer_def.scs.box.single_3.dryvan,33,1,0
69261,_nameless.183.46cd.1f90,renar,lillehammer,lkwlog,magdeburg,1,1273,105,404,re_bars,renault_magnum_6x2_a,trailer.profilinehd,trailer_def.krone.profilinerhd.single_3.flatbed,2,1,0
69261,_nameless.183.46cd.2060,renar,lillehammer,norr_food,trondheim,0,387,0,0,maple_syrup,renault_premium_6x4_a,trailer.scs_dry_m,trailer_def.scs.box.single_3.dryvan_m,33,1,0
69261,_nameless.183.46cd.2130,renar,lillehammer,drekkar,uppsala,0,502,0,0,aircond,daf_xd25,trailer.scs_lowbed_4,trailer_def.scs.lowbed.single_4_sh.short,4,1,0
69261,_nameless.183.46cd.2200,renar,lillehammer,nordic_ports,ornskoldsvik,0,641,0,0,oil_filt_c,scania_r_4x2_top_480,trailer.krone.boxliner20,trailer_def.krone.boxliner.single_3.container,15,1,0
69261,_nameless.183.46cd.81e0,nucleon,kozloduy,icaria,kavala,0,551,0,0,volvo_bucket,daf_4x2_b,trailer.scs_lowlow4e,trailer_def.scs.lowloader.single_4_ln.long,1,1,0
69261,_nameless.183.46cd.5ef0,nucleon,kozloduy,villco_mkt,ioannina,0,802,0,0,large_cont,scania_r_4x2_top_480,trailer.scs_flat_b,trailer_def.scs.flatbed.single_3.flatbed_w,33,1,0
69261,_nameless.183.46cd.6160,nucleon,kozloduy,tras_med,catania,0,1406,590,1092,scaffoldings,renault_magnum_4x2_a,trailer.kasbhr_sbt,trailer_def.kassbohrer.sbt.single_3_13.dryvan,33,1,0
69261,_nameless.183.46cd.7270,syschema,tuzla,sporklift,plovdiv,1,756,0,0,acetylene,daf_xf_euro6_6x4_c,trailer.kasbhr_shg40,trailer_def.kassbohrer.shg.singl_3e_40.container,80,1,0
69261,_nameless.183.46cd.6b20,syschema,tuzla,balkan_loco,craiova,0,604,0,0,pesticide,daf_6x2_a,trailer.krone.boxliner20,trailer_def.krone.boxliner.single_3.container,40,1,0
69261,_nameless.183.46cd.57a0,syschema,tuzla,itcc,dusseldorf,0,1458,0,0,neon,volvo_fh16_4x2_540,trailer.scs_gosck220,trailer_def.scs.gooseneck.singl_3e_220.container,80,1,0
69261,_nameless.183.46cd.7680,rt_log,nurnberg,nch,vilnius,1,1286,0,0,car_ibe,volvo_fh2012_6x2_500,trailer.car_trans,trailer_def.car_ibe.car_trans,100,1,0
69261,_nameless.183.46cd.74e0,rt_log,nurnberg,polarislines,nynashamn,2,1423,105,404,empty_barr,renault_t_4x2,trailer.scs_curt_a,trailer_def.scs.box.single_3.curtain,33,1,0
69261,_nameless.183.46cd.7f70,rt_log,nurnberg,renar,oslo,0,1403,105,404,used_packag,daf_xf_euro6_4x2_b,trailer.scs_dry_a,trailer_def.scs.box.single_3.dryvan,33,1,0
69261,_nameless.183.46cd.8450,rt_log,nurnberg,tradeaux,felixstowe,2,1044,35,300,salm_fillet,scania_r_4x2_top_480,trailer.scs_ref,trailer_def.scs.box.single_3.reefer,33,1,0
69261,_nameless.183.46cd.8520,nord_sten,ostersund,mjolnir_min,tornio,2,729,0,0,ore,volvo_fh2012_6x2_500,trailer.scs_dumper,trailer_def.scs.dumper.single_3.steel,14,1,0
69261,_nameless.183.46cd.75b0,nord_sten,ostersund,nch_ru,petersburg,0,986,570,1270,empty_spool,daf_xf_euro6_4x2_c,trailer.profilinehd,trailer_def.krone.profilinerhd.single_3.flatbed,4,1,0
69261,_nameless.183.46cd.7d00,rt_log,zurich,balkan_loco,sarajevo,1,1372,0,0,comp_process,scania_r2016_4x2_norm_370,trailer.scs_curt_a,trailer_def.scs.box.single_3.curtain,33,1,0
69261,_nameless.183.46cd.79c0,rt_log,zurich,posped,warszawa,0,1248,0,0,roller,daf_4x2_a,trailer.scs_lowlow2e,trailer_def.scs.lowloader.single_2_ln.long,1,1,0
69261,_nameless.183.46cd.82b0,rt_log,zurich,slava,mostar,0,1471,0,0,cars_fr,man_6x4_b,trailer.car_trans,trailer_def.cars_fr.car_trans,100,1,0
69261,_nameless.183.46cd.7ea0,rt_log,zurich,posped,bystrica,1,1029,0,0,tractor_au,daf_xf_euro6_6x2_a,trailer.kasbhr_sll,trailer_def.kassbohrer.sll.single_3_sh.low,1,1,0
69261,_nameless.183.46cd.8110,onnelik_a,parnu,rosmark_ru,vyborg,1,578,0,0,kr_stc1370,renault_magnum_6x2_a,trailer.kasbhr_slle,trailer_def.kassbohrer.sll.single_3_ln.low,1,1,0
69261,_nameless.183.46cd.52c0,onnelik_a,parnu,norrsken,falun,0,414,570,1270,beef_meat,scania_streamline_6x2_norm_440,trailer.scs_ref_s,trailer_def.scs.box.single_3.reefer,33,1,0
69261,_nameless.183.46cd.6f30,onnelik_a,parnu,blt,kaunas,0,449,0,0,cott_cheese,man_tgx_euro6_6x4_xlx,trailer.scs_ins_a,trailer_def.scs.box.single_3.insulated,33,1,0
69261,_nameless.183.46cd.5bb0,eurogoodies,lublin,rt_log,salzburg,1,915,0,0,pork_meat,renault_magnum_6x2_a,trailer.scs_ref_a,trailer_def.scs.box.single_3.reefer,33,1,0
69261,_nameless.183.46cd.7b60,marina,bari,lisette_log,ajaccio,0,486,1050,1234,lux_yacht,volvo_fh2012_6x2_500,trailer.scs_lowlow4e,trailer_def.scs.lowloader.single_4_ln.long,1,1,0
69261,_nameless.183.46cd.8040,agronord,goteborg,norse_rail,ostersund,2,772,0,0,apples_c,iveco_sway_4x2_580,trailer.scs_gosck220,trailer_def.scs.gooseneck.singl_3e_220.container,30,1,0
69261,_nameless.183.46cd.51f0,agronord,goteborg,transinet,sheffield,0,925,1140,1314,cut_flowers,daf_xd_2,trailer.scs_ref,trailer_def.scs.box.single_3.reefer,33,1,0
69261,_nameless.183.46cd.5390,marina,taranto,wilnet_trans,porto_vecchi,0,681,1050,1234,large_cont,renault_magnum_4x2_a,trailer.scs_flat_b,trailer_def.scs.flatbed.single_3.flatbed_w,33,1,0
69261,_nameless.183.46cd.7c30,norse_rail,narvik,ukko,olkiluoto,0,1130,0,0,asph_miller,"""heavy/man_tgx_2020_8x4""",trailer.scs_lowlow4e,trailer_def.scs.lowloader.single_4_ln.long,1,1,0
69261,_nameless.183.46cd.63d0,norse_rail,narvik,nch,riga,0,1583,150,430,forklifts,scania_r_4x2_top_480,trailer.scs_lowbed_3,trailer_def.scs.lowbed.single_3.short,4,1,0
69261,_nameless.183.46cd.7750,norse_rail,narvik,renor,karesuando,0,350,0,0,empty_spool,daf_6x2_a,trailer.profilinehd,trailer_def.krone.profilinerhd.single_3.flatbed,4,1,0
69261,_nameless.183.46cd.7dd0,quarry,katowice,lkwlog,dortmund,1,992,0,0,mob_screener,"""heavy/scania_r_6x4_top_730""",trailer.scs_lowbed41,trailer_def.scs.lowbed.single_41_ln.long,1,1,0
69261,_nameless.183.46cd.5460,quarry,katowice,balkan_loco,maribor,2,659,0,0,stones,renault_premium_4x2_a,trailer.scs_dumper,trailer_def.scs.dumper.single_3.steel,11,1,0
69261,_nameless.183.46cd.5530,quarry,katowice,baltomorsk,klaipeda,2,865,0,0,vol_ew240emh,"""heavy/volvo_fh2012_8x4_700""",trailer.scs_lowbed_4,trailer_def.scs.lowbed.single_4_sh.short,1,1,0
69261,_nameless.183.46cd.56d0,aaa,taranto,fallow,patras,2,403,570,745,vans_vt,mercedes_4x2,trailer.truck_trans,trailer_def.vans_vt.truck_trans,100,1,0
69261,_nameless.183.46cd.5600,aaa,taranto,rt_log,bern,0,1298,0,0,car_it,volvo_fh16_4x2_540,trailer.car_trans,trailer_def.car_it.car_trans,100,1,0
69261,_nameless.183.46cd.6710,sal_fi,helsinki,gnt,uppsala,2,314,540,1170,volvo_cars,man_4x2_a,trailer.car_trans,trailer_def.volvo_cars.car_trans,100,1,0
69261,_nameless.183.46cd.64a0,sal_fi,helsinki,norrsken,alta,2,1415,0,0,wood_chipper,"""heavy/scania_s2016_6x4_high_730""",trailer.kasbhr_slle,trailer_def.kassbohrer.sll.single_3_ln.low,1,1,0
69261,_nameless.183.46cd.6d90,sal_fi,helsinki,lintukainen,lappeenranta,1,314,0,0,volvo_bucket,man_tgx_euro6_4x2_xxl,trailer.scs_lowbed41,trailer_def.scs.lowbed.single_41_ln.long,1,1,0
69261,_nameless.183.46cd.5fc0,sal_fi,helsinki,renar,kuusamo,0,720,0,0,backfl_prev,mercedes_6x4_a,trailer.scs_curt_s,trailer_def.scs.box.single_3.curtain,33,1,0
69261,_nameless.183.46cd.5870,sal_fi,helsinki,agrominta,utena,0,658,150,430,sawpanels,scania_r2016_4x2_norm_370,trailer.scs_curt,trailer_def.scs.box.single_3.curtain,33,1,0
69261,_nameless.183.46cd.5a10,vitas_pwr,jyvaskyla,sal_fi,pori,0,259,0,0,windml_tube,iveco_6x2_a,trailer.scs_lowbed_3,trailer_def.scs.lowbed.single_3.short,1,1,0
69261,_nameless.183.46cd.5ae0,vitas_pwr,jyvaskyla,gnt,alesund,1,1160,365,762,empty_spool,renault_t_4x2h,trailer.scs_lowbed41,trailer_def.scs.lowbed.single_41_ln.long,4,1,0
69261,_nameless.183.46cd.6570,vitas_pwr,jyvaskyla,norrsken,borlange,2,553,540,1170,empty_palet,volvo_fh2012_6x2_500,trailer.scs_dry_m,trailer_def.scs.box.single_3.dryvan_m,33,1,0
69261,_nameless.183.46cd.5c80,bhv,bordeaux,rt_log,madrid,0,786,0,0,pickup_gr,scania_streamline_4x2_norm_380,trailer.truck_trans,trailer_def.pickup_gr.truck_trans,100,1,0
69261,_nameless.183.46cd.5e20,posped,lublin,lognstick,hunedoara,0,938,0,0,caravans,man_tgx_2020,trailer.truck_trans,trailer_def.caravans.truck_trans,100,1,0
69261,_nameless.183.46cd.6640,posped,lublin,aerobalt,helsinki,0,1147,150,430,med_vaccine,daf_xf_euro6_6x4_c,trailer.scs_ins_s,trailer_def.scs.box.single_3.insulated,33,1,0
69261,_nameless.183.46cd.67e0,lisette_log,rennes,euroacres,bern,0,959,0,0,tractor,volvo_fh2012_4x2_750,trailer.scs_lowbed_3,trailer_def.scs.lowbed.single_3.short,1,1,0
69261,_nameless.183.46cd.68b0,lisette_log,rennes,lkwlog,dover,0,615,35,300,tractor_au,daf_xg_4x2_450,trailer.kasbhr_sla,trailer_def.kassbohrer.sla.single_3_sh.lowbed,1,1,0
69261,_nameless.183.46cd.6980,lisette_log,rennes,posped,linz,2,1421,0,0,watertank,scania_r_4x2_top_480,trailer.scs_lowlowd4,trailer_def.scs.lowloader.single_4_sh.short,1,1,0
69261,_nameless.183.46cd.78f0,lisette_log,rennes,app,coimbra,0,1573,0,0,corks,volvo_fh2012_6x2_500,trailer.dryliner17,trailer_def.krone.dryliner.single_3.dryvan,33,1,0
69261,_nameless.183.46cd.6a50,cortica,porto,euroacres,swansea,0,1038,1076,1172,lumber,scania_r_4x2_top_480,trailer.scs_flat_b,trailer_def.scs.flatbed.single_3.flatbed_w,3,1,0
69261,_nameless.183.46cd.7820,cortica,porto,globeur,bourges,1,1415,0,0,wood_chipper,"""heavy/mercedes_6x4""",trailer.scs_lowlow4e,trailer_def.scs.lowloader.single_4_ln.long,1,1,0
69261,_nameless.183.46cd.6cc0,cortica,porto,mvm_carriere,porto_vecchi,0,1247,930,1182,lumber_p,renault_magnum_6x4_a,trailer.profilinehd,trailer_def.krone.profilinerhd.single_3.flatbed,6,1,0
69261,_nameless.183.46cd.6e60,cortica,porto,dans_jardin,bourges,0,1459,0,0,wooden_beams,scania_r2016_6x2_high_460,trailer.scs_log,trailer_def.scs.log.single_3.steel,2,1,0
69261,_nameless.183.46cd.7000,norr_food,trondheim,gnt,helsingborg,0,1049,0,0,used_packag,scania_s2016_4x2_high_590,trailer.kasbhr_shg45,trailer_def.kassbohrer.scs.single_3_13.curtain,34,1,0
69261,_nameless.183.46cd.70d0,norr_food,trondheim,polar_fish,umea,0,633,0,0,empty_palet,renault_premium_4x2_c,trailer.scs_dry,trailer_def.scs.box.single_3.dryvan,33,1,0
69261,_nameless.183.46cd.7340,acc,sevilla,wilnet_trans,limoges,2,1395,0,0,perfor_frks,mercedes_4x2_b,trailer.scs_dry_s,trailer_def.scs.box.single_3.dryvan,33,1,0
69261,_nameless.183.46cd.85f0,acc,sevilla,app,gijon,2,905,0,0,hipresstank,man_tgx_2020_6x2,trailer.profilinehd,trailer_def.krone.profilinerhd.single_3.flatbed,8,1,0
69261,_nameless.183.46cd.a4d0,acc,sevilla,renar,calvi,2,1043,930,1182,iron_pipes,daf_xg_4x2_450,trailer.scs_log,trailer_def.scs.log.single_3.steel,28,1,0
69261,_nameless.183.46cd.8c70,rosmark,riga,renar,tampere,2,562,150,430,truck_batt,daf_xf_euro6_4x2_c,trailer.kasbhr_sbt,trailer_def.kassbohrer.sbt.single_3_13.dryvan,34,1,0
69261,_nameless.183.46cd.86c0,rosmark,riga,rt_log,rostock,0,1166,0,0,emptytank,iveco_4x2_a,trailer.profilinehd,trailer_def.krone.profilinerhd.single_3.flatbed,1,1,0
69261,_nameless.183.46cd.8790,rosmark,riga,dfh,nurnberg,2,1451,0,0,square_baler,iveco_sway_4x2_580,trailer.scs_lowbed_4,trailer_def.scs.lowbed.single_4_sh.short,1,1,0
69261,_nameless.183.46cd.8ee0,rosmark,riga,blt,utena,1,289,0,0,fuel_oil,iveco_sway_4x2_580,trailer.willig.fuel_cistern,trailer_def.scs.fueltank.single_3.fueltank,27,1,0
69261,_nameless.183.46cd.9560,rosmark,riga,stokes,wien,0,1321,0,0,soy_milk_t,mercedes_4x2_c,trailer.ffb_tsalm32,trailer_def.feldbinder.tsalm.single_3_32.32_3_2,23,1,0
69261,_nameless.183.46cd.b2a0,nos_pat,lleida,euroacres,torino,1,1150,0,0,kr_stc1370,scania_s2016_4x2_high_590,trailer.scs_lowlow4e,trailer_def.scs.lowloader.single_4_ln.long,1,1,0
69261,_nameless.183.46cd.92f0,nos_pat,lleida,tras_med,roma,0,1560,0,0,tractor_au,daf_6x2_a,trailer.scs_lowbed41,trailer_def.scs.lowbed.single_41_ln.long,1,1,0
69261,_nameless.183.46cd.b780,nos_pat,lleida,casa_olivera,cordoba,1,848,0,0,fert_spread,iveco_4x2_a,trailer.scs_lowlow4e,trailer_def.scs.lowloader.single_4_ln.long,1,1,0
69261,_nameless.183.46cd.b370,huerta,valencia,log_atlan,bilbao,0,694,0,0,cott_harvest,"""heavy/renault_t_6x4""",trailer.scs_lowlow4e,trailer_def.scs.lowloader.single_4_ln.long,1,1,0
69261,_nameless.183.46cd.a400,huerta,valencia,lavish_food,badajoz,0,711,0,0,rice,scania_streamline_4x2_top_560,trailer.scs_dry,trailer_def.scs.box.single_3.dryvan,33,1,0
69261,_nameless.183.46cd.9ff0,huerta,valencia,exomar,guarda,0,872,0,0,square_baler,volvo_fh16_4x2_540,trailer.scs_lowlow2e,trailer_def.scs.lowloader.single_2_ln.long,1,1,0
69261,_nameless.183.46cd.9b10,huerta,valencia,exomar,guarda,2,872,0,0,grapes,mercedes_actros_2014_4x2_c,trailer.scs_ref,trailer_def.scs.box.single_3.reefer,33,1,0
69261,_nameless.183.46cd.9150,steinbr_str,munchen,adrica,split,0,913,0,0,mob_crusher,"""heavy/mercedes_6x4""",trailer.scs_lowbed41,trailer_def.scs.lowbed.single_41_ln.long,1,1,0
69261,_nameless.183.46cd.9490,steinbr_str,munchen,eolo_lines,cagliari,0,1154,840,879,silica,iveco_sway_4x2_460,trailer.scs_curt_a,trailer_def.scs.box.single_3.curtain,33,1,0
69261,_nameless.183.46cd.9f20,steinbr_str,munchen,sanbuild_cem,dortmund,2,668,0,0,ore,scania_s2016_4x2_high_590,trailer.scs_dumper,trailer_def.scs.dumper.single_3.steel,12,1,0
69261,_nameless.183.46cd.8ad0,ccg_hal,zadar,balkan_loco,edirne,1,1524,0,0,volvo_a25g,"""heavy/mercedes_6x4""",trailer.kasbhr_slle,trailer_def.kassbohrer.sll.single_3_ln.low,1,1,0
69261,_nameless.183.46cd.b440,ccg_hal,zadar,balkan_loco,skopje,0,1203,0,0,mob_stacker,"""heavy/daf_xd""",trailer.kasbhr_slle,trailer_def.kassbohrer.sll.single_3_ln.low,1,1,0
69261,_nameless.183.46cd.9700,ccg_hal,zadar,rt_log,nurnberg,0,999,0,0,jcb_dmp6t2,"""heavy/man_tgx_euro6_8x4_xlx""",trailer.scs_lowbed_3,trailer_def.scs.lowbed.single_3.short,1,1,0
69261,_nameless.183.46cd.b510,syllurgy,banja_luka,transinet,munchen,1,758,0,0,precast_strs,renault_premium_6x4_a,trailer.scs_dry_ms,trailer_def.scs.box.single_3.dryvan_m,32,1,0
69261,_nameless.183.46cd.b5e0,syllurgy,banja_luka,sanbuild_hms,beograd,0,453,0,0,crawler,"""heavy/scania_r2016_8x4_high_730""",trailer.scs_lowlow4e,trailer_def.scs.lowloader.single_4_ln.long,1,1,0
69261,_nameless.183.46cd.9630,syllurgy,banja_luka,domdepo,bucuresti,2,1004,0,0,floorpanels,scania_r_6x4_top_620,trailer.panel_trans.floor,trailer_def.floorpanels.panel_trans.floor,82,1,0
69261,_nameless.183.46cd.8860,syllurgy,banja_luka,exomar,bologna,0,930,0,0,iron_pipes,man_tgx_2020,trailer.scs_log,trailer_def.scs.log.single_3.steel,28,1,0
69261,_nameless.183.46cd.97d0,eurogoodies,split,eolo_lines,sangiovanni,0,910,600,315,bottle_water,renault_premium_4x2_c,trailer.scs_dry_a,trailer_def.scs.box.single_3.dryvan,30,1,0
69261,_nameless.183.46cd.98a0,eurogoodies,split,icaria,mitilini,1,1120,730,1440,pet_food_c,iveco_6x2_a,trailer.krone.boxliner220,trailer_def.krone.boxliner.single_3_220.container,30,1,0
69261,_nameless.183.46cd.a0c0,eurogoodies,split,exomar,roma,0,338,600,315,goat_cheese,daf_xf_euro6_4x2_b,trailer.scs_ins_s,trailer_def.scs.box.single_3.insulated,33,1,0
69261,_nameless.183.46cd.b850,metallis,narvik,nordic_ports,bodo,0,370,30,45,jcb_wload457,scania_streamline_6x4_top_480,trailer.scs_lowbed_3,trailer_def.scs.lowbed.single_3.short,1,1,0
69261,_nameless.183.46cd.a260,metallis,narvik,renar,vasteraas,2,1255,0,0,digger1000,volvo_fh2021_4x2_420,trailer.scs_lowbed41,trailer_def.scs.lowbed.single_41_ln.long,1,1,0
69261,_nameless.183.46cd.9970,metallis,narvik,bltmetal,tallinn,1,1351,150,430,large_cont,renault_t_4x2,trailer.scs_flat_b,trailer_def.scs.flatbed.single_3.flatbed_w,33,1,0
69261,_nameless.183.46cd.8d40,ika_bohag,firenze,lkwlog,szeged,0,1106,0,0,used_packag,scania_streamline_4x2_top_560,trailer.scs_curt_a,trailer_def.scs.box.single_3.curtain,33,1,0
69261,_nameless.183.46cd.adc0,ika_bohag,firenze,trans_cab,barcelona,1,1086,0,0,empty_palet,man_4x2_a,trailer.scs_curt_a,trailer_def.scs.box.single_3.curtain,33,1,0
69261,_nameless.183.46cd.b6b0,ika_bohag,firenze,posped,katowice,1,1157,0,0,pot_flowers,man_4x2_a,trailer.scs_ref,trailer_def.scs.box.single_3.reefer,33,1,0
69261,_nameless.183.46cd.8a00,lisette_log,paris,tree_et,manchester,0,731,35,300,jcb_ft4220,iveco_4x2_b,trailer.scs_lowbed_4,trailer_def.scs.lowbed.single_4_sh.short,1,1,0
69261,_nameless.183.46cd.8fb0,lisette_log,paris,euroacres,bremen,0,769,0,0,ter_forklift,daf_xd,trailer.profilinehd,trailer_def.krone.profilinerhd.single_3.flatbed,2,1,0
69261,_nameless.183.46cd.a670,eurogoodies,innsbruck,fallow,cluj_napoca,0,1346,0,0,can_sardines,volvo_fh16_6x4_700,trailer.dryliner17,trailer_def.krone.dryliner.single_3.dryvan,33,1,0
69261,_nameless.183.46cd.9a40,eurogoodies,innsbruck,villco_mkt,novi_sad,0,986,0,0,beverages,scania_r2016_4x2_norm_370,trailer.scs_ref,trailer_def.scs.box.single_3.reefer,30,1,0
69261,_nameless.183.46cd.ac20,eurogoodies,innsbruck,fallow,zagreb,0,631,0,0,basil,iveco_4x2_a,trailer.dryliner17,trailer_def.krone.dryliner.single_3.dryvan,33,1,0
69261,_nameless.183.46cd.8930,eurogoodies,innsbruck,nord_crown,aarhus,0,1241,0,0,gnocchi,volvo_fh2012_4x2_420,trailer.scs_ref_a,trailer_def.scs.box.single_3.reefer,33,1,0
69261,_nameless.183.46cd.ae90,eurogoodies,innsbruck,cont_port,rijeka,1,648,0,0,salt_spice_c,volvo_fh16_4x2_540,trailer.scs_gosck40,trailer_def.scs.gooseneck.singl_3e_40.container,30,1,0
69261,_nameless.183.46cd.9220,lkwlog,luxembourg,aci,bologna,0,936,0,0,air_mails,man_tgx_2020_6x2,trailer.scs_curt_a,trailer_def.scs.box.single_3.curtain,33,1,0
69261,_nameless.183.46cd.a5a0,lkwlog,luxembourg,globeur,rennes,0,729,0,0,volvo_sd160b,scania_s2016_6x4_high_730,trailer.kasbhr_sll,trailer_def.kassbohrer.sll.single_3_sh.low,1,1,0
69261,_nameless.183.46cd.9be0,lkwlog,luxembourg,brawen,novi_sad,1,1456,0,0,steel_cord,scania_streamline_6x4_top_480,trailer.kasbhr_scs,trailer_def.kassbohrer.scs.single_3_13.curtain,34,1,0
69261,_nameless.183.46cd.9d80,lkwlog,luxembourg,dunavia,osijek,1,1397,0,0,tyres,daf_xf_euro6_6x2_a,trailer.scs_dry_a,trailer_def.scs.box.single_3.dryvan,33,1,0
69261,_nameless.183.46cd.9e50,norr_food,linkoping,tradeaux,prague,0,1201,105,404,used_plast,daf_xd25,trailer.scs_curt,trailer_def.scs.box.single_3.curtain,33,1,0
69261,_nameless.183.46cd.a740,tesore_gust,parma,log_atlan,bilbao,0,1407,0,0,ketchup,scania_r_4x2_top_480,trailer.scs_dry_s,trailer_def.scs.box.single_3.dryvan,33,1,0
69261,_nameless.183.46cd.a810,tesore_gust,parma,brawen,ljubljana,0,623,0,0,beef_meat,scania_r_4x2_top_480,trailer.scs_ref_s,trailer_def.scs.box.single_3.reefer,33,1,0
69261,_nameless.183.46cd.aa80,pp_chimica,bologna,rt_log,hamburg,2,1312,0,0,potahydro,volvo_fh2021_6x2_540,trailer.ffb_tsaadr22,trailer_def.feldbinder.tsaadr.single_3_22a.22_3_1,73,1,0
69261,_nameless.183.46cd.ab50,renar,lahti,renar,turku,2,257,0,0,diesel_gen,renault_t_4x2h,trailer.scs_dry_m,trailer_def.scs.box.single_3.dryvan_m,33,1,0
69261,_nameless.183.46cd.acf0,renar,lahti,drekkar,vaxjo,0,791,540,1170,almond,renault_magnum_4x2_a,trailer.kasbhr_scs,trailer_def.kassbohrer.scs.single_3_13.curtain,34,1,0
69261,_nameless.183.46cd.af60,renar,lahti,norrsken,orebro,0,518,540,1170,hvac,man_4x2_a,trailer.kasbhr_sla,trailer_def.kassbohrer.sla.single_3_sh.lowbed,3,1,0
69261,_nameless.183.46cd.b030,renar,lahti,dfh,hamburg,0,1485,540,1170,rice_c,mercedes_actros_2014_4x2_b,trailer.krone.boxliner220,trailer_def.krone.boxliner.single_3_220.container,30,1,0
69261,_nameless.183.46cd.b100,trameri,plymouth,log_atlan,leon,0,393,1076,1172,roofing_felt,renault_premium_4x2_a,trailer.kasbhr_scs,trailer_def.kassbohrer.scs.single_3_13.curtain,34,1,0
69261,_nameless.183.46cd.eb80,nordic_ports,bodo,drekkar,linkoping,0,1221,0,0,plast_film_c,volvo_fh2012_4x2_420,trailer.scs_gosck40,trailer_def.scs.gooseneck.singl_3e_40.container,30,1,0
69261,_nameless.183.46cd.cf10,nordic_ports,bodo,renar,lulea,0,544,0,0,precast_strs,man_tgx_euro6_4x2_xl,trailer.scs_dry,trailer_def.scs.box.single_3.dryvan,33,1,0
69261,_nameless.183.46cd.c550,nordic_ports,bodo,aerobalt,turku,2,924,300,680,apples_c,volvo_fh2012_4x2_750,trailer.krone.boxliner40,trailer_def.krone.boxliner.single_3_40.container,30,1,0
69261,_nameless.183.46cd.e290,nordic_ports,bodo,byggpro,falun,2,927,0,0,logs,daf_4x2_b,trailer.scs_log,trailer_def.scs.log.single_3.steel,32,1,0
69261,_nameless.183.46cd.d320,renor,gavle,radus,tampere,0,403,540,1170,scrap_metals,daf_xgp25_4x2_530,trailer.scs_dumper,trailer_def.scs.dumper.single_3.steel,10,1,0
69261,_nameless.183.46cd.c210,renor,gavle,vainamoi_bas,jyvaskyla,0,587,300,680,gravel,volvo_fh2024_4x2_420,trailer.scs_dumper,trailer_def.scs.dumper.single_3.steel,16,1,0
69261,_nameless.183.46cd.bed0,ocean_sol,kiel,nch,tallinn,0,1297,570,1270,empty_palet,volvo_fh16_4x2_420,trailer.scs_curt,trailer_def.scs.box.single_3.curtain,33,1,0
69261,_nameless.183.46cd.e770,ocean_sol,kiel,dunavia,novi_sad,1,1490,0,0,scrap_metals,scania_r2016_4x2_high_500,trailer.scs_dumper,trailer_def.scs.dumper.single_3.steel,8,1,0
69261,_nameless.183.46cd.eab0,ocean_sol,kiel,balkan_loco,maribor,2,1185,0,0,cable_reel,"""heavy/iveco_6x4""",trailer.kasbhr_sll,trailer_def.kassbohrer.sll.single_3_sh.low,1,1,0
69261,_nameless.183.46cd.dc10,kivi,utena,renar,lillehammer,0,957,510,1110,jcb_pw125qe,mercedes_actros_2014_4x2_b,trailer.scs_flat_b,trailer_def.scs.flatbed.single_3.flatbed_w,24,1,0
69261,_nameless.183.46cd.cb00,huerta,beja,exomar,burgos,0,870,0,0,watermelons,"""double/renault_premium_4x2_a""",trailer.scs_ins_b2,trailer_def.scs.box.bdouble_3_3.insulated,52,1,0
69261,_nameless.183.46cd.c070,huerta,beja,dans_jardin,porto_vecchi,1,1360,930,1182,ffb_kip60,daf_4x2_a,trailer.ffb_kip60,trailer_def.ffb_kip60.ffb_kip60,100,1,0
69261,_nameless.183.46cd.d730,huerta,beja,lavish_food,a_coruna,2,732,0,0,plums,mercedes_4x2_b,trailer.coolliner17,trailer_def.krone.coolliner.single_3.reefer,33,1,0
69261,_nameless.183.46cd.c620,huerta,beja,log_atlan,albacete,0,792,0,0,square_baler,scania_r_4x2_top_480,trailer.kasbhr_sla,trailer_def.kassbohrer.sla.single_3_sh.lowbed,1,1,0
69261,_nameless.183.46cd.d3f0,eolo_lines,marseille,rt_log,koln,1,1007,0,0,metal_cans,iveco_sway_4x2_500,trailer.kasbhr_sbt,trailer_def.kassbohrer.sbt.single_3_13.dryvan,34,1,0
69261,_nameless.183.46cd.d590,eolo_lines,marseille,eurogoodies,koln,0,1006,0,0,coconut_oil,scania_r2016_6x2_high_460,trailer.profiliner17,trailer_def.krone.profiliner.single_3.curtain,33,1,0
69261,_nameless.183.46cd.cca0,bcp,verona,transinet,kassel,0,900,0,0,scrap_metals,volvo_fh2021_6x2_540,trailer.scs_dumper,trailer_def.scs.dumper.single_3.steel,8,1,0
69261,_nameless.183.46cd.e6a0,bcp,verona,transinet,kassel,0,900,0,0,car_it,man_6x4_b,trailer.car_trans,trailer_def.car_it.car_trans,100,1,0
69261,_nameless.183.46cd.e500,ts_atlas,porto,rt_log,madrid,1,638,0,0,arsenic,scania_s2016_6x2_high_460,trailer.scs_gosck220,trailer_def.scs.gooseneck.singl_3e_220.container,80,1,0
69261,_nameless.183.46cd.e910,ts_atlas,porto,acc,madrid,0,628,0,0,magnesium,volvo_fh2012_4x2_420,trailer.krone.boxliner220,trailer_def.krone.boxliner.single_3_220.container,80,1,0
69261,_nameless.183.46cd.d4c0,ts_atlas,porto,ts_atlas,gijon,0,528,0,0,neon,daf_xf_euro6_4x2_c,trailer.scs_gosck40,trailer_def.scs.gooseneck.singl_3e_40.container,80,1,0
69261,_nameless.183.46cd.da70,ts_atlas,porto,acc,santander,2,730,0,0,motor_oil_c,volvo_fh2021_4x2_420,trailer.krone.boxliner220,trailer_def.krone.boxliner.single_3_220.container,30,1,0
69261,_nameless.183.46cd.d660,ts_atlas,porto,rt_log,sevilla,0,813,0,0,salt_spice_c,daf_xd25,trailer.kasbhr_shg40,trailer_def.kassbohrer.shg.singl_3e_40.container,30,1,0
69261,_nameless.183.46cd.c2e0,cont_port,rijeka,bcp,stuttgart,0,777,0,0,carbn_pwdr_c,daf_xf_euro6_4x2_c,trailer.krone.boxliner40,trailer_def.krone.boxliner.single_3_40.container,30,1,0
69261,_nameless.183.46cd.ec50,cont_port,rijeka,balkan_loco,ruse,0,1127,0,0,rice_c,scania_streamline_4x2_norm_380,trailer.kasbhr_shg40,trailer_def.kassbohrer.shg.singl_3e_40.container,30,1,0
69261,_nameless.183.46cd.c3b0,cont_port,rijeka,wgcc,bratislava,0,612,0,0,arsenic,renault_magnum_6x4_a,trailer.krone.boxliner220,trailer_def.krone.boxliner.single_3_220.container,80,1,0
69261,_nameless.183.46cd.cd70,cont_port,rijeka,ai,bremen,0,1363,0,0,fluorine,mercedes_4x2_b,trailer.krone.boxliner220,trailer_def.krone.boxliner.single_3_220.container,80,1,0
69261,_nameless.183.46cd.d800,cont_port,rijeka,kaarfor,constanta,1,1391,0,0,salt_spice_c,daf_4x2_b,trailer.krone.boxliner40,trailer_def.krone.boxliner.single_3_40.container,30,1,0
69261,_nameless.183.46cd.c960,sal_fi,kuopio,agronord,goteborg,1,915,540,1170,tractors,man_4x2_a,trailer.scs_lowlow2e,trailer_def.scs.lowloader.single_2_ln.long,1,1,0
69261,_nameless.183.46cd.ed20,sal_fi,kuopio,renar,honningsvag,1,1083,0,0,cable_reel,"""heavy/man_6x4""",trailer.kasbhr_slle,trailer_def.kassbohrer.sll.single_3_ln.low,1,1,0
69261,_nameless.183.46cd.e360,sal_fi,kuopio,drekkar,vaxjo,0,944,540,1170,roller,daf_xgp_4x2_530,trailer.kasbhr_sla,trailer_def.kassbohrer.sla.single_3_sh.lowbed,1,1,0
69261,_nameless.183.46cd.ca30,sal_fi,kuopio,blt,kaunas,0,958,150,430,prosciutto,daf_xd_2,trailer.scs_ref,trailer_def.scs.box.single_3.reefer,33,1,0
69261,_nameless.183.46cd.c480,renar,stavanger,polarislines,karlskrona,0,1071,0,0,cauliflower,"""double/scania_s2016_6x4_high_660""",trailer.scs_ref_b2,trailer_def.scs.box.bdouble_3_3.reefer,52,1,0
69261,_nameless.183.46cd.e0f0,renar,stavanger,renar,tallinn,2,1110,570,1270,train_part,scania_r2016_6x2_high_460,trailer.scs_flat_b,trailer_def.scs.flatbed.single_3.flatbed_w,5,1,0
69261,_nameless.183.46cd.ce40,renar,stavanger,posped,lublin,1,1591,195,1052,mob_screener,"""heavy/renault_t_6x4""",trailer.scs_lowlow4e,trailer_def.scs.lowloader.single_4_ln.long,1,1,0
69261,_nameless.183.46cd.b9f0,sellplan,dresden,lkwlog,osnabruck,0,546,0,0,used_plast_c,scania_r_6x2_high_500,trailer.scs_gosck40,trailer_def.scs.gooseneck.singl_3e_40.container,30,1,0
69261,_nameless.183.46cd.bac0,sellplan,dresden,posped,verona,0,877,0,0,used_packag,man_6x4_b,trailer.scs_curt_a,trailer_def.scs.box.single_3.curtain,33,1,0
69261,_nameless.183.46cd.c6f0,bhv,toulouse,transinet,brussel,0,1073,0,0,car_gr,volvo_fh2012_4x2_420,trailer.car_trans,trailer_def.car_gr.car_trans,100,1,0
69261,_nameless.183.46cd.bb90,bhv,toulouse,wilnet_trans,porto_vecchi,0,476,840,1193,mondeos,daf_xf_euro6_6x4_c,trailer.car_trans,trailer_def.mondeos.car_trans,100,1,0
69261,_nameless.183.46cd.bc60,christopoulo,heraklion,ttk_bg,sofia,0,849,540,760,outdr_flr_tl,mercedes_6x4_a,trailer.scs_dry_m,trailer_def.scs.box.single_3.dryvan_m,32,1,0
69261,_nameless.183.46cd.cfe0,christopoulo,heraklion,costruzi_hal,genova,0,1452,1110,1505,wooden_beams,mercedes_actros_2014_4x2_a,trailer.scs_curt_s,trailer_def.scs.box.single_3.curtain,2,1,0
69261,_nameless.183.46cd.d0b0,christopoulo,heraklion,brawen,trikala,1,329,540,760,bricks,scania_r_4x2_top_480,trailer.scs_brick_r,trailer_def.scs.flatbed.single_3.brick,32,1,0
69261,_nameless.183.46cd.bd30,christopoulo,heraklion,lkwlog,venezia,2,1270,1110,1505,largetubes,daf_xgp_4x2_530,trailer.scs_log,trailer_def.scs.log.single_3.steel,6,1,0
69261,_nameless.183.46cd.d180,lkwlog,manchester,transinet,mannheim,1,1163,35,300,metal_pipes,scania_s2016_6x4_high_730,trailer.profilinehd,trailer_def.krone.profilinerhd.single_3.flatbed,1,1,0
69261,_nameless.183.46cd.db40,lkwlog,manchester,nch,kouvola,0,1573,1680,2484,air_mails,mercedes_6x2_b,trailer.scs_dry,trailer_def.scs.box.single_3.dryvan,33,1,0
69261,_nameless.183.46cd.be00,lkwlog,manchester,bjork,goteborg,1,891,1140,1314,mob_tr_winch,"""heavy/volvo_fh16_6x4_750""",trailer.scs_lowlowd4,trailer_def.scs.lowloader.single_4_sh.short,1,1,0
69261,_nameless.183.46cd.c140,lkwlog,manchester,renar,lahti,2,1492,1680,2484,log_stacker,"""heavy/iveco_6x4""",trailer.scs_lowlow4e,trailer_def.scs.lowloader.single_4_ln.long,1,1,0
69261,_nameless.183.46cd.d8d0,lkwlog,manchester,dfh,duisburg,0,976,35,300,med_vaccine,volvo_fh2012_6x2_500,trailer.coolliner17,trailer_def.krone.coolliner.single_3.reefer,33,1,0
69261,_nameless.183.46cd.d9a0,lkwlog,manchester,lkwlog,osnabruck,1,490,660,995,truck_rims_c,daf_xd_2,trailer.scs_gosck40,trailer_def.scs.gooseneck.singl_3e_40.container,30,1,0
69261,_nameless.183.46cd.bfa0,dunavia,novi_sad,dfh,rostock,1,1291,0,0,train_part,volvo_fh2021_6x2_540,trailer.profilinehd,trailer_def.krone.profilinerhd.single_3.flatbed,4,1,0
69261,_nameless.183.46cd.c7c0,dunavia,novi_sad,shuttle,salzburg,2,842,0,0,empty_palet,iveco_sway_4x2_580,trailer.scs_dry_s,trailer_def.scs.box.single_3.dryvan,33,1,0
69261,_nameless.183.46cd.e1c0,dunavia,novi_sad,fallow,targu_mures,0,609,0,0,ibc_cont,scania_s2016_6x2_high_460,trailer.scs_curt_s,trailer_def.scs.box.single_3.curtain,33,1,0
69261,_nameless.183.46cd.c890,dunavia,novi_sad,betunia,vlore,2,869,0,0,largetubes,scania_s2016_6x2_high_460,trailer.scs_log,trailer_def.scs.log.single_3.steel,6,1,0
69261,_nameless.183.46cd.d250,lintukainen,kotka,renar,kobenhavn,2,1138,540,1170,empty_palet,daf_xgp25_4x2_530,trailer.profiliner17,trailer_def.krone.profiliner.single_3.curtain,33,1,0
69261,_nameless.183.46cd.de80,lintukainen,kotka,rosmark_ru,luga,0,483,0,0,mulcher,"""heavy/scania_s2016_8x4_high_770""",trailer.scs_lowlow2e,trailer_def.scs.lowloader.single_2_ln.long,1,1,0
69261,_nameless.183.46cd.e430,lintukainen,kotka,eviksi,daugavpils,0,866,0,0,wooden_beams,scania_streamline_4x2_norm_380,trailer.scs_log,trailer_def.scs.log.single_3.steel,2,1,0
69261,_nameless.183.46ce.0a60,fui,catanzaro,villco,novi_sad,1,954,540,420,rye,iveco_4x2_a,trailer.scs_dumper,trailer_def.scs.dumper.single_3.steel,27,1,0
69261,_nameless.183.46cd.ef90,fui,catanzaro,tesore_gust,parma,0,855,0,0,basil,scania_s2016_4x2_high_590,trailer.dryliner17,trailer_def.krone.dryliner.single_3.dryvan,33,1,0
69261,_nameless.183.46cd.f540,fui,catanzaro,lognstick,galati,2,1307,540,420,cauliflower,scania_s2016_4x2_norm_370,trailer.scs_dry_m,trailer_def.scs.box.single_3.dryvan_m,33,1,0
69261,_nameless.183.46ce.0cd0,dobr_ferm_bg,karlovo,cargotras,sassari,1,1216,1410,1624,plums,daf_xd_1,trailer.scs_ref,trailer_def.scs.box.single_3.reefer,33,1,0
69261,_nameless.183.46ce.15c0,dobr_ferm_bg,karlovo,cesare_smar,palermo,0,1385,590,1092,apples_c,volvo_fh2021_6x2_540,trailer.kasbhr_shg20,trailer_def.kassbohrer.shg.singl_3e_20.container,15,1,0
69261,_nameless.183.46ce.0240,dobr_ferm_bg,karlovo,balkan_loco,maribor,1,1088,0,0,cut_flowers,daf_xd25,trailer.scs_ref_a,trailer_def.scs.box.single_3.reefer,33,1,0
69261,_nameless.183.46ce.0f40,lavish_food,a_coruna,exomar,evora,0,698,0,0,beverages,"""double/daf_4x2_a""",trailer.scs_curt_2,trailer_def.scs.box.double_3_2.curtain,52,1,0
69261,_nameless.183.46ce.1420,spinelli,bilbao,globeur,bourges,1,778,0,0,forklifts,iveco_6x2_a,trailer.scs_lowbed41,trailer_def.scs.lowbed.single_41_ln.long,4,1,0
69261,_nameless.183.46ce.1760,spinelli,bilbao,tradeaux,ajaccio,0,561,930,1182,tyres,mercedes_4x2,trailer.kasbhr_scs,trailer_def.kassbohrer.scs.single_3_13.curtain,34,1,0
69261,_nameless.183.46cd.f130,spinelli,bilbao,rt_log,a_coruna,0,607,0,0,scrap_metals,volvo_fh2012_4x2_420,trailer.scs_dumper,trailer_def.scs.dumper.single_3.steel,10,1,0
69261,_nameless.183.46ce.0720,euroacres,dover,agronord,esbjerg,0,1127,91,384,auger_wag,daf_xf_4x2_370,trailer.kasbhr_slle,trailer_def.kassbohrer.sll.single_3_ln.low,1,1,0
69261,_nameless.183.46ce.0990,euroacres,dover,adrica,rijeka,0,1521,91,384,cut_flowers,volvo_fh16_4x2_540,trailer.scs_ref_a,trailer_def.scs.box.single_3.reefer,33,1,0
69261,_nameless.183.46cd.f470,fle,dusseldorf,norr_food,kobenhavn,0,827,0,0,oranges,volvo_fh2021_4x2_420,trailer.scs_ins_a,trailer_def.scs.box.single_3.insulated,33,1,0
69261,_nameless.183.46ce.1280,fle,dusseldorf,charmey,geneve,1,828,0,0,apples_c,volvo_fh2024_4x2_420,trailer.scs_gosck220,trailer_def.scs.gooseneck.singl_3e_220.container,30,1,0
69261,_nameless.183.46ce.1830,fle,dusseldorf,gnt,panevezys,0,1583,0,0,olive_tree,volvo_fh2012_4x2_420,trailer.scs_brick_r,trailer_def.scs.flatbed.single_3.brick,1,1,0
69261,_nameless.183.46cd.f6e0,fle,dusseldorf,polarislines,oslo,1,1534,0,0,toys,scania_streamline_4x2_norm_380,trailer.scs_curt,trailer_def.scs.box.single_3.curtain,33,1,0
69261,_nameless.183.46ce.1350,fallow,zagreb,te_logistica,firenze,0,785,0,0,kr_bigp1290,iveco_h_4x2_a,trailer.kasbhr_slle,trailer_def.kassbohrer.sll.single_3_ln.low,1,1,0
69261,_nameless.183.46cd.fe30,fallow,zagreb,globeur,montpellier,2,1487,0,0,mat_handler,"""heavy/daf_xgp_4x2_530""",trailer.scs_lowlow4e,trailer_def.scs.lowloader.single_4_ln.long,1,1,0
69261,_nameless.183.46cd.ffd0,fallow,zagreb,subse,sofia,0,785,0,0,oranges,man_tgx_2020,trailer.scs_ins,trailer_def.scs.box.single_3.insulated,33,1,0
69261,_nameless.183.46ce.0310,fallow,zagreb,sal,livorno,0,897,0,0,wood_chipper,"""heavy/iveco_6x4""",trailer.kasbhr_slle,trailer_def.kassbohrer.sll.single_3_ln.low,1,1,0
69261,_nameless.183.46ce.0e70,bhv,kristiansund,drekkar,vaxjo,2,1089,40,46,vans_vt,scania_streamline_6x2_norm_440,trailer.truck_trans,trailer_def.vans_vt.truck_trans,100,1,0
69261,_nameless.183.46cd.f7b0,bhv,kristiansund,bhv,stockholm,0,940,40,46,cars_fr,renault_magnum_6x2_a,trailer.car_trans,trailer_def.cars_fr.car_trans,100,1,0
69261,_nameless.183.46ce.08c0,bhv,kristiansund,bhv,linkoping,0,1043,40,46,pickup_gr,scania_s2016_6x2_high_460,trailer.truck_trans,trailer_def.pickup_gr.truck_trans,100,1,0
69261,_nameless.183.46ce.14f0,acc,santander,batisse_base,clermont,0,786,0,0,sq_tub,scania_r_4x2_top_480,trailer.scs_flat_b,trailer_def.scs.flatbed.single_3.flatbed_w,2,1,0
69261,_nameless.183.46cd.faf0,acc,santander,app,coimbra,1,856,0,0,train_part,mercedes_6x2_b,trailer.profilinehd,trailer_def.krone.profilinerhd.single_3.flatbed,6,1,0
69261,_nameless.183.46cd.eec0,acc,santander,tradeaux,brest,0,1040,0,0,outdr_flr_tl,daf_xf_euro6_6x2_a,trailer.kasbhr_shg45,trailer_def.kassbohrer.scs.single_3_13.curtain,32,1,0
69261,_nameless.183.46cd.fa20,acc,santander,domdepo,o_barco,1,599,0,0,iron_pipes,scania_streamline_4x2_top_560,trailer.scs_log,trailer_def.scs.log.single_3.steel,28,1,0
69261,_nameless.183.46ce.1690,blt,tartu,norse_rail,gavle,1,425,570,1270,disc_harrows,daf_xf_euro6_4x2_b,trailer.scs_lowlow2e,trailer_def.scs.lowloader.single_2_ln.long,1,1,0
69261,_nameless.183.46cd.f060,blt,tartu,stokes,bystrica,1,1381,0,0,spher_valves,mercedes_actros_2014_4x2_b,trailer.scs_dry,trailer_def.scs.box.single_3.dryvan,33,1,0
69261,_nameless.183.46ce.03e0,blt,tartu,dfh,dresden,0,1435,0,0,coconut_oil,iveco_h_4x2_a,trailer.kasbhr_shg45,trailer_def.kassbohrer.scs.single_3_13.curtain,32,1,0
69261,_nameless.183.46ce.0c00,itcc,linz,rosmark,liepaja,1,1387,0,0,alu_profile,volvo_fh16_4x2_420,trailer.scs_flat_b,trailer_def.scs.flatbed.single_3.flatbed_w,2,1,0
69261,_nameless.183.46ce.04b0,itcc,linz,lkwlog,brno,1,252,0,0,iron_pipes,mercedes_4x2,trailer.scs_log,trailer_def.scs.log.single_3.steel,28,1,0
69261,_nameless.183.46cd.f880,renor,dombas,renar,lahti,0,955,540,1170,empty_barr,iveco_h_4x2_a,trailer.scs_dry_ms,trailer_def.scs.box.single_3.dryvan_m,33,1,0
69261,_nameless.183.46cd.f950,renor,dombas,polarislines,naantali,0,700,540,1170,used_battery,scania_streamline_6x4_top_480,trailer.scs_dry_m,trailer_def.scs.box.single_3.dryvan_m,33,1,0
69261,_nameless.183.46ce.0b30,marina,helsinki,sal_fi,joensuu,0,448,0,0,yacht,man_4x2_c,trailer.scs_lowbed_3,trailer_def.scs.lowbed.single_3.short,1,1,0
69261,_nameless.183.46cd.f3a0,euroacres,travemunde,globeur,montpellier,0,1571,0,0,kr_bigp1290,mercedes_4x2_b,trailer.scs_lowbed41,trailer_def.scs.lowbed.single_41_ln.long,1,1,0
69261,_nameless.183.46cd.fbc0,euroacres,travemunde,eurogoodies,venezia,0,1295,0,0,pears,iveco_sway_4x2_500,trailer.kasbhr_shg45,trailer_def.kassbohrer.scs.single_3_13.curtain,34,1,0
69261,_nameless.183.46ce.0da0,euroacres,travemunde,renar,tallinn,1,1542,0,0,tractor,daf_xg_4x2_450,trailer.scs_lowbed41,trailer_def.scs.lowbed.single_41_ln.long,1,1,0
69261,_nameless.183.46cd.fd60,bhv,nice,cargotras,sassari,1,729,720,827,motorcycles,man_4x2_c,trailer.scs_dry_s,trailer_def.scs.box.single_3.dryvan,33,1,0
69261,_nameless.183.46cd.ff00,bhv,nice,bhv,madrid,2,1314,0,0,car_gr,iveco_sway_4x2_500,trailer.car_trans,trailer_def.car_gr.car_trans,100,1,0
69261,_nameless.183.46ce.0580,nbfc,london,bcp,stuttgart,2,981,35,300,fuel_oil,mercedes_6x4_a,trailer.willig.fuel_cistern,trailer_def.scs.fueltank.single_3.fueltank,27,1,0
69261,_nameless.183.46ce.1010,nbfc,london,wgcc,rotterdam,2,533,35,300,sodhydro,man_4x2_a,trailer.kasbhr_shg40,trailer_def.kassbohrer.shg.singl_3e_40.container,80,1,0
69261,_nameless.183.46ce.0170,nbfc,london,nbfc,berlin,0,1112,35,300,fertilizer,renault_premium_6x4_a,trailer.scs_dry,trailer_def.scs.box.single_3.dryvan,32,1,0
69261,_nameless.183.46ce.0650,nbfc,london,trameri,lille,0,273,35,300,motor_oil_c,mercedes_actros_2014_4x2_b,trailer.scs_gosck220,trailer_def.scs.gooseneck.singl_3e_220.container,30,1,0
69261,_nameless.183.46ce.10e0,kaarfor,larochelle,tradeaux,paris,1,618,0,0,used_plast_c,scania_r2016_6x2_high_460,trailer.krone.boxliner220,trailer_def.krone.boxliner.single_3_220.container,30,1,0
69261,_nameless.183.46ce.07f0,kaarfor,larochelle,rt_log,bern,0,1008,0,0,used_plast,scania_streamline_6x2_norm_440,trailer.kasbhr_scs,trailer_def.kassbohrer.scs.single_3_13.curtain,34,1,0
69261,_nameless.183.4c33.6610,ts_atlas,barcelona,globeur,rennes,1,1086,0,0,truck_rims_c,mercedes_4x2_c,trailer.scs_gosck40,trailer_def.scs.gooseneck.singl_3e_40.container,30,1,0
69261,_nameless.183.4c33.8010,ts_atlas,barcelona,ts_atlas,sines,0,1183,0,0,sodium,daf_xf_euro6_6x4_c,trailer.scs_gosck40,trailer_def.scs.gooseneck.singl_3e_40.container,80,1,0
69261,_nameless.183.4c33.5d20,ts_atlas,barcelona,transinet,kassel,0,1466,0,0,clothes_c,renault_t_4x2h,trailer.scs_gosck220,trailer_def.scs.gooseneck.singl_3e_220.container,30,1,0
69261,_nameless.183.4c33.5360,ts_atlas,barcelona,trans_cab,murcia,1,644,0,0,used_plast_c,volvo_fh16_4x2_540,trailer.scs_gosck220,trailer_def.scs.gooseneck.singl_3e_220.container,30,1,0
69261,_nameless.183.4c33.7240,ts_atlas,barcelona,rt_log,zurich,2,998,0,0,sodhydro,volvo_fh16_4x2_540,trailer.scs_gosck20,trailer_def.scs.gooseneck.singl_3e_20.container,40,1,0
69261,_nameless.183.4c33.67b0,ts_atlas,barcelona,huerta,albacete,0,611,0,0,potassium,volvo_fh2024_4x2_780,trailer.scs_gosck220,trailer_def.scs.gooseneck.singl_3e_220.container,80,1,0
69261,_nameless.183.4c33.6130,brawen,skopje,fallow,zenica,0,679,0,0,chem_sorb_c,iveco_sway_4x2_580,trailer.kasbhr_shg40,trailer_def.kassbohrer.shg.singl_3e_40.container,30,1,0
69261,_nameless.183.4c33.63a0,brawen,skopje,bcp,bratislava,0,1015,0,0,steel_cord,renault_premium_4x2_c,trailer.kasbhr_sbt,trailer_def.kassbohrer.sbt.single_3_13.dryvan,34,1,0
69261,_nameless.183.4c33.7a60,brawen,skopje,adrica,split,2,859,0,0,jcb_th540180,renault_t_6x2,trailer.kasbhr_slle,trailer_def.kassbohrer.sll.single_3_ln.low,1,1,0
69261,_nameless.183.4c33.7650,brawen,skopje,itcc,ostrava,0,1268,0,0,motor_oil_c,mercedes_actros_2014_4x2_b,trailer.krone.boxliner20,trailer_def.krone.boxliner.single_3.container,15,1,0
69261,_nameless.183.4c33.7c00,brawen,skopje,lognstick,hunedoara,1,731,0,0,polyst_box,mercedes_actros_2014_6x2_a,trailer.scs_dry_s,trailer_def.scs.box.single_3.dryvan,33,1,0
69261,_nameless.183.4c33.7310,shuttle,ioannina,te_logistica,napoli,1,307,570,745,limonades,volvo_fh16_4x2_420,trailer.kasbhr_shg45,trailer_def.kassbohrer.scs.single_3_13.curtain,34,1,0
69261,_nameless.183.4c33.5840,shuttle,ioannina,tradeaux,lyon,0,1408,570,745,used_plast_c,renault_t_6x2,trailer.scs_gosck40,trailer_def.scs.gooseneck.singl_3e_40.container,30,1,0
69261,_nameless.183.4c33.59e0,shuttle,ioannina,wilnet_trans,marseille,2,1395,570,745,bottle_water,mercedes_6x2_b,trailer.scs_curt_a,trailer_def.scs.box.single_3.curtain,33,1,0
69261,_nameless.183.4c33.6880,shuttle,ioannina,icaria,athens,0,449,0,0,used_packag,mercedes_actros_2014_4x2_a,trailer.scs_curt_s,trailer_def.scs.box.single_3.curtain,33,1,0
69261,_nameless.183.4c33.7da0,shuttle,ioannina,te_logistica,parma,0,833,570,745,beverages,daf_xf_euro6_4x2_c,trailer.scs_dry,trailer_def.scs.box.single_3.dryvan,33,1,0
69261,_nameless.183.4c33.6200,shuttle,ioannina,ika_bohag,pescara,0,371,570,745,beverages_t,volvo_fh2024_4x2_420,trailer.ffb_tsalm32,trailer_def.feldbinder.tsalm.single_3_32.32_3_2,27,1,0
69261,_nameless.183.4c33.7b30,cesare_smar,sassari,ts_atlas,tarragona,0,169,720,827,used_plast_c,mercedes_4x2_b,trailer.scs_gosck40,trailer_def.scs.gooseneck.singl_3e_40.container,30,1,0
69261,_nameless.183.4c33.5df0,cesare_smar,sassari,cnp,duisburg,2,1415,720,827,empty_palet,scania_r_6x4_top_620,trailer.kasbhr_sbt,trailer_def.kassbohrer.sbt.single_3_13.dryvan,33,1,0
69261,_nameless.183.4c33.7f40,bltmetal,siauliai,posped,szeged,1,1263,0,0,concr_beams2,scania_s2016_4x2_high_590,trailer.scs_flat_b,trailer_def.scs.flatbed.single_3.flatbed_w,2,1,0
69261,_nameless.183.4c33.55d0,bltmetal,siauliai,dfh,dresden,0,973,0,0,metal_pipes,man_tgx_2020_6x2,trailer.scs_flat_b,trailer_def.scs.flatbed.single_3.flatbed_w,2,1,0
69261,_nameless.183.4c33.4ce0,bltmetal,siauliai,renar,tallinn,1,419,0,0,iron_pipes,scania_streamline_4x2_norm_380,trailer.scs_log,trailer_def.scs.log.single_3.steel,28,1,0
69261,_nameless.183.4c33.51c0,elcano_fla,burgos,marina,olbia,0,766,720,827,large_cont,man_tgx_euro6_4x2_xxl,trailer.profilinehd,trailer_def.krone.profilinerhd.single_3.flatbed,33,1,0
69261,_nameless.183.4c33.56a0,itcc,dusseldorf,rt_log,linz,0,758,0,0,forklifts,renault_premium_6x2_a,trailer.scs_lowbed_4,trailer_def.scs.lowbed.single_4_sh.short,3,1,0
69261,_nameless.183.4c33.6e30,itcc,dusseldorf,rt_log,graz,2,897,0,0,crawler,"""heavy/iveco_6x4""",trailer.scs_lowbed_4,trailer_def.scs.lowbed.single_4_sh.short,1,1,0
69261,_nameless.183.4c33.5290,itcc,dusseldorf,syllurgy,bihac,0,1240,0,0,vent_tube,man_tgx_euro6_4x2_xxl,trailer.profilinehd,trailer_def.krone.profilinerhd.single_3.flatbed,2,1,0
69261,_nameless.183.4c33.74b0,itcc,dusseldorf,lisette_log,lemans,1,847,0,0,iron_pipes,renault_magnum_4x2_a,trailer.scs_log,trailer_def.scs.log.single_3.steel,28,1,0
69261,_nameless.183.4c33.5910,dans_jardin,montpellier,nos_pat,pamplona,0,685,0,0,cont_trees,iveco_4x2_b,trailer.scs_ins,trailer_def.scs.box.single_3.insulated,33,1,0
69261,_nameless.183.4c33.7580,dans_jardin,montpellier,eurogoodies,groningen,1,1475,0,0,honey,iveco_sway_4x2_500,trailer.profiliner17,trailer_def.krone.profiliner.single_3.curtain,33,1,0
69261,_nameless.183.4c33.6af0,dans_jardin,montpellier,lkwlog,frankfurt,1,1028,0,0,rice,mercedes_actros_2014_4x2_b,trailer.profiliner17,trailer_def.krone.profiliner.single_3.curtain,33,1,0
69261,_nameless.183.4c33.6a20,dans_jardin,montpellier,eurogoodies,dijon,2,524,0,0,peas,daf_xf_euro6_6x2_a,trailer.profiliner17,trailer_def.krone.profiliner.single_3.curtain,33,1,0
69261,_nameless.183.4c33.78c0,dans_jardin,montpellier,app,badajoz,0,1348,0,0,kr_bigp1290,daf_xf_euro6_4x2_a,trailer.kasbhr_slle,trailer_def.kassbohrer.sll.single_3_ln.low,1,1,0
69261,_nameless.183.4c33.7990,vesna_mill,bitola,icaria,kavala,2,338,0,0,food_oil_t,mercedes_6x4_a,trailer.scs_fodt,trailer_def.scs.foodtank.single_3.paint,25,1,0
69261,_nameless.183.4c33.6950,vesna_mill,bitola,vesna,banja_luka,0,909,0,0,vinegar,daf_xf_euro6_4x2_a,trailer.kasbhr_scs,trailer_def.kassbohrer.scs.single_3_13.curtain,34,1,0
69261,_nameless.183.4c33.5b80,vesna_mill,bitola,eurogoodies,lublin,0,1405,0,0,vinegar_c,volvo_fh2012_6x2_500,trailer.scs_gosck40,trailer_def.scs.gooseneck.singl_3e_40.container,30,1,0
69261,_nameless.183.4c33.7e70,vesna_mill,bitola,eolo_lines,palermo,0,928,560,767,canned_beef,daf_6x2_a,trailer.coolliner17,trailer_def.krone.coolliner.single_3.reefer,32,1,0
69261,_nameless.183.4c33.7170,vesna_mill,bitola,eolo_lines,palermo,1,928,560,767,packag_food,renault_magnum_4x2_a,trailer.scs_dry_s,trailer_def.scs.box.single_3.dryvan,33,1,0
69261,_nameless.183.4c33.5ab0,nucleon,alban,steinbr_str,graz,0,1195,0,0,jcb_dmp6t2,"""heavy/scania_s2016_6x4_high_730""",trailer.kasbhr_slle,trailer_def.kassbohrer.sll.single_3_ln.low,1,1,0
69261,_nameless.183.4c33.6f00,nucleon,alban,rt_log,bern,1,401,0,0,volvo_a25g,"""heavy/volvo_fh16_6x4_750""",trailer.kasbhr_slle,trailer_def.kassbohrer.sll.single_3_ln.low,1,1,0
69261,_nameless.183.4c33.4db0,cargotras,catanzaro,lisette_log,ajaccio,0,619,950,1480,lavender,mercedes_4x2_c,trailer.scs_dry_ms,trailer_def.scs.box.single_3.dryvan_m,33,1,0
69261,_nameless.183.4c33.6c90,cargotras,catanzaro,brawen,ljubljana,1,1416,0,0,truck_rims_c,mercedes_4x2_b,trailer.krone.boxliner40,trailer_def.krone.boxliner.single_3_40.container,30,1,0
69261,_nameless.183.4c33.4e80,cargotras,catanzaro,eolo_lines,cagliari,0,366,740,1125,smokd_sprats,iveco_h_4x2_a,trailer.scs_ins_s,trailer_def.scs.box.single_3.insulated,33,1,0
69261,_nameless.183.4c33.4f50,cargotras,catanzaro,lkwlog,graz,1,1483,0,0,precast_strs,volvo_fh16_4x2_420,trailer.kasbhr_shg45,trailer_def.kassbohrer.scs.single_3_13.curtain,34,1,0
69261,_nameless.183.4c33.5020,cargotras,catanzaro,lisette_log,nice,1,1217,0,0,mulcher,"""heavy/scania_r2016_8x4_high_730""",trailer.scs_lowbed41,trailer_def.scs.lowbed.single_41_ln.long,1,1,0
69261,_nameless.183.4c33.6d60,shuttle,madrid,ika_bohag,catania,1,665,1557,1788,beverages,volvo_fh2021_4x2_750,trailer.scs_ins_s,trailer_def.scs.box.single_3.insulated,33,1,0
69261,_nameless.183.4c33.5430,shuttle,madrid,cargotras,sassari,0,661,720,827,nonalco_beer,volvo_fh16_6x4_700,trailer.scs_dry_ms,trailer_def.scs.box.single_3.dryvan_m,33,1,0
69261,_nameless.183.4c33.6fd0,shuttle,madrid,lkwlog,luxembourg,2,1599,0,0,ter_forklift,mercedes_4x2,trailer.profilinehd,trailer_def.krone.profilinerhd.single_3.flatbed,2,1,0
69261,_nameless.183.4c33.70a0,shuttle,madrid,eolo_lines,algeciras,1,712,0,0,limonades,daf_xf_euro6_6x4_c,trailer.dryliner17,trailer_def.krone.dryliner.single_3.dryvan,33,1,0
69261,_nameless.183.4c33.62d0,shuttle,madrid,wilnet_trans,marseille,0,1128,0,0,forklifts,mercedes_actros_2014_4x2_b,trailer.scs_lowbed41,trailer_def.scs.lowbed.single_41_ln.long,4,1,0
69261,_nameless.183.4c33.5c50,ortiz,valladolid,rt_log,barcelona,2,671,0,0,car_balt2,daf_xgp25_4x2_530,trailer.van_trans,trailer_def.car_balt2.van_trans,100,1,0
69261,_nameless.183.4c33.5ec0,ortiz,valladolid,posped,swansea,1,614,1076,1172,empty_palet,man_4x2_c,trailer.kasbhr_sbt,trailer_def.kassbohrer.sbt.single_3_13.dryvan,33,1,0
69261,_nameless.183.4c33.6060,ortiz,valladolid,vitas_pwr_co,sines,1,734,0,0,cable_reel,"""heavy/daf_6x4""",trailer.kasbhr_slle,trailer_def.kassbohrer.sll.single_3_ln.low,1,1,0
69261,_nameless.183.4c33.73e0,globeur,rennes,lkwlog,magdeburg,0,1264,0,0,kr_vpv190xc,mercedes_actros_2014_4x2_a,trailer.kasbhr_slle,trailer_def.kassbohrer.sll.single_3_ln.low,1,1,0
69261,_nameless.183.4c33.6470,globeur,rennes,kaarfor,munchen,2,1176,0,0,young_seed,volvo_fh2021_6x2_540,trailer.scs_dry_m,trailer_def.scs.box.single_3.dryvan_m,33,1,0
69261,_nameless.183.4c33.6540,globeur,rennes,lkwlog,duisburg,2,866,0,0,roofing_felt,mercedes_4x2_b,trailer.scs_curt,trailer_def.scs.box.single_3.curtain,33,1,0
69261,_nameless.183.4c33.8760,globeur,rennes,lkwlog,brno,0,1515,0,0,plast_film,scania_r2016_4x2_norm_370,trailer.profiliner17,trailer_def.krone.profiliner.single_3.curtain,33,1,0
69261,_nameless.183.4c33.a640,globeur,rennes,tradeaux,grimsby,0,1003,35,300,apples,daf_xf_4x2_370,trailer.profiliner17,trailer_def.krone.profiliner.single_3.curtain,33,1,0
69261,_nameless.183.4c33.9bb0,globeur,rennes,scs_paper,zaragoza,2,958,0,0,jcb_g100rs,mercedes_4x2,trailer.scs_flat_b,trailer_def.scs.flatbed.single_3.flatbed_w,4,1,0
69261,_nameless.183.4c33.a570,ika_ru,petersburg,nordic_ports,tornio,0,1021,0,0,empty_palet,mercedes_6x4_a,trailer.profiliner17,trailer_def.krone.profiliner.single_3.curtain,33,1,0
69261,_nameless.183.4c33.85c0,ika_ru,petersburg,renar,skelleftea,0,1206,0,0,pot_flowers,renault_premium_6x4_a,trailer.scs_ref_s,trailer_def.scs.box.single_3.reefer,33,1,0
69261,_nameless.183.4c33.8830,ika_ru,petersburg,norrsken,aalborg,1,1180,765,1947,used_packag,renault_t_4x2h,trailer.scs_curt_s,trailer_def.scs.box.single_3.curtain,33,1,0
69261,_nameless.183.4c33.97a0,villco,sarajevo,stokes,zurich,0,1398,0,0,garlic,renault_premium_6x2_a,trailer.kasbhr_shg45,trailer_def.kassbohrer.scs.single_3_13.curtain,34,1,0
69261,_nameless.183.4c33.8c40,villco,sarajevo,kaarfor,edirne,2,895,0,0,cheese,volvo_fh2021_4x2_750,trailer.scs_ins_a,trailer_def.scs.box.single_3.insulated,33,1,0
69261,_nameless.183.4c33.9c80,villco,sarajevo,lkwlog,luxembourg,1,1578,0,0,beverages_c,scania_s2016_4x2_high_590,trailer.scs_gosck40,trailer_def.scs.gooseneck.singl_3e_40.container,30,1,0
69261,_nameless.183.4c33.96d0,konstnr_wind,honningsvag,sal_fi,pori,1,1322,0,0,volvo_a25g,"""heavy/daf_xd""",trailer.scs_lowbed_3,trailer_def.scs.lowbed.single_3.short,1,1,0
69261,_nameless.183.4c33.b270,ns_oil,vaasa,drekkar,odense,0,1304,300,680,petrol,scania_streamline_6x2_norm_440,trailer.willig.fuel_cistern,trailer_def.scs.fueltank.single_3.fueltank,30,1,0
69261,_nameless.183.4c33.8de0,ns_oil,vaasa,nch,kouvola,0,432,0,0,kerosene,mercedes_actros_2014_4x2_a,trailer.willig.fuel_cistern,trailer_def.scs.fueltank.single_3.fueltank,30,1,0
69261,_nameless.183.4c33.9600,ns_oil,vaasa,euroacres,bialystok,2,1240,150,430,fueltanker,scania_r_4x2_norm_360,trailer.krone.boxliner40,trailer_def.krone.boxliner.single_3_40.container,80,1,0
69261,_nameless.183.4c33.a230,ns_oil,vaasa,dfh,rostock,0,1299,405,1084,lpg_t,volvo_fh2012_6x2_500,trailer.scs_gastank,trailer_def.scs.gastank.single_3.gastank,40,1,0
69261,_nameless.183.4c33.acc0,bhv,tromso,nch,kouvola,0,1286,0,0,car_gr,renault_premium_4x2_a,trailer.car_trans,trailer_def.car_gr.car_trans,100,1,0
69261,_nameless.183.4c33.8900,bhv,tromso,nordic_ports,trondheim,0,1169,30,45,car_f,daf_xg_4x2_450,trailer.car_trans,trailer_def.car_f.car_trans,100,1,0
69261,_nameless.183.4c33.b340,bhv,tromso,norse_rail,ostersund,0,1187,0,0,cars_fr,renault_t_4x2,trailer.car_trans,trailer_def.cars_fr.car_trans,100,1,0
69261,_nameless.183.4c33.9ef0,lkwlog,kiel,stokes,aberdeen,2,1201,660,995,guard_rails,scania_r_4x2_norm_360,trailer.scs_curt_a,trailer_def.scs.box.single_3.curtain,33,1,0
69261,_nameless.183.4c33.a090,lkwlog,kiel,syllurgy,bihac,2,1437,0,0,mtl_coil,scania_r2016_4x2_norm_370,trailer.profilinehd,trailer_def.krone.profilinerhd.single_3.flatbed,1,1,0
69261,_nameless.183.4c33.9d50,lkwlog,kiel,posped,birmingham,0,1212,35,300,re_bars,daf_xf_euro6_4x2_b,trailer.scs_flat_b,trailer_def.scs.flatbed.single_3.flatbed_w,2,1,0
69261,_nameless.183.4c33.8690,mjolnir_min,karesuando,mjolnir_min,joensuu,0,754,0,0,stone_dust,iveco_6x2_a,trailer.ffb_eut35,trailer_def.feldbinder.eut.single_3_35.silo_35_3p,17,1,0
69261,_nameless.183.4c33.a160,mjolnir_min,karesuando,lintukai_hrv,tornio,1,305,0,0,digger500,daf_xgp25_4x2_530,trailer.kasbhr_sla,trailer_def.kassbohrer.sla.single_3_sh.lowbed,1,1,0
69261,_nameless.183.4c33.a300,mjolnir_min,karesuando,nordic_ports,sundsvall,1,770,0,0,mob_screener,"""heavy/volvo_fh2012_8x4_700""",trailer.scs_lowlow4e,trailer_def.scs.lowloader.single_4_ln.long,1,1,0
69261,_nameless.183.4c33.a3d0,sellplan,prague,eolo_lines,lile_rousse,0,1500,840,1193,used_plast,man_tgx_2020_4x2,trailer.scs_dry_m,trailer_def.scs.box.single_3.dryvan_m,33,1,0
69261,_nameless.183.4c33.b0d0,sellplan,prague,lkwlog,kiel,0,678,0,0,used_packag,man_tgx_2020_4x2,trailer.scs_curt,trailer_def.scs.box.single_3.curtain,33,1,0
69261,_nameless.183.4c33.a4a0,aaa,roma,transinet,torino,0,624,0,0,car_f,volvo_fh16_4x2_540,trailer.car_trans,trailer_def.car_f.car_trans,100,1,0
69261,_nameless.183.4c33.9940,aaa,roma,balkan_loco,sarajevo,2,1499,0,0,car_gr,iveco_4x2_a,trailer.car_trans,trailer_def.car_gr.car_trans,100,1,0
69261,_nameless.183.4c33.a710,ns_chem,sines,rt_log,sevilla,0,459,0,0,fluorine,renault_premium_4x2_c,trailer.scs_gosck20,trailer_def.scs.gooseneck.singl_3e_20.container,40,1,0
69261,_nameless.183.4c33.89d0,ns_chem,sines,pp_chimica,olbia,1,1369,720,827,potahydro,volvo_fh2024_6x2_500,trailer.scs_chemt,trailer_def.scs.chemtank.single_3.paint,99,1,0
69261,_nameless.183.4c33.8aa0,ns_chem,sines,rt_log,zaragoza,0,924,0,0,hwaste,volvo_fh2021_4x2_750,trailer.krone.boxliner40,trailer_def.krone.boxliner.single_3_40.container,80,1,0
69261,_nameless.183.4c33.a7e0,ns_chem,sines,te_logistica,sassari,1,1232,720,827,empty_barr,renault_magnum_4x2_a,trailer.scs_dry,trailer_def.scs.box.single_3.dryvan,33,1,0
69261,_nameless.183.4c33.b1a0,wgcc,lulea,ns_chem,kristiansand,0,1314,0,0,hchemicals,volvo_fh2012_4x2_420,trailer.scs_chemt,trailer_def.scs.chemtank.single_3.paint,99,1,0
69261,_nameless.183.4c33.9530,wgcc,lulea,wgcc,kokkola,0,362,0,0,fluorine,daf_4x2_b,trailer.krone.boxliner40,trailer_def.krone.boxliner.single_3_40.container,80,1,0
69261,_nameless.183.4c33.8eb0,wgcc,lulea,gnt,kristiansand,0,1314,0,0,hipresstank,iveco_sway_4x2_460,trailer.scs_flat_b,trailer_def.scs.flatbed.single_3.flatbed_w,8,1,0
69261,_nameless.183.4c33.ab20,fcp,graz,blt,utena,0,1302,0,0,caravans,scania_streamline_4x2_top_560,trailer.truck_trans,trailer_def.caravans.truck_trans,100,1,0
69261,_nameless.183.4c33.8f80,fcp,graz,dunavia,osijek,2,518,0,0,car_balt1,man_4x2_c,trailer.car_trans,trailer_def.car_balt1.car_trans,100,1,0
69261,_nameless.183.4c33.92c0,norr_food,falun,lkwlog,amsterdam,2,1554,0,0,used_packag,scania_r_4x2_norm_360,trailer.dryliner17,trailer_def.krone.dryliner.single_3.dryvan,33,1,0
69261,_nameless.183.4c33.b410,norr_food,falun,lkwlog,kiel,0,1174,0,0,used_plast_c,scania_streamline_6x2_norm_440,trailer.krone.boxliner220,trailer_def.krone.boxliner.single_3_220.container,30,1,0
69261,_nameless.183.4c33.a8b0,norr_food,falun,polarislines,kokkola,2,480,300,680,used_plast,daf_xd25,trailer.scs_curt_a,trailer_def.scs.box.single_3.curtain,33,1,0
69261,_nameless.183.4c33.80e0,cnp,livorno,stokes,zurich,0,628,0,0,carbn_pwdr_c,volvo_fh16_4x2_540,trailer.krone.boxliner20,trailer_def.krone.boxliner.single_3.container,15,1,0
69261,_nameless.183.4c33.a980,cnp,livorno,pp_chimica,roma,0,420,0,0,ethane,mercedes_actros_2014_4x2_c,trailer.scs_gastank,trailer_def.scs.gastank.single_3.gastank,40,1,0
69261,_nameless.183.4c33.9460,cnp,livorno,nbfc,london,2,1555,35,300,boric_acid,renault_premium_6x2_a,trailer.scs_dry,trailer_def.scs.box.single_3.dryvan,33,1,0
69261,_nameless.183.4c33.aa50,stokes,calais,cargotras,sassari,0,1321,720,827,sq_tub,volvo_fh16_6x4_700,trailer.scs_flat_b,trailer_def.scs.flatbed.single_3.flatbed_w,2,1,0
69261,_nameless.183.4c33.91f0,stokes,calais,transinet,frankfurt,1,625,0,0,toys,mercedes_actros_2014_4x2_b,trailer.scs_curt_a,trailer_def.scs.box.single_3.curtain,33,1,0
69261,_nameless.183.4c33.ae60,stokes,calais,kaarfor,verona,2,1211,0,0,maple_syrup,daf_6x2_a,trailer.kasbhr_sbt,trailer_def.kassbohrer.sbt.single_3_13.dryvan,34,1,0
69261,_nameless.183.4c33.ad90,fle,timisoara,tradeaux,krakow,2,694,0,0,med_equip,mercedes_actros_2014_6x2_a,trailer.dryliner17,trailer_def.krone.dryliner.single_3.dryvan,33,1,0
69261,_nameless.183.4c33.af30,fle,timisoara,stokes,liege,0,1518,0,0,electronics,daf_6x2_a,trailer.scs_dry_s,trailer_def.scs.box.single_3.dryvan,33,1,0
69261,_nameless.183.4c33.81b0,fle,timisoara,icaria,rhodes,1,1386,810,1889,apples,iveco_h_4x2_a,trailer.kasbhr_shg45,trailer_def.kassbohrer.scs.single_3_13.curtain,34,1,0
69261,_nameless.183.4c33.9a10,fle,timisoara,ttk_bg,sofia,0,653,0,0,toys,daf_xf_euro6_6x4_c,trailer.dryliner17,trailer_def.krone.dryliner.single_3.dryvan,33,1,0
69261,_nameless.183.4c33.b000,euroacres,swansea,euroacres,brussel,1,661,35,300,horse_tr,daf_xf_euro6_6x4_c,trailer.truck_trans,trailer_def.horse_tr.truck_trans,100,1,0
69261,_nameless.183.4c33.9870,euroacres,swansea,log_atlan,a_coruna,0,894,1080,1176,beans,daf_xd_1,trailer.dryliner17,trailer_def.krone.dryliner.single_3.dryvan,33,1,0
69261,_nameless.183.4c33.8280,renat,daugavpils,konstnr,stockholm,0,441,510,1110,large_cont,scania_r_6x2_high_500,trailer.kasbhr_sla,trailer_def.kassbohrer.sla.single_3_sh.lowbed,27,1,0
69261,_nameless.183.4c33.8350,renat,daugavpils,sal_fi,helsinki,1,569,150,430,ter_forklift,mercedes_6x2_b,trailer.scs_flat_b,trailer_def.scs.flatbed.single_3.flatbed_w,2,1,0
69261,_nameless.183.4c33.84f0,renat,daugavpils,konstnr_hal,umea,2,946,510,1110,mat_handler,"""heavy/mercedes_6x4""",trailer.scs_lowlow4e,trailer_def.scs.lowloader.single_4_ln.long,1,1,0
69261,_nameless.183.4c33.9ae0,viljo_paper,kouvola,nordic_ports,mo_i_rana,0,1245,0,0,used_packag,"""double/man_euro6_4x2_xxl""",trailer.profiline17d,trailer_def.krone.profiliner.double_3_2.curtain,52,1,0
69261,_nameless.183.4c33.d220,viljo_paper,kouvola,sal_fi,kajaani,1,407,0,0,empty_barr,"""double/scania_r_4x2_top_500""",trailer.scs_curt_b2,trailer_def.scs.box.bdouble_3_3.curtain,52,1,0
69261,_nameless.183.4c33.c860,viljo_paper,kouvola,byggpro,andenes,1,1527,0,0,empty_spool,iveco_sway_4x2_460,trailer.kasbhr_sla,trailer_def.kassbohrer.sla.single_3_sh.lowbed,3,1,0
69261,_nameless.183.4c33.c6c0,viljo_paper,kouvola,sal_fi,ivalo,0,947,0,0,large_cont,renault_premium_6x4_a,trailer.kasbhr_sla,trailer_def.kassbohrer.sla.single_3_sh.lowbed,27,1,0
69261,_nameless.183.4c33.d630,sanbuilders,rotterdam,lkwlog,frankfurt,0,519,0,0,jcb_dmp6t2,"""heavy/man_6x4""",trailer.kasbhr_sll,trailer_def.kassbohrer.sll.single_3_sh.low,1,1,0
69261,_nameless.183.4c33.e260,sanbuilders,rotterdam,ms_stein,kristiansand,1,971,195,1052,mob_screener,"""heavy/renault_6x4""",trailer.scs_lowbed41,trailer_def.scs.lowbed.single_41_ln.long,1,1,0
69261,_nameless.183.4c33.e670,sanbuilders,rotterdam,quarry,hannover,0,421,0,0,mob_stacker,"""heavy/mercedes_actros_8x4""",trailer.scs_lowbed_3,trailer_def.scs.lowbed.single_3.short,1,1,0
69261,_nameless.183.4c33.d490,transinet,ostrava,stokes,dijon,0,1270,0,0,ibc_cont,volvo_fh2012_6x2_500,trailer.scs_dry,trailer_def.scs.box.single_3.dryvan,33,1,0
69261,_nameless.183.4c33.c790,transinet,ostrava,rt_log,salzburg,2,511,0,0,metal_center,"""heavy/volvo_fh2021_6x4_540""",trailer.kasbhr_slle,trailer_def.kassbohrer.sll.single_3_ln.low,1,1,0
69261,_nameless.183.4c33.d080,transinet,ostrava,dfh,nurnberg,2,600,0,0,ore,scania_r_6x2_high_500,trailer.scs_dumper,trailer_def.scs.dumper.single_3.steel,12,1,0
69261,_nameless.183.4c33.ce10,transinet,ostrava,eurogoodies,reims,2,1167,0,0,drymilk,renault_premium_4x2_c,trailer.kasbhr_shg45,trailer_def.kassbohrer.scs.single_3_13.curtain,34,1,0
69261,_nameless.183.4c33.e4d0,bhv,helsingborg,tdc_auto,bremen,1,756,0,0,car_f,daf_xd_1,trailer.car_trans,trailer_def.car_f.car_trans,100,1,0
69261,_nameless.183.4c33.cc70,aerobalt,tallinn,stokes,poznan,1,1110,0,0,cut_flowers,volvo_fh2021_4x2_750,trailer.scs_ref_s,trailer_def.scs.box.single_3.reefer,33,1,0
69261,_nameless.183.4c33.d150,aerobalt,tallinn,agrominta_a,utena,0,582,0,0,live_pigs,volvo_fh2024_4x2_780,trailer.scs_livestk,trailer_def.scs.livestock.single_3s.str_stl,50,1,0
69261,_nameless.183.4c33.d700,aerobalt,tallinn,gnt,jonkoping,1,477,570,1270,med_vaccine,renault_t_4x2,trailer.scs_ins,trailer_def.scs.box.single_3.insulated,33,1,0
69261,_nameless.183.4c33.d560,ika_bohag,ancona,fallow,vlore,0,544,540,420,used_packag,iveco_sway_4x2_500,trailer.scs_dry_m,trailer_def.scs.box.single_3.dryvan_m,33,1,0
69261,_nameless.183.4c33.e330,ika_bohag,ancona,kaarfor,montpellier,0,1010,0,0,pot_flowers,daf_4x2_b,trailer.scs_ref,trailer_def.scs.box.single_3.reefer,33,1,0
69261,_nameless.183.4c33.c930,eumefa,nis,posped,lublin,0,1100,0,0,used_plast_c,iveco_sway_4x2_580,trailer.krone.boxliner20,trailer_def.krone.boxliner.single_3.container,15,1,0
69261,_nameless.183.4c33.ca00,eumefa,nis,quarry,wroclaw,0,1192,0,0,fueltanker,mercedes_4x2_b,trailer.scs_gosck20,trailer_def.scs.gooseneck.singl_3e_20.container,40,1,0
69261,_nameless.183.4c33.cad0,eumefa,nis,eumefa,sarajevo,0,364,0,0,hi_volt_cabl,mercedes_4x2_b,trailer.profiliner17,trailer_def.krone.profiliner.single_3.curtain,33,1,0
69261,_nameless.183.4c33.e5a0,eumefa,nis,brawen,banja_luka,0,603,0,0,truck_batt,daf_xf_4x2_370,trailer.scs_curt_a,trailer_def.scs.box.single_3.curtain,33,1,0
69261,_nameless.183.4c33.c380,acc,murcia,vitas_pwr_co,sines,0,976,0,0,elect_wiring,man_tgx_2020_6x2,trailer.scs_dry,trailer_def.scs.box.single_3.dryvan,33,1,0
69261,_nameless.183.4c33.cee0,acc,murcia,trans_cab,valladolid,1,679,0,0,concr_stair,scania_s2016_6x2_high_460,trailer.profilinehd,trailer_def.krone.profilinerhd.single_3.flatbed,3,1,0
69261,_nameless.183.4c33.cba0,acc,murcia,globeur,rennes,0,1530,0,0,jcb_th540180,man_tgx_euro6_4x2_xxl,trailer.scs_lowbed_3,trailer_def.scs.lowbed.single_3.short,1,1,0
69261,_nameless.183.4c33.dcb0,egres,helsinki,wgcc,lulea,2,850,0,0,ter_forklift,scania_streamline_4x2_norm_380,trailer.scs_flat_b,trailer_def.scs.flatbed.single_3.flatbed_w,2,1,0
69261,_nameless.183.4c33.c110,egres,helsinki,tradeaux,prague,0,1582,150,430,tractors,man_4x2_a,trailer.scs_lowlow4e,trailer_def.scs.lowloader.single_4_ln.long,1,1,0
69261,_nameless.183.4c33.e0c0,gnt,alesund,norr_food,oslo,1,570,0,0,chocolate,scania_r_6x4_top_620,trailer.scs_curt_s,trailer_def.scs.box.single_3.curtain,33,1,0
69261,_nameless.183.4c33.b4e0,gnt,alesund,gnt,jonkoping,1,952,0,0,plast_pipes,daf_xgp25_4x2_530,trailer.scs_flat_b,trailer_def.scs.flatbed.single_3.flatbed_w,4,1,0
69261,_nameless.183.4c33.d8a0,gnt,alesund,drekkar,uppsala,2,859,0,0,log_stacker,"""heavy/iveco_6x4""",trailer.scs_lowlow4e,trailer_def.scs.lowloader.single_4_ln.long,1,1,0
69261,_nameless.183.4c33.e740,lintukainen,kuusamo,renar,tallinn,0,825,150,430,log_harvest,"""heavy/scania_r_6x4_top_730""",trailer.scs_lowlow4e,trailer_def.scs.lowloader.single_4_ln.long,1,1,0
69261,_nameless.183.4c33.da40,lintukainen,kuusamo,drekkar,karlskrona,2,1514,0,0,digger500,daf_xd_1,trailer.scs_lowbed_3,trailer_def.scs.lowbed.single_3.short,1,1,0
69261,_nameless.183.4c33.e810,lintukainen,kuusamo,renar,kristiansund,1,1505,25,36,empty_spool,scania_s2016_6x4_high_730,trailer.kasbhr_sla,trailer_def.kassbohrer.sla.single_3_sh.lowbed,3,1,0
69261,_nameless.183.4c33.db10,lintukainen,kuusamo,agronord,karlstad,0,1154,0,0,wooden_beams,scania_r_4x2_top_480,trailer.scs_log,trailer_def.scs.log.single_3.steel,2,1,0
69261,_nameless.183.4c33.dbe0,ika_bohag,kalmar,polarislines,ventspils,2,356,510,1110,empty_palet,mercedes_4x2_a,trailer.profiliner17,trailer_def.krone.profiliner.single_3.curtain,33,1,0
69261,_nameless.183.4c33.dd80,ika_bohag,kalmar,gnt,uppsala,0,429,0,0,pot_flowers,volvo_fh2021_6x2_540,trailer.scs_ins,trailer_def.scs.box.single_3.insulated,33,1,0
69261,_nameless.183.4c33.d2f0,ika_bohag,kalmar,dfh,bremen,1,943,0,0,used_packag,"""double/volvo_fh2024_4x2_780""",trailer.scs_dry_b2,trailer_def.scs.box.bdouble_3_3.dryvan,25,1,0
69261,_nameless.183.4c33.de50,renar,tornio,bjork,vaxjo,1,1243,0,0,log_stacker,"""heavy/mercedes_6x4""",trailer.scs_lowlow4e,trailer_def.scs.lowloader.single_4_ln.long,1,1,0
69261,_nameless.183.4c33.dff0,renar,tornio,nch,riga,1,1072,150,430,peas,mercedes_actros_2014_4x2_b,trailer.scs_curt_s,trailer_def.scs.box.single_3.curtain,33,1,0
69261,_nameless.183.4c33.e400,renar,tornio,sal_fi,helsinki,0,716,0,0,olives,"""double/daf_xgp_4x2_530""",trailer.profiline17d,trailer_def.krone.profiliner.double_3_2.curtain,52,1,0
69261,_nameless.183.4c33.e190,renar,tornio,renar,kotka,2,708,0,0,rooflights,daf_xd,trailer.scs_curt_a,trailer_def.scs.box.single_3.curtain,33,1,0
69261,_nameless.183.4c33.bea0,byggpro,lulea,renar,lillehammer,0,899,0,0,metal_center,"""heavy/iveco_6x4""",trailer.scs_lowlow4e,trailer_def.scs.lowloader.single_4_ln.long,1,1,0
69261,_nameless.183.4c33.b680,byggpro,lulea,norr_food,vaxjo,0,1141,0,0,ter_forklift,renault_premium_4x2_c,trailer.scs_flat_b,trailer_def.scs.flatbed.single_3.flatbed_w,2,1,0
69261,_nameless.183.4c33.b9c0,byggpro,lulea,drekkar,tromso,0,690,0,0,lumber,renault_premium_6x4_a,trailer.scs_flat_b,trailer_def.scs.flatbed.single_3.flatbed_w,3,1,0
69261,_nameless.183.4c33.b750,byggpro,lulea,sal_fi,pori,0,688,0,0,guard_rails,"""double/renault_magnum_4x2_a""",trailer.scs_curt_2,trailer_def.scs.box.double_3_2.curtain,52,1,0
69261,_nameless.183.4c33.bb60,byggpro,lulea,norrsken,stockholm,2,730,0,0,iron_pipes,scania_r2016_4x2_norm_370,trailer.scs_log,trailer_def.scs.log.single_3.steel,28,1,0
69261,_nameless.183.4c33.b820,nbfc,budapest,eumefa,heraklion,2,1438,540,760,neon,iveco_4x2_c,trailer.krone.boxliner20,trailer_def.krone.boxliner.single_3.container,40,1,0
69261,_nameless.183.4c33.c450,nbfc,budapest,ai,hamburg,1,1115,0,0,motor_oil,daf_xf_euro6_4x2_b,trailer.scs_dry,trailer_def.scs.box.single_3.dryvan,33,1,0
69261,_nameless.183.4c33.c520,nbfc,budapest,nch,vilnius,0,1093,0,0,sulfuric_t,daf_xf_euro6_4x2_c,trailer.scs_chemt,trailer_def.scs.chemtank.single_3.paint,13,1,0
69261,_nameless.183.4c33.bd00,metallis,ivalo,nch,kouvola,0,953,0,0,scrap_metals,mercedes_4x2_a,trailer.scs_dumper,trailer_def.scs.dumper.single_3.steel,10,1,0
69261,_nameless.183.4c33.bdd0,metallis,ivalo,cemelt_fla,valmiera,2,1400,150,430,large_cont,daf_xgp25_4x2_530,trailer.kasbhr_sla,trailer_def.kassbohrer.sla.single_3_sh.lowbed,27,1,0
69261,_nameless.183.4c33.bf70,metallis,ivalo,nch,kouvola,0,953,0,0,volvo_bucket,volvo_fh2024_6x2_500,trailer.kasbhr_sla,trailer_def.kassbohrer.sla.single_3_sh.lowbed,1,1,0
69261,_nameless.183.4c33.c2b0,cgla,port_sagunt,stokes,plymouth,0,585,1076,1172,glass,mercedes_actros_2014_6x4_b,trailer.panel_trans.glass,trailer_def.glass.panel_trans.glass,99,1,0
69261,_nameless.183.4c33.c5f0,cgla,port_sagunt,eolo_lines,almeria,1,554,0,0,tableware,"""double/mercedes_actros_2014_4x2_a""",trailer.profiline17d,trailer_def.krone.profiliner.double_3_2.curtain,52,1,0
69261,_nameless.183.4c34.1a70,cgla,port_sagunt,rt_log,bern,1,1274,0,0,glass_packed,mercedes_6x4_a,trailer.gls_trailer,trailer_def.glass_packed.gls_trailer,100,1,0
69261,_nameless.183.4c33.f1d0,cgla,port_sagunt,eolo_lines,algeciras,2,804,0,0,large_cont,scania_r2016_4x2_high_500,trailer.scs_lowbed_3,trailer_def.scs.lowbed.single_3.short,27,1,0
69261,_nameless.183.4c33.f850,lisette_log,roscoff,globeur,lehavre,2,525,0,0,digger500,daf_xf_4x2_370,trailer.scs_lowbed_3,trailer_def.scs.lowbed.single_3.short,1,1,0
69261,_nameless.183.4c33.e9b0,lisette_log,roscoff,trameri,lille,1,792,0,0,motor_oil,man_4x2_c,trailer.scs_curt_s,trailer_def.scs.box.single_3.curtain,33,1,0
69261,_nameless.183.4c34.0b00,lisette_log,roscoff,lisette_log,ajaccio,0,1219,930,1182,bricks,renault_premium_6x2_a,trailer.scs_brick_r,trailer_def.scs.flatbed.single_3.brick,32,1,0
69261,_nameless.183.4c34.1800,suprema,rovaniemi,renor,kobenhavn,0,1563,0,0,empty_palet,mercedes_4x2_a,trailer.scs_dry_ms,trailer_def.scs.box.single_3.dryvan_m,33,1,0
69261,_nameless.183.4c33.fac0,suprema,rovaniemi,rosmark,riga,0,1119,150,430,used_plast_c,scania_s2016_6x4_high_730,trailer.kasbhr_shg20,trailer_def.kassbohrer.shg.singl_3e_20.container,15,1,0
69261,_nameless.183.4c34.0d70,suprema,rovaniemi,polarislines,kapellskar,2,955,0,0,used_packag,scania_s2016_4x2_norm_370,trailer.kasbhr_scs,trailer_def.kassbohrer.scs.single_3_13.curtain,34,1,0
69261,_nameless.183.4c33.fb90,suprema,rovaniemi,drekkar,uppsala,1,847,0,0,used_plast,iveco_4x2_a,trailer.scs_dry_s,trailer_def.scs.box.single_3.dryvan,33,1,0
69261,_nameless.183.4c33.f030,baltrak,edirne,te_logistica,cagliari,0,1043,1410,1624,metal_beams,daf_xgp_4x2_530,trailer.scs_flat_b,trailer_def.scs.flatbed.single_3.flatbed_w,2,1,0
69261,_nameless.183.4c33.f5e0,baltrak,edirne,icaria,kavala,1,343,0,0,ter_forklift,mercedes_actros_2014_6x2_a,trailer.profilinehd,trailer_def.krone.profilinerhd.single_3.flatbed,2,1,0
69261,_nameless.183.4c33.ee90,blt_yacht,turku,lkwlog,lodz,0,1271,150,430,lux_yacht,renault_magnum_6x2_a,trailer.scs_lowbed_4,trailer_def.scs.lowbed.single_4_sh.short,1,1,0
69261,_nameless.183.4c34.02e0,bhv,montpellier,tdc_auto,koper,0,1269,0,0,car_gr,daf_4x2_b,trailer.car_trans,trailer_def.car_gr.car_trans,100,1,0
69261,_nameless.183.4c33.f780,bhv,montpellier,stokes,calais,0,987,0,0,vans_fd,volvo_fh16_4x2_420,trailer.van_trans,trailer_def.vans_fd.van_trans,100,1,0
69261,_nameless.183.4c34.18d0,fallow,cluj_napoca,brawen,ioannina,0,1318,0,0,battery,mercedes_4x2,trailer.scs_curt,trailer_def.scs.box.single_3.curtain,33,1,0
69261,_nameless.183.4c33.fc60,fallow,cluj_napoca,brawen,ljubljana,0,985,0,0,rice_c,iveco_6x2_a,trailer.kasbhr_shg40,trailer_def.kassbohrer.shg.singl_3e_40.container,30,1,0
69261,_nameless.183.4c34.1180,fallow,cluj_napoca,tree_et,bystrica,0,807,0,0,forwarder,"""heavy/mercedes_6x4""",trailer.kasbhr_slle,trailer_def.kassbohrer.sll.single_3_ln.low,1,1,0
69261,_nameless.183.4c33.edc0,fallow,cluj_napoca,kaarfor,magdeburg,0,1522,0,0,beverages_t,daf_xf_euro6_6x4_c,trailer.ffb_tsalm32,trailer_def.feldbinder.tsalm.single_3_32.32_3_2,23,1,0
69261,_nameless.183.4c34.03b0,rosmark_ru,kaliningrad,rosmark,riga,2,473,0,0,vans_vt,daf_xf_euro6_4x2_b,trailer.truck_trans,trailer_def.vans_vt.truck_trans,100,1,0
69261,_nameless.183.4c33.f370,rosmark_ru,kaliningrad,stokes,amsterdam,1,1207,0,0,silica,volvo_fh2021_4x2_420,trailer.scs_curt,trailer_def.scs.box.single_3.curtain,33,1,0
69261,_nameless.183.4c34.0e40,rosmark_ru,kaliningrad,nordic_ports,bodo,0,1555,510,1110,olive_oil_t,man_tgx_2020_6x2,trailer.ffb_tsalm32,trailer_def.feldbinder.tsalm.single_3_32.32_3_2,25,1,0
69261,_nameless.183.4c33.f100,rosmark_ru,kaliningrad,posped,rotterdam,1,1287,0,0,perfor_frks,mercedes_4x2_a,trailer.scs_dry,trailer_def.scs.box.single_3.dryvan,33,1,0
69261,_nameless.183.4c33.f2a0,rosmark_ru,kaliningrad,eurogoodies,szczecin,2,500,0,0,chicken_meat,daf_xd_1,trailer.scs_ref_a,trailer_def.scs.box.single_3.reefer,33,1,0
69261,_nameless.183.4c34.1b40,costruzi_win,pescara,stokes,tirana,1,303,540,420,empty_spool,scania_s2016_4x2_high_590,trailer.kasbhr_sla,trailer_def.kassbohrer.sla.single_3_sh.lowbed,3,1,0
69261,_nameless.183.4c34.1250,wgcc,rotterdam,tree_et,manchester,2,228,660,995,ter_forklift,mercedes_4x2_a,trailer.profilinehd,trailer_def.krone.profilinerhd.single_3.flatbed,2,1,0
69261,_nameless.183.4c33.fd30,wgcc,rotterdam,euroacres,swansea,2,822,35,300,potassium,scania_s2016_4x2_norm_370,trailer.krone.boxliner220,trailer_def.krone.boxliner.single_3_220.container,80,1,0
69261,_nameless.183.4c33.f510,wgcc,rotterdam,renar,oslo,0,1538,0,0,graph_grease,man_4x2_a,trailer.kasbhr_scs,trailer_def.kassbohrer.scs.single_3_13.curtain,34,1,0
69261,_nameless.183.4c34.1320,wgcc,rotterdam,sanbuilders,newcastle,0,269,660,995,propane,scania_s2016_6x2_high_460,trailer.scs_gastank,trailer_def.scs.gastank.single_3.gastank,40,1,0
69261,_nameless.183.4c33.fe00,bhv,odense,gnt,daugavpils,2,1193,510,1110,volvo_cars,daf_xf_euro6_4x2_c,trailer.car_trans,trailer_def.volvo_cars.car_trans,100,1,0
69261,_nameless.183.4c34.0f10,renor,kajaani,kivi,tartu,2,659,150,430,jcb_th540180,man_tgx_euro6_4x2_xxl,trailer.kasbhr_slle,trailer_def.kassbohrer.sll.single_3_ln.low,1,1,1
69261,_nameless.183.4c34.14c0,renor,kajaani,gnt,vilnius,0,1118,150,430,wood_chipper,"""heavy/volvo_fh16_6x4_750""",trailer.scs_lowlow2e,trailer_def.scs.lowloader.single_2_ln.long,1,1,1
69261,_nameless.183.4c34.13f0,metallis,kiruna,lintukainen,kouvola,0,949,0,0,crawler,"""heavy/volvo_fh2024_6x4_600""",trailer.scs_lowlow2e,trailer_def.scs.lowloader.single_2_ln.long,1,1,0
69261,_nameless.183.4c33.f9f0,metallis,kiruna,vainamoi_fla,kuusamo,2,496,0,0,large_cont,scania_s2016_4x2_norm_370,trailer.scs_flat_b,trailer_def.scs.flatbed.single_3.flatbed_w,33,1,0
69261,_nameless.183.4c34.1590,metallis,kiruna,nch,turku,0,1029,0,0,volvo_bucket,man_tgx_euro6_6x4_xlx,trailer.scs_lowbed_3,trailer_def.scs.lowbed.single_3.short,1,1,0
69261,_nameless.183.4c34.19a0,lvr,daugavpils,renar,vasteraas,1,569,510,1110,czl_muv75,"""heavy/daf_6x4""",trailer.scs_lowbed41,trailer_def.scs.lowbed.single_41_ln.long,1,1,0
69261,_nameless.183.4c34.1660,lvr,daugavpils,lkwlog,lodz,2,756,0,0,czl_es300,"""heavy/daf_6x4""",trailer.scs_lowbed_4,trailer_def.scs.lowbed.single_4_sh.short,1,1,0
69261,_nameless.183.4c34.1c10,lvr,daugavpils,fle,kristiansund,1,1384,550,1156,empty_spool,scania_r2016_4x2_norm_370,trailer.profilinehd,trailer_def.krone.profilinerhd.single_3.flatbed,4,1,0
69261,_nameless.183.4c33.f6b0,lvr,daugavpils,transinet,szczecin,0,1049,0,0,train_part2,daf_xgp25_4x2_530,trailer.profilinehd,trailer_def.krone.profilinerhd.single_3.flatbed,3,1,0
69261,_nameless.183.4c33.ffa0,lvr,daugavpils,gnt,helsingborg,0,938,510,1110,locomotive,"""heavy/man_tgx_2020_8x4""",trailer.scs_lowbed41,trailer_def.scs.lowbed.single_41_ln.long,1,1,0
69261,_nameless.183.4c34.0070,lvr,daugavpils,drekkar,uppsala,1,522,510,1110,diesel_gen,scania_s2016_6x2_high_460,trailer.kasbhr_scs,trailer_def.kassbohrer.scs.single_3_13.curtain,34,1,0
69261,_nameless.183.4c33.ec20,blt_ru,petersburg,baltomorsk,kaunas,2,787,0,0,tractor,volvo_fh2024_4x2_780,trailer.kasbhr_slle,trailer_def.kassbohrer.sll.single_3_ln.low,1,1,0
69261,_nameless.183.4c34.0140,blt_ru,petersburg,renar,kotka,2,417,0,0,emp_wine_bar,daf_4x2_b,trailer.scs_curt,trailer_def.scs.box.single_3.curtain,33,1,0
69261,_nameless.183.4c34.0480,blt_ru,petersburg,renar,dombas,0,1151,570,1270,plast_pipes,renault_premium_4x2_a,trailer.profilinehd,trailer_def.krone.profilinerhd.single_3.flatbed,4,1,0
69261,_nameless.183.4c34.0210,domdepo,tekirdag,fallow,larissa,1,588,0,0,plast_pipes,daf_4x2_b,trailer.scs_flat_b,trailer_def.scs.flatbed.single_3.flatbed_w,4,1,0
69261,_nameless.183.4c34.0550,domdepo,tekirdag,brawen,bucuresti,0,607,0,0,glass_packed,scania_s2016_4x2_high_590,trailer.gls_trailer,trailer_def.glass_packed.gls_trailer,100,1,0
69261,_nameless.183.4c34.0620,domdepo,tekirdag,betunia,vlore,0,964,0,0,scaffoldings,daf_xf_4x2_370,trailer.scs_curt,trailer_def.scs.box.single_3.curtain,33,1,0
69261,_nameless.183.4c34.06f0,domdepo,tekirdag,domdepo_ru,pleven,0,497,0,0,logs,volvo_fh2024_4x2_780,trailer.scs_log,trailer_def.scs.log.single_3.steel,32,1,0
69261,_nameless.183.4c34.0960,domdepo,tekirdag,imp_otel,resita,2,972,0,0,largetubes,scania_s2016_4x2_norm_370,trailer.scs_log,trailer_def.scs.log.single_3.steel,6,1,0
69261,_nameless.183.4c34.10b0,tree_et,katowice,ukko,loviisa,0,1416,150,430,jcb_dmphtd5e,scania_r2016_4x2_high_500,trailer.profilinehd,trailer_def.krone.profilinerhd.single_3.flatbed,7,1,0
69261,_nameless.183.4c34.07c0,tree_et,katowice,rt_log,graz,0,525,0,0,jcb_ft4220,iveco_h_4x2_a,trailer.scs_lowbed_3,trailer_def.scs.lowbed.single_3.short,1,1,0
69261,_nameless.183.4c34.0890,tree_et,katowice,aluxion,podgorica,0,1180,0,0,forklifts,renault_magnum_6x2_a,trailer.scs_lowbed_3,trailer_def.scs.lowbed.single_3.short,4,1,0
69261,_nameless.183.4c34.0a30,tree_et,katowice,renar,mikkeli,1,1510,150,430,exc_craw,"""heavy/scania_s2016_6x4_high_730""",trailer.kasbhr_slle,trailer_def.kassbohrer.sll.single_3_ln.low,1,1,0
69261,_nameless.183.4c34.0ca0,euroacres,klagenfurt,lisette_log,rennes,2,1483,0,0,ffb_kip60,renault_magnum_4x2_a,trailer.ffb_kip60,trailer_def.ffb_kip60.ffb_kip60,100,1,0
69261,_nameless.183.4c34.0fe0,euroacres,klagenfurt,lkwlog,duisburg,1,903,0,0,tractor,volvo_fh2021_4x2_420,trailer.kasbhr_slle,trailer_def.kassbohrer.sll.single_3_ln.low,1,1,0
69261,_nameless.183.4c34.1730,rt_log,bern,transinet,frankfurt,0,503,0,0,frozen_hake,daf_xf_euro6_4x2_c,trailer.scs_ref_s,trailer_def.scs.box.single_3.reefer,33,1,0
69261,_nameless.183.4c34.2840,rt_log,bern,dfh,nurnberg,1,556,0,0,scrap_metals,volvo_fh2024_4x2_420,trailer.scs_dumper,trailer_def.scs.dumper.single_3.steel,8,1,0
69261,_nameless.183.4c34.29e0,rt_log,bern,polarislines,goteborg,0,1423,195,677,metal_cans,scania_r2016_4x2_norm_370,trailer.scs_curt_s,trailer_def.scs.box.single_3.curtain,33,1,0
69261,_nameless.183.4c34.2df0,rt_log,bern,lkwlog,duisburg,0,725,0,0,vinegar,volvo_fh16_4x2_420,trailer.scs_curt,trailer_def.scs.box.single_3.curtain,33,1,0
69261,_nameless.183.4c34.3bc0,cesare_smar,pescara,fallow,zagreb,1,1048,0,0,used_packag,volvo_fh2021_6x2_540,trailer.scs_curt,trailer_def.scs.box.single_3.curtain,33,1,0
69261,_nameless.183.4c34.2770,cesare_smar,pescara,lkwlog,lodz,0,1580,0,0,empty_palet,renault_t_4x2h,trailer.kasbhr_scs,trailer_def.kassbohrer.scs.single_3_13.curtain,34,1,0
69261,_nameless.183.4c34.47f0,cesare_smar,pescara,stokes,rijeka,1,995,0,0,used_plast_c,volvo_fh2012_6x2_500,trailer.scs_gosck220,trailer_def.scs.gooseneck.singl_3e_220.container,30,1,0
69261,_nameless.183.4c34.2910,marina,kuopio,gnt,ventspils,0,899,150,430,yacht,daf_xd25,trailer.scs_lowbed_3,trailer_def.scs.lowbed.single_3.short,1,1,0
69261,_nameless.183.4c34.2500,marina,kuopio,aerobalt,tallinn,0,403,150,430,large_cont,scania_r_6x2_high_500,trailer.profilinehd,trailer_def.krone.profilinerhd.single_3.flatbed,33,1,0
69261,_nameless.183.4c34.2c50,ai,nurnberg,transinet,rotterdam,0,690,0,0,shock_absorb,renault_premium_4x2_a,trailer.scs_dry_s,trailer_def.scs.box.single_3.dryvan,33,1,0
69261,_nameless.183.4c34.2d20,ai,nurnberg,lkwlog,kosice,0,946,0,0,radiators,daf_4x2_a,trailer.profiliner17,trailer_def.krone.profiliner.single_3.curtain,33,1,0
69261,_nameless.183.4c34.3a20,ai,nurnberg,rump,craiova,2,1354,0,0,oil_filters,daf_4x2_b,trailer.scs_curt_s,trailer_def.scs.box.single_3.curtain,33,1,0
69261,_nameless.183.4c34.4240,euroacres,szeged,sanbuild_cem,hannover,1,1200,0,0,volvo_bucket,mercedes_actros_2014_4x2_a,trailer.scs_lowlow2e,trailer_def.scs.lowloader.single_2_ln.long,1,1,0
69261,_nameless.183.4c34.3e30,euroacres,szeged,sal,pescara,0,1460,0,0,digger500,volvo_fh2021_4x2_750,trailer.kasbhr_sla,trailer_def.kassbohrer.sla.single_3_sh.lowbed,1,1,0
69261,_nameless.183.4c34.2ab0,polar_fish,kuusamo,polarislines,tallinn,1,762,150,430,caviar,daf_xf_euro6_4x2_a,trailer.scs_ref_s,trailer_def.scs.box.single_3.reefer,33,1,0
69261,_nameless.183.4c34.4f40,polar_fish,kuusamo,renar,andenes,0,1050,0,0,smokd_eel,"""double/volvo_fh16_4x2_700""",trailer.scs_ins_b2,trailer_def.scs.box.bdouble_3_3.insulated,52,1,0
69261,_nameless.183.4c34.21c0,ibp,naantali,primel,odense,2,920,540,1170,lpg,renault_magnum_6x2_a,trailer.scs_gosck220,trailer_def.scs.gooseneck.singl_3e_220.container,80,1,0
69261,_nameless.183.4c34.32d0,ibp,naantali,wgcc,sundsvall,0,481,300,680,motor_oil_c,daf_xd_1,trailer.kasbhr_shg20,trailer_def.kassbohrer.shg.singl_3e_20.container,15,1,0
69261,_nameless.183.4c34.5010,nbfc,ostrava,lkwlog,calais,0,1376,0,0,emptytank,man_6x4_b,trailer.scs_flat_b,trailer_def.scs.flatbed.single_3.flatbed_w,1,1,0
69261,_nameless.183.4c34.1db0,nbfc,ostrava,wgcc,frankfurt,2,822,0,0,lead,scania_s2016_6x4_high_730,trailer.kasbhr_shg40,trailer_def.kassbohrer.shg.singl_3e_40.container,80,1,0
69261,_nameless.183.4c34.3060,itcc_scrap,osnabruck,nord_sten,vaxjo,0,937,0,0,volvo_bucket,man_tgx_2020_6x2,trailer.scs_lowlowd4,trailer_def.scs.lowloader.single_4_sh.short,1,1,0
69261,_nameless.183.4c34.3f00,ns_oil,kokkola,fjoste,mo_i_rana,0,863,0,0,diesel,daf_xd,trailer.willig.fuel_cistern,trailer_def.scs.fueltank.single_3.fueltank,30,1,0
69261,_nameless.183.4c34.4a60,ns_oil,kokkola,dfh,rostock,1,1401,405,1084,petrol,renault_magnum_4x2_a,trailer.scs_fueltank,trailer_def.scs.fueltank.single_3.fueltank,30,1,0
69261,_nameless.183.4c34.4e70,ns_oil,kokkola,wgcc,alesund,0,1021,365,762,oil,volvo_fh16_6x4_700,trailer.scs_fueltank,trailer_def.scs.fueltank.single_3.fueltank,30,1,0
69261,_nameless.183.4c34.3200,ns_oil,kokkola,nch_ru,petersburg,2,843,0,0,motor_oil_c,scania_s2016_4x2_norm_370,trailer.krone.boxliner20,trailer_def.krone.boxliner.single_3.container,15,1,0
69261,_nameless.183.4c34.2430,libellula,ancona,dfh,rostock,1,1461,0,0,empty_barr,daf_xf_euro6_6x2_a,trailer.scs_curt,trailer_def.scs.box.single_3.curtain,33,1,0
69261,_nameless.183.4c34.1e80,libellula,ancona,tesore_gust,firenze,0,320,0,0,empty_palet,man_4x2_a,trailer.scs_dry_a,trailer_def.scs.box.single_3.dryvan,33,1,0
69261,_nameless.183.4c34.33a0,libellula,ancona,stokes,rijeka,0,742,0,0,motorcycles,mercedes_actros_2014_6x2_a,trailer.kasbhr_sbt,trailer_def.kassbohrer.sbt.single_3_13.dryvan,34,1,0
69261,_nameless.183.4c34.36e0,krone_t,werlte,rt_log,barcelona,1,1592,0,0,krone_box,iveco_6x2_a,trailer.boxliner.krone_box,trailer_def.krone_box.boxliner.krone_box,100,1,0
69261,_nameless.183.4c34.1f50,krone_t,werlte,tradeaux,brest,1,1232,0,0,krone_profi,daf_xf_euro6_6x4_c,trailer.profiliner17,trailer_def.krone_profi.profiliner17,100,1,0
69261,_nameless.183.4c34.3610,krone_t,werlte,globeur,montpellier,2,1297,0,0,krone_profib,daf_4x2_a,trailer.profilinebm,trailer_def.krone_profib.profilinebm,100,1,0
69261,_nameless.183.4c34.25d0,krone_t,werlte,dunavia,novi_sad,0,1509,0,0,krone_cool,iveco_4x2_a,trailer.coolliner17,trailer_def.krone_cool.coolliner17,100,1,0
69261,_nameless.183.4c34.4170,cont_port,alesund,sanbuild_hms,jyvaskyla,1,1159,365,762,nitrogen,renault_t_4x2,trailer.krone.boxliner20,trailer_def.krone.boxliner.single_3.container,40,1,0
69261,_nameless.183.4c34.2290,cont_port,alesund,gnt,kalmar,0,1147,0,0,oil_filt_c,scania_s2016_4x2_high_590,trailer.krone.boxliner20,trailer_def.krone.boxliner.single_3.container,15,1,0
69261,_nameless.183.4c34.26a0,cont_port,alesund,norse_rail,rovaniemi,0,1386,65,82,arsenic,renault_t_4x2,trailer.scs_gosck20,trailer_def.scs.gooseneck.singl_3e_20.container,40,1,0
69261,_nameless.183.4c34.3470,stokes,erfurt,rt_log,barcelona,1,1551,0,0,wood_chipper,"""heavy/volvo_fh16_6x4_750""",trailer.kasbhr_slle,trailer_def.kassbohrer.sll.single_3_ln.low,1,1,0
69261,_nameless.183.4c34.4c00,stokes,erfurt,itcc,ljubljana,1,765,0,0,emptytank,scania_r2016_4x2_high_500,trailer.scs_flat_b,trailer_def.scs.flatbed.single_3.flatbed_w,1,1,0
69261,_nameless.183.4c34.4da0,stokes,erfurt,posped,bystrica,2,848,0,0,jcb_pw125qe,iveco_4x2_b,trailer.profilinehd,trailer_def.krone.profilinerhd.single_3.flatbed,24,1,0
69261,_nameless.183.4c34.3540,radus_ru,sofia,lognstick,istanbul,0,570,0,0,concr_beams2,daf_6x2_a,trailer.scs_flat_b,trailer_def.scs.flatbed.single_3.flatbed_w,2,1,0
69261,_nameless.183.4c34.3af0,ika_bohag,beograd,cnp,taranto,1,682,540,420,empty_palet,daf_xf_euro6_4x2_c,trailer.dryliner17,trailer_def.krone.dryliner.single_3.dryvan,33,1,0
69261,_nameless.183.4c34.20f0,ika_bohag,beograd,sellplan,kosice,0,598,0,0,pot_flowers,mercedes_6x2_b,trailer.scs_ins_a,trailer_def.scs.box.single_3.insulated,33,1,0
69261,_nameless.183.4c34.40a0,polar_fish,umea,norrsken,aalborg,0,960,195,677,smokd_eel,daf_xf_euro6_4x2_b,trailer.coolliner17,trailer_def.krone.coolliner.single_3.reefer,33,1,0
69261,_nameless.183.4c34.4310,polar_fish,umea,eurogoodies,szczecin,1,1534,105,404,packag_food,scania_s2016_6x4_high_730,trailer.kasbhr_sbt,trailer_def.kassbohrer.sbt.single_3_13.dryvan,34,1,0
69261,_nameless.183.4c34.43e0,polar_fish,umea,euroacres,krakow,0,1492,510,1110,forklifts,renault_t_4x2h,trailer.kasbhr_sla,trailer_def.kassbohrer.sla.single_3_sh.lowbed,3,1,0
69261,_nameless.183.4c34.44b0,kivisydan,lappeenranta,fjoste,mo_i_rana,1,1198,0,0,gravel,man_tgx_2020_4x2,trailer.scs_dumper,trailer_def.scs.dumper.single_3.steel,16,1,0
69261,_nameless.183.4c34.4580,kivisydan,lappeenranta,bjork_hrv,ostersund,0,793,300,680,digger1000,scania_r_6x4_top_620,trailer.kasbhr_sll,trailer_def.kassbohrer.sll.single_3_sh.low,1,1,0
69261,_nameless.183.4c34.4650,kivisydan,lappeenranta,norse_rail,gavle,0,608,540,1170,crawler,"""heavy/scania_r2016_8x4_high_730""",trailer.kasbhr_slle,trailer_def.kassbohrer.sll.single_3_ln.low,1,1,0
69261,_nameless.183.4c34.4720,wgcc,bratislava,st_roza_bg,pirdop,1,1057,0,0,acid,scania_r_6x2_high_500,trailer.kasbhr_stc,trailer_def.kassbohrer.stc.single_3.chemtank,99,1,0
69261,_nameless.183.4c34.48c0,wgcc,bratislava,balkan_loco,skopje,0,1015,0,0,sodchlor,scania_streamline_4x2_top_560,trailer.scs_chemt,trailer_def.scs.chemtank.single_3.paint,99,1,0
69261,_nameless.183.4c34.6c80,wgcc,bratislava,agrominta,utena,0,1200,0,0,potassium,volvo_fh2012_6x2_500,trailer.krone.boxliner20,trailer_def.krone.boxliner.single_3.container,40,1,0
69261,_nameless.183.4c34.5c40,cnp_str,zadar,fle,dusseldorf,0,1434,0,0,kerosene,mercedes_4x2,trailer.scs_fueltank,trailer_def.scs.fueltank.single_3.fueltank,30,1,0
69261,_nameless.183.4c34.5d10,cnp_str,zadar,cont_port_fr,marseille,0,1582,0,0,motor_oil_c,scania_r2016_6x4_high_660,trailer.scs_gosck20,trailer_def.scs.gooseneck.singl_3e_20.container,15,1,0
69261,_nameless.183.4c34.7090,cnp_str,zadar,balkan_loco,veli_tarnovo,0,1298,0,0,fuel_oil,renault_t_4x2h,trailer.scs_fueltank,trailer_def.scs.fueltank.single_3.fueltank,27,1,0
69261,_nameless.183.4c34.7f30,cnp_str,zadar,itcc,osnabruck,2,1515,0,0,diesel,mercedes_4x2_c,trailer.scs_fueltank,trailer_def.scs.fueltank.single_3.fueltank,28,1,0
69261,_nameless.183.4c34.59d0,bhv,orebro,transinet,frankfurt,1,1512,0,0,mondeos,iveco_sway_4x2_580,trailer.car_trans,trailer_def.mondeos.car_trans,100,1,0
69261,_nameless.183.4c34.5830,dans_jardin,bastia,cesta_sl,madrid,0,667,930,1182,beans,mercedes_actros_2014_6x4_b,trailer.scs_dry,trailer_def.scs.box.single_3.dryvan,33,1,0
69261,_nameless.183.4c34.81a0,dans_jardin,bastia,brawen,skopje,0,934,1590,1654,apples,iveco_4x2_b,trailer.profiliner17,trailer_def.krone.profiliner.single_3.curtain,33,1,0
69261,_nameless.183.4c34.5760,dans_jardin,bastia,eurogoodies,berlin,0,1571,840,1193,potatoes,mercedes_actros_2014_4x2_a,trailer.scs_dry_a,trailer_def.scs.box.single_3.dryvan,33,1,0
69261,_nameless.183.4c34.5de0,dans_jardin,bastia,euroacres,osnabruck,1,1336,840,1193,disc_harrows,iveco_4x2_b,trailer.scs_lowbed_4,trailer_def.scs.lowbed.single_4_sh.short,1,1,0
69261,_nameless.183.4c34.6a10,icaria,kalamata,tras_med,genova,0,1554,570,745,chicken_meat,volvo_fh2012_4x2_420,trailer.scs_ref_s,trailer_def.scs.box.single_3.reefer,33,1,0
69261,_nameless.183.4c34.5eb0,icaria,kalamata,low_field,mitilini,1,327,675,1308,kr_stc1370,iveco_sway_4x2_500,trailer.scs_lowlow4e,trailer_def.scs.lowloader.single_4_ln.long,1,1,0
69261,_nameless.183.4c34.6870,ms_stein,steinkjer,norrsken,hamar,2,551,0,0,empty_spool,mercedes_4x2_b,trailer.profilinehd,trailer_def.krone.profilinerhd.single_3.flatbed,4,1,0
69261,_nameless.183.4c34.6d50,ms_stein,steinkjer,renar,andenes,0,988,150,132,digger500,daf_4x2_a,trailer.scs_lowlowd4,trailer_def.scs.lowloader.single_4_sh.short,1,1,0
69261,_nameless.183.4c34.5aa0,ms_stein,steinkjer,renor,mo_i_rana,1,331,0,0,excav_soil,mercedes_4x2_b,trailer.scs_dumper,trailer_def.scs.dumper.single_3.steel,21,1,0
69261,_nameless.183.4c34.77e0,ika_bohag,oslo,tradeaux,paris,0,1587,195,1052,used_packag,man_tgx_2020,trailer.scs_dry_ms,trailer_def.scs.box.single_3.dryvan_m,33,1,0
69261,_nameless.183.4c34.7d90,ika_bohag,oslo,kaarfor,duisburg,0,1126,195,1052,pot_flowers,daf_xgp_4x2_530,trailer.scs_ins_s,trailer_def.scs.box.single_3.insulated,33,1,0
69261,_nameless.183.4c34.7710,ika_bohag,oslo,posped,katowice,2,1590,105,404,empty_palet,renault_t_6x2,trailer.kasbhr_sbt,trailer_def.kassbohrer.sbt.single_3_13.dryvan,33,1,0
69261,_nameless.183.4c34.6e20,renor,mikkeli,norrsken,malmo,0,1032,540,1170,ibc_cont,mercedes_4x2_b,trailer.scs_curt_s,trailer_def.scs.box.single_3.curtain,33,1,0
69261,_nameless.183.4c34.6fc0,renor,mikkeli,nordic_ports,bodo,0,1128,0,0,scrap_metals,daf_xd_2,trailer.scs_dumper,trailer_def.scs.dumper.single_3.steel,10,1,0
69261,_nameless.183.4c34.5f80,bcp,stuttgart,sal,livorno,2,931,0,0,ter_forklift,mercedes_actros_2014_4x2_a,trailer.profilinehd,trailer_def.krone.profilinerhd.single_3.flatbed,2,1,0
69261,_nameless.183.4c34.6050,bcp,stuttgart,balkan_loco,sarajevo,0,1192,0,0,car_balt2,man_tgx_2020,trailer.van_trans,trailer_def.car_balt2.van_trans,100,1,0
69261,_nameless.183.4c34.80d0,konstnr_wind,ostersund,sanbuild_win,berlin,0,1582,105,404,forklifts,daf_xd,trailer.scs_lowbed41,trailer_def.scs.lowbed.single_41_ln.long,3,1,0
69261,_nameless.183.4c34.6bb0,dfh,duisburg,kaarfor,swansea,1,886,35,300,tomatoes,volvo_fh2021_6x2_540,trailer.coolliner17,trailer_def.krone.coolliner.single_3.reefer,33,1,0
69261,_nameless.183.4c34.5b70,dfh,duisburg,lkwlog,szeged,2,1356,0,0,salt_spice_c,iveco_h_4x2_a,trailer.krone.boxliner40,trailer_def.krone.boxliner.single_3_40.container,30,1,0
69261,_nameless.183.4c34.7980,dfh,duisburg,posped,warszawa,0,972,0,0,gummy_bears,volvo_fh16_4x2_540,trailer.profiliner17,trailer_def.krone.profiliner.single_3.curtain,33,1,0
69261,_nameless.183.4c34.78b0,ai,banja_luka,nucleon,alban,1,1518,0,0,backfl_prev,renault_t_6x2,trailer.kasbhr_scs,trailer_def.kassbohrer.scs.single_3_13.curtain,32,1,0
69261,_nameless.183.4c34.5900,ai,banja_luka,icaria,heraklion,1,1454,540,760,perfor_frks,renault_t_6x2,trailer.scs_dry_ms,trailer_def.scs.box.single_3.dryvan_m,33,1,0
69261,_nameless.183.4c34.74a0,blt_yacht,tallinn,renor,kobenhavn,0,809,570,1270,scrap_metals,daf_xf_euro6_4x2_b,trailer.scs_dumper,trailer_def.scs.dumper.single_3.steel,8,1,0
69261,_nameless.183.4c34.6120,blt_yacht,tallinn,drekkar,odense,2,948,570,1270,large_cont,daf_xf_euro6_4x2_b,trailer.kasbhr_sla,trailer_def.kassbohrer.sla.single_3_sh.lowbed,27,1,0
69261,_nameless.183.4c34.8000,bltmetal,pori,renar,skelleftea,0,377,300,680,elect_wiring,daf_xf_euro6_6x2_a,trailer.kasbhr_scs,trailer_def.kassbohrer.scs.single_3_13.curtain,34,1,0
69261,_nameless.183.4c34.7a50,bltmetal,pori,norse_rail,rovaniemi,0,660,0,0,wallpanels,scania_streamline_6x2_norm_440,trailer.panel_trans.wall,trailer_def.wallpanels.panel_trans.wall,85,1,0
69261,_nameless.183.4c34.7bf0,bltmetal,pori,nordic_ports,tornio,1,616,0,0,iron_pipes,scania_r2016_6x2_high_460,trailer.scs_log,trailer_def.scs.log.single_3.steel,28,1,0
69261,_nameless.183.4c34.62c0,tradeaux,ajaccio,posped,verona,0,887,840,1193,fish_chips,daf_xd,trailer.scs_ref_a,trailer_def.scs.box.single_3.reefer,33,1,0
69261,_nameless.183.4c34.50e0,tradeaux,ajaccio,rt_log,hamburg,0,1557,840,1193,brake_pads,daf_xf_euro6_6x4_c,trailer.kasbhr_shg45,trailer_def.kassbohrer.scs.single_3_13.curtain,34,1,0
69261,_nameless.183.4c34.7230,tradeaux,ajaccio,trainfoundry,zaragoza,0,296,930,1182,fuel_tanks,iveco_sway_4x2_580,trailer.scs_curt_s,trailer_def.scs.box.single_3.curtain,33,1,0
69261,_nameless.183.4c34.5690,tradeaux,ajaccio,globeur,montpellier,0,325,930,1182,boric_acid,scania_r_4x2_top_480,trailer.scs_dry_m,trailer_def.scs.box.single_3.dryvan_m,33,1,0
69261,_nameless.183.4c34.51b0,tradeaux,ajaccio,app,faro,0,1254,930,1182,fertilizer,mercedes_actros_2014_4x2_b,trailer.scs_curt_a,trailer_def.scs.box.single_3.curtain,32,1,0
69261,_nameless.183.4c34.7cc0,tradeaux,ajaccio,subse,veli_tarnovo,2,1413,1620,1979,plast_film,scania_r_4x2_norm_360,trailer.scs_dry_ms,trailer_def.scs.box.single_3.dryvan_m,33,1,0
69261,_nameless.183.4c34.7300,norr_food,bodo,gnt,kristiansand,1,1551,0,0,used_plast_c,daf_xf_euro6_6x2_a,trailer.scs_gosck20,trailer_def.scs.gooseneck.singl_3e_20.container,15,1,0
69261,_nameless.183.4c34.8340,norr_food,bodo,renar,vaxjo,0,1474,0,0,used_plast,daf_xf_euro6_4x2_b,trailer.kasbhr_scs,trailer_def.kassbohrer.scs.single_3_13.curtain,34,1,0
69261,_nameless.183.4c34.6600,agregados,puertollano,sal,sassari,0,873,720,827,jcb_wload457,daf_xf_euro6_4x2_a,trailer.scs_lowbed_3,trailer_def.scs.lowbed.single_3.short,1,1,0
69261,_nameless.183.4c34.73d0,agregados,puertollano,tras_med,catania,0,668,1557,1788,empty_spool,scania_streamline_6x4_top_480,trailer.profilinehd,trailer_def.krone.profilinerhd.single_3.flatbed,4,1,0
69261,_nameless.183.4c34.8410,agregados,puertollano,wilnet_trans,lemans,1,1508,0,0,digger1000,mercedes_6x4_a,trailer.scs_lowbed_4,trailer_def.scs.lowbed.single_4_sh.short,1,1,0
69261,_nameless.183.4c34.7570,quarry,salzburg,sanbuild_hms,beograd,0,918,0,0,jcb_th540180,mercedes_4x2_a,trailer.kasbhr_sll,trailer_def.kassbohrer.sll.single_3_sh.low,1,1,0
69261,_nameless.183.4c34.61f0,quarry,salzburg,gnt,helsingborg,0,1219,105,404,jcb_pw125qe,mercedes_actros_2014_4x2_a,trailer.profilinehd,trailer_def.krone.profilinerhd.single_3.flatbed,24,1,0
69261,_nameless.183.4c34.7640,quarry,salzburg,itcc,skopje,0,1325,0,0,gravel,scania_s2016_4x2_high_590,trailer.scs_dumper,trailer_def.scs.dumper.single_3.steel,13,1,0
69261,_nameless.183.4c34.6390,quarry,salzburg,quarry,katowice,0,862,0,0,mob_stacker,"""heavy/daf_6x4""",trailer.scs_lowlowd4,trailer_def.scs.lowloader.single_4_sh.short,1,1,0
69261,_nameless.183.4c34.6460,sanbuild_bas,koln,volvo_fac,goteborg,2,981,195,677,ter_forklift,mercedes_6x4_a,trailer.scs_flat_b,trailer_def.scs.flatbed.single_3.flatbed_w,2,1,0
69261,_nameless.183.4c34.5350,sanbuild_bas,koln,sanbuilders,edinburgh,2,1240,35,300,jcb_mexc19ce,mercedes_actros_2014_4x2_c,trailer.scs_flat_b,trailer_def.scs.flatbed.single_3.flatbed_w,3,1,0
69261,_nameless.183.4c34.6530,bhv,paris,bhv,montpellier,0,824,0,0,car_balt2,scania_streamline_4x2_norm_380,trailer.van_trans,trailer_def.car_balt2.van_trans,100,1,0
69261,_nameless.183.4c34.6940,bhv,paris,tradeaux,kassel,1,794,0,0,volvo_cars,renault_t_4x2,trailer.car_trans,trailer_def.volvo_cars.car_trans,100,1,0
69261,_nameless.183.4c34.5420,renar,kobenhavn,posped,warszawa,0,832,105,404,skidder,"""heavy/scania_s2016_6x4_high_730""",trailer.scs_lowlow2e,trailer_def.scs.lowloader.single_2_ln.long,1,1,0
69261,_nameless.183.4c34.54f0,renar,kobenhavn,kaarfor,kassel,2,709,0,0,can_sardines,mercedes_actros_2014_6x4_b,trailer.scs_curt_s,trailer_def.scs.box.single_3.curtain,33,1,0
69261,_nameless.183.4c34.55c0,renar,kobenhavn,stokes,erfurt,2,794,0,0,train_part,scania_s2016_6x2_high_460,trailer.scs_flat_b,trailer_def.scs.flatbed.single_3.flatbed_w,5,1,0
69261,_nameless.183.4c34.9fb0,renar,kobenhavn,sal_fi,pori,2,883,540,1170,asph_miller,"""heavy/volvo_fh16_6x4_750""",trailer.scs_lowlow4e,trailer_def.scs.lowloader.single_4_ln.long,1,1,0
69261,_nameless.183.4c34.a700,renar,kobenhavn,eurogoodies,grimsby,1,402,1140,1314,tomatoes,iveco_sway_4x2_500,trailer.scs_ins_s,trailer_def.scs.box.single_3.insulated,33,1,0
69261,_nameless.183.4c34.92b0,dimitriou,patras,icaria,chania,0,230,490,1140,vans_id,renault_magnum_4x2_a,trailer.van_trans,trailer_def.vans_id.van_trans,100,1,0
69261,_nameless.183.4c34.a3c0,dimitriou,patras,balkan_loco,skopje,0,835,0,0,car_f,volvo_fh2024_6x2_500,trailer.car_trans,trailer_def.car_f.car_trans,100,1,0
69261,_nameless.183.4c34.9450,stokes,pristina,icaria,mitilini,2,572,730,1440,used_plast,renault_premium_4x2_a,trailer.dryliner17,trailer_def.krone.dryliner.single_3.dryvan,33,1,0
69261,_nameless.183.4c34.8f70,stokes,pristina,ika_bohag,firenze,1,1485,0,0,plast_film_c,mercedes_4x2,trailer.krone.boxliner220,trailer_def.krone.boxliner.single_3_220.container,30,1,0
69261,_nameless.183.4c34.8c30,stokes,pristina,fcp,leipzig,2,1394,0,0,oil_filt_c,volvo_fh16_4x2_540,trailer.scs_gosck220,trailer_def.scs.gooseneck.singl_3e_220.container,30,1,0
69261,_nameless.183.4c34.9ad0,stokes,pristina,c_navale,olbia,0,789,1380,1299,mtl_coil,man_tgx_2020_6x2,trailer.profilinehd,trailer_def.krone.profilinerhd.single_3.flatbed,1,1,0
69261,_nameless.183.4c34.a8a0,stokes,pristina,exomar,taranto,2,422,540,420,cable_reel,"""heavy/daf_6x4""",trailer.scs_lowlow4e,trailer_def.scs.lowloader.single_4_ln.long,1,1,0
69261,_nameless.183.4c34.a080,renor,karlstad,byggpro,vaasa,0,620,300,680,stone_dust,daf_xgp25_4x2_530,trailer.ffb_kip60,trailer_def.feldbinder.kip.single_3_60.silo_60_3p,16,1,0
69261,_nameless.183.4c34.8dd0,renor,karlstad,sal_fi,helsinki,2,539,540,1170,jcb_mexc19ce,daf_xf_euro6_4x2_b,trailer.scs_flat_b,trailer_def.scs.flatbed.single_3.flatbed_w,3,1,0
69261,_nameless.183.4c34.ab10,vesna,banja_luka,ttk_bg,sofia,2,759,0,0,chewing_gums,scania_r_4x2_top_480,trailer.scs_dry_ms,trailer_def.scs.box.single_3.dryvan_m,30,1,0
69261,_nameless.183.4c34.acb0,vesna,banja_luka,transinet,szczecin,0,1329,0,0,sausages,mercedes_4x2_b,trailer.scs_ins_s,trailer_def.scs.box.single_3.insulated,33,1,0
69261,_nameless.183.4c34.9380,quadrelli,catania,rock_eater,argostoli,1,631,1050,1812,tracks,daf_xf_euro6_4x2_b,trailer.scs_lowbed41,trailer_def.scs.lowbed.single_41_ln.long,1,1,0
69261,_nameless.183.4c34.a970,quadrelli,catania,te_logistica,cagliari,2,260,720,778,mobile_crane,"""heavy/mercedes_actros_8x4""",trailer.scs_lowlow4e,trailer_def.scs.lowloader.single_4_ln.long,1,1,0
69261,_nameless.183.4c34.8d00,quadrelli,catania,fallow,vlore,0,700,560,767,mob_screener,"""heavy/iveco_6x4""",trailer.scs_lowlow4e,trailer_def.scs.lowloader.single_4_ln.long,1,1,0
69261,_nameless.183.4c34.9930,tradeaux,felixstowe,gnt,kristiansand,1,1086,675,2012,empty_barr,renault_magnum_6x2_a,trailer.kasbhr_sbt,trailer_def.kassbohrer.sbt.single_3_13.dryvan,34,1,0
69261,_nameless.183.4c34.af20,tradeaux,felixstowe,polarislines,kiel,0,695,480,960,scooters,scania_streamline_4x2_top_560,trailer.kasbhr_scs,trailer_def.kassbohrer.scs.single_3_13.curtain,34,1,0
69261,_nameless.183.4c34.91e0,tradeaux,felixstowe,transinet,frankfurt,0,882,35,300,vans_id,mercedes_4x2_a,trailer.van_trans,trailer_def.vans_id.van_trans,100,1,0
69261,_nameless.183.4c34.a150,tradeaux,felixstowe,posped,strasbourg,0,834,35,300,carbn_pwdr_c,scania_r_4x2_top_480,trailer.scs_gosck40,trailer_def.scs.gooseneck.singl_3e_40.container,30,1,0
69261,_nameless.183.4c34.89c0,aci,catanzaro,tradeaux,nice,0,1238,0,0,grapes,renault_premium_6x4_a,trailer.scs_ref,trailer_def.scs.box.single_3.reefer,33,1,0
69261,_nameless.183.4c34.9d40,aci,catanzaro,villco_mkt,ioannina,1,394,570,745,watermelons,volvo_fh16_4x2_540,trailer.scs_ins_a,trailer_def.scs.box.single_3.insulated,33,1,0
69261,_nameless.183.4c34.a220,aci,catanzaro,stokes,rijeka,0,1547,0,0,cut_flowers,man_4x2_a,trailer.scs_ref_s,trailer_def.scs.box.single_3.reefer,33,1,0
69261,_nameless.183.4c34.96c0,aci,catanzaro,lisette_log,ajaccio,0,641,950,1480,apples_c,iveco_sway_4x2_460,trailer.kasbhr_shg20,trailer_def.kassbohrer.shg.singl_3e_20.container,15,1,0
69261,_nameless.183.4c34.a2f0,gnt,panevezys,gnt,uppsala,0,360,510,1110,truck_batt_c,daf_xd_1,trailer.scs_gosck40,trailer_def.scs.gooseneck.singl_3e_40.container,30,1,0
69261,_nameless.183.4c34.9040,gnt,panevezys,lintukainen,tallinn,2,430,0,0,wood_chipper,"""heavy/scania_r_6x4_top_730""",trailer.kasbhr_slle,trailer_def.kassbohrer.sll.single_3_ln.low,1,1,0
69261,_nameless.183.4c34.9520,kaarfor,constanta,brawen,novi_sad,0,917,0,0,empty_palet,scania_r_6x2_high_500,trailer.scs_curt_a,trailer_def.scs.box.single_3.curtain,33,1,0
69261,_nameless.183.4c34.95f0,kaarfor,constanta,ttk_bg,plovdiv,0,445,0,0,used_packag,mercedes_actros_2014_4x2_b,trailer.dryliner17,trailer_def.krone.dryliner.single_3.dryvan,33,1,0
69261,_nameless.183.4c34.9790,kaarfor,constanta,icaria,argostoli,0,1118,460,720,used_plast,scania_r_6x4_top_620,trailer.kasbhr_scs,trailer_def.kassbohrer.scs.single_3_13.curtain,34,1,0
69261,_nameless.183.4c34.88f0,globeur,bourges,lisette_log,bordeaux,0,522,0,0,volvo_cars,iveco_6x2_a,trailer.car_trans,trailer_def.volvo_cars.car_trans,100,1,0
69261,_nameless.183.4c34.aa40,globeur,bourges,eurogoodies,edinburgh,0,1310,35,300,pears,daf_4x2_b,trailer.scs_curt,trailer_def.scs.box.single_3.curtain,33,1,0
69261,_nameless.183.4c34.9860,globeur,bourges,dfh,duisburg,0,859,0,0,used_plast,iveco_4x2_b,trailer.scs_curt_s,trailer_def.scs.box.single_3.curtain,33,1,0
69261,_nameless.183.4c34.ae50,globeur,bourges,cargotras,milano,1,875,0,0,gnocchi,daf_6x2_a,trailer.scs_ins,trailer_def.scs.box.single_3.insulated,33,1,0
69261,_nameless.183.4c34.a630,globeur,bourges,lkwlog,manchester,1,1053,35,300,concr_stair,man_6x4_b,trailer.scs_flat_b,trailer_def.scs.flatbed.single_3.flatbed_w,3,1,0
69261,_nameless.183.4c34.9a00,globeur,bourges,tradeaux,grimsby,1,952,35,300,chocolate,scania_streamline_6x2_norm_440,trailer.kasbhr_scs,trailer_def.kassbohrer.scs.single_3_13.curtain,32,1,0
69261,_nameless.183.4c34.9ba0,blt,paldiski,lkwlog,magdeburg,0,1413,0,0,windml_tube,scania_r_6x2_high_500,trailer.scs_lowlow2e,trailer_def.scs.lowloader.single_2_ln.long,1,1,0
69261,_nameless.183.4c34.abe0,blt,paldiski,lkwlog,kosice,2,1266,0,0,bricks,scania_r_6x2_high_500,trailer.scs_brick_r,trailer_def.scs.flatbed.single_3.brick,32,1,0
69261,_nameless.183.4c34.9c70,bhv,jonkoping,bhv,vaasa,0,817,300,680,vans_id,scania_streamline_4x2_top_560,trailer.van_trans,trailer_def.vans_id.van_trans,100,1,0
69261,_nameless.183.4c34.a7d0,bosfir,zenica,dfh,berlin,1,1316,0,0,lumber,mercedes_4x2,trailer.profilinehd,trailer_def.krone.profilinerhd.single_3.flatbed,3,1,0
69261,_nameless.183.4c34.ad80,bosfir,zenica,posped,metz,0,1401,0,0,jcb_ft4220,iveco_sway_4x2_460,trailer.scs_lowlow2e,trailer_def.scs.lowloader.single_2_ln.long,1,1,0
69261,_nameless.183.4c34.9e10,bosfir,zenica,betunia,vlore,1,786,0,0,empty_spool,man_4x2_a,trailer.profilinehd,trailer_def.krone.profilinerhd.single_3.flatbed,4,1,0
69261,_nameless.183.4c34.8b60,stokes,tirana,cargotras,olbia,0,501,1380,1299,sausages,daf_xd_2,trailer.scs_ins_s,trailer_def.scs.box.single_3.insulated,33,1,0
69261,_nameless.183.4c34.8750,stokes,tirana,cargotras,pescara,2,325,540,420,vol_ew240emh,"""heavy/man_tgx_2020_8x4""",trailer.scs_lowbed_3,trailer_def.scs.lowbed.single_3.short,1,1,0
69261,_nameless.183.4c34.8820,stokes,tirana,cargotras,milano,0,862,540,420,locomotive,"""heavy/man_6x4""",trailer.scs_lowbed41,trailer_def.scs.lowbed.single_41_ln.long,1,1,0
69261,_nameless.183.4c34.8a90,ai,kassel,norr_food,uppsala,0,1458,0,0,aircond,mercedes_6x2_b,trailer.scs_lowlow2e,trailer_def.scs.lowloader.single_2_ln.long,5,1,0
69261,_nameless.183.4c32.d090,ai,kassel,cargotras,livorno,0,1170,0,0,brake_pads,scania_r_6x4_top_620,trailer.scs_curt,trailer_def.scs.box.single_3.curtain,33,1,0
69261,_nameless.183.4c32.ce20,ai,kassel,globeur,montpellier,0,1166,0,0,hipresstank,iveco_4x2_c,trailer.scs_flat_b,trailer_def.scs.flatbed.single_3.flatbed_w,8,1,0
69261,_nameless.183.4c32.df30,lkwlog,dortmund,lisette_log,rennes,0,879,0,0,vans_vt,volvo_fh16_6x4_700,trailer.truck_trans,trailer_def.vans_vt.truck_trans,100,1,0
69261,_nameless.183.4c32.b760,lkwlog,dortmund,norrsken,malmo,1,831,0,0,kr_ecb880cv,volvo_fh2024_4x2_420,trailer.scs_lowbed41,trailer_def.scs.lowbed.single_41_ln.long,1,1,0
69261,_nameless.183.4c32.d300,lkwlog,dortmund,polarislines,kristiansand,0,808,195,1052,nylon_cord,iveco_sway_4x2_500,trailer.scs_curt_s,trailer_def.scs.box.single_3.curtain,32,1,0
69261,_nameless.183.4c32.c050,lkwlog,dortmund,kaarfor,lublin,0,1051,0,0,beef_meat,volvo_fh2012_4x2_750,trailer.scs_ref_a,trailer_def.scs.box.single_3.reefer,33,1,0
69261,_nameless.183.4c32.b5c0,blt_yacht_ru,petersburg,renar,jyvaskyla,1,625,0,0,yacht,renault_magnum_6x4_a,trailer.kasbhr_sla,trailer_def.kassbohrer.sla.single_3_sh.lowbed,1,1,0
69261,_nameless.183.4c32.e000,lisette_log,ajaccio,mvm_carriere,bordeaux,0,668,930,1182,dozer,"""heavy/iveco_6x4""",trailer.scs_lowbed41,trailer_def.scs.lowbed.single_41_ln.long,1,1,0
69261,_nameless.183.4c32.bf80,lisette_log,ajaccio,tradeaux,lille,1,1179,840,1193,basil,daf_xg_4x2_450,trailer.dryliner17,trailer_def.krone.dryliner.single_3.dryvan,33,1,0
69261,_nameless.183.4c32.c7a0,lisette_log,ajaccio,balkan_loco,pleven,1,1346,1620,1979,pumps,daf_xf_4x2_370,trailer.scs_curt_a,trailer_def.scs.box.single_3.curtain,33,1,0
69261,_nameless.183.4c32.c390,log_atlan,sevilla,nucleon,civaux,0,1507,0,0,asph_miller,"""heavy/volvo_fh16_6x4_750""",trailer.scs_lowbed41,trailer_def.scs.lowbed.single_41_ln.long,1,1,0
69261,_nameless.183.4c32.b0e0,log_atlan,sevilla,stokes,plymouth,0,917,1076,1172,volvo_sd160b,man_6x4_b,trailer.kasbhr_sla,trailer_def.kassbohrer.sla.single_3_sh.lowbed,1,1,0
69261,_nameless.183.4c32.cfc0,log_atlan,sevilla,lavish_food,a_coruna,1,1051,0,0,froz_octopi,volvo_fh2012_4x2_750,trailer.scs_ref,trailer_def.scs.box.single_3.reefer,33,1,0
69261,_nameless.183.4c32.bc40,log_atlan,sevilla,eolo_lines,palermo,2,685,1557,1788,pumps,scania_s2016_4x2_high_590,trailer.scs_dry,trailer_def.scs.box.single_3.dryvan,33,1,0
69261,_nameless.183.4c32.b830,chimi,larochelle,rt_log,koln,1,1092,0,0,phosphor,volvo_fh2012_4x2_420,trailer.kasbhr_shg20,trailer_def.kassbohrer.shg.singl_3e_20.container,40,1,0
69261,_nameless.183.4c32.dcc0,exomar,a_coruna,stokes,cardiff,1,848,1080,1176,radiators,man_6x4_b,trailer.kasbhr_shg45,trailer_def.kassbohrer.scs.single_3_13.curtain,34,1,0
69261,_nameless.183.4c32.cc80,exomar,a_coruna,globeur,bourges,1,1405,0,0,pnut_butter,daf_6x2_a,trailer.coolliner17,trailer_def.krone.coolliner.single_3.reefer,33,1,0
69261,_nameless.183.4c32.c460,exomar,a_coruna,stokes,cardiff,0,848,1080,1176,cut_flowers,renault_premium_4x2_a,trailer.scs_ref,trailer_def.scs.box.single_3.reefer,33,1,0
69261,_nameless.183.4c32.dbf0,exomar,a_coruna,scs_paper,setubal,0,651,0,0,ter_forklift,daf_xf_euro6_6x2_a,trailer.scs_flat_b,trailer_def.scs.flatbed.single_3.flatbed_w,2,1,0
69261,_nameless.183.4c32.dd90,ika_bohag,kuopio,polarislines,oslo,1,1064,540,1170,empty_palet,mercedes_actros_2014_4x2_c,trailer.scs_dry_a,trailer_def.scs.box.single_3.dryvan,33,1,0
69261,_nameless.183.4c32.c120,ika_bohag,kuopio,gnt,kristiansand,1,1329,540,1170,pot_flowers,man_tgx_euro6_6x4_xlx,trailer.scs_ins,trailer_def.scs.box.single_3.insulated,33,1,0
69261,_nameless.183.4c32.c2c0,ika_bohag,kuopio,renar,kobenhavn,0,1195,540,1170,used_packag,daf_xf_euro6_4x2_b,trailer.scs_curt_a,trailer_def.scs.box.single_3.curtain,33,1,0
69261,_nameless.183.4c32.b9d0,fjoste,tornio,byggpro,andenes,2,892,0,0,floorpanels,renault_premium_4x2_c,trailer.panel_trans.floor,trailer_def.floorpanels.panel_trans.floor,82,1,0
69261,_nameless.183.4c32.d980,fjoste,tornio,norrsken,orebro,0,797,0,0,precast_strs,iveco_4x2_c,trailer.scs_curt_s,trailer_def.scs.box.single_3.curtain,33,1,0
69261,_nameless.183.4c32.d160,fjoste,tornio,drekkar,uppsala,1,750,0,0,concr_beams2,mercedes_actros_2014_4x2_a,trailer.profilinehd,trailer_def.krone.profilinerhd.single_3.flatbed,2,1,0
69261,_nameless.183.4c32.e340,fjoste,tornio,gnt,ventspils,1,1256,150,430,largetubes,scania_s2016_4x2_high_590,trailer.scs_log,trailer_def.scs.log.single_3.steel,6,1,0
69261,_nameless.183.4c32.d4a0,sanbuilders,krakow,adrica,zadar,2,1093,0,0,dozer,"""heavy/daf_xd""",trailer.scs_lowbed41,trailer_def.scs.lowbed.single_41_ln.long,1,1,0
69261,_nameless.183.4c32.bb70,sanbuilders,krakow,sanbuild_bas,stuttgart,0,899,0,0,mobile_crane,"""heavy/daf_xd""",trailer.kasbhr_slle,trailer_def.kassbohrer.sll.single_3_ln.low,1,1,0
69261,_nameless.183.4c32.c1f0,kathode,zurich,rt_log,koln,1,562,0,0,empty_barr,daf_xf_euro6_4x2_c,trailer.profiliner17,trailer_def.krone.profiliner.single_3.curtain,33,1,0
69261,_nameless.183.4c32.baa0,kathode,zurich,posped,warszawa,1,1244,0,0,elect_wiring,daf_xg_4x2_450,trailer.kasbhr_scs,trailer_def.kassbohrer.scs.single_3_13.curtain,34,1,0
69261,_nameless.183.4c32.da50,kathode,zurich,rt_log,travemunde,0,910,0,0,hipresstank,scania_streamline_4x2_norm_380,trailer.scs_flat_b,trailer_def.scs.flatbed.single_3.flatbed_w,8,1,0
69261,_nameless.183.4c32.b690,kathode,zurich,itcc,linz,1,629,0,0,ter_forklift,renault_premium_4x2_c,trailer.scs_flat_b,trailer_def.scs.flatbed.single_3.flatbed_w,2,1,0
69261,_nameless.183.4c32.cae0,skog_paper,trondheim,renar,kristiansund,1,255,25,36,large_cont,scania_s2016_4x2_norm_370,trailer.profilinehd,trailer_def.krone.profilinerhd.single_3.flatbed,33,1,0
69261,_nameless.183.4c32.e0d0,skog_paper,trondheim,gnt,uppsala,0,757,0,0,empty_spool,man_4x2_a,trailer.scs_flat_b,trailer_def.scs.flatbed.single_3.flatbed_w,4,1,0
69261,_nameless.183.4c32.beb0,skog_paper,trondheim,euroacres,bialystok,0,1406,510,1110,emptytank,man_tgx_2020_6x2,trailer.scs_flat_b,trailer_def.scs.flatbed.single_3.flatbed_w,1,1,0
69261,_nameless.183.4c32.ca10,skog_paper,trondheim,drekkar,bergen,0,582,105,149,empty_barr,daf_xd25,trailer.scs_dry_m,trailer_def.scs.box.single_3.dryvan_m,33,1,0
69261,_nameless.183.4c32.cbb0,trainfoundry,karlovo,tras_med,roma,0,1170,570,745,czl_muv75,"""heavy/scania_streamline_8x4_top_730""",trailer.scs_lowbed_4,trailer_def.scs.lowbed.single_4_sh.short,1,1,0
69261,_nameless.183.4c32.bde0,trainfoundry,karlovo,ccg_fla,rhodes,2,904,810,1889,mobile_crane,"""heavy/man_tgx_2020_8x4""",trailer.scs_lowbed41,trailer_def.scs.lowbed.single_41_ln.long,1,1,0
69261,_nameless.183.4c32.d3d0,trainfoundry,karlovo,fallow,targu_mures,2,687,0,0,train_part,scania_r2016_4x2_high_500,trailer.profilinehd,trailer_def.krone.profilinerhd.single_3.flatbed,4,1,0
69261,_nameless.183.4c32.e1a0,trainfoundry,karlovo,eurogoodies,lublin,0,1408,0,0,large_cont,daf_xgp_4x2_530,trailer.scs_lowbed_4,trailer_def.scs.lowbed.single_4_sh.short,27,1,0
69261,_nameless.183.4c32.e410,trainfoundry,karlovo,stokes,maribor,0,1083,0,0,empty_spool,renault_t_6x2,trailer.scs_lowbed_3,trailer_def.scs.lowbed.single_3.short,3,1,0
69261,_nameless.183.4c32.b900,trainfoundry,karlovo,costruzi_hal,sassari,2,1177,1410,1624,mat_handler,"""heavy/man_tgx_euro6_8x4_xlx""",trailer.kasbhr_slle,trailer_def.kassbohrer.sll.single_3_ln.low,1,1,0
69261,_nameless.183.4c32.b350,nordic_ports,trondheim,renor,kiruna,2,1110,0,0,scrap_metals,renault_premium_6x4_a,trailer.scs_dumper,trailer_def.scs.dumper.single_3.steel,10,1,0
69261,_nameless.183.4c32.b420,nordic_ports,trondheim,gnt,kristiansand,0,908,0,0,canned_beans,renault_magnum_6x2_a,trailer.scs_curt,trailer_def.scs.box.single_3.curtain,33,1,0
69261,_nameless.183.4c32.c600,nordic_ports,trondheim,renar,jyvaskyla,1,886,300,680,iron_pipes,daf_xg_4x2_450,trailer.scs_log,trailer_def.scs.log.single_3.steel,28,1,0
69261,_nameless.183.4c32.c6d0,euroacres,dresden,rt_log,geneve,1,1052,0,0,disc_harrows,mercedes_6x2_b,trailer.scs_lowlowd4,trailer_def.scs.lowloader.single_4_sh.short,1,1,0
69261,_nameless.183.4c32.cef0,euroacres,dresden,lateds,daugavpils,1,1216,0,0,onion,scania_streamline_6x4_top_480,trailer.kasbhr_sbt,trailer_def.kassbohrer.sbt.single_3_13.dryvan,34,1,0
69261,_nameless.183.4c32.cd50,euroacres,dresden,eviksi,liepaja,1,1099,0,0,tractors,man_4x2_a,trailer.scs_lowbed_3,trailer_def.scs.lowbed.single_3.short,1,1,0
69261,_nameless.183.4c32.d230,euroacres,dresden,norrsken,malmo,1,653,105,404,plums,daf_xf_euro6_4x2_a,trailer.scs_ins_s,trailer_def.scs.box.single_3.insulated,33,1,0
69261,_nameless.183.4c32.d570,huerta,sevilla,cesta_sl,barcelona,1,954,0,0,wheat,volvo_fh2012_4x2_420,trailer.scs_silo,trailer_def.scs.silo.single_3_10.silo,30,1,0
69261,_nameless.183.4c32.d640,huerta,sevilla,eolo_lines,porto_vecchi,1,1116,930,1182,cauliflower,mercedes_actros_2014_4x2_b,trailer.scs_dry_s,trailer_def.scs.box.single_3.dryvan,33,1,0
69261,_nameless.183.4c32.d710,huerta,sevilla,log_atlan,lisboa,0,522,0,0,tractors,daf_xf_euro6_6x4_c,trailer.kasbhr_sll,trailer_def.kassbohrer.sll.single_3_sh.low,1,1,0
69261,_nameless.183.4c32.b4f0,huerta,sevilla,exomar,burgos,2,723,0,0,straw_bales,man_tgx_2020_4x2,trailer.kasbhr_scs,trailer_def.kassbohrer.scs.single_3_13.curtain,6,1,0
69261,_nameless.183.4c32.f790,eviksi_a,valmiera,renar,kokkola,0,874,150,430,auger_wag,daf_xg_4x2_450,trailer.scs_lowlow2e,trailer_def.scs.lowloader.single_2_ln.long,1,1,0
69261,_nameless.183.4c33.1740,eviksi_a,valmiera,nordic_ports,bodo,0,1381,450,1110,goat_cheese,volvo_fh16_4x2_540,trailer.scs_ref_s,trailer_def.scs.box.single_3.reefer,33,1,0
69261,_nameless.183.4c32.e750,renar,kokkola,polarislines,kapellskar,0,438,540,1170,pot_flowers,scania_streamline_4x2_top_560,trailer.scs_ins_s,trailer_def.scs.box.single_3.insulated,33,1,0
69261,_nameless.183.4c33.0220,renar,kokkola,drekkar,linkoping,2,772,300,680,emp_wine_bar,volvo_fh2012_4x2_750,trailer.scs_dry_a,trailer_def.scs.box.single_3.dryvan,33,1,0
69261,_nameless.183.4c33.02f0,renar,kokkola,rosmark,rezekne,1,999,150,430,cont_trees,scania_s2016_6x4_high_730,trailer.scs_ref_s,trailer_def.scs.box.single_3.reefer,33,1,0
69261,_nameless.183.4c33.0ff0,renar,kokkola,posped,lodz,0,1569,150,430,apples,renault_magnum_6x2_a,trailer.scs_dry_s,trailer_def.scs.box.single_3.dryvan,33,1,0
69261,_nameless.183.4c33.0cb0,euroacres,bern,transinet,kassel,2,808,0,0,carrots,man_4x2_a,trailer.scs_dry_a,trailer_def.scs.box.single_3.dryvan,33,1,0
69261,_nameless.183.4c32.fc70,euroacres,bern,stokes,erfurt,0,844,0,0,young_seed,iveco_4x2_c,trailer.kasbhr_scs,trailer_def.kassbohrer.scs.single_3_13.curtain,34,1,0
69261,_nameless.183.4c33.0150,euroacres,bern,fle,brest,0,1209,0,0,cut_flowers,mercedes_actros_2014_4x2_a,trailer.scs_ref_s,trailer_def.scs.box.single_3.reefer,33,1,0
69261,_nameless.183.4c33.0f20,marina,rostock,tradeaux,olsztyn,1,621,0,0,yacht,mercedes_4x2_c,trailer.kasbhr_sla,trailer_def.kassbohrer.sla.single_3_sh.lowbed,1,1,0
69261,_nameless.183.4c33.1810,renat,riga,renar,dombas,0,920,510,1110,furniture,renault_t_4x2,trailer.scs_dry_s,trailer_def.scs.box.single_3.dryvan,33,1,0
69261,_nameless.183.4c33.1190,renat,riga,posped,katowice,1,901,0,0,empty_spool,daf_6x2_a,trailer.scs_lowbed_3,trailer_def.scs.lowbed.single_3.short,3,1,0
69261,_nameless.183.4c32.ea90,renat,riga,ai,bremen,2,1425,0,0,ter_forklift,mercedes_actros_2014_6x4_b,trailer.profilinehd,trailer_def.krone.profilinerhd.single_3.flatbed,2,1,0
69261,_nameless.183.4c33.15a0,sellplan,groningen,posped,verona,0,1288,0,0,used_plast_c,mercedes_actros_2014_4x2_b,trailer.scs_gosck40,trailer_def.scs.gooseneck.singl_3e_40.container,30,1,0
69261,_nameless.183.4c33.0700,sellplan,groningen,tradeaux,dusseldorf,0,327,0,0,used_packag,volvo_fh2012_6x2_500,trailer.dryliner17,trailer_def.krone.dryliner.single_3.dryvan,33,1,0
69261,_nameless.183.4c33.10c0,sellplan,groningen,posped,lublin,2,1132,0,0,used_plast,man_6x4_b,trailer.scs_curt,trailer_def.scs.box.single_3.curtain,33,1,0
69261,_nameless.183.4c33.0490,supercesta,albacete,cont_port_it,napoli,1,569,1300,1500,used_plast_c,daf_xgp_4x2_530,trailer.kasbhr_shg20,trailer_def.kassbohrer.shg.singl_3e_20.container,15,1,0
69261,_nameless.183.4c32.fe10,supercesta,albacete,log_atlan,leon,0,583,0,0,used_plast,renault_t_4x2,trailer.kasbhr_scs,trailer_def.kassbohrer.scs.single_3_13.curtain,34,1,0
69261,_nameless.183.4c32.edd0,huerta,murcia,cesare_smar,sassari,0,796,720,827,cauliflower,volvo_fh2021_6x2_540,trailer.scs_ins_s,trailer_def.scs.box.single_3.insulated,33,1,0
69261,_nameless.183.4c32.f040,huerta,murcia,exomar,a_coruna,2,1153,0,0,carrots_c,man_tgx_2020,trailer.scs_gosck220,trailer_def.scs.gooseneck.singl_3e_220.container,30,1,0
69261,_nameless.183.4c33.1670,vitas_pwr_co,sines,app,coimbra,1,331,0,0,volvo_a25g,"""heavy/scania_s2016_8x4_high_770""",trailer.kasbhr_slle,trailer_def.kassbohrer.sll.single_3_ln.low,1,1,0
69261,_nameless.183.4c33.08a0,sellplan,olsztyn,blt_ru,pskov,0,780,0,0,used_packag,scania_r_4x2_norm_360,trailer.scs_curt_a,trailer_def.scs.box.single_3.curtain,33,1,0
69261,_nameless.183.4c32.f110,sellplan,olsztyn,posped,szeged,0,954,0,0,used_plast_c,mercedes_actros_2014_6x2_a,trailer.kasbhr_shg40,trailer_def.kassbohrer.shg.singl_3e_40.container,30,1,0
69261,_nameless.183.4c33.0970,sellplan,olsztyn,polarislines,helsinki,0,829,150,430,empty_palet,volvo_fh2021_4x2_420,trailer.kasbhr_shg45,trailer_def.kassbohrer.scs.single_3_13.curtain,34,1,0
69261,_nameless.183.4c32.ec30,tras_med,catania,lognstick,istanbul,0,1447,590,1092,smokd_eel,volvo_fh2024_4x2_780,trailer.scs_ins,trailer_def.scs.box.single_3.insulated,33,1,0
69261,_nameless.183.4c32.eea0,tras_med,catania,villco,skopje,0,908,560,767,mozzarela,renault_premium_6x4_a,trailer.scs_ref,trailer_def.scs.box.single_3.reefer,33,1,0
69261,_nameless.183.4c32.f450,tras_med,catania,app,coimbra,2,1250,1557,1788,scooters,scania_r2016_6x4_high_660,trailer.dryliner17,trailer_def.krone.dryliner.single_3.dryvan,33,1,0
69261,_nameless.183.4c33.1330,scs_paper,madrid,log_atlan,lisboa,1,559,0,0,large_cont,renault_premium_4x2_a,trailer.profilinehd,trailer_def.krone.profilinerhd.single_3.flatbed,33,1,0
69261,_nameless.183.4c32.e5b0,scs_paper,madrid,wilnet_trans,marseille,1,1152,0,0,used_packag,iveco_sway_4x2_580,trailer.kasbhr_sbt,trailer_def.kassbohrer.sbt.single_3_13.dryvan,34,1,0
69261,_nameless.183.4c33.0080,scs_paper,madrid,log_atlan,porto,1,637,0,0,empty_spool,mercedes_actros_2014_6x2_a,trailer.profilinehd,trailer_def.krone.profilinerhd.single_3.flatbed,4,1,0
69261,_nameless.183.4c32.f5f0,vitas_pwr,rostock,norrsken,karlskrona,1,382,105,404,empty_spool,scania_streamline_6x4_top_480,trailer.kasbhr_sla,trailer_def.kassbohrer.sla.single_3_sh.lowbed,3,1,0
69261,_nameless.183.4c32.e680,scs_paper,beograd,transinet,torino,0,1362,0,0,empty_palet,volvo_fh2021_6x2_540,trailer.scs_curt_a,trailer_def.scs.box.single_3.curtain,33,1,0
69261,_nameless.183.4c32.e820,scs_paper,beograd,stokes,tirana,2,775,0,0,large_cont,scania_r2016_4x2_norm_370,trailer.scs_lowbed41,trailer_def.scs.lowbed.single_41_ln.long,36,1,0
69261,_nameless.183.4c32.f1e0,scs_paper,beograd,euroacres,brno,0,752,0,0,emptytank,volvo_fh2012_6x2_500,trailer.scs_flat_b,trailer_def.scs.flatbed.single_3.flatbed_w,1,1,0
69261,_nameless.183.4c32.f2b0,lintukainen,tartu,sanbuild_hms,rovaniemi,0,969,150,430,log_stacker,"""heavy/daf_6x4""",trailer.scs_lowlow4e,trailer_def.scs.lowloader.single_4_ln.long,1,1,0
69261,_nameless.183.4c32.f930,lintukainen,tartu,transinet,szczecin,1,1286,0,0,forwarder,"""heavy/renault_t_6x4""",trailer.kasbhr_slle,trailer_def.kassbohrer.sll.single_3_ln.low,1,1,0
69261,_nameless.183.4c32.e8f0,lintukainen,tartu,norse_rail,ostersund,0,771,570,1270,wooden_beams,mercedes_actros_2014_4x2_c,trailer.scs_log,trailer_def.scs.log.single_3.steel,2,1,0
69261,_nameless.183.4c32.f520,betunia,mostar,sanbuild_bas,koln,0,1584,0,0,marb_blck,volvo_fh2021_4x2_750,trailer.profilinehd,trailer_def.krone.profilinerhd.single_3.flatbed,1,1,0
69261,_nameless.183.4c32.f6c0,betunia,mostar,domdepo_ru,pleven,0,735,0,0,wooden_beams,man_tgx_euro6_6x4_xlx,trailer.scs_dry_m,trailer_def.scs.box.single_3.dryvan_m,2,1,0
69261,_nameless.183.4c32.fd40,betunia,mostar,exomar,olbia,1,860,1380,1299,logs,man_4x2_a,trailer.scs_log,trailer_def.scs.log.single_3.steel,32,1,0
69261,_nameless.183.4c33.0a40,mjolnir_min,tornio,lintukainen,kotka,1,690,0,0,jcb_bhl4cx,renault_premium_4x2_a,trailer.scs_lowbed_4,trailer_def.scs.lowbed.single_4_sh.short,1,1,0
69261,_nameless.183.4c33.0b10,mjolnir_min,tornio,blt,kaunas,2,1325,150,430,cement,scania_r2016_4x2_high_500,trailer.ffb_eut35,trailer_def.feldbinder.eut.single_3_35.silo_35_3p,17,1,0
69261,_nameless.183.4c33.0e50,shuttle,podgorica,baltrak,istanbul,0,1112,0,0,used_plast_c,renault_premium_6x4_a,trailer.krone.boxliner40,trailer_def.krone.boxliner.single_3_40.container,30,1,0
69261,_nameless.183.4c33.2b90,shuttle,podgorica,renar,calvi,1,732,1590,1654,used_packag,daf_xd25,trailer.profiliner17,trailer_def.krone.profiliner.single_3.curtain,33,1,0
69261,_nameless.183.4c33.43f0,shuttle,podgorica,icaria,kavala,1,902,0,0,forklifts,iveco_h_4x2_a,trailer.scs_lowbed_4,trailer_def.scs.lowbed.single_4_sh.short,3,1,0
69261,_nameless.183.4c33.1b50,shuttle,podgorica,cargotras,livorno,2,1521,0,0,used_plast,scania_streamline_4x2_norm_380,trailer.kasbhr_shg45,trailer_def.kassbohrer.scs.single_3_13.curtain,34,1,0
69261,_nameless.183.4c33.25e0,shuttle,podgorica,cont_port,galati,1,987,0,0,beverages_c,mercedes_6x4_a,trailer.krone.boxliner20,trailer_def.krone.boxliner.single_3.container,15,1,0
69261,_nameless.183.4c33.2440,norrsken,falun,norse_rail,kiruna,0,909,0,0,fireworks,scania_r_6x2_high_500,trailer.kasbhr_shg45,trailer_def.kassbohrer.scs.single_3_13.curtain,34,1,0
69261,_nameless.183.4c33.4730,norrsken,falun,agronord,mo_i_rana,2,877,0,0,kr_gx520,mercedes_actros_2014_4x2_b,trailer.kasbhr_slle,trailer_def.kassbohrer.sll.single_3_ln.low,1,1,0
69261,_nameless.183.4c33.1c20,norrsken,falun,lkwlog,gdansk,0,667,630,790,tableware,iveco_sway_4x2_460,trailer.scs_curt_s,trailer_def.scs.box.single_3.curtain,33,1,0
69261,_nameless.183.4c33.4a70,norrsken,falun,polarislines,paldiski,0,268,570,1270,mozzarela,iveco_h_4x2_a,trailer.coollineret,trailer_def.krone.ecoolliner.single_3.reefer,27,1,0
69261,_nameless.183.4c33.3890,nbfc,aberdeen,nbfc,london,0,843,0,0,ammonia,mercedes_actros_2014_4x2_a,trailer.scs_gastank,trailer_def.scs.gastank.single_3.gastank,31,1,0
69261,_nameless.183.4c33.2c60,nbfc,aberdeen,sanbuilders,london,1,844,0,0,lpg_t,man_tgx_euro6_4x2_xl,trailer.scs_gastank,trailer_def.scs.gastank.single_3.gastank,40,1,0
69261,_nameless.183.4c33.19b0,nbfc,aberdeen,itcc,luxembourg,0,1385,35,300,hipresstank,scania_r2016_4x2_norm_370,trailer.scs_flat_b,trailer_def.scs.flatbed.single_3.flatbed_w,8,1,0
69261,_nameless.183.4c33.2510,nbfc,aberdeen,ns_chem,malmo,0,961,1140,1314,arsenic,scania_streamline_6x2_norm_440,trailer.krone.boxliner220,trailer_def.krone.boxliner.single_3_220.container,80,1,0
69261,_nameless.183.4c33.1f60,libellula,bologna,tradeaux,klagenfurt,0,515,0,0,scooters,iveco_sway_4x2_500,trailer.scs_dry_ms,trailer_def.scs.box.single_3.dryvan_m,33,1,0
69261,_nameless.183.4c33.3b00,libellula,bologna,icaria,kalamata,1,1238,570,745,scrap_metals,renault_premium_6x4_a,trailer.scs_dumper,trailer_def.scs.dumper.single_3.steel,10,1,0
69261,_nameless.183.4c33.3620,onnelik,parnu,freyr,falun,1,396,570,1270,tractor_c,"""heavy/man_tgx_euro6_8x4_xlx""",trailer.scs_lowlow4e,trailer_def.scs.lowloader.single_4_ln.long,1,1,0
69261,_nameless.183.4c33.4b40,onnelik,parnu,stokes,bystrica,1,1301,0,0,square_baler,iveco_4x2_b,trailer.scs_lowbed41,trailer_def.scs.lowbed.single_41_ln.long,1,1,0
69261,_nameless.183.4c33.2030,onnelik,parnu,euroacres,bremen,1,1564,0,0,cott_harvest,"""heavy/man_tgx_euro6_8x4_xlx""",trailer.scs_lowlow4e,trailer_def.scs.lowloader.single_4_ln.long,1,1,0
69261,_nameless.183.4c33.1a80,tree_et,soria,app,faro,0,990,0,0,forwarder,"""heavy/scania_s2016_6x4_high_730""",trailer.kasbhr_slle,trailer_def.kassbohrer.sll.single_3_ln.low,1,1,0
69261,_nameless.183.4c33.26b0,tree_et,soria,cargotras,palermo,0,503,1557,1788,logs,daf_4x2_b,trailer.scs_log,trailer_def.scs.log.single_3.steel,32,1,0
69261,_nameless.183.4c33.1dc0,renar,lulea,renar,mikkeli,1,595,0,0,oil_filters,daf_4x2_b,trailer.dryliner17,trailer_def.krone.dryliner.single_3.dryvan,33,1,0
69261,_nameless.183.4c33.3ca0,renar,lulea,gnt,daugavpils,0,1379,150,430,boric_acid,volvo_fh16_4x2_540,trailer.scs_dry_m,trailer_def.scs.box.single_3.dryvan_m,33,1,0
69261,_nameless.183.4c33.3960,marina,brest,tradeaux,felixstowe,2,1041,35,300,large_cont,daf_xgp_4x2_530,trailer.profilinehd,trailer_def.krone.profilinerhd.single_3.flatbed,33,1,0
69261,_nameless.183.4c33.3bd0,te_logistica,napoli,icaria,chania,0,808,1060,1885,chicken_meat,volvo_fh2024_4x2_420,trailer.scs_ref,trailer_def.scs.box.single_3.reefer,33,1,0
69261,_nameless.183.4c33.3070,te_logistica,napoli,villco,nis,0,729,540,420,drymilk,daf_xf_euro6_6x4_c,trailer.kasbhr_sbt,trailer_def.kassbohrer.sbt.single_3_13.dryvan,34,1,0
69261,_nameless.183.4c33.2780,te_logistica,napoli,rt_log,bern,0,1124,0,0,glass_packed,scania_r2016_4x2_high_500,trailer.gls_trailer,trailer_def.glass_packed.gls_trailer,100,1,0
69261,_nameless.183.4c33.2850,te_logistica,napoli,vesna_mill,bitola,0,543,540,420,milk_t,volvo_fh2021_6x2_540,trailer.ffb_tsalm32,trailer_def.feldbinder.tsalm.single_3_32.32_3_2,23,1,0
69261,_nameless.183.4c33.2920,te_logistica,napoli,kaarfor,reims,2,1558,0,0,sausages,scania_streamline_4x2_top_560,trailer.scs_ref_a,trailer_def.scs.box.single_3.reefer,33,1,0
69261,_nameless.183.4c33.22a0,te_logistica,napoli,eurogoodies,innsbruck,2,952,0,0,bottle_water,man_tgx_2020_6x2,trailer.kasbhr_shg45,trailer_def.kassbohrer.scs.single_3_13.curtain,34,1,0
69261,_nameless.183.4c33.2370,te_logistica,napoli,posped,bystrica,1,1561,0,0,cable_reel,"""heavy/scania_streamline_8x4_top_730""",trailer.kasbhr_sll,trailer_def.kassbohrer.sll.single_3_sh.low,1,1,0
69261,_nameless.183.4c33.4c10,ts_atlas,gijon,trans_cab,lisboa,0,703,0,0,plast_film_c,daf_xf_euro6_6x4_c,trailer.kasbhr_shg20,trailer_def.kassbohrer.shg.singl_3e_20.container,15,1,0
69261,_nameless.183.4c33.18e0,ts_atlas,gijon,tras_med,cagliari,0,1058,720,827,apples_c,scania_streamline_4x2_top_560,trailer.krone.boxliner20,trailer_def.krone.boxliner.single_3.container,15,1,0
69261,_nameless.183.4c33.21d0,ts_atlas,gijon,ts_atlas,algeciras,0,1025,0,0,truck_rims_c,scania_streamline_4x2_norm_380,trailer.krone.boxliner40,trailer_def.krone.boxliner.single_3_40.container,30,1,0
69261,_nameless.183.4c33.1cf0,ts_atlas,gijon,te_logistica,cagliari,0,1051,720,827,pet_food_c,scania_r2016_4x2_high_500,trailer.scs_gosck20,trailer_def.scs.gooseneck.singl_3e_20.container,15,1,0
69261,_nameless.183.4c33.29f0,ts_atlas,gijon,log_atlan,lisboa,0,836,0,0,oil_filt_c,iveco_6x2_a,trailer.kasbhr_shg20,trailer_def.kassbohrer.shg.singl_3e_20.container,15,1,0
69261,_nameless.183.4c33.1e90,ts_atlas,gijon,lisette_log,larochelle,0,874,0,0,clothes_c,daf_xd_1,trailer.krone.boxliner40,trailer_def.krone.boxliner.single_3_40.container,30,1,0
69261,_nameless.183.4c33.2ac0,baltomors_ru,vyborg,bjork,kristiansand,2,1476,540,1170,logs,volvo_fh2021_4x2_750,trailer.scs_log,trailer_def.scs.log.single_3.steel,32,1,0
69261,_nameless.183.4c33.3e40,baltomors_ru,vyborg,viljo_paper,tampere,1,479,0,0,wshavings,daf_xd25,trailer.ffb_eut35,trailer_def.feldbinder.eut.single_3_35.silo_35_3p,35,1,0
69261,_nameless.183.4c33.2d30,baltomors_ru,vyborg,domdepo_ru,luga,1,279,0,0,wooden_beams,scania_streamline_4x2_norm_380,trailer.scs_log,trailer_def.scs.log.single_3.steel,2,1,0
69261,_nameless.183.4c33.2e00,rimaf,bitola,fattoria_f,roma,0,634,540,420,tractors,volvo_fh2024_6x2_500,trailer.kasbhr_sla,trailer_def.kassbohrer.sla.single_3_sh.lowbed,1,1,0
69261,_nameless.183.4c33.2ed0,rimaf,bitola,icaria,argostoli,2,353,460,720,chicken_meat,daf_4x2_a,trailer.scs_ref_s,trailer_def.scs.box.single_3.reefer,33,1,0
69261,_nameless.183.4c33.2fa0,icaria,mitilini,tradeaux,pecs,2,974,730,1440,chicken_meat,mercedes_actros_2014_6x2_a,trailer.scs_ins_a,trailer_def.scs.box.single_3.insulated,33,1,0
69261,_nameless.183.4c33.3d70,icaria,mitilini,icaria,rhodes,1,55,1485,3197,corks,daf_xg_4x2_450,trailer.kasbhr_sbt,trailer_def.kassbohrer.sbt.single_3_13.dryvan,34,1,0
69261,_nameless.183.4c33.37c0,tree_et_log,klagenfurt,te_logistica,firenze,0,519,0,0,wood_chipper,"""heavy/volvo_fh2024_6x4_600""",trailer.scs_lowlow2e,trailer_def.scs.lowloader.single_2_ln.long,1,1,0
69261,_nameless.183.4c33.3140,tree_et_log,klagenfurt,baltomorsk,kaunas,0,1426,0,0,logs,volvo_fh2021_4x2_420,trailer.scs_log,trailer_def.scs.log.single_3.steel,32,1,0
69261,_nameless.183.4c33.3210,ika_bohag,valladolid,tradeaux,ajaccio,1,705,930,1182,used_packag,scania_s2016_6x4_high_730,trailer.scs_dry_s,trailer_def.scs.box.single_3.dryvan,33,1,0
69261,_nameless.183.4c33.32e0,ika_bohag,valladolid,trans_cab,murcia,0,668,0,0,pot_flowers,man_6x4_b,trailer.coolliner17,trailer_def.krone.coolliner.single_3.reefer,33,1,0
69261,_nameless.183.4c33.44c0,eurogoodies,niksic,lkwlog,graz,1,952,0,0,vinegar,volvo_fh2012_6x2_500,trailer.kasbhr_shg45,trailer_def.kassbohrer.scs.single_3_13.curtain,34,1,0
69261,_nameless.183.4c33.3550,eurogoodies,niksic,stokes,warszawa,2,1445,0,0,beverages_t,volvo_fh2021_4x2_420,trailer.scs_fodt,trailer_def.scs.foodtank.single_3.paint,23,1,0
69261,_nameless.183.4c33.33b0,eurogoodies,niksic,lkwlog,graz,1,952,0,0,watermelons,daf_xgp25_4x2_530,trailer.scs_ins_a,trailer_def.scs.box.single_3.insulated,33,1,0
69261,_nameless.183.4c33.4590,renar,oslo,lkwlog,gdansk,0,655,630,790,beverages_t,man_tgx_2020_4x2,trailer.scs_fodt,trailer_def.scs.foodtank.single_3.paint,23,1,0
69261,_nameless.183.4c33.3fe0,renar,oslo,transinet,szczecin,2,1000,105,404,used_battery,scania_streamline_4x2_norm_380,trailer.scs_curt_a,trailer_def.scs.box.single_3.curtain,33,1,0
69261,_nameless.183.4c33.40b0,renar,oslo,transinet,bialystok,0,1080,510,1110,roofing_felt,iveco_sway_4x2_460,trailer.scs_dry_s,trailer_def.scs.box.single_3.dryvan,33,1,0
69261,_nameless.183.4c33.4250,tradeaux,klagenfurt,polarislines,ventspils,1,1573,0,0,corks,volvo_fh16_6x4_700,trailer.scs_dry_ms,trailer_def.scs.box.single_3.dryvan_m,33,1,0
69261,_nameless.183.4c33.4660,tradeaux,klagenfurt,rt_log,linz,0,279,0,0,pot_flowers,mercedes_6x4_a,trailer.scs_ref_a,trailer_def.scs.box.single_3.reefer,33,1,0
69261,_nameless.183.4c33.49a0,tradeaux,klagenfurt,posped,linz,2,308,0,0,fresh_fish,volvo_fh2012_6x2_500,trailer.coolliner17,trailer_def.krone.coolliner.single_3.reefer,33,1,0
69261,_nameless.183.3a55.80b0,tradeaux,klagenfurt,sanbuild_hms,mannheim,0,704,0,0,jcb_g100rs,man_tgx_euro6_4x2_xxl,trailer.scs_flat_b,trailer_def.scs.flatbed.single_3.flatbed_w,4,1,0
69261,_nameless.183.3a55.7fe0,nord_crown,umea,gnt,kalmar,1,871,0,0,fish_chips,mercedes_actros_2014_6x2_a,trailer.scs_ref,trailer_def.scs.box.single_3.reefer,33,1,0
69261,_nameless.183.3a55.7e40,nord_crown,umea,polarislines,ventspils,0,542,510,1110,olive_oil,iveco_sway_4x2_580,trailer.dryliner17,trailer_def.krone.dryliner.single_3.dryvan,33,1,0
69261,_nameless.183.3a55.5cf0,nord_crown,umea,norrsken,aalborg,2,962,195,677,yogurt,"""double/volvo_fh2012_4x2_750""",trailer.scs_ins_2,trailer_def.scs.box.double_3_2.insulated,52,1,0
69261,_nameless.183.3a55.5190,sanbuild_hms,salzburg,cnp,duisburg,2,840,0,0,watertank,daf_xgp_4x2_530,trailer.scs_lowlowd2,trailer_def.scs.lowloader.single_2_sh.short,1,1,0
69261,_nameless.183.3a55.7210,sanbuild_hms,salzburg,gnt,helsingborg,2,1185,105,404,kr_ecb880cv,renault_premium_4x2_a,trailer.scs_lowbed41,trailer_def.scs.lowbed.single_41_ln.long,1,1,0
69261,_nameless.183.3a55.6fa0,fle,toulouse,kaarfor,ajaccio,2,396,930,1182,apples,mercedes_4x2_b,trailer.dryliner17,trailer_def.krone.dryliner.single_3.dryvan,33,1,0
69261,_nameless.183.3a55.6100,fle,toulouse,sellplan,bern,0,845,0,0,oranges,volvo_fh2021_4x2_420,trailer.scs_ref_a,trailer_def.scs.box.single_3.reefer,33,1,0
69261,_nameless.183.3a55.6b90,cnp,ancona,adrica,split,1,36,600,315,dozer,"""heavy/renault_6x4""",trailer.scs_lowbed_4,trailer_def.scs.lowbed.single_4_sh.short,1,1,0
69261,_nameless.183.3a55.8250,cnp,ancona,dfh,nurnberg,0,963,0,0,propane,scania_r2016_6x2_high_460,trailer.scs_gastank,trailer_def.scs.gastank.single_3.gastank,40,1,0
69261,_nameless.183.3a55.7b00,cnp,ancona,icaria,argostoli,0,492,1030,1465,cable_reel,"""heavy/man_tgx_2020_8x4""",trailer.scs_lowlow4e,trailer_def.scs.lowloader.single_4_ln.long,1,1,0
69261,_nameless.183.3a55.8320,polarislines,frederikshv,polarislines,nynashamn,2,541,195,677,caviar,"""double/iveco_sway_4x2_580""",trailer.scs_ins_b2,trailer_def.scs.box.bdouble_3_3.insulated,52,1,0
69261,_nameless.183.3a55.7f10,polarislines,frederikshv,drekkar,linkoping,1,369,195,677,pesto,daf_4x2_a,trailer.scs_curt,trailer_def.scs.box.single_3.curtain,33,1,0
69261,_nameless.183.3a55.62a0,bltmetal,tallinn,renar,jyvaskyla,0,407,150,430,jcb_pw125qe,daf_xf_euro6_6x4_c,trailer.scs_flat_b,trailer_def.scs.flatbed.single_3.flatbed_w,24,1,0
69261,_nameless.183.3a55.5740,bltmetal,tallinn,sal_fi,pori,0,355,150,430,floorpanels,volvo_fh2021_4x2_420,trailer.panel_trans.floor,trailer_def.floorpanels.panel_trans.floor,82,1,0
69261,_nameless.183.3a55.6780,bltmetal,tallinn,norrsken,stockholm,0,153,570,1270,emptytank,scania_r2016_6x2_high_460,trailer.profilinehd,trailer_def.krone.profilinerhd.single_3.flatbed,1,1,0
69261,_nameless.183.3a55.7890,bltmetal,tallinn,gnt,bergen,0,1175,570,1270,iron_pipes,daf_xd,trailer.scs_log,trailer_def.scs.log.single_3.steel,28,1,0
69261,_nameless.183.3a55.59b0,mvm_carriere,lemans,tree_et,graz,2,1525,0,0,jcb_mexc19ce,scania_s2016_4x2_high_590,trailer.scs_flat_b,trailer_def.scs.flatbed.single_3.flatbed_w,3,1,0
69261,_nameless.183.3a55.7d70,mvm_carriere,lemans,cantera,vigo,2,1450,0,0,crawler,"""heavy/daf_xd""",trailer.scs_lowbed41,trailer_def.scs.lowbed.single_41_ln.long,1,1,0
69261,_nameless.183.3a55.5f60,gnt,bastia,tras_med,bari,0,630,1050,1234,basil,daf_xd,trailer.profiliner17,trailer_def.krone.profiliner.single_3.curtain,33,1,0
69261,_nameless.183.3a55.5810,gnt,bastia,adrica,rijeka,2,1422,840,1193,volvo_a25g,"""heavy/daf_xgp_4x2_530""",trailer.scs_lowlow2e,trailer_def.scs.lowloader.single_2_ln.long,1,1,0
69261,_nameless.183.3a55.6850,gnt,bastia,kaarfor,duisburg,0,1207,840,1193,salt_spice_c,renault_premium_4x2_a,trailer.scs_gosck40,trailer_def.scs.gooseneck.singl_3e_40.container,30,1,0
69261,_nameless.183.3a55.6c60,gnt,bastia,lkwlog,amsterdam,0,1342,840,1193,gummy_bears,scania_r2016_6x2_high_460,trailer.scs_dry_m,trailer_def.scs.box.single_3.dryvan_m,33,1,0
69261,_nameless.183.3a55.7480,bhv,narvik,renar,kuusamo,1,675,0,0,scooters,daf_xf_euro6_4x2_b,trailer.kasbhr_shg45,trailer_def.kassbohrer.scs.single_3_13.curtain,34,1,0
69261,_nameless.183.3a55.83f0,bhv,narvik,norse_rail,rovaniemi,2,500,0,0,cars_fr,mercedes_actros_2014_4x2_a,trailer.car_trans,trailer_def.cars_fr.car_trans,100,1,0
69261,_nameless.183.3a55.73b0,tradeaux,nice,cnp,livorno,1,395,0,0,empty_barr,scania_r2016_6x4_high_660,trailer.scs_dry,trailer_def.scs.box.single_3.dryvan,33,1,0
69261,_nameless.183.3a55.7070,tradeaux,nice,sellplan,salzburg,0,950,0,0,smokd_sprats,scania_s2016_4x2_norm_370,trailer.kasbhr_shg45,trailer_def.kassbohrer.scs.single_3_13.curtain,34,1,0
69261,_nameless.183.3a55.5a80,tradeaux,nice,lisette_log,paris,0,927,0,0,gnocchi,volvo_fh16_4x2_420,trailer.scs_ref_s,trailer_def.scs.box.single_3.reefer,33,1,0
69261,_nameless.183.3a55.61d0,tradeaux,nice,eolo_lines,lile_rousse,1,444,840,1193,basil,scania_r2016_4x2_norm_370,trailer.profiliner17,trailer_def.krone.profiliner.single_3.curtain,33,1,0
69261,_nameless.183.3a55.7550,tradeaux,nice,lkwlog,kosice,0,1545,0,0,plast_film,daf_xgp25_4x2_530,trailer.scs_dry_a,trailer_def.scs.box.single_3.dryvan,33,1,0
69261,_nameless.183.3a55.84c0,tradeaux,nice,cnp_str,zadar,1,1339,0,0,empty_palet,volvo_fh2012_4x2_750,trailer.scs_curt_s,trailer_def.scs.box.single_3.curtain,33,1,0
69261,_nameless.183.3a55.5c20,subse,brest,lkwlog,luxembourg,2,983,0,0,large_cont,scania_r2016_6x2_high_460,trailer.scs_lowbed41,trailer_def.scs.lowbed.single_41_ln.long,36,1,0
69261,_nameless.183.3a55.7620,subse,brest,globeur,lehavre,1,543,0,0,pesto,renault_magnum_6x2_a,trailer.scs_dry_s,trailer_def.scs.box.single_3.dryvan,33,1,0
69261,_nameless.183.3a55.5330,subse,brest,trans_cab,santander,2,973,0,0,drymilk,daf_xf_euro6_4x2_a,trailer.scs_dry_a,trailer_def.scs.box.single_3.dryvan,33,1,0
69261,_nameless.183.3a55.5dc0,subse,brest,tradeaux,clermont,0,852,0,0,olive_oil,iveco_sway_4x2_460,trailer.scs_dry_s,trailer_def.scs.box.single_3.dryvan,33,1,0
69261,_nameless.183.3a55.5e90,vitas_pwr,pamplona,tradeaux,nice,2,976,0,0,empty_palet,renault_premium_4x2_c,trailer.scs_curt_s,trailer_def.scs.box.single_3.curtain,33,1,0
69261,_nameless.183.3a55.54d0,vitas_pwr,pamplona,stokes,stuttgart,1,1528,0,0,empty_spool,scania_streamline_4x2_top_560,trailer.kasbhr_sla,trailer_def.kassbohrer.sla.single_3_sh.lowbed,3,1,0
69261,_nameless.183.3a55.6030,ns_oil,hamburg,trameri,warszawa,2,753,0,0,oil,scania_streamline_4x2_top_560,trailer.willig.fuel_cistern,trailer_def.scs.fueltank.single_3.fueltank,28,1,0
69261,_nameless.183.3a55.69f0,ns_oil,hamburg,trameri,strasbourg,2,699,0,0,motor_oil_c,renault_premium_4x2_a,trailer.scs_gosck220,trailer_def.scs.gooseneck.singl_3e_220.container,30,1,0
69261,_nameless.183.3a55.55a0,ns_oil,hamburg,syllurgy,banja_luka,0,1443,0,0,lpg_t,renault_magnum_4x2_a,trailer.scs_gastank,trailer_def.scs.gastank.single_3.gastank,40,1,0
69261,_nameless.183.3a55.6370,konstnr_wind,gedser,nordic_ports,ornskoldsvik,0,1207,0,0,dozer,"""heavy/scania_s2016_8x4_high_770""",trailer.kasbhr_slle,trailer_def.kassbohrer.sll.single_3_ln.low,1,1,0
69261,_nameless.183.3a55.6440,quarry,cardiff,quarry,mannheim,0,1051,35,300,jcb_pw125qe,volvo_fh2024_4x2_780,trailer.profilinehd,trailer_def.krone.profilinerhd.single_3.flatbed,24,1,0
69261,_nameless.183.3a55.65e0,quarry,cardiff,stokes,dijon,0,1064,35,300,mob_stacker,"""heavy/iveco_6x4""",trailer.kasbhr_sla,trailer_def.kassbohrer.sla.single_3_sh.lowbed,1,1,0
69261,_nameless.183.3a55.7140,kaarfor,limoges,ns_oil,frankfurt,2,1089,0,0,empty_palet,man_tgx_2020_6x2,trailer.kasbhr_scs,trailer_def.kassbohrer.scs.single_3_13.curtain,34,1,0
69261,_nameless.183.3a55.7bd0,kaarfor,limoges,dfh,hamburg,1,1333,0,0,used_plast_c,renault_t_4x2h,trailer.kasbhr_shg40,trailer_def.kassbohrer.shg.singl_3e_40.container,30,1,0
69261,_nameless.183.3a55.7960,kaarfor,limoges,log_atlan,lisboa,0,1475,0,0,used_plast,renault_premium_4x2_a,trailer.scs_dry_s,trailer_def.scs.box.single_3.dryvan,33,1,0
69261,_nameless.183.3a55.76f0,eurogoodies,kassel,suprema_ru,pskov,0,1591,0,0,cauliflower,renault_premium_4x2_c,trailer.scs_dry_m,trailer_def.scs.box.single_3.dryvan_m,33,1,0
69261,_nameless.183.3a55.77c0,eurogoodies,kassel,fallow,timisoara,2,1280,0,0,limonades,scania_r2016_6x2_high_460,trailer.scs_dry_m,trailer_def.scs.box.single_3.dryvan_m,30,1,0
69261,_nameless.183.3a55.7a30,eurogoodies,kassel,sellplan,newcastle,0,1390,35,300,canned_beef,scania_streamline_4x2_top_560,trailer.scs_ins_a,trailer_def.scs.box.single_3.insulated,33,1,0
69261,_nameless.183.3a55.7ca0,fcp,berlin,lkwlog,duisburg,1,598,0,0,used_packag,"""double/iveco_h_4x2_a""",trailer.scs_dry_b2,trailer_def.scs.box.bdouble_3_3.dryvan,25,1,0
69261,_nameless.183.3a55.a7b0,fcp,berlin,stokes,maribor,2,929,0,0,used_plast_c,volvo_fh2024_6x2_500,trailer.krone.boxliner20,trailer_def.krone.boxliner.single_3.container,15,1,0
69261,_nameless.183.3a55.8f50,fcp,berlin,norse_rail,gavle,2,1222,105,404,car_ibe,daf_4x2_a,trailer.car_trans,trailer_def.car_ibe.car_trans,100,1,0
69261,_nameless.183.3a55.9f90,fcp,berlin,chimi,montpellier,2,1495,0,0,contamin,iveco_sway_4x2_500,trailer.scs_gosck20,trailer_def.scs.gooseneck.singl_3e_20.container,40,1,0
69261,_nameless.183.3a55.9ec0,fcp,berlin,bhv,goteborg,0,756,105,404,pickup_gr,mercedes_6x4_a,trailer.truck_trans,trailer_def.pickup_gr.truck_trans,100,1,0
69261,_nameless.183.3a55.a200,fcp,berlin,bcp,kosice,1,929,0,0,cable_reel,"""heavy/volvo_fh2012_8x4_700""",trailer.kasbhr_sll,trailer_def.kassbohrer.sll.single_3_sh.low,1,1,0
69261,_nameless.183.3a55.9c50,fcp,berlin,lkwlog,dortmund,0,543,0,0,scaffoldings,volvo_fh2021_6x2_540,trailer.scs_dry_s,trailer_def.scs.box.single_3.dryvan,33,1,0
69261,_nameless.183.3a55.8660,imp_otel,galati,sanbuild_hms,beograd,2,715,0,0,large_cont,iveco_4x2_c,trailer.scs_flat_b,trailer_def.scs.flatbed.single_3.flatbed_w,33,1,0
69261,_nameless.183.3a55.9290,imp_otel,galati,dobr_ferm_bg,sofia,2,513,0,0,emptytank,scania_r2016_6x2_high_460,trailer.scs_flat_b,trailer_def.scs.flatbed.single_3.flatbed_w,1,1,0
69261,_nameless.183.3a55.8e80,imp_otel,galati,stokes,bystrica,1,1160,0,0,concr_beams,"""heavy/man_tgx_2020_8x4""",trailer.scs_lowlow4e,trailer_def.scs.lowloader.single_4_ln.long,1,1,0
69261,_nameless.183.3a55.ae30,imp_otel,galati,ttk_bg,varna,2,293,30,65,largetubes,volvo_fh16_6x4_700,trailer.scs_log,trailer_def.scs.log.single_3.steel,6,1,0
69261,_nameless.183.3a55.9500,fallow,targu_mures,syschema,tuzla,0,704,0,0,emptytank,renault_premium_4x2_a,trailer.scs_flat_b,trailer_def.scs.flatbed.single_3.flatbed_w,1,1,0
69261,_nameless.183.3a55.a880,fallow,targu_mures,lkwlog,kosice,0,585,0,0,brake_fluid,scania_r_6x2_high_500,trailer.krone.boxliner220,trailer_def.krone.boxliner.single_3_220.container,30,1,0
69261,_nameless.183.3a55.b650,fallow,targu_mures,kaarfor,constanta,0,659,0,0,atl_cod_flt,scania_s2016_4x2_high_590,trailer.scs_ins,trailer_def.scs.box.single_3.insulated,33,1,0
69261,_nameless.183.3a55.b0a0,euroacres,wien,lisette_log,nice,0,1269,0,0,cheese,volvo_fh2024_6x2_500,trailer.scs_ref,trailer_def.scs.box.single_3.reefer,33,1,0
69261,_nameless.183.3a55.9020,euroacres,wien,kaarfor,cambridge,2,1599,35,300,beans,daf_xd_1,trailer.dryliner17,trailer_def.krone.dryliner.single_3.dryvan,33,1,0
69261,_nameless.183.3a55.a3a0,euroacres,wien,baltomorsk,kaunas,2,1045,0,0,digger1000,mercedes_4x2,trailer.scs_lowbed_3,trailer_def.scs.lowbed.single_3.short,1,1,0
69261,_nameless.183.3a55.8db0,bhv,galati,posped,szeged,1,833,0,0,scooters,volvo_fh16_4x2_420,trailer.scs_dry_m,trailer_def.scs.box.single_3.dryvan_m,33,1,0
69261,_nameless.183.3a55.b310,ukko,loviisa,agronord,umea,2,547,300,680,excav_soil,daf_xg_4x2_450,trailer.scs_dumper,trailer_def.scs.dumper.single_3.steel,21,1,0
69261,_nameless.183.3a55.9b80,ukko,loviisa,renar,kuusamo,0,733,0,0,vol_ew240emh,"""heavy/volvo_fh2024_6x4_600""",trailer.scs_lowbed_3,trailer_def.scs.lowbed.single_3.short,1,1,0
69261,_nameless.183.3a55.95d0,wilnet_trans,lemans,lisette_log,bordeaux,2,615,0,0,fueltanker,volvo_fh2024_4x2_420,trailer.scs_gosck220,trailer_def.scs.gooseneck.singl_3e_220.container,80,1,0
69261,_nameless.183.3a55.a060,wilnet_trans,lemans,renar,kobenhavn,1,1476,0,0,jcb_dmphtd5e,renault_magnum_6x2_a,trailer.scs_flat_b,trailer_def.scs.flatbed.single_3.flatbed_w,7,1,0
69261,_nameless.183.3a55.9430,wilnet_trans,lemans,wilnet_trans,marseille,0,852,0,0,precast_strs,daf_4x2_b,trailer.scs_dry,trailer_def.scs.box.single_3.dryvan,33,1,0
69261,_nameless.183.3a55.a130,wilnet_trans,lemans,rt_log,koln,0,746,0,0,stone_wool,volvo_fh2012_6x2_500,trailer.scs_dry_s,trailer_def.scs.box.single_3.dryvan,33,1,0
69261,_nameless.183.3a55.a470,wilnet_trans,lemans,exomar,burgos,1,978,0,0,big_bag_seed,renault_t_4x2,trailer.profiliner17,trailer_def.krone.profiliner.single_3.curtain,32,1,0
69261,_nameless.183.3a55.b580,wilnet_trans,lemans,tree_et,bern,0,863,0,0,oil,daf_xf_euro6_6x2_a,trailer.willig.fuel_cistern,trailer_def.scs.fueltank.single_3.fueltank,28,1,0
69261,_nameless.183.3a55.9d20,wilnet_trans,lemans,drekkar,malmo,1,1560,0,0,cable_reel,"""heavy/daf_xd""",trailer.kasbhr_slle,trailer_def.kassbohrer.sll.single_3_ln.low,1,1,0
69261,_nameless.183.3a55.9360,charmey,bern,eurogoodies,wien,0,899,0,0,beverages_c,daf_xf_euro6_4x2_c,trailer.kasbhr_shg20,trailer_def.kassbohrer.shg.singl_3e_20.container,15,1,0
69261,_nameless.183.3a55.9ab0,charmey,bern,gnt,bastia,1,729,840,1193,packag_food,mercedes_6x4_a,trailer.kasbhr_scs,trailer_def.kassbohrer.scs.single_3_13.curtain,34,1,0
69261,_nameless.183.3a55.91c0,charmey,bern,lkwlog,graz,0,886,0,0,chewing_gums,iveco_4x2_c,trailer.scs_dry,trailer_def.scs.box.single_3.dryvan,31,1,0
69261,_nameless.183.3a55.8a70,charmey,bern,eolo_lines,sassari,0,906,720,827,beverages,man_tgx_euro6_6x4_xlx,trailer.scs_curt,trailer_def.scs.box.single_3.curtain,33,1,0
69261,_nameless.183.3a55.a540,cantera,a_coruna,trans_cab,vigo,1,230,0,0,volvo_bucket,scania_r2016_4x2_high_500,trailer.kasbhr_sll,trailer_def.kassbohrer.sll.single_3_sh.low,1,1,0
69261,_nameless.183.3a55.9770,cantera,a_coruna,app,ciudad_real,2,826,0,0,jcb_mexc19ce,mercedes_actros_2014_4x2_c,trailer.profilinehd,trailer_def.krone.profilinerhd.single_3.flatbed,3,1,0
69261,_nameless.183.3a55.a610,cantera,a_coruna,huerta,beja,1,752,0,0,watertank,scania_streamline_6x2_norm_440,trailer.scs_lowbed_4,trailer_def.scs.lowbed.single_4_sh.short,1,1,0
69261,_nameless.183.3a55.a6e0,cantera,a_coruna,mvm_carriere,bordeaux,1,973,0,0,volvo_a25g,"""heavy/scania_s2016_6x4_high_730""",trailer.kasbhr_slle,trailer_def.kassbohrer.sll.single_3_ln.low,1,1,0
69261,_nameless.183.3a55.96a0,cantera,a_coruna,posped,swansea,1,895,1080,1176,jcb_dmphtd5e,man_4x2_a,trailer.scs_flat_b,trailer_def.scs.flatbed.single_3.flatbed_w,7,1,0
69261,_nameless.183.3a55.b170,eurogoodies,cardiff,app,faro,2,1397,1076,1172,sausages,scania_streamline_4x2_norm_380,trailer.scs_ref,trailer_def.scs.box.single_3.reefer,33,1,0
69261,_nameless.183.3a55.af00,eurogoodies,cardiff,tradeaux,toulouse,2,1326,35,300,olive_oil_t,scania_r2016_4x2_high_500,trailer.scs_fodt,trailer_def.scs.foodtank.single_3.paint,25,1,0
69261,_nameless.183.3a55.b3e0,konstnr,gavle,sal_fi,ivalo,0,966,0,0,large_cont,volvo_fh2024_4x2_780,trailer.scs_lowbed41,trailer_def.scs.lowbed.single_41_ln.long,36,1,0
69261,_nameless.183.3a55.b720,konstnr,gavle,baltomorsk,klaipeda,2,391,510,1110,hipresstank,mercedes_actros_2014_4x2_c,trailer.scs_flat_b,trailer_def.scs.flatbed.single_3.flatbed_w,8,1,0
69261,_nameless.183.3a55.aa20,polarislines,karlskrona,polarislines,naantali,1,575,540,1170,potatoes,daf_xf_euro6_4x2_a,trailer.kasbhr_scs,trailer_def.kassbohrer.scs.single_3_13.curtain,34,1,0
69261,_nameless.183.3a55.8b40,polarislines,karlskrona,tradeaux,prague,0,1036,105,404,drymilk,daf_xf_euro6_6x4_c,trailer.kasbhr_shg45,trailer_def.kassbohrer.scs.single_3_13.curtain,34,1,0
69261,_nameless.183.3a55.8c10,polarislines,karlskrona,gnt,daugavpils,0,863,510,1110,nylon_cord,man_tgx_2020_4x2,trailer.scs_dry_a,trailer_def.scs.box.single_3.dryvan,30,1,0
69261,_nameless.183.3a55.8730,batisse_wind,montpellier,sanbuild_bas,munchen,0,1111,0,0,dozer,"""heavy/man_tgx_2020_8x4""",trailer.scs_lowbed41,trailer_def.scs.lowbed.single_41_ln.long,1,1,0
69261,_nameless.183.3a55.aaf0,batisse_wind,montpellier,ns_chem,puertollano,0,1114,0,0,empty_palet,daf_4x2_a,trailer.kasbhr_shg45,trailer_def.kassbohrer.scs.single_3_13.curtain,34,1,0
69261,_nameless.183.3a55.8800,batisse_wind,montpellier,te_logistica,napoli,0,1310,0,0,volvo_a25g,"""heavy/mercedes_6x4""",trailer.scs_lowbed_3,trailer_def.scs.lowbed.single_3.short,1,1,0
69261,_nameless.183.3a55.a950,lefko,thessaloniki,subse,galati,1,860,0,0,rye,scania_r2016_6x4_high_660,trailer.scs_silo,trailer_def.scs.silo.single_3_10.silo,30,1,0
69261,_nameless.183.3a55.9840,lefko,thessaloniki,tm_istanbul,istanbul,1,597,0,0,kr_ecb880cv,iveco_6x2_a,trailer.scs_lowbed41,trailer_def.scs.lowbed.single_41_ln.long,1,1,0
69261,_nameless.183.3a55.ad60,lefko,thessaloniki,villco,skopje,1,275,0,0,carrots,volvo_fh2024_4x2_780,trailer.scs_dry_m,trailer_def.scs.box.single_3.dryvan_m,33,1,0
69261,_nameless.183.3a55.afd0,lefko,thessaloniki,gnt,bastia,0,970,1620,1979,carrots_c,daf_xd,trailer.scs_gosck220,trailer_def.scs.gooseneck.singl_3e_220.container,30,1,0
69261,_nameless.183.3a55.88d0,cont_port_fr,lehavre,itcc,sheffield,0,707,35,300,acetylene,scania_r_4x2_norm_360,trailer.krone.boxliner20,trailer_def.krone.boxliner.single_3.container,40,1,0
69261,_nameless.183.3a55.9910,cont_port_fr,lehavre,trameri,innsbruck,0,1217,0,0,nitrogen,mercedes_6x2_b,trailer.scs_gosck220,trailer_def.scs.gooseneck.singl_3e_220.container,80,1,0
69261,_nameless.183.3a55.8ce0,acc,terni,betunia,mostar,2,373,600,315,sq_tub,scania_s2016_4x2_high_590,trailer.scs_flat_b,trailer_def.scs.flatbed.single_3.flatbed_w,2,1,0
69261,_nameless.183.3a55.89a0,acc,terni,trainfoundry,zagreb,0,1014,0,0,alu_ingot,renault_magnum_6x4_a,trailer.profilinehd,trailer_def.krone.profilinerhd.single_3.flatbed,28,1,0
69261,_nameless.183.3a55.bf40,acc,terni,sanbuilders,krakow,1,1449,0,0,largetubes,scania_r2016_6x2_high_460,trailer.scs_log,trailer_def.scs.log.single_3.steel,6,1,0
69261,_nameless.183.3a55.e300,cnp,duisburg,rt_log,barcelona,1,1367,0,0,watertank,daf_xf_euro6_4x2_b,trailer.scs_lowlowd2,trailer_def.scs.lowloader.single_2_sh.short,1,1,0
69261,_nameless.183.3a55.d050,cnp,duisburg,rt_log,rostock,2,593,0,0,oil,iveco_4x2_c,trailer.willig.fuel_cistern,trailer_def.scs.fueltank.single_3.fueltank,28,1,0
69261,_nameless.183.3a55.d120,cnp,duisburg,tree_et,salzburg,0,851,0,0,ethane,mercedes_actros_2014_4x2_c,trailer.scs_gastank,trailer_def.scs.gastank.single_3.gastank,40,1,0
69261,_nameless.183.3a55.ebf0,cnp,duisburg,dfh,berlin,0,527,0,0,carbn_pwdr_c,daf_xg_4x2_450,trailer.krone.boxliner220,trailer_def.krone.boxliner.single_3_220.container,30,1,0
69261,_nameless.183.3a55.ecc0,kaarfor,edirne,exomar,olbia,0,1284,1410,1624,used_plast,iveco_6x2_a,trailer.scs_dry_a,trailer_def.scs.box.single_3.dryvan,33,1,0
69261,_nameless.183.3a55.e3d0,kaarfor,edirne,stokes,katowice,1,1577,0,0,used_packag,mercedes_4x2,trailer.scs_dry,trailer_def.scs.box.single_3.dryvan,33,1,0
69261,_nameless.183.3a55.e4a0,kaarfor,edirne,balkan_loco,craiova,1,640,0,0,used_plast_c,man_tgx_euro6_4x2_xl,trailer.scs_gosck40,trailer_def.scs.gooseneck.singl_3e_40.container,30,1,0
69261,_nameless.183.3a55.caa0,ateria,vaasa,norrsken,borlange,0,424,300,680,iced_coffee,"""double/man_tgx_2020""",trailer.scs_dry_b2,trailer_def.scs.box.bdouble_3_3.dryvan,52,1,0
69261,_nameless.183.3a55.c900,ateria,vaasa,drekkar,aarhus,1,1364,540,1170,pnut_butter,volvo_fh2024_4x2_420,trailer.coolliner17,trailer_def.krone.coolliner.single_3.reefer,33,1,0
69261,_nameless.183.3a55.dc80,stokes,plymouth,comoto,valladolid,2,297,1076,1172,fueltanker,man_6x4_b,trailer.scs_gosck20,trailer_def.scs.gooseneck.singl_3e_20.container,40,1,0
69261,_nameless.183.3a55.da10,stokes,plymouth,rt_log,madrid,0,471,1076,1172,digger500,iveco_sway_4x2_580,trailer.scs_lowlowd4,trailer_def.scs.lowloader.single_4_sh.short,1,1,0
69261,_nameless.183.3a55.e570,stokes,plymouth,log_atlan,leon,1,394,1076,1172,nuts,man_4x2_a,trailer.scs_dry_s,trailer_def.scs.box.single_3.dryvan,33,1,0
69261,_nameless.183.3a55.c9d0,stokes,plymouth,app,zaragoza,1,338,1076,1172,basil,renault_etech_t,trailer.scs_curt_a,trailer_def.scs.box.single_3.curtain,33,1,0
69261,_nameless.183.3a55.c0e0,ns_oil,valmiera,borealis,mikkeli,2,605,150,430,oil,mercedes_6x2_b,trailer.scs_fueltank,trailer_def.scs.fueltank.single_3.fueltank,28,1,0
69261,_nameless.183.3a55.de20,ns_oil,valmiera,norse_rail,gavle,0,483,510,1110,motor_oil_c,daf_xd,trailer.kasbhr_shg40,trailer_def.kassbohrer.shg.singl_3e_40.container,30,1,0
69261,_nameless.183.3a55.e710,ns_oil,valmiera,aerobalt,turku,1,544,150,430,kerosene,daf_4x2_b,trailer.scs_fueltank,trailer_def.scs.fueltank.single_3.fueltank,30,1,0
69261,_nameless.183.3a55.c1b0,vainamoi_fla,kuusamo,nch,tallinn,0,800,150,430,empty_palet,volvo_fh16_4x2_540,trailer.scs_dry_a,trailer_def.scs.box.single_3.dryvan,33,1,0
69261,_nameless.183.3a55.c420,vainamoi_fla,kuusamo,kivi,turku,0,738,0,0,digger1000,scania_streamline_4x2_norm_380,trailer.kasbhr_sla,trailer_def.kassbohrer.sla.single_3_sh.lowbed,1,1,0
69261,_nameless.183.3a55.e160,nch_ru,petersburg,norrsken,goteborg,1,943,570,1270,wood_chipper,"""heavy/daf_xgp_4x2_530""",trailer.kasbhr_slle,trailer_def.kassbohrer.sll.single_3_ln.low,1,1,0
69261,_nameless.183.3a55.dae0,nch_ru,petersburg,sal_fi,kuopio,0,655,0,0,caravans,daf_xf_euro6_4x2_c,trailer.truck_trans,trailer_def.caravans.truck_trans,100,1,0
69261,_nameless.183.3a55.cc40,nch_ru,petersburg,blt,utena,2,633,0,0,horse_tr,iveco_4x2_c,trailer.truck_trans,trailer_def.horse_tr.truck_trans,100,1,0
69261,_nameless.183.3a55.e230,konstnr_wind,vaasa,lintukai_hrv,jyvaskyla,0,297,0,0,crawler,"""heavy/renault_6x4""",trailer.scs_lowbed41,trailer_def.scs.lowbed.single_41_ln.long,1,1,0
69261,_nameless.183.3a55.d600,batisse_wind,brest,cargotras,milano,0,1492,0,0,jcb_dmp6t2,"""heavy/iveco_6x4""",trailer.kasbhr_sll,trailer_def.kassbohrer.sll.single_3_sh.low,1,1,0
69261,_nameless.183.3a55.d1f0,batisse_wind,brest,gnt,bastia,1,1358,840,1193,ibc_cont,scania_streamline_4x2_norm_380,trailer.scs_curt_s,trailer_def.scs.box.single_3.curtain,33,1,0
69261,_nameless.183.3a55.d2c0,rock_eater,tekirdag,cnp,burgas,1,386,0,0,jcb_dmp6t2,"""heavy/daf_6x4""",trailer.scs_lowbed_4,trailer_def.scs.lowbed.single_4_sh.short,1,1,0
69261,_nameless.183.3a55.d390,rock_eater,tekirdag,rock_eater,argostoli,2,768,460,720,jcb_mexc19ce,man_tgx_euro6_4x2_xl,trailer.scs_flat_b,trailer_def.scs.flatbed.single_3.flatbed_w,3,1,0
69261,_nameless.183.3a55.dfc0,ika_bohag,odense,posped,strasbourg,2,989,0,0,used_packag,renault_premium_6x4_a,trailer.scs_dry_a,trailer_def.scs.box.single_3.dryvan,33,1,0
69261,_nameless.183.3a55.ba60,ika_bohag,odense,transinet,sheffield,2,331,1140,1314,empty_palet,volvo_fh2021_4x2_750,trailer.drylineret,trailer_def.krone.edryliner.single_3.dryvan,33,1,0
69261,_nameless.183.3a55.cb70,ika_bohag,odense,gnt,bergen,0,879,195,1052,pot_flowers,"""double/renault_magnum_4x2_a""",trailer.scs_ins_b2,trailer_def.scs.box.bdouble_3_3.insulated,52,1,0
69261,_nameless.183.3a55.def0,rock_eater,galati,tradeaux,krakow,0,1358,0,0,jcb_pw125qe,man_tgx_euro6_6x4_xlx,trailer.profilinehd,trailer_def.krone.profilinerhd.single_3.flatbed,24,1,0
69261,_nameless.183.3a55.c5c0,rock_eater,galati,shuttle,podgorica,0,973,0,0,emptytank,daf_xf_euro6_6x4_c,trailer.profilinehd,trailer_def.krone.profilinerhd.single_3.flatbed,1,1,0
69261,_nameless.183.3a55.eb20,quarry,innsbruck,drekkar,malmo,0,1105,105,404,mob_crusher,"""heavy/scania_r_6x4_top_730""",trailer.kasbhr_sll,trailer_def.kassbohrer.sll.single_3_sh.low,1,1,0
69261,_nameless.183.3a55.d460,quarry,innsbruck,transinet,torino,2,606,0,0,jcb_pw125qe,volvo_fh16_4x2_420,trailer.scs_flat_b,trailer_def.scs.flatbed.single_3.flatbed_w,24,1,0
69261,_nameless.183.3a55.ceb0,quarry,innsbruck,nch,vilnius,1,1491,0,0,jcb_bhl4cx,iveco_4x2_c,trailer.scs_lowlowd2,trailer_def.scs.lowloader.single_2_sh.short,1,1,0
69261,_nameless.183.3a55.e090,quarry,innsbruck,balkan_loco,sarajevo,1,1073,0,0,mat_handler,"""heavy/man_6x4""",trailer.kasbhr_slle,trailer_def.kassbohrer.sll.single_3_ln.low,1,1,0
69261,_nameless.183.3a55.c830,cnp_str,zagreb,cnp,ancona,0,873,0,0,motor_oil_c,volvo_fh2024_6x2_500,trailer.krone.boxliner20,trailer_def.krone.boxliner.single_3.container,15,1,0
69261,_nameless.183.3a55.cf80,cnp_str,zagreb,exomar,bologna,1,704,0,0,fuel_oil,iveco_sway_4x2_460,trailer.scs_fueltank,trailer_def.scs.fueltank.single_3.fueltank,27,1,0
69261,_nameless.183.3a55.e8b0,cnp_str,zagreb,stokes,maribor,1,149,0,0,oil,daf_xf_euro6_6x4_c,trailer.scs_fueltank,trailer_def.scs.fueltank.single_3.fueltank,28,1,0
69261,_nameless.183.3a55.e980,cnp_str,zagreb,tree_et,mannheim,2,862,0,0,lpg_t,man_4x2_a,trailer.scs_gastank,trailer_def.scs.gastank.single_3.gastank,40,1,0
69261,_nameless.183.3a55.ea50,betunia,pristina,transinet,bialystok,0,1405,0,0,concr_stair,volvo_fh2024_6x2_500,trailer.scs_flat_b,trailer_def.scs.flatbed.single_3.flatbed_w,3,1,0
69261,_nameless.183.3a55.bda0,betunia,pristina,icaria,athens,1,862,0,0,gravel,volvo_fh16_6x4_700,trailer.scs_dumper,trailer_def.scs.dumper.single_3.steel,13,1,0
69261,_nameless.183.3a55.bc00,huerta,albacete,stokes,plymouth,2,694,1076,1172,tractor,daf_xf_4x2_370,trailer.scs_lowbed_3,trailer_def.scs.lowbed.single_3.short,1,1,0
69261,_nameless.183.3a55.be70,huerta,albacete,app,ciudad_real,1,285,0,0,cut_flowers,"""double/mercedes_actros_2014_4x2_a""",trailer.scs_ref_b2,trailer_def.scs.box.bdouble_3_3.reefer,52,1,0
69261,_nameless.183.3a55.c010,huerta,albacete,lisette_log,bordeaux,2,870,0,0,kr_gx520,renault_premium_4x2_c,trailer.kasbhr_slle,trailer_def.kassbohrer.sll.single_3_ln.low,1,1,0
69261,_nameless.183.3a55.cde0,huerta,albacete,log_atlan,bilbao,1,678,0,0,auger_wag,mercedes_actros_2014_4x2_b,trailer.kasbhr_slle,trailer_def.kassbohrer.sll.single_3_ln.low,1,1,0
69261,_nameless.183.3a55.c280,villco_mkt,trikala,tras_med,bari,1,284,570,745,empty_palet,volvo_fh2021_6x2_540,trailer.kasbhr_scs,trailer_def.kassbohrer.scs.single_3_13.curtain,34,1,0
69261,_nameless.183.3a55.c350,villco_mkt,trikala,tradeaux,pecs,0,1094,0,0,used_packag,scania_streamline_6x4_top_480,trailer.dryliner17,trailer_def.krone.dryliner.single_3.dryvan,33,1,0
69261,_nameless.183.3a55.d530,stokes,stuttgart,sellplan,dresden,0,593,0,0,grapes,daf_xf_euro6_4x2_a,trailer.scs_ref_s,trailer_def.scs.box.single_3.reefer,33,1,0
69261,_nameless.183.3a56.02b0,stokes,stuttgart,drekkar,malmo,0,1191,0,0,guard_rails,mercedes_actros_2014_4x2_c,trailer.kasbhr_sbt,trailer_def.kassbohrer.sbt.single_3_13.dryvan,32,1,0
69261,_nameless.183.3a56.0a00,quarry,bern,batisse_base,clermont,0,498,0,0,stones,scania_s2016_6x4_high_730,trailer.scs_dumper,trailer_def.scs.dumper.single_3.steel,11,1,0
69261,_nameless.183.3a55.f750,quarry,bern,costruzi_hal,sassari,0,935,720,827,jcb_dmp6t2,"""heavy/daf_xgp_4x2_530""",trailer.scs_lowlowd2,trailer_def.scs.lowloader.single_2_sh.short,1,1,0
69261,_nameless.183.3a56.0790,volvo_fac,goteborg,nord_crown,stavanger,0,736,0,0,large_cont,scania_r_6x2_high_500,trailer.scs_lowbed_4,trailer_def.scs.lowbed.single_4_sh.short,27,1,0
69261,_nameless.183.3a56.20c0,volvo_fac,goteborg,nch,kouvola,1,912,540,1170,volvo_tr,iveco_4x2_c,trailer.truck_trans,trailer_def.volvo_tr.truck_trans,100,1,0
69261,_nameless.183.3a55.f410,volvo_fac,goteborg,lkwlog,amsterdam,0,915,195,677,empty_barr,renault_t_6x2,trailer.scs_dry,trailer_def.scs.box.single_3.dryvan,33,1,0
69261,_nameless.183.3a56.0ad0,euroacres,groningen,posped,szeged,0,1514,0,0,drymilk,iveco_4x2_c,trailer.kasbhr_scs,trailer_def.kassbohrer.scs.single_3_13.curtain,34,1,0
69261,_nameless.183.3a56.06c0,euroacres,groningen,tradeaux,brest,1,1247,0,0,tractor_au,daf_xf_euro6_4x2_a,trailer.scs_lowlow2e,trailer_def.scs.lowloader.single_2_ln.long,1,1,0
69261,_nameless.183.3a56.0d40,radus,bijelo_polje,fle,stuttgart,2,1440,0,0,large_cont,iveco_sway_4x2_580,trailer.scs_lowbed41,trailer_def.scs.lowbed.single_41_ln.long,36,1,0
69261,_nameless.183.3a56.0ba0,radus,bijelo_polje,exomar,taranto,0,427,540,420,bricks,scania_r_4x2_norm_360,trailer.profilinebm,trailer_def.krone.profilinerbm.single_3.brick,32,1,0
69261,_nameless.183.3a55.fea0,radus,bijelo_polje,christopoulo,heraklion,0,1115,540,760,concr_beams2,volvo_fh16_6x4_700,trailer.scs_flat_b,trailer_def.scs.flatbed.single_3.flatbed_w,2,1,0
69261,_nameless.183.3a55.ef30,cont_port,aarhus,nbfc,aberdeen,2,748,1140,1314,phosphor,iveco_h_4x2_a,trailer.kasbhr_shg40,trailer_def.kassbohrer.shg.singl_3e_40.container,80,1,0
69261,_nameless.183.3a56.0c70,cont_port,aarhus,wgcc,kokkola,0,1534,300,680,fluorine,man_tgx_euro6_4x2_xl,trailer.scs_gosck20,trailer_def.scs.gooseneck.singl_3e_20.container,40,1,0
69261,_nameless.183.3a56.0e10,cont_port,aarhus,renar,kokkola,2,1531,300,680,salt_spice_c,daf_xf_euro6_4x2_b,trailer.krone.boxliner220,trailer_def.krone.boxliner.single_3_220.container,30,1,0
69261,_nameless.183.3a56.1080,ms_stein,oslo,sal_fi,ivalo,1,1500,0,0,mob_screener,"""heavy/scania_streamline_8x4_top_730""",trailer.kasbhr_slle,trailer_def.kassbohrer.sll.single_3_ln.low,1,1,0
69261,_nameless.183.3a56.1a40,ms_stein,oslo,baltomors_ru,pskov,0,1038,570,1270,jcb_exc245xr,"""heavy/renault_t_6x4""",trailer.scs_lowbed41,trailer_def.scs.lowbed.single_41_ln.long,1,1,0
69261,_nameless.183.3a56.0ee0,ms_stein,oslo,drekkar,odense,1,830,0,0,empty_spool,daf_xd_1,trailer.scs_flat_b,trailer_def.scs.flatbed.single_3.flatbed_w,4,1,0
69261,_nameless.183.3a56.1970,app,coimbra,nos_pat,lleida,1,1106,0,0,tractor_c,"""heavy/daf_xgp_4x2_530""",trailer.kasbhr_slle,trailer_def.kassbohrer.sll.single_3_ln.low,1,1,0
69261,_nameless.183.3a56.1b10,app,coimbra,rt_log,madrid,1,723,0,0,hi_volt_cabl,mercedes_actros_2014_6x4_b,trailer.scs_dry_ms,trailer_def.scs.box.single_3.dryvan_m,33,1,0
69261,_nameless.183.3a55.f0d0,norrsken,goteborg,norrsken,hamar,0,415,0,0,fresh_fish,scania_s2016_4x2_norm_370,trailer.scs_ref_a,trailer_def.scs.box.single_3.reefer,33,1,0
69261,_nameless.183.3a56.05f0,norrsken,goteborg,tradeaux,hannover,0,944,0,0,desinfection,"""double/renault_t_4x2h""",trailer.profiline17d,trailer_def.krone.profiliner.double_3_2.curtain,37,1,0
69261,_nameless.183.3a56.0860,norrsken,goteborg,polarislines,tallinn,0,621,570,1270,beverages,scania_s2016_6x4_high_730,trailer.scs_dry_m,trailer_def.scs.box.single_3.dryvan_m,30,1,0
69261,_nameless.183.3a56.0930,norrsken,goteborg,sal_fi,helsinki,1,750,540,1170,chem_sorbent,"""double/scania_s2016_6x4_high_660""",trailer.scs_dry_b2,trailer_def.scs.box.bdouble_3_3.dryvan,52,1,0
69261,_nameless.183.3a56.1150,norrsken,goteborg,stokes,katowice,1,1259,105,404,copp_rf_gutt,man_tgx_euro6_4x2_xxl,trailer.scs_dry_m,trailer_def.scs.box.single_3.dryvan_m,33,1,0
69261,_nameless.183.3a56.1be0,norrsken,goteborg,posped,lodz,0,1131,105,404,med_vaccine,daf_xf_euro6_4x2_c,trailer.scs_ref_s,trailer_def.scs.box.single_3.reefer,33,1,0
69261,_nameless.183.3a56.1220,tradeaux,pecs,fallow,targu_mures,0,664,0,0,oil_filt_c,man_tgx_2020,trailer.scs_gosck40,trailer_def.scs.gooseneck.singl_3e_40.container,30,1,0
69261,_nameless.183.3a55.ed90,bhv,albacete,lisette_log,larochelle,2,1126,0,0,vans_vt,volvo_fh2024_4x2_780,trailer.truck_trans,trailer_def.vans_vt.truck_trans,100,1,0
69261,_nameless.183.3a55.fd00,bhv,albacete,wilnet_trans,limoges,0,1118,0,0,motorcycles,scania_s2016_4x2_high_590,trailer.dryliner17,trailer_def.krone.dryliner.single_3.dryvan,33,1,0
69261,_nameless.183.3a56.1490,ika_bohag,munchen,cnp,napoli,2,1157,0,0,empty_palet,volvo_fh2024_4x2_780,trailer.scs_curt,trailer_def.scs.box.single_3.curtain,33,1,0
69261,_nameless.183.3a56.1630,ika_bohag,munchen,lkwlog,dover,0,947,91,384,pot_flowers,man_tgx_euro6_6x4_xlx,trailer.scs_ref,trailer_def.scs.box.single_3.reefer,33,1,0
69261,_nameless.183.3a56.1700,norr_food,jonkoping,blt_ru,pskov,0,758,570,1270,used_plast,daf_6x2_a,trailer.profiliner17,trailer_def.krone.profiliner.single_3.curtain,33,1,0
69261,_nameless.183.3a56.17d0,lkwlog,nurnberg,transinet,rotterdam,2,692,0,0,metal_beams,renault_magnum_6x2_a,trailer.scs_flat_b,trailer_def.scs.flatbed.single_3.flatbed_w,2,1,0
69261,_nameless.183.3a56.1d80,lkwlog,nurnberg,stokes,stuttgart,1,261,0,0,grass_rolls,volvo_fh2012_6x2_500,trailer.profiliner17,trailer_def.krone.profiliner.single_3.curtain,33,1,0
69261,_nameless.183.3a56.1e50,lkwlog,nurnberg,stokes,bystrica,2,756,0,0,used_plast,iveco_h_4x2_a,trailer.scs_curt_a,trailer_def.scs.box.single_3.curtain,33,1,0
69261,_nameless.183.3a55.f000,lkwlog,nurnberg,balkan_loco,pleven,1,1552,0,0,air_mails,man_4x2_c,trailer.scs_dry,trailer_def.scs.box.single_3.dryvan,33,1,0
69261,_nameless.183.3a56.1ff0,cont_port,oslo,viljo_paper,kouvola,1,978,540,1170,sodhydro,man_tgx_2020_6x2,trailer.scs_gosck40,trailer_def.scs.gooseneck.singl_3e_40.container,80,1,0
69261,_nameless.183.3a55.fc30,cont_port,oslo,ladoga_ru,petersburg,0,1054,570,1270,fluorine,daf_4x2_b,trailer.krone.boxliner220,trailer_def.krone.boxliner.single_3_220.container,80,1,0
69261,_nameless.183.3a55.f4e0,aluxion,karakaj,sanbuilders,salzburg,2,851,0,0,iron_pipes,man_6x4_b,trailer.scs_log,trailer_def.scs.log.single_3.steel,28,1,0
69261,_nameless.183.3a55.f5b0,aluxion,karakaj,sanbuilders,bern,2,1418,0,0,jcb_pw125qe,renault_t_6x2,trailer.profilinehd,trailer_def.krone.profilinerhd.single_3.flatbed,24,1,0
69261,_nameless.183.3a55.ff70,aluxion,karakaj,adrica,split,2,597,0,0,jcb_th540180,man_tgx_euro6_4x2_xxl,trailer.kasbhr_sll,trailer_def.kassbohrer.sll.single_3_sh.low,1,1,0
69261,_nameless.183.3a55.f9c0,scs_paper,navia,renar,calvi,0,1006,930,1182,empty_spool,scania_streamline_4x2_top_560,trailer.kasbhr_sla,trailer_def.kassbohrer.sla.single_3_sh.lowbed,3,1,0
69261,_nameless.183.3a55.f8f0,scs_paper,navia,app,faro,1,939,0,0,empty_barr,"""double/daf_xgp_4x2_530""",trailer.profiline17d,trailer_def.krone.profiliner.double_3_2.curtain,52,1,0
69261,_nameless.183.3a55.fa90,scs_paper,navia,fle,barcelona,1,945,0,0,large_cont,mercedes_actros_2014_6x2_a,trailer.scs_flat_b,trailer_def.scs.flatbed.single_3.flatbed_w,33,1,0
69261,_nameless.183.3a55.fb60,scs_paper,navia,lavish_food,huelva,2,1004,0,0,empty_palet,man_tgx_euro6_4x2_xxl,trailer.dryliner17,trailer_def.krone.dryliner.single_3.dryvan,33,1,0
69261,_nameless.183.3a56.0040,steinbr_str,magdeburg,ms_stein,kristiansand,0,734,195,1052,crawler,"""heavy/scania_s2016_6x4_high_730""",trailer.scs_lowlow2e,trailer_def.scs.lowloader.single_2_ln.long,1,1,0
69261,_nameless.183.3a56.4ca0,ika_bohag,bucuresti,icaria,mitilini,0,627,730,1440,pot_flowers,renault_premium_4x2_a,trailer.scs_ins,trailer_def.scs.box.single_3.insulated,33,1,0
69261,_nameless.183.3a56.2b50,ika_bohag,bucuresti,tras_med,catania,0,1482,560,767,used_packag,scania_r_4x2_norm_360,trailer.scs_dry_a,trailer_def.scs.box.single_3.dryvan,33,1,0
69261,_nameless.183.3a56.2e90,ika_bohag,bucuresti,icaria,mitilini,2,627,730,1440,empty_palet,scania_r_6x2_high_500,trailer.scs_dry_m,trailer_def.scs.box.single_3.dryvan_m,32,1,0
69261,_nameless.183.3a56.53f0,brawen,banja_luka,lkwlog,osnabruck,0,1392,0,0,lumber,volvo_fh2012_4x2_420,trailer.scs_flat_b,trailer_def.scs.flatbed.single_3.flatbed_w,3,1,0
69261,_nameless.183.3a56.28e0,brawen,banja_luka,cnp,wien,0,550,0,0,vent_tube,scania_s2016_6x4_high_730,trailer.profilinehd,trailer_def.krone.profilinerhd.single_3.flatbed,2,1,0
69261,_nameless.183.3a56.2670,brawen,banja_luka,lkwlog,lublin,0,962,0,0,hi_volt_cabl,scania_r2016_4x2_high_500,trailer.profiliner17,trailer_def.krone.profiliner.single_3.curtain,33,1,0
69261,_nameless.183.3a56.2190,brawen,banja_luka,icaria,rhodes,1,1492,810,1889,caravans,man_tgx_2020_6x2,trailer.truck_trans,trailer_def.caravans.truck_trans,100,1,0
69261,_nameless.183.3a56.5180,brawen,banja_luka,fcp,brussel,1,1473,0,0,backfl_prev,iveco_sway_4x2_580,trailer.kasbhr_sbt,trailer_def.kassbohrer.sbt.single_3_13.dryvan,31,1,0
69261,_nameless.183.3a56.4a30,shuttle,novi_sad,balkan_loco,edirne,0,883,0,0,beverages,scania_streamline_4x2_norm_380,trailer.scs_curt,trailer_def.scs.box.single_3.curtain,33,1,0
69261,_nameless.183.3a56.4480,shuttle,novi_sad,villco,skopje,0,524,0,0,beverages_t,daf_xd_1,trailer.scs_fodt,trailer_def.scs.foodtank.single_3.paint,23,1,0
69261,_nameless.183.3a56.2260,shuttle,novi_sad,stokes,zurich,0,1335,0,0,used_plast_c,daf_xg_4x2_450,trailer.krone.boxliner40,trailer_def.krone.boxliner.single_3_40.container,30,1,0
69261,_nameless.183.3a56.31d0,shuttle,novi_sad,baltrak,edirne,0,884,0,0,used_packag,renault_t_6x2,trailer.kasbhr_sbt,trailer_def.kassbohrer.sbt.single_3_13.dryvan,34,1,0
69261,_nameless.183.3a56.3510,shuttle,novi_sad,trameri,wroclaw,1,831,0,0,forklifts,mercedes_actros_2014_6x4_b,trailer.scs_lowbed_4,trailer_def.scs.lowbed.single_4_sh.short,3,1,0
69261,_nameless.183.3a56.5250,ika_bohag,hamar,drekkar,odense,0,896,0,0,pot_flowers,daf_xd25,trailer.coolliner17,trailer_def.krone.coolliner.single_3.reefer,33,1,0
69261,_nameless.183.3a56.3ed0,ika_bohag,hamar,renar,stavanger,2,663,0,0,empty_palet,daf_xd25,trailer.kasbhr_scs,trailer_def.kassbohrer.scs.single_3_13.curtain,34,1,0
69261,_nameless.183.3a56.5320,trameri,wroclaw,balkan_loco,pleven,0,1380,0,0,aircond,man_tgx_2020_6x2,trailer.scs_lowlow2e,trailer_def.scs.lowloader.single_2_ln.long,5,1,0
69261,_nameless.183.3a56.3d30,trameri,wroclaw,lkwlog,dortmund,0,812,0,0,sandwch_pnls,man_tgx_2020_4x2,trailer.kasbhr_sbt,trailer_def.kassbohrer.sbt.single_3_13.dryvan,34,1,0
69261,_nameless.183.3a56.2330,trameri,wroclaw,blt,utena,1,859,0,0,fueltanker,renault_premium_4x2_c,trailer.scs_gosck40,trailer_def.scs.gooseneck.singl_3e_40.container,80,1,0
69261,_nameless.183.3a56.4550,renat,brasov,fallow,timisoara,2,533,0,0,mat_handler,"""heavy/man_6x4""",trailer.scs_lowlow4e,trailer_def.scs.lowloader.single_4_ln.long,1,1,0
69261,_nameless.183.3a56.2c20,renat,brasov,tradeaux,pecs,1,844,0,0,forklifts,man_tgx_euro6_4x2_xl,trailer.scs_lowbed_4,trailer_def.scs.lowbed.single_4_sh.short,3,1,0
69261,_nameless.183.3a56.2400,renat,brasov,lkwlog,gdansk,1,1480,0,0,empty_spool,mercedes_actros_2014_4x2_c,trailer.scs_lowbed_3,trailer_def.scs.lowbed.single_3.short,3,1,0
69261,_nameless.183.3a56.24d0,renat,brasov,suprema_ru,kaliningrad,0,1532,0,0,furniture,daf_xf_euro6_4x2_b,trailer.scs_dry_ms,trailer_def.scs.box.single_3.dryvan_m,33,1,0
69261,_nameless.183.3a56.3e00,quadrelli,pescara,icaria,argostoli,1,331,1030,1465,excavator,renault_premium_6x4_a,trailer.scs_lowbed_3,trailer_def.scs.lowbed.single_3.short,1,1,0
69261,_nameless.183.3a56.4070,quadrelli,pescara,transinet,ostrava,1,1360,0,0,gravel,man_tgx_euro6_4x2_xl,trailer.scs_dumper,trailer_def.scs.dumper.single_3.steel,16,1,0
69261,_nameless.183.3a56.4e40,bcp,pecs,exomar,taranto,0,1557,0,0,volvo_cars,volvo_fh16_4x2_420,trailer.car_trans,trailer_def.volvo_cars.car_trans,100,1,0
69261,_nameless.183.3a56.2f60,bcp,pecs,lisette_log,nice,0,1273,0,0,forklifts,renault_t_6x2,trailer.scs_lowbed41,trailer_def.scs.lowbed.single_41_ln.long,3,1,0
69261,_nameless.183.3a56.4890,tradeaux,dusseldorf,domdepo,linz,0,815,0,0,roofing_felt,daf_4x2_b,trailer.scs_curt_a,trailer_def.scs.box.single_3.curtain,33,1,0
69261,_nameless.183.3a56.3850,tradeaux,dusseldorf,gnt,panevezys,2,1578,0,0,fuel_oil,mercedes_6x2_b,trailer.willig.fuel_cistern,trailer_def.scs.fueltank.single_3.fueltank,27,1,0
69261,_nameless.183.3a56.3920,tradeaux,dusseldorf,fle,montpellier,1,1085,0,0,comp_process,daf_xd_1,trailer.scs_curt_s,trailer_def.scs.box.single_3.curtain,33,1,0
69261,_nameless.183.3a56.3030,tradeaux,dusseldorf,norr_food,kalmar,2,1184,0,0,cauliflower,renault_magnum_4x2_a,trailer.scs_dry_s,trailer_def.scs.box.single_3.dryvan,33,1,0
69261,_nameless.183.3a56.42e0,tradeaux,dusseldorf,transinet,debrecen,1,1396,0,0,limonades,man_tgx_2020_4x2,trailer.kasbhr_sbt,trailer_def.kassbohrer.sbt.single_3_13.dryvan,30,1,0
69261,_nameless.183.3a56.2cf0,polarislines,kapellskar,suprema,rovaniemi,0,947,0,0,smokd_eel,"""double/daf_4x2_a""",trailer.scs_ins_2,trailer_def.scs.box.double_3_2.insulated,52,1,0
69261,_nameless.183.3a56.43b0,polarislines,kapellskar,blt,tartu,2,209,570,1270,concen_juice,renault_premium_4x2_c,trailer.scs_dry,trailer_def.scs.box.single_3.dryvan,30,1,0
69261,_nameless.183.3a56.4210,eppa,olhao,gallia_ferry,bilbao,1,1097,0,0,olives,mercedes_6x2_b,trailer.scs_dry_s,trailer_def.scs.box.single_3.dryvan,33,1,0
69261,_nameless.183.3a56.54c0,eppa,olhao,ika_bohag,valladolid,0,802,0,0,beverages_t,scania_s2016_6x2_high_460,trailer.ffb_tsalm32,trailer_def.feldbinder.tsalm.single_3_32.32_3_2,27,1,0
69261,_nameless.183.3a56.4fe0,wgcc,glasgow,bhb_raffin,lehavre,0,1087,35,300,petrol,mercedes_4x2_c,trailer.scs_fueltank,trailer_def.scs.fueltank.single_3.fueltank,30,1,0
69261,_nameless.183.3a56.4140,wgcc,glasgow,voitureux,rennes,0,1445,35,300,acid,man_4x2_a,trailer.kasbhr_stc,trailer_def.kassbohrer.stc.single_3.chemtank,99,1,0
69261,_nameless.183.3a56.2a80,wgcc,glasgow,nbfc,calais,0,809,91,384,hmetal,man_tgx_2020_6x2,trailer.krone.boxliner220,trailer_def.krone.boxliner.single_3_220.container,80,1,0
69261,_nameless.183.3a56.2740,wgcc,glasgow,trameri,plymouth,0,800,0,0,acetylene,mercedes_actros_2014_4x2_b,trailer.scs_gosck20,trailer_def.scs.gooseneck.singl_3e_20.container,40,1,0
69261,_nameless.183.3a56.4d70,norr_food,tromso,renar,lahti,1,1211,0,0,used_packag,mercedes_4x2_c,trailer.scs_curt,trailer_def.scs.box.single_3.curtain,33,1,0
69261,_nameless.183.3a56.29b0,norr_food,tromso,norrsken,orebro,1,1384,0,0,used_plast_c,scania_r2016_4x2_norm_370,trailer.kasbhr_shg40,trailer_def.kassbohrer.shg.singl_3e_40.container,30,1,0
69261,_nameless.183.3a56.3b90,norr_food,tromso,blt,tartu,0,1571,150,430,empty_palet,daf_xf_euro6_6x2_a,trailer.kasbhr_scs,trailer_def.kassbohrer.scs.single_3_13.curtain,34,1,0
69261,_nameless.183.3a56.46f0,cargotras,pescara,villco,sarajevo,1,595,600,315,froz_octopi,scania_r_6x4_top_620,trailer.scs_ref,trailer_def.scs.box.single_3.reefer,33,1,0
69261,_nameless.183.3a56.4f10,cargotras,pescara,eolo_lines,palermo,0,909,20,347,nylon_cord,mercedes_4x2,trailer.scs_dry_m,trailer_def.scs.box.single_3.dryvan_m,33,1,0
69261,_nameless.183.3a56.3c60,cargotras,pescara,baltrak,istanbul,0,1214,570,745,med_equip,daf_xgp_4x2_530,trailer.profiliner17,trailer_def.krone.profiliner.single_3.curtain,33,1,0
69261,_nameless.183.3a56.32a0,cargotras,pescara,tradeaux,krakow,0,1496,0,0,olive_tree,volvo_fh2012_4x2_750,trailer.scs_brick_r,trailer_def.scs.flatbed.single_3.brick,1,1,0
69261,_nameless.183.3a56.47c0,cargotras,pescara,brawen,banja_luka,0,1201,0,0,atl_cod_flt,mercedes_actros_2014_6x2_a,trailer.scs_ins_a,trailer_def.scs.box.single_3.insulated,33,1,0
69261,_nameless.183.3a56.3370,cargotras,pescara,lkwlog,koln,2,1534,0,0,tractor,iveco_sway_4x2_580,trailer.scs_lowbed41,trailer_def.scs.lowbed.single_41_ln.long,1,1,0
69261,_nameless.183.3a56.4960,shuttle,bremen,eurogoodies,cardiff,1,1087,35,300,carb_water,iveco_sway_4x2_460,trailer.dryliner17,trailer_def.krone.dryliner.single_3.dryvan,31,1,0
69261,_nameless.183.3a56.3440,shuttle,bremen,norr_food,oslo,0,925,195,1052,beverages,daf_xgp_4x2_530,trailer.scs_dry,trailer_def.scs.box.single_3.dryvan,31,1,0
69261,_nameless.183.3a56.4b00,shuttle,bremen,stokes,tuzla,1,1546,0,0,used_plast,mercedes_actros_2014_6x2_a,trailer.scs_dry_a,trailer_def.scs.box.single_3.dryvan,33,1,0
69261,_nameless.183.3a56.35e0,shuttle,bremen,globeur,rennes,1,1098,0,0,iced_coffee,iveco_sway_4x2_500,trailer.scs_dry,trailer_def.scs.box.single_3.dryvan,33,1,0
69261,_nameless.183.3a56.36b0,shuttle,bremen,renar,stavanger,0,782,195,1052,nonalco_beer,renault_magnum_6x4_a,trailer.kasbhr_shg45,trailer_def.kassbohrer.scs.single_3_13.curtain,34,1,0
69261,_nameless.183.3a56.4bd0,shuttle,bremen,alumcore,sundsvall,1,1554,0,0,forklifts,mercedes_actros_2014_4x2_c,trailer.scs_lowbed_3,trailer_def.scs.lowbed.single_3.short,4,1,0
69261,_nameless.183.3a56.3780,drekkar,umea,rt_log,travemunde,2,1497,105,404,logs,volvo_fh2012_4x2_420,trailer.scs_log,trailer_def.scs.log.single_3.steel,32,1,0
69261,_nameless.183.3a56.39f0,drekkar,umea,drekkar,bergen,0,1218,0,0,locomotive,"""heavy/scania_r2016_8x4_high_730""",trailer.scs_lowbed41,trailer_def.scs.lowbed.single_41_ln.long,1,1,0
69261,_nameless.183.3a56.50b0,drekkar,umea,nord_crown,odense,0,1303,0,0,chicken_meat,iveco_6x2_a,trailer.coolliner17,trailer_def.krone.coolliner.single_3.reefer,33,1,0
69261,_nameless.183.3a56.7bc0,drekkar,umea,nosko,utena,1,1031,450,1110,hvac,mercedes_4x2,trailer.scs_lowbed_4,trailer_def.scs.lowbed.single_4_sh.short,4,1,0
69261,_nameless.183.3a56.5660,drekkar,umea,suprema,mikkeli,0,368,300,680,onion,renault_premium_4x2_a,trailer.kasbhr_sbt,trailer_def.kassbohrer.sbt.single_3_13.dryvan,34,1,0
69261,_nameless.183.3a56.60f0,fle,montpellier,cesare_smar,sassari,1,407,720,827,oranges,volvo_fh16_6x4_700,trailer.scs_ref_s,trailer_def.scs.box.single_3.reefer,33,1,0
69261,_nameless.183.3a56.8310,fle,montpellier,cargotras,sassari,0,406,720,827,post_packag,iveco_h_4x2_a,trailer.scs_dry_a,trailer_def.scs.box.single_3.dryvan,33,1,0
69261,_nameless.183.3a56.76e0,fle,montpellier,tradeaux,dusseldorf,0,1096,0,0,med_vaccine,scania_r2016_6x4_high_660,trailer.scs_ins,trailer_def.scs.box.single_3.insulated,33,1,0
69261,_nameless.183.3a56.6f90,batisse_hs,paris,posped,katowice,2,1375,0,0,large_cont,renault_premium_4x2_c,trailer.scs_lowbed_3,trailer_def.scs.lowbed.single_3.short,27,1,0
69261,_nameless.183.3a56.7130,batisse_hs,paris,dfh,bremen,0,795,0,0,empty_palet,volvo_fh2024_4x2_420,trailer.dryliner17,trailer_def.krone.dryliner.single_3.dryvan,33,1,0
69261,_nameless.183.3a56.66a0,ocean_sol,vigo,tradeaux,brest,1,1590,0,0,lux_yacht,mercedes_actros_2014_6x4_b,trailer.scs_lowlow2e,trailer_def.scs.lowloader.single_2_ln.long,1,1,0
69261,_nameless.183.3a56.88c0,ocean_sol,vigo,app,ciudad_real,1,781,0,0,cable_reel,"""heavy/scania_streamline_8x4_top_730""",trailer.scs_lowlowd4,trailer_def.scs.lowloader.single_4_sh.short,1,1,0
69261,_nameless.183.3a56.7880,rock_eat_str,beograd,steinbr_str,munchen,0,931,0,0,gravel,daf_xf_euro6_4x2_a,trailer.scs_dumper,trailer_def.scs.dumper.single_3.steel,13,1,0
69261,_nameless.183.3a56.5730,rock_eat_str,beograd,dunavia,osijek,2,282,0,0,jcb_bhl4cx,iveco_4x2_c,trailer.kasbhr_sll,trailer_def.kassbohrer.sll.single_3_sh.low,1,1,0
69261,_nameless.183.3a56.6ab0,tree_et,nurnberg,globeur,bordeaux,0,1378,0,0,logs,iveco_sway_4x2_500,trailer.scs_log,trailer_def.scs.log.single_3.steel,32,1,0
69261,_nameless.183.3a56.7060,tree_et,nurnberg,exomar,bologna,2,873,0,0,mob_tr_winch,"""heavy/mercedes_6x4""",trailer.kasbhr_sll,trailer_def.kassbohrer.sll.single_3_sh.low,1,1,0
69261,_nameless.183.3a56.7610,tree_et,nurnberg,cemelt_fl_ru,sofia,1,1499,0,0,wooden_beams,scania_r2016_4x2_norm_370,trailer.scs_log,trailer_def.scs.log.single_3.steel,2,1,0
69261,_nameless.183.3a56.7d60,sal_fi,kajaani,gnt,klaipeda,0,1161,150,430,carb_water,man_4x2_a,trailer.scs_curt,trailer_def.scs.box.single_3.curtain,32,1,1
69261,_nameless.183.3a56.7e30,sal_fi,kajaani,drekkar,uppsala,0,973,0,0,olive_oil,daf_xgp_4x2_530,trailer.kasbhr_scs,trailer_def.kassbohrer.scs.single_3_13.curtain,34,1,1
69261,_nameless.183.3a56.69e0,sal_fi,kajaani,renar,karesuando,0,571,0,0,empty_palet,daf_4x2_a,trailer.scs_curt_a,trailer_def.scs.box.single_3.curtain,33,1,1
69261,_nameless.183.3a56.7c90,sal_fi,kajaani,rosmark_ru,kaliningrad,2,1304,150,430,olive_tree,renault_premium_6x4_a,trailer.scs_brick_r,trailer_def.scs.flatbed.single_3.brick,1,1,1
69261,_nameless.183.3a56.73a0,byggpro,dombas,renar,karesuando,0,1427,0,0,precast_strs,iveco_sway_4x2_500,trailer.scs_dry,trailer_def.scs.box.single_3.dryvan,33,1,0
69261,_nameless.183.3a56.7470,byggpro,dombas,polarislines,naantali,1,700,540,1170,empty_spool,daf_xd_1,trailer.scs_lowbed_4,trailer_def.scs.lowbed.single_4_sh.short,3,1,0
69261,_nameless.183.3a56.83e0,byggpro,dombas,egres,kokkola,1,993,300,680,wooden_beams,renault_t_6x2,trailer.scs_log,trailer_def.scs.log.single_3.steel,2,1,0
69261,_nameless.183.3a56.7540,ns_oil,ventspils,rt_log,travemunde,0,1372,0,0,lpg_t,volvo_fh2024_6x2_500,trailer.scs_gastank,trailer_def.scs.gastank.single_3.gastank,40,1,0
69261,_nameless.183.3a56.5db0,ns_oil,ventspils,tree_et,graz,0,1589,0,0,oil,daf_xf_euro6_6x2_a,trailer.willig.fuel_cistern,trailer_def.scs.fueltank.single_3.fueltank,28,1,0
69261,_nameless.183.3a56.6770,ns_oil,ventspils,euroacres,erfurt,1,1398,0,0,petrol,daf_xgp_4x2_530,trailer.scs_fueltank,trailer_def.scs.fueltank.single_3.fueltank,30,1,0
69261,_nameless.183.3a56.5590,ns_oil,ventspils,ns_oil,oslo,2,590,510,1110,fueltanker,volvo_fh16_4x2_420,trailer.krone.boxliner220,trailer_def.krone.boxliner.single_3_220.container,80,1,0
69261,_nameless.183.3a56.84b0,marina,tallinn,eurogoodies,wien,0,1591,0,0,large_cont,renault_premium_6x2_a,trailer.kasbhr_sla,trailer_def.kassbohrer.sla.single_3_sh.lowbed,27,1,0
69261,_nameless.183.3a56.6840,ns_oil,daugavpils,nch,kouvola,2,887,0,0,kerosene,man_tgx_2020_4x2,trailer.willig.fuel_cistern,trailer_def.scs.fueltank.single_3.fueltank,30,1,0
69261,_nameless.183.3a56.5800,ns_oil,daugavpils,borealis,bodo,0,1536,450,1110,motor_oil_c,mercedes_4x2,trailer.kasbhr_shg20,trailer_def.kassbohrer.shg.singl_3e_20.container,15,1,0
69261,_nameless.183.3a56.77b0,ns_oil,daugavpils,cnp,wien,0,1309,0,0,lpg,renault_t_4x2h,trailer.kasbhr_shg20,trailer_def.kassbohrer.shg.singl_3e_20.container,40,1,0
69261,_nameless.183.3a56.7950,c_navale,olbia,bhb_raffin,marseille,0,682,720,827,empty_palet,man_4x2_c,trailer.kasbhr_scs,trailer_def.kassbohrer.scs.single_3_13.curtain,34,1,0
69261,_nameless.183.3a56.8170,c_navale,olbia,trans_cab,valladolid,1,794,720,827,cable_reel,"""heavy/volvo_fh16_6x4_750""",trailer.scs_lowlowd4,trailer_def.scs.lowloader.single_4_sh.short,1,1,0
69261,_nameless.183.3a56.7af0,charmey,geneve,renar,calvi,0,732,840,1193,empty_palet,daf_xd25,trailer.scs_dry_a,trailer_def.scs.box.single_3.dryvan,33,1,0
69261,_nameless.183.3a56.7fd0,charmey,geneve,globeur,lehavre,0,796,0,0,chewing_gums,volvo_fh16_4x2_540,trailer.kasbhr_scs,trailer_def.kassbohrer.scs.single_3_13.curtain,32,1,0
69261,_nameless.183.3a56.8580,charmey,geneve,sellplan,prague,0,928,0,0,icecream,mercedes_6x2_b,trailer.coolliner17,trailer_def.krone.coolliner.single_3.reefer,33,1,0
69261,_nameless.183.3a56.80a0,charmey,geneve,eurogoodies,leipzig,1,976,0,0,packag_food,daf_xgp25_4x2_530,trailer.kasbhr_sbt,trailer_def.kassbohrer.sbt.single_3_13.dryvan,34,1,0
69261,_nameless.183.3a56.8240,dfh,nurnberg,brawen,bucuresti,0,1588,0,0,jcb_exc245xr,"""heavy/scania_s2016_8x4_high_770""",trailer.scs_lowbed_3,trailer_def.scs.lowbed.single_3.short,1,1,0
69261,_nameless.183.3a56.8650,dfh,nurnberg,drekkar,odense,2,889,0,0,vol_ew240emh,"""heavy/renault_6x4""",trailer.kasbhr_slle,trailer_def.kassbohrer.sll.single_3_ln.low,1,1,0
69261,_nameless.183.3a56.8720,dfh,nurnberg,rt_log,rostock,0,653,0,0,helicopter,renault_t_4x2,trailer.kasbhr_sll,trailer_def.kassbohrer.sll.single_3_sh.low,1,1,0
69261,_nameless.183.3a56.5b40,byggpro,vaasa,renar,honningsvag,1,1082,0,0,refl_posts,daf_xd25,trailer.scs_curt_a,trailer_def.scs.box.single_3.curtain,33,1,0
69261,_nameless.183.3a56.5e80,byggpro,vaasa,renar,lillehammer,2,716,300,680,metal_center,"""heavy/mercedes_actros_8x4""",trailer.scs_lowlow4e,trailer_def.scs.lowloader.single_4_ln.long,1,1,0
69261,_nameless.183.3a56.6910,byggpro,vaasa,renar,vaxjo,0,843,540,1170,guard_rails,volvo_fh16_4x2_420,trailer.dryliner17,trailer_def.krone.dryliner.single_3.dryvan,33,1,0
69261,_nameless.183.3a56.58d0,byggpro,vaasa,agronord,borlange,1,426,300,680,excav_soil,daf_4x2_a,trailer.scs_dumper,trailer_def.scs.dumper.single_3.steel,21,1,0
69261,_nameless.183.3a56.5f50,byggpro,vaasa,onnelik_a,tartu,0,573,150,430,wooden_beams,daf_xf_4x2_370,trailer.scs_log,trailer_def.scs.log.single_3.steel,2,1,0
69261,_nameless.183.3a56.5c10,ai,hamburg,renar,parnu,0,1449,0,0,ter_forklift,man_tgx_2020_6x2,trailer.scs_flat_b,trailer_def.scs.flatbed.single_3.flatbed_w,2,1,0
69261,_nameless.183.3a56.5ce0,ai,hamburg,adrica,rijeka,0,1255,0,0,oil_filters,volvo_fh16_6x4_700,trailer.scs_dry_a,trailer_def.scs.box.single_3.dryvan,33,1,0
69261,_nameless.183.3a56.6020,nord_crown,kobenhavn,norrsken,borlange,0,735,0,0,yogurt,scania_streamline_6x2_norm_440,trailer.scs_ref_a,trailer_def.scs.box.single_3.reefer,33,1,0
69261,_nameless.183.3a56.61c0,nord_crown,kobenhavn,gnt,daugavpils,0,1065,510,1110,limonades,iveco_sway_4x2_460,trailer.scs_dry_ms,trailer_def.scs.box.single_3.dryvan_m,30,1,0
69261,_nameless.183.3a56.6290,nord_crown,kobenhavn,tradeaux,pecs,0,1419,105,404,beverages,mercedes_actros_2014_6x2_a,trailer.coolliner17,trailer_def.krone.coolliner.single_3.reefer,30,1,0
69261,_nameless.183.3a56.6b80,nord_crown,kobenhavn,polarislines,paldiski,0,777,570,1270,froz_octopi,volvo_fh2012_4x2_750,trailer.coolliner17,trailer_def.krone.coolliner.single_3.reefer,33,1,0
69261,_nameless.183.3a56.6c50,kaarfor,strasbourg,stokes,pristina,1,1588,0,0,used_packag,daf_xd,trailer.scs_dry_s,trailer_def.scs.box.single_3.dryvan,33,1,0
69261,_nameless.183.3a56.6d20,kaarfor,strasbourg,dfh,berlin,0,761,0,0,used_plast_c,volvo_fh16_6x4_700,trailer.scs_gosck220,trailer_def.scs.gooseneck.singl_3e_220.container,30,1,0
69261,_nameless.183.3a56.6430,kaarfor,strasbourg,balkan_loco,ljubljana,2,742,0,0,empty_palet,renault_premium_6x2_a,trailer.scs_curt_s,trailer_def.scs.box.single_3.curtain,33,1,0
69261,_nameless.183.3a56.65d0,zelenye,petersburg,tradeaux,olsztyn,0,1148,0,0,potatoes,scania_s2016_4x2_norm_370,trailer.scs_dry_a,trailer_def.scs.box.single_3.dryvan,33,1,0
69261,_nameless.183.3a56.6ec0,zelenye,petersburg,norse_rail,kiruna,0,1366,0,0,cut_flowers,renault_t_6x2,trailer.scs_ref,trailer_def.scs.box.single_3.reefer,33,1,0
69261,_nameless.183.3a56.9830,nucleon,civaux,wilnet_trans,porto_vecchi,1,733,840,1193,forklifts,renault_premium_6x4_a,trailer.scs_lowbed_3,trailer_def.scs.lowbed.single_3.short,4,1,0
69261,_nameless.183.3a56.a940,nucleon,civaux,sanbuilders,salzburg,1,1372,0,0,digger1000,scania_r2016_6x2_high_460,trailer.kasbhr_sll,trailer_def.kassbohrer.sll.single_3_sh.low,1,1,0
69261,_nameless.183.3a56.b090,nucleon,civaux,tradeaux,brest,0,569,0,0,jcb_dmp6t2,"""heavy/volvo_fh2024_6x4_600""",trailer.kasbhr_sla,trailer_def.kassbohrer.sla.single_3_sh.lowbed,1,1,0
69261,_nameless.183.3a56.94f0,nucleon,civaux,trans_cab,madrid,2,1083,0,0,large_cont,daf_xd,trailer.kasbhr_sla,trailer_def.kassbohrer.sla.single_3_sh.lowbed,27,1,0
69261,_nameless.183.3a56.8a60,cont_port_it,genova,balkan_loco,ljubljana,0,790,0,0,vinegar_c,iveco_4x2_a,trailer.krone.boxliner20,trailer_def.krone.boxliner.single_3.container,15,1,0
69261,_nameless.183.3a56.b300,cont_port_it,genova,tradeaux,kassel,0,1057,0,0,plast_film_c,renault_premium_4x2_a,trailer.krone.boxliner220,trailer_def.krone.boxliner.single_3_220.container,30,1,0
69261,_nameless.183.3a56.8e70,sellplan,torino,ns_chem,chios,1,1540,1110,1585,empty_palet,scania_s2016_4x2_high_590,trailer.scs_dry_ms,trailer_def.scs.box.single_3.dryvan_m,33,1,0
69261,_nameless.183.3a56.b3d0,sellplan,torino,brawen,ioannina,0,1087,570,745,used_plast_c,mercedes_4x2_a,trailer.scs_gosck220,trailer_def.scs.gooseneck.singl_3e_220.container,30,1,0
69261,_nameless.183.3a56.99d0,sellplan,torino,posped,birmingham,0,1431,35,300,used_plast,scania_s2016_6x4_high_730,trailer.scs_dry,trailer_def.scs.box.single_3.dryvan,33,1,0
69261,_nameless.183.3a56.9b70,tras_med,genova,cargotras,sassari,1,906,720,827,jcb_th540180,man_tgx_euro6_4x2_xl,trailer.scs_lowlowd2,trailer_def.scs.lowloader.single_2_sh.short,1,1,0
69261,_nameless.183.3a56.bcc0,tras_med,genova,c_navale,olbia,2,1002,720,827,jcb_g100rs,daf_xgp_4x2_530,trailer.scs_flat_b,trailer_def.scs.flatbed.single_3.flatbed_w,4,1,0
69261,_nameless.183.3a56.ae20,tras_med,genova,lkwlog,lodz,1,1486,0,0,coconut_milk,scania_s2016_6x2_high_460,trailer.kasbhr_scs,trailer_def.kassbohrer.scs.single_3_13.curtain,32,1,0
69261,_nameless.183.3a56.b710,wgcc,gdansk,tradeaux,kassel,0,810,0,0,emptytank,scania_streamline_4x2_norm_380,trailer.scs_flat_b,trailer_def.scs.flatbed.single_3.flatbed_w,1,1,0
69261,_nameless.183.3a56.b570,wgcc,gdansk,cont_port,hamburg,1,721,0,0,arsenic,daf_xf_euro6_4x2_c,trailer.krone.boxliner20,trailer_def.krone.boxliner.single_3.container,40,1,0
69261,_nameless.183.3a56.b7e0,wgcc,gdansk,gnt,kalmar,0,172,630,790,empty_spool,scania_streamline_4x2_top_560,trailer.scs_lowbed41,trailer_def.scs.lowbed.single_41_ln.long,4,1,0
69261,_nameless.183.3a56.b640,wgcc,gdansk,itcc,osnabruck,0,857,0,0,acetylene,renault_t_4x2h,trailer.krone.boxliner40,trailer_def.krone.boxliner.single_3_40.container,80,1,0
69261,_nameless.183.3a56.a6d0,marmo,sassari,euroacres,zurich,0,1158,720,827,emptytank,volvo_fh2021_6x2_540,trailer.scs_flat_b,trailer_def.scs.flatbed.single_3.flatbed_w,1,1,0
69261,_nameless.183.3a56.9760,skoda,prague,blt,utena,0,1081,0,0,used_battery,mercedes_actros_2014_4x2_c,trailer.scs_dry,trailer_def.scs.box.single_3.dryvan,33,1,0
69261,_nameless.183.3a56.a530,skoda,prague,stokes,zurich,0,730,0,0,cable_reel,"""heavy/volvo_fh16_6x4_750""",trailer.scs_lowlowd4,trailer_def.scs.lowloader.single_4_sh.short,1,1,0
69261,_nameless.183.3a56.a2c0,bhb_raffin,marseille,lkwlog,magdeburg,2,1390,0,0,diesel,man_tgx_euro6_6x4_xlx,trailer.scs_fueltank,trailer_def.scs.fueltank.single_3.fueltank,28,1,0
69261,_nameless.183.3a56.9010,bhb_raffin,marseille,stokes,tirana,1,1387,540,420,boric_acid,volvo_fh2024_4x2_780,trailer.scs_dry,trailer_def.scs.box.single_3.dryvan,33,1,0
69261,_nameless.183.3a56.afc0,ateria,joensuu,renar,vasteraas,0,757,540,1170,fish_chips,scania_streamline_4x2_top_560,trailer.scs_ref_a,trailer_def.scs.box.single_3.reefer,33,1,0
69261,_nameless.183.3a56.9aa0,ateria,joensuu,norrsken,karlstad,0,947,540,1170,cott_cheese,mercedes_actros_2014_6x2_a,trailer.scs_ref_a,trailer_def.scs.box.single_3.reefer,33,1,0
69261,_nameless.183.3a56.9900,ateria,joensuu,norr_food,uppsala,1,715,540,1170,conc_juice_t,iveco_6x2_a,trailer.scs_fodt,trailer_def.scs.foodtank.single_3.paint,21,1,0
69261,_nameless.183.3a56.a7a0,muromec,pskov,posped,bystrica,1,1353,0,0,sq_tub,scania_r2016_4x2_high_500,trailer.profilinehd,trailer_def.krone.profilinerhd.single_3.flatbed,2,1,0
69261,_nameless.183.3a56.a870,muromec,pskov,renar,kuusamo,1,1208,0,0,concr_beams,"""heavy/man_6x4""",trailer.scs_lowlow4e,trailer_def.scs.lowloader.single_4_ln.long,1,1,0
69261,_nameless.183.3a56.a390,muromec,pskov,polarislines,kapellskar,0,350,570,1270,elect_wiring,iveco_sway_4x2_580,trailer.drylineret,trailer_def.krone.edryliner.single_3.dryvan,33,1,0
69261,_nameless.183.3a56.9eb0,muromec,pskov,byggpro,falun,0,615,570,1270,largetubes,renault_magnum_6x2_a,trailer.scs_log,trailer_def.scs.log.single_3.steel,6,1,0
69261,_nameless.183.3a56.b980,vpc,goteborg,drekkar,umea,0,830,0,0,mondeos,scania_s2016_4x2_high_590,trailer.car_trans,trailer_def.mondeos.car_trans,100,1,0
69261,_nameless.183.3a56.9280,fle,clermont,trans_cab,madrid,0,1129,0,0,apples_c,daf_xf_euro6_6x4_c,trailer.krone.boxliner40,trailer_def.krone.boxliner.single_3_40.container,30,1,0
69261,_nameless.183.3a56.8f40,fle,clermont,aci,milano,2,724,0,0,air_mails,volvo_fh2024_6x2_500,trailer.profiliner17,trailer_def.krone.profiliner.single_3.curtain,33,1,0
69261,_nameless.183.3a56.9c40,fle,clermont,log_atlan,salamanca,1,1164,0,0,fresh_fish,scania_r2016_6x4_high_660,trailer.scs_ref,trailer_def.scs.box.single_3.reefer,33,1,0
69261,_nameless.183.3a56.8990,fle,clermont,lkwlog,kiel,1,1444,0,0,cut_flowers,volvo_fh2012_4x2_420,trailer.scs_ref,trailer_def.scs.box.single_3.reefer,33,1,0
69261,_nameless.183.3a56.aa10,cnp,taranto,marmo,olbia,1,537,840,879,volvo_a25g,"""heavy/daf_6x4""",trailer.kasbhr_sla,trailer_def.kassbohrer.sla.single_3_sh.lowbed,1,1,0
69261,_nameless.183.3a56.aae0,cnp,taranto,rock_eater,hunedoara,1,1006,540,420,cable_reel,"""heavy/iveco_6x4""",trailer.scs_lowlow4e,trailer_def.scs.lowloader.single_4_ln.long,1,1,0
69261,_nameless.183.3a56.abb0,cnp,taranto,syllurgy,kragujevac,0,628,540,420,petrol,scania_streamline_4x2_top_560,trailer.willig.fuel_cistern,trailer_def.scs.fueltank.single_3.fueltank,30,1,0
69261,_nameless.183.3a56.bb20,scs_paper,calarasi,stokes,wien,0,1198,0,0,paper,iveco_sway_4x2_580,trailer.scs_curt,trailer_def.scs.box.single_3.curtain,33,1,0
69261,_nameless.183.3a56.8b30,scs_paper,calarasi,balkan_loco,veli_tarnovo,1,262,0,0,empty_barr,daf_xg_4x2_450,trailer.scs_curt_a,trailer_def.scs.box.single_3.curtain,33,1,0
69261,_nameless.183.3a56.9f80,villco,pristina,icaria,rhodes,1,918,810,1889,sausages,renault_premium_4x2_c,trailer.scs_ins_s,trailer_def.scs.box.single_3.insulated,33,1,0
69261,_nameless.183.3a56.9690,villco,pristina,cargotras,olbia,0,791,1380,1299,ketchup,scania_s2016_6x4_high_730,trailer.dryliner17,trailer_def.krone.dryliner.single_3.dryvan,33,1,0
69261,_nameless.183.3a56.8c00,villco,pristina,balkan_loco,ruse,2,544,0,0,frsh_herbs,daf_xd,trailer.scs_ins_s,trailer_def.scs.box.single_3.insulated,33,1,0
69261,_nameless.183.3a56.8cd0,pk_medved_ru,kaliningrad,nord_crown,aalborg,0,1340,0,0,prosciutto,daf_xd_1,trailer.coolliner17,trailer_def.krone.coolliner.single_3.reefer,33,1,0
69261,_nameless.183.3a56.9d10,pk_medved_ru,kaliningrad,tradeaux,prague,2,735,0,0,olive_oil,iveco_sway_4x2_580,trailer.scs_dry_s,trailer_def.scs.box.single_3.dryvan,33,1,0
69261,_nameless.183.3a56.8da0,marina,larochelle,transinet,brussel,0,912,0,0,lux_yacht,volvo_fh16_4x2_540,trailer.kasbhr_sla,trailer_def.kassbohrer.sla.single_3_sh.lowbed,1,1,0
69261,_nameless.183.3a56.ad50,gnt,kristiansand,gnt,alesund,0,798,40,67,pork_meat,scania_r_4x2_top_480,trailer.scs_ref,trailer_def.scs.box.single_3.reefer,33,1,0
69261,_nameless.183.3a56.aef0,gnt,kristiansand,posped,metz,0,1185,195,1052,skidder,"""heavy/scania_s2016_8x4_high_770""",trailer.scs_lowlow4e,trailer_def.scs.lowloader.single_4_ln.long,1,1,0
69261,_nameless.183.3a56.a600,gnt,kristiansand,kaarfor,kassel,0,765,195,1052,yogurt,daf_xgp_4x2_530,trailer.scs_ref,trailer_def.scs.box.single_3.reefer,33,1,0
69261,_nameless.183.3a56.90e0,euroacres,torino,transinet,frankfurt,0,810,0,0,cott_cheese,volvo_fh2012_4x2_750,trailer.scs_ref_s,trailer_def.scs.box.single_3.reefer,33,1,0
69261,_nameless.183.3a56.9de0,euroacres,torino,euroacres,dijon,1,554,0,0,kr_bigx1180,renault_premium_4x2_c,trailer.kasbhr_slle,trailer_def.kassbohrer.sll.single_3_ln.low,1,1,0
69261,_nameless.183.3a56.91b0,villco,skopje,eurogoodies,wien,2,1089,0,0,smokd_eel,volvo_fh2024_4x2_420,trailer.scs_ins_s,trailer_def.scs.box.single_3.insulated,33,1,0
69261,_nameless.183.3a56.9350,villco,skopje,eolo_lines,napoli,1,598,540,420,packag_food,mercedes_actros_2014_6x2_a,trailer.profiliner17,trailer_def.krone.profiliner.single_3.curtain,33,1,0
69261,_nameless.183.3a56.a050,jastuk,kragujevac,fallow,vlore,1,653,0,0,forklifts,man_tgx_euro6_4x2_xl,trailer.scs_lowbed_3,trailer_def.scs.lowbed.single_3.short,4,1,0
69261,_nameless.183.3a56.a120,jastuk,kragujevac,sanbuilders,salzburg,0,992,0,0,mat_handler,"""heavy/scania_r_6x4_top_730""",trailer.scs_lowlow4e,trailer_def.scs.lowloader.single_4_ln.long,1,1,0
69261,_nameless.183.3a56.a1f0,jastuk,kragujevac,rump,craiova,0,266,0,0,ter_forklift,scania_s2016_4x2_norm_370,trailer.profilinehd,trailer_def.krone.profilinerhd.single_3.flatbed,2,1,0
69261,_nameless.183.3a56.a460,jastuk,kragujevac,posped,lublin,0,1014,0,0,furniture,scania_r_6x4_top_620,trailer.scs_curt_a,trailer_def.scs.box.single_3.curtain,33,1,0
69261,_nameless.183.3a56.e2f0,shuttle,burgos,cont_port_fr,marseille,0,946,0,0,beverages_c,daf_4x2_b,trailer.krone.boxliner220,trailer_def.krone.boxliner.single_3_220.container,30,1,0
69261,_nameless.183.3a56.e490,shuttle,burgos,ts_atlas,gijon,1,385,0,0,used_plast_c,daf_6x2_a,trailer.scs_gosck20,trailer_def.scs.gooseneck.singl_3e_20.container,15,1,0
69261,_nameless.183.3a56.d520,shuttle,burgos,rt_log,barcelona,0,560,0,0,used_plast,renault_t_4x2,trailer.scs_dry_s,trailer_def.scs.box.single_3.dryvan,33,1,0
69261,_nameless.183.3a56.e560,shuttle,burgos,eurogoodies,dijon,0,1170,0,0,carb_water,daf_xf_euro6_4x2_a,trailer.scs_dry_m,trailer_def.scs.box.single_3.dryvan_m,33,1,0
69261,_nameless.183.3a56.d5f0,cemelt_fla,valmiera,lintukainen,rovaniemi,1,1172,150,430,volvo_bucket,iveco_sway_4x2_580,trailer.scs_lowlow4e,trailer_def.scs.lowloader.single_4_ln.long,1,1,0
69261,_nameless.183.3a56.be60,renat,resita,itcc,szczecin,1,1370,0,0,forklifts,scania_r_6x2_high_500,trailer.scs_lowbed_3,trailer_def.scs.lowbed.single_3.short,4,1,0
69261,_nameless.183.3a56.ca90,renat,resita,fle,skopje,2,676,0,0,empty_spool,daf_xf_euro6_4x2_a,trailer.scs_flat_b,trailer_def.scs.flatbed.single_3.flatbed_w,4,1,0
69261,_nameless.183.3a56.d450,renat,resita,lognstick,istanbul,1,934,0,0,furniture,mercedes_4x2_a,trailer.scs_dry_s,trailer_def.scs.box.single_3.dryvan,33,1,0
69261,_nameless.183.3a56.dfb0,renat,resita,pk_medved_ru,kaliningrad,0,1304,0,0,ter_forklift,daf_xf_euro6_4x2_c,trailer.scs_flat_b,trailer_def.scs.flatbed.single_3.flatbed_w,2,1,0
69261,_nameless.183.3a56.d6c0,fle,madrid,tradeaux,lyon,1,1196,0,0,comp_process,scania_r_6x2_high_500,trailer.scs_dry,trailer_def.scs.box.single_3.dryvan,33,1,0
69261,_nameless.183.3a56.d790,fle,madrid,shuttle,sevilla,0,477,0,0,apples_c,scania_r_4x2_norm_360,trailer.krone.boxliner220,trailer_def.krone.boxliner.single_3_220.container,30,1,0
69261,_nameless.183.3a56.d860,fle,madrid,lisette_log,bordeaux,1,598,0,0,apples,iveco_6x2_a,trailer.kasbhr_scs,trailer_def.kassbohrer.scs.single_3_13.curtain,34,1,0
69261,_nameless.183.3a56.dee0,sanbuild_cem,hannover,tradeaux,toulouse,0,1530,0,0,jcb_dmp6t2,"""heavy/scania_r_6x4_top_730""",trailer.scs_lowlowd2,trailer_def.scs.lowloader.single_2_sh.short,1,1,0
69261,_nameless.183.3a56.c000,sanbuild_cem,hannover,sanbuild_cem,aarhus,0,482,0,0,stones,mercedes_actros_2014_4x2_c,trailer.scs_dumper,trailer_def.scs.dumper.single_3.steel,11,1,0
69261,_nameless.183.3a56.c410,sanbuild_cem,hannover,posped,rotterdam,0,424,0,0,volvo_a25g,"""heavy/daf_xd""",trailer.scs_lowlow2e,trailer_def.scs.lowloader.single_2_ln.long,1,1,0
69261,_nameless.183.3a56.e700,globeur,montpellier,app,faro,1,1580,0,0,brake_pads,scania_streamline_4x2_top_560,trailer.scs_curt,trailer_def.scs.box.single_3.curtain,33,1,0
69261,_nameless.183.3a56.e080,globeur,montpellier,posped,linz,2,1388,0,0,soy_milk,scania_s2016_4x2_norm_370,trailer.scs_dry_m,trailer_def.scs.box.single_3.dryvan_m,33,1,0
69261,_nameless.183.3a56.e7d0,globeur,montpellier,acc,bilbao,1,641,0,0,cement,man_tgx_euro6_4x2_xl,trailer.scs_silo,trailer_def.scs.silo.single_3_10.silo,18,1,0
69261,_nameless.183.3a56.e220,globeur,montpellier,lisette_log,roscoff,0,1085,0,0,emp_wine_bar,scania_streamline_4x2_norm_380,trailer.dryliner17,trailer_def.krone.dryliner.single_3.dryvan,33,1,0
69261,_nameless.183.3a56.c4e0,globeur,montpellier,rt_log,zurich,0,712,0,0,med_vaccine,mercedes_actros_2014_4x2_b,trailer.scs_ins,trailer_def.scs.box.single_3.insulated,33,1,0
69261,_nameless.183.3a56.e150,globeur,montpellier,lisette_log,paris,0,727,0,0,truck_rims,scania_r_4x2_norm_360,trailer.dryliner17,trailer_def.krone.dryliner.single_3.dryvan,33,1,0
69261,_nameless.183.3a56.bd90,suprema_ru,kaliningrad,tradeaux,budapest,2,978,0,0,used_plast_c,daf_xf_4x2_370,trailer.krone.boxliner20,trailer_def.krone.boxliner.single_3.container,15,1,0
69261,_nameless.183.3a56.c5b0,suprema_ru,kaliningrad,norrsken,borlange,0,672,510,1110,used_plast,daf_xd_1,trailer.kasbhr_shg45,trailer_def.kassbohrer.scs.single_3_13.curtain,34,1,0
69261,_nameless.183.3a56.c1a0,shuttle,lisboa,costruzi_win,palermo,0,1152,1557,1788,ter_forklift,daf_xf_euro6_4x2_c,trailer.profilinehd,trailer_def.krone.profilinerhd.single_3.flatbed,2,1,0
69261,_nameless.183.3a56.cb60,shuttle,lisboa,fui,catania,0,1240,1557,1788,forklifts,mercedes_actros_2014_6x4_b,trailer.kasbhr_sla,trailer_def.kassbohrer.sla.single_3_sh.lowbed,3,1,0
69261,_nameless.183.3a56.c270,shuttle,lisboa,app,madrid,0,656,0,0,used_plast_c,man_tgx_2020_6x2,trailer.krone.boxliner40,trailer_def.krone.boxliner.single_3_40.container,30,1,0
69261,_nameless.183.3a56.c340,shuttle,lisboa,renar,calvi,1,1286,930,1182,carb_water,renault_t_4x2h,trailer.profiliner17,trailer_def.krone.profiliner.single_3.curtain,33,1,0
69261,_nameless.183.3a56.d930,shuttle,lisboa,app,badajoz,2,272,0,0,bottle_water,scania_r_4x2_top_480,trailer.scs_curt_a,trailer_def.scs.box.single_3.curtain,33,1,0
69261,_nameless.183.3a56.dd40,brawen,ioannina,cemelt_fl_ru,sofia,0,602,0,0,aircond,man_4x2_a,trailer.scs_lowlowd4,trailer_def.scs.lowloader.single_4_sh.short,2,1,0
69261,_nameless.183.3a56.c680,brawen,ioannina,renar,calvi,0,609,1620,1979,beverages_t,scania_r_4x2_top_480,trailer.scs_fodt,trailer_def.scs.foodtank.single_3.paint,27,1,0
69261,_nameless.183.3a56.c750,brawen,ioannina,cargotras,livorno,1,814,570,745,jcb_ft4220,man_tgx_euro6_4x2_xl,trailer.scs_lowlow4e,trailer_def.scs.lowloader.single_4_ln.long,1,1,0
69261,_nameless.183.3a56.c820,brawen,ioannina,cargotras,sassari,1,513,1410,1624,packag_food,man_6x4_b,trailer.scs_dry_m,trailer_def.scs.box.single_3.dryvan_m,33,1,0
69261,_nameless.183.3a56.c8f0,brawen,ioannina,brawen,banja_luka,0,1264,0,0,hvac,scania_r_4x2_norm_360,trailer.kasbhr_sla,trailer_def.kassbohrer.sla.single_3_sh.lowbed,3,1,0
69261,_nameless.183.3a56.cc30,sygomidi,trikala,te_logistica,cagliari,1,504,1410,1624,packag_food,mercedes_6x2_b,trailer.scs_curt_s,trailer_def.scs.box.single_3.curtain,33,1,0
69261,_nameless.183.3a56.d2b0,sygomidi,trikala,icaria,argostoli,0,268,460,720,olive_oil_t,renault_t_4x2,trailer.scs_fodt,trailer_def.scs.foodtank.single_3.paint,30,1,0
69261,_nameless.183.3a56.cd00,sygomidi,trikala,tradeaux,budapest,0,1142,0,0,food_oil_t,mercedes_actros_2014_4x2_a,trailer.scs_fodt,trailer_def.scs.foodtank.single_3.paint,25,1,0
69261,_nameless.183.3a56.de10,sygomidi,trikala,balkan_loco,ljubljana,1,1343,0,0,pet_food_c,iveco_4x2_a,trailer.scs_gosck40,trailer_def.scs.gooseneck.singl_3e_40.container,30,1,0
69261,_nameless.183.3a56.dad0,eurogoodies,olsztyn,stokes,pristina,1,1460,0,0,conc_juice_t,mercedes_actros_2014_4x2_a,trailer.scs_fodt,trailer_def.scs.foodtank.single_3.paint,18,1,0
69261,_nameless.183.3a56.dc70,eurogoodies,olsztyn,nord_crown,orebro,1,705,630,790,peas,man_tgx_2020_4x2,trailer.kasbhr_shg45,trailer_def.kassbohrer.scs.single_3_13.curtain,34,1,0
69261,_nameless.183.3a56.cdd0,ika_bohag,vilnius,tradeaux,pecs,1,1320,0,0,used_packag,daf_xf_euro6_6x4_c,trailer.scs_dry_ms,trailer_def.scs.box.single_3.dryvan_m,33,1,0
69261,_nameless.183.3a56.cf70,ika_bohag,vilnius,norr_food,kalmar,1,771,510,1110,pot_flowers,renault_premium_4x2_a,trailer.scs_ref_a,trailer_def.scs.box.single_3.reefer,33,1,0
69261,_nameless.183.3a56.d040,ika_bohag,vilnius,rt_log,nurnberg,0,1277,0,0,empty_palet,volvo_fh2024_4x2_780,trailer.scs_dry_a,trailer_def.scs.box.single_3.dryvan,33,1,0
69261,_nameless.183.3a56.d110,pp_chimica,olbia,nbfc,london,1,1538,755,1127,ammonia,mercedes_4x2_b,trailer.scs_gastank,trailer_def.scs.gastank.single_3.gastank,31,1,0
69261,_nameless.183.3a56.d380,sanbuild_hms,novi_sad,radus,banja_luka,2,371,0,0,empty_spool,renault_t_6x2,trailer.scs_lowbed41,trailer_def.scs.lowbed.single_41_ln.long,4,1,0
69261,_nameless.183.3a55.1980,sanbuild_hms,novi_sad,quarry,katowice,0,724,0,0,mob_screener,"""heavy/mercedes_actros_8x4""",trailer.kasbhr_slle,trailer_def.kassbohrer.sll.single_3_ln.low,1,1,0
69261,_nameless.183.3a55.1230,sanbuild_hms,novi_sad,balkan_loco,maribor,2,545,0,0,jcb_mexc19ce,iveco_4x2_a,trailer.profilinehd,trailer_def.krone.profilinerhd.single_3.flatbed,3,1,0
69261,_nameless.183.3a54.f4f0,villco,novi_sad,ttk_bg,sofia,2,530,0,0,conc_juice_t,scania_s2016_6x4_high_730,trailer.ffb_tsalm32,trailer_def.feldbinder.tsalm.single_3_32.32_3_2,18,1,0
69261,_nameless.183.3a55.1710,villco,novi_sad,lkwlog,brno,1,578,0,0,yogurt,scania_r_6x2_high_500,trailer.scs_ref_s,trailer_def.scs.box.single_3.reefer,33,1,0
69261,_nameless.183.3a55.1640,villco,novi_sad,eurogoodies,debrecen,0,327,0,0,carrots,scania_r2016_6x4_high_660,trailer.scs_dry_m,trailer_def.scs.box.single_3.dryvan_m,33,1,0
69261,_nameless.183.3a54.f420,itcc,bialystok,radus_ru,petersburg,1,1093,0,0,empty_spool,man_6x4_b,trailer.kasbhr_sla,trailer_def.kassbohrer.sla.single_3_sh.lowbed,3,1,0
69261,_nameless.183.3a55.0c80,nch,kouvola,itcc,szczecin,0,1497,150,430,metal_center,"""heavy/scania_s2016_8x4_high_770""",trailer.kasbhr_slle,trailer_def.kassbohrer.sll.single_3_ln.low,1,1,0
69261,_nameless.183.3a55.14a0,nch,kouvola,renar,lillehammer,0,928,540,1170,fireworks,mercedes_4x2_b,trailer.scs_curt_s,trailer_def.scs.box.single_3.curtain,33,1,0
69261,_nameless.183.3a55.1160,nch,kouvola,blt,tartu,1,438,150,430,comp_process,scania_streamline_4x2_norm_380,trailer.scs_dry_s,trailer_def.scs.box.single_3.dryvan,33,1,0
69261,_nameless.183.3a54.f010,nch,kouvola,nordic_ports,sundsvall,0,608,300,680,truck_tyres,daf_xg_4x2_450,trailer.scs_dry,trailer_def.scs.box.single_3.dryvan,33,1,0
69261,_nameless.183.3a54.f0e0,marina,tromso,nordic_ports,ornskoldsvik,0,954,0,0,large_cont,scania_r2016_6x2_high_460,trailer.scs_lowbed_3,trailer_def.scs.lowbed.single_3.short,27,1,0
69261,_nameless.183.3a55.0bb0,marina,tromso,renar,jyvaskyla,0,1063,0,0,yacht,mercedes_actros_2014_4x2_a,trailer.scs_lowbed_3,trailer_def.scs.lowbed.single_3.short,1,1,0
69261,_nameless.183.3a55.0ae0,marina,tromso,marina,helsinki,0,1331,0,0,lux_yacht,daf_6x2_a,trailer.scs_lowbed41,trailer_def.scs.lowbed.single_41_ln.long,1,1,0
69261,_nameless.183.3a55.1a50,slava,pristina,icaria,kalamata,2,1105,0,0,pickup_gr,man_tgx_2020,trailer.truck_trans,trailer_def.pickup_gr.truck_trans,100,1,0
69261,_nameless.183.3a55.0e20,slava,pristina,balkan_loco,veli_tarnovo,1,575,0,0,car_it,scania_streamline_4x2_norm_380,trailer.car_trans,trailer_def.car_it.car_trans,100,1,0
69261,_nameless.183.3a54.f830,te_logistica,messina,transinet,munchen,1,1547,20,347,mondeos,volvo_fh16_4x2_420,trailer.car_trans,trailer_def.mondeos.car_trans,100,1,0
69261,_nameless.183.3a55.02c0,te_logistica,messina,lognstick,istanbul,0,1310,590,1092,glass,volvo_fh16_4x2_420,trailer.panel_trans.glass,trailer_def.glass.panel_trans.glass,99,1,0
69261,_nameless.183.3a55.1300,te_logistica,messina,eolo_lines,huelva,1,1018,1557,1788,natur_rubber,renault_premium_4x2_a,trailer.scs_curt_a,trailer_def.scs.box.single_3.curtain,33,1,0
69261,_nameless.183.3a55.0120,te_logistica,messina,icaria,chania,0,977,1080,2232,vans_id,mercedes_actros_2014_4x2_c,trailer.van_trans,trailer_def.vans_id.van_trans,100,1,0
69261,_nameless.183.3a54.f760,te_logistica,messina,sellplan,geneve,0,1581,20,347,furniture,daf_xgp25_4x2_530,trailer.scs_dry,trailer_def.scs.box.single_3.dryvan,33,1,0
69261,_nameless.183.3a54.f1b0,te_logistica,messina,stokes,tirana,1,424,560,767,clothes,iveco_sway_4x2_460,trailer.scs_dry_m,trailer_def.scs.box.single_3.dryvan_m,33,1,0
69261,_nameless.183.3a55.0fc0,polarislines,trelleborg,rt_log,bern,1,1460,0,0,motor_oil,renault_magnum_4x2_a,trailer.dryliner17,trailer_def.krone.dryliner.single_3.dryvan,33,1,0
69261,_nameless.183.3a55.13d0,polarislines,trelleborg,stokes,katowice,2,994,105,404,empty_palet,daf_xf_euro6_6x2_a,trailer.kasbhr_scs,trailer_def.kassbohrer.scs.single_3_13.curtain,34,1,0
69261,_nameless.183.3a55.06d0,polarislines,trelleborg,dfh,duisburg,0,846,0,0,perfor_frks,renault_t_6x2,trailer.scs_dry_m,trailer_def.scs.box.single_3.dryvan_m,33,1,0
69261,_nameless.183.3a55.1090,rock_eater,bitola,batisse_base,calvi,2,876,1590,1654,hipresstank,daf_xd25,trailer.profilinehd,trailer_def.krone.profilinerhd.single_3.flatbed,8,1,0
69261,_nameless.183.3a55.1570,rock_eater,bitola,tras_med,roma,0,772,540,420,roller,daf_xf_euro6_4x2_a,trailer.scs_lowbed_4,trailer_def.scs.lowbed.single_4_sh.short,1,1,0
69261,_nameless.183.3a55.0390,rock_eater,bitola,christopoulo,kalamata,1,835,0,0,marb_blck2,daf_xgp_4x2_530,trailer.profilinehd,trailer_def.krone.profilinerhd.single_3.flatbed,2,1,0
69261,_nameless.183.3a55.17e0,rock_eater,bitola,tras_med,cagliari,1,601,1380,1299,emptytank,scania_r_4x2_norm_360,trailer.scs_flat_b,trailer_def.scs.flatbed.single_3.flatbed_w,1,1,0
69261,_nameless.183.3a55.1cc0,exomar,olbia,stokes,plymouth,0,1362,1140,1827,pet_food_c,iveco_4x2_a,trailer.krone.boxliner40,trailer_def.krone.boxliner.single_3_40.container,30,1,0
69261,_nameless.183.3a54.f280,exomar,olbia,globeur,montpellier,0,452,720,827,mulcher,"""heavy/volvo_fh2021_6x4_540""",trailer.scs_lowlow4e,trailer_def.scs.lowloader.single_4_ln.long,1,1,0
69261,_nameless.183.3a54.ee70,exomar,olbia,lisette_log,bordeaux,2,711,720,827,big_bag_seed,scania_s2016_6x4_high_730,trailer.kasbhr_scs,trailer_def.kassbohrer.scs.single_3_13.curtain,32,1,0
69261,_nameless.183.3a54.e990,exomar,olbia,lognstick,istanbul,0,1391,1410,1624,truck_tyres,volvo_fh2021_4x2_420,trailer.scs_curt,trailer_def.scs.box.single_3.curtain,33,1,0
69261,_nameless.183.3a55.1b20,exomar,olbia,exomar,roma,2,519,840,879,vans_vt,mercedes_6x4_a,trailer.truck_trans,trailer_def.vans_vt.truck_trans,100,1,0
69261,_nameless.183.3a55.0460,exomar,olbia,baltrak,tekirdag,2,1278,1410,1624,train_part2,volvo_fh2021_4x2_420,trailer.scs_flat_b,trailer_def.scs.flatbed.single_3.flatbed_w,3,1,0
69261,_nameless.183.3a54.f350,exomar,olbia,exomar,taranto,0,593,840,879,precast_strs,renault_t_4x2h,trailer.kasbhr_sbt,trailer_def.kassbohrer.sbt.single_3_13.dryvan,34,1,0
69261,_nameless.183.3a54.f5c0,exomar,olbia,tras_med,cagliari,2,254,0,0,large_cont,renault_t_4x2,trailer.scs_flat_b,trailer_def.scs.flatbed.single_3.flatbed_w,33,1,0
69261,_nameless.183.3a54.ea60,exomar,olbia,fui,roma,1,613,840,879,outdr_flr_tl,volvo_fh2012_6x2_500,trailer.scs_brick_r,trailer_def.scs.flatbed.single_3.brick,32,1,0
69261,_nameless.183.3a54.f9d0,exomar,olbia,sal,livorno,0,858,840,879,vol_ew240emh,"""heavy/mercedes_6x4""",trailer.scs_lowlow2e,trailer_def.scs.lowloader.single_2_ln.long,1,1,0
69261,_nameless.183.3a55.18b0,blt_yacht,riga,posped,bystrica,2,1221,0,0,empty_spool,scania_streamline_4x2_top_560,trailer.profilinehd,trailer_def.krone.profilinerhd.single_3.flatbed,4,1,0
69261,_nameless.183.3a54.eb30,blt_yacht,riga,sal_fi,pori,0,757,150,430,lux_yacht,volvo_fh2024_4x2_780,trailer.scs_lowbed_3,trailer_def.scs.lowbed.single_3.short,1,1,0
69261,_nameless.183.3a54.ec00,ts_atlas,bilbao,ns_chem,barcelona,1,568,0,0,sodhydro,mercedes_6x4_a,trailer.krone.boxliner20,trailer_def.krone.boxliner.single_3.container,40,1,0
69261,_nameless.183.3a54.ecd0,ts_atlas,bilbao,app,faro,1,1127,0,0,apples_c,man_tgx_2020_4x2,trailer.kasbhr_shg40,trailer_def.kassbohrer.shg.singl_3e_40.container,30,1,0
69261,_nameless.183.3a54.eda0,ts_atlas,bilbao,te_logistica,parma,0,1431,0,0,used_plast_c,scania_r_6x4_top_620,trailer.scs_gosck20,trailer_def.scs.gooseneck.singl_3e_20.container,15,1,0
69261,_nameless.183.3a54.ef40,ts_atlas,bilbao,gnt,bastia,0,708,930,1182,chem_sorb_c,daf_6x2_a,trailer.krone.boxliner220,trailer_def.krone.boxliner.single_3_220.container,30,1,0
69261,_nameless.183.3a54.faa0,ts_atlas,bilbao,acc,madrid,0,478,0,0,nitrogen,scania_s2016_6x4_high_730,trailer.krone.boxliner220,trailer_def.krone.boxliner.single_3_220.container,80,1,0
69261,_nameless.183.3a54.fb70,ts_atlas,bilbao,globeur,bordeaux,1,482,0,0,pet_food_c,scania_r_4x2_top_480,trailer.kasbhr_shg40,trailer_def.kassbohrer.shg.singl_3e_40.container,30,1,0
69261,_nameless.183.3a54.fc40,renat,veli_tarnovo,eurogoodies,niksic,1,807,0,0,large_cont,man_tgx_euro6_4x2_xxl,trailer.scs_lowbed41,trailer_def.scs.lowbed.single_41_ln.long,36,1,0
69261,_nameless.183.3a55.07a0,renat,veli_tarnovo,eumefa,nis,2,457,0,0,ter_forklift,renault_premium_4x2_c,trailer.profilinehd,trailer_def.krone.profilinerhd.single_3.flatbed,2,1,0
69261,_nameless.183.3a54.fd10,renat,veli_tarnovo,villco_mkt,zagreb,0,925,0,0,furniture,daf_xf_4x2_370,trailer.kasbhr_shg45,trailer_def.kassbohrer.scs.single_3_13.curtain,34,1,0
69261,_nameless.183.3a54.fde0,renat,veli_tarnovo,christopoulo,lamia,0,841,0,0,empty_spool,man_tgx_2020_6x2,trailer.profilinehd,trailer_def.krone.profilinerhd.single_3.flatbed,4,1,0
69261,_nameless.183.3a55.0870,balkan_loco,maribor,rt_log,koln,0,951,0,0,carbn_pwdr_c,daf_xd_1,trailer.scs_gosck20,trailer_def.scs.gooseneck.singl_3e_20.container,15,1,0
69261,_nameless.183.3a54.feb0,balkan_loco,maribor,fallow,targu_mures,1,930,0,0,emp_wine_bot,man_tgx_euro6_4x2_xxl,trailer.scs_curt,trailer_def.scs.box.single_3.curtain,33,1,0
69261,_nameless.183.3a55.0050,balkan_loco,maribor,te_logistica,napoli,0,1240,0,0,asph_miller,"""heavy/scania_s2016_6x4_high_730""",trailer.scs_lowlow4e,trailer_def.scs.lowloader.single_4_ln.long,1,1,0
69261,_nameless.183.3a55.01f0,nos_pat,clermont,fattoria_f,roma,0,1264,0,0,kr_bigx1180,scania_r2016_4x2_norm_370,trailer.kasbhr_slle,trailer_def.kassbohrer.sll.single_3_ln.low,1,1,0
69261,_nameless.183.3a55.0530,nos_pat,clermont,fle,toulouse,1,431,0,0,live_cattle,man_tgx_euro6_6x4_xlx,trailer.scs_livestk,trailer_def.scs.livestock.single_3s.str_stl,42,1,0
69261,_nameless.183.3a55.0940,nos_pat,clermont,rt_log,bern,1,534,0,0,disc_harrows,renault_magnum_6x2_a,trailer.scs_lowlow4e,trailer_def.scs.lowloader.single_4_ln.long,1,1,0
69261,_nameless.183.3a55.0a10,cnp,napoli,rt_log,salzburg,0,1197,0,0,lpg,mercedes_actros_2014_4x2_b,trailer.scs_gosck220,trailer_def.scs.gooseneck.singl_3e_220.container,80,1,0
69261,_nameless.183.3a55.42f0,cnp,napoli,brawen,ioannina,0,296,570,745,large_cont,mercedes_actros_2014_6x4_b,trailer.scs_lowbed_4,trailer_def.scs.lowbed.single_4_sh.short,27,1,0
69261,_nameless.183.3a55.4d80,cnp,napoli,skoda,prague,1,1548,0,0,cable_reel,"""heavy/renault_6x4""",trailer.kasbhr_slle,trailer_def.kassbohrer.sll.single_3_ln.low,1,1,0
69261,_nameless.183.3a55.43c0,cnp,napoli,brawen,ioannina,0,296,570,745,boric_acid,scania_r_4x2_top_480,trailer.scs_dry,trailer_def.scs.box.single_3.dryvan,33,1,0
69261,_nameless.183.3a55.24e0,tesore_gust,milano,villco_mkt,ljubljana,0,681,0,0,olive_oil_t,renault_magnum_6x2_a,trailer.ffb_tsalm32,trailer_def.feldbinder.tsalm.single_3_32.32_3_2,25,1,0
69261,_nameless.183.3a55.3450,tesore_gust,milano,posped,london,0,1234,35,300,pasta,scania_r_4x2_norm_360,trailer.scs_dry,trailer_def.scs.box.single_3.dryvan,33,1,0
69261,_nameless.183.3a55.3a00,posped,katowice,balkan_loco,veli_tarnovo,1,1316,0,0,med_vaccine,man_4x2_c,trailer.scs_ref_s,trailer_def.scs.box.single_3.reefer,33,1,0
69261,_nameless.183.3a55.4b10,canteras_ds,almeria,eolo_lines,huelva,0,612,0,0,empty_barr,volvo_fh2021_4x2_750,trailer.kasbhr_scs,trailer_def.kassbohrer.scs.single_3_13.curtain,34,1,0
69261,_nameless.183.3a55.4f20,canteras_ds,almeria,mvm_carriere,ajaccio,0,956,930,1182,jcb_pw125qe,mercedes_actros_2014_6x4_b,trailer.profilinehd,trailer_def.krone.profilinerhd.single_3.flatbed,24,1,0
69261,_nameless.183.3a55.2ea0,canteras_ds,almeria,cnp,tarragona,0,804,0,0,jcb_dmp6t2,"""heavy/renault_6x4""",trailer.scs_lowlowd2,trailer_def.scs.lowloader.single_2_sh.short,1,1,0
69261,_nameless.183.3a55.4490,canteras_ds,almeria,batisse_base,calvi,0,952,930,1182,marb_blck,scania_r2016_4x2_high_500,trailer.profilinehd,trailer_def.krone.profilinerhd.single_3.flatbed,2,1,0
69261,_nameless.183.3a55.3520,bjork,borlange,trameri,vaasa,2,529,300,680,ter_forklift,mercedes_actros_2014_6x2_a,trailer.profilinehd,trailer_def.krone.profilinerhd.single_3.flatbed,2,1,0
69261,_nameless.183.3a55.35f0,bjork,borlange,freyr,trelleborg,0,778,0,0,wood_bark,man_tgx_euro6_6x4_xlx,trailer.scs_dumper,trailer_def.scs.dumper.single_3.steel,27,1,0
69261,_nameless.183.3a55.2c30,bjork,borlange,norse_rail,rovaniemi,2,882,0,0,wooden_beams,scania_r_6x4_top_620,trailer.profiliner17,trailer_def.krone.profiliner.single_3.curtain,2,1,0
69261,_nameless.183.3a55.3ee0,bjork,borlange,rosmark_ru,vyborg,0,900,540,1170,log_harvest,"""heavy/man_6x4""",trailer.scs_lowlow4e,trailer_def.scs.lowloader.single_4_ln.long,1,1,0
69261,_nameless.183.3a55.3fb0,euroacres,krakow,sal_fi,helsinki,0,1292,150,430,kr_stc1370,daf_xf_euro6_4x2_b,trailer.scs_lowlow2e,trailer_def.scs.lowloader.single_2_ln.long,1,1,0
69261,_nameless.183.3a55.2270,euroacres,krakow,balkan_loco,sarajevo,2,934,0,0,honey,daf_xgp_4x2_530,trailer.scs_dry,trailer_def.scs.box.single_3.dryvan,33,1,0
69261,_nameless.183.3a55.4ff0,polarislines,oslo,gnt,klaipeda,0,784,510,1110,fresh_fish,scania_s2016_4x2_norm_370,trailer.scs_ref_a,trailer_def.scs.box.single_3.reefer,33,1,0
69261,_nameless.183.3a55.50c0,polarislines,oslo,polarislines,liepaja,0,699,510,1110,nuts,volvo_fh16_4x2_420,trailer.scs_dry_s,trailer_def.scs.box.single_3.dryvan,33,1,0
69261,_nameless.183.3a55.2680,polarislines,oslo,norse_rail,kiruna,0,1237,0,0,natur_rubber,"""double/volvo_fh2021_4x2_750""",trailer.profiline17d,trailer_def.krone.profiliner.double_3_2.curtain,52,1,0
69261,_nameless.183.3a55.1f30,cont_port,hamburg,wgcc,bratislava,2,930,0,0,arsenic,iveco_4x2_a,trailer.scs_gosck20,trailer_def.scs.gooseneck.singl_3e_20.container,40,1,0
69261,_nameless.183.3a55.4970,cont_port,hamburg,euroacres,krakow,2,929,0,0,potassium,daf_xf_euro6_4x2_c,trailer.scs_gosck20,trailer_def.scs.gooseneck.singl_3e_20.container,40,1,0
69261,_nameless.183.3a55.36c0,elcano_fla,barcelona,acc,terni,0,1319,0,0,crawler,"""heavy/man_tgx_2020_8x4""",trailer.kasbhr_slle,trailer_def.kassbohrer.sll.single_3_ln.low,1,1,0
69261,_nameless.183.3a55.2340,elcano_fla,barcelona,batisse_road,bordeaux,2,701,0,0,vol_ew240emh,"""heavy/volvo_fh2012_8x4_700""",trailer.kasbhr_sla,trailer_def.kassbohrer.sla.single_3_sh.lowbed,1,1,0
69261,_nameless.183.3a55.31e0,spinelli,milano,brawen,novi_sad,2,1229,0,0,ter_forklift,daf_xf_euro6_4x2_c,trailer.scs_flat_b,trailer_def.scs.flatbed.single_3.flatbed_w,2,1,0
69261,_nameless.183.3a55.4560,spinelli,milano,posped,warszawa,0,1465,0,0,moto_tires,renault_t_4x2,trailer.scs_curt_s,trailer_def.scs.box.single_3.curtain,33,1,0
69261,_nameless.183.3a55.29c0,spinelli,milano,brawen,banja_luka,0,990,0,0,aircft_tires,volvo_fh2021_4x2_420,trailer.dryliner17,trailer_def.krone.dryliner.single_3.dryvan,33,1,0
69261,_nameless.183.3a55.2820,ika_bohag,lisboa,lisette_log,ajaccio,1,1260,930,1182,empty_palet,iveco_6x2_a,trailer.scs_curt_a,trailer_def.scs.box.single_3.curtain,33,1,0
69261,_nameless.183.3a55.3c70,ika_bohag,lisboa,trans_cab,madrid,1,664,0,0,used_packag,renault_magnum_4x2_a,trailer.kasbhr_shg45,trailer_def.kassbohrer.scs.single_3_13.curtain,34,1,0
69261,_nameless.183.3a55.47d0,ika_bohag,lisboa,eolo_lines,almeria,0,963,0,0,pot_flowers,man_6x4_b,trailer.scs_ins,trailer_def.scs.box.single_3.insulated,33,1,0
69261,_nameless.183.3a55.1e60,polarislines,nynashamn,bltmetal,tallinn,1,157,570,1270,motor_oil,man_tgx_2020_6x2,trailer.kasbhr_sbt,trailer_def.kassbohrer.sbt.single_3_13.dryvan,34,1,0
69261,_nameless.183.3a55.3860,polarislines,nynashamn,nord_crown,odense,0,798,0,0,soy_milk,iveco_sway_4x2_460,trailer.kasbhr_sbt,trailer_def.kassbohrer.sbt.single_3_13.dryvan,34,1,0
69261,_nameless.183.3a55.2000,polarislines,nynashamn,renar,lahti,1,398,540,1170,shock_absorb,"""double/daf_xf_euro6_4x2_a""",trailer.scs_dry_2,trailer_def.scs.box.double_3_2.dryvan,52,1,0
69261,_nameless.183.3a55.2750,baltrak,istanbul,tras_med,roma,2,1340,570,745,cott_harvest,"""heavy/mercedes_6x4""",trailer.kasbhr_slle,trailer_def.kassbohrer.sll.single_3_ln.low,1,1,0
69261,_nameless.183.3a55.3930,euroacres,brno,rosmark_ru,kaliningrad,0,837,0,0,cauliflower,man_4x2_a,trailer.scs_ref_s,trailer_def.scs.box.single_3.reefer,33,1,0
69261,_nameless.183.3a55.4080,euroacres,brno,sellplan,wien,2,203,0,0,frsh_herbs,mercedes_actros_2014_4x2_b,trailer.scs_ins_a,trailer_def.scs.box.single_3.insulated,33,1,0
69261,_nameless.183.3a55.3ad0,rimaf,galati,low_field,mostar,1,1004,0,0,kr_stc1370,mercedes_actros_2014_6x2_a,trailer.scs_lowlow2e,trailer_def.scs.lowloader.single_2_ln.long,1,1,0
69261,_nameless.183.3a55.48a0,rimaf,galati,adrica,rijeka,0,1309,0,0,drymilk,mercedes_4x2,trailer.scs_dry_s,trailer_def.scs.box.single_3.dryvan,33,1,0
69261,_nameless.183.3a55.3ba0,rimaf,galati,cargotras,catanzaro,0,1411,540,420,milk,daf_xd_1,trailer.scs_curt_s,trailer_def.scs.box.single_3.curtain,33,1,0
69261,_nameless.183.3a55.3d40,konstnr_hs,vasteraas,ms_stein,kristiansand,1,782,0,0,jcb_mexc19ce,man_tgx_euro6_4x2_xl,trailer.scs_flat_b,trailer_def.scs.flatbed.single_3.flatbed_w,3,1,0
69261,_nameless.183.3a55.32b0,konstnr_hs,vasteraas,stokes,poznan,1,1331,105,404,volvo_bucket,man_tgx_euro6_6x4_xlx,trailer.scs_lowlowd4,trailer_def.scs.lowloader.single_4_sh.short,1,1,0
69261,_nameless.183.3a55.3380,konstnr_hal,umea,nord_sten,vaxjo,1,957,0,0,jcb_dmphtd5e,volvo_fh2012_4x2_750,trailer.profilinehd,trailer_def.krone.profilinerhd.single_3.flatbed,7,1,0
69261,_nameless.183.3a55.2a90,konstnr_hal,umea,dfh,rostock,2,1292,105,404,hipresstank,volvo_fh2021_6x2_540,trailer.profilinehd,trailer_def.krone.profilinerhd.single_3.flatbed,8,1,0
69261,_nameless.183.3a55.4630,suprema,lappeenranta,polarislines,liepaja,2,857,150,430,used_plast,daf_xf_euro6_4x2_c,trailer.kasbhr_shg45,trailer_def.kassbohrer.scs.single_3_13.curtain,34,1,0
69261,_nameless.183.3a55.2d00,suprema,lappeenranta,renar,honningsvag,1,1281,0,0,used_plast_c,mercedes_6x4_a,trailer.kasbhr_shg40,trailer_def.kassbohrer.shg.singl_3e_40.container,30,1,0
69261,_nameless.183.3a55.3e10,suprema,lappeenranta,renar,honningsvag,0,1281,0,0,used_packag,"""double/renault_t_4x2h""",trailer.scs_dry_b2,trailer_def.scs.box.bdouble_3_3.dryvan,52,1,0
69261,_nameless.183.3a55.3110,polarislines,vaasa,drekkar,uppsala,1,446,300,680,corks,"""double/renault_t_4x2h""",trailer.scs_dry_2,trailer_def.scs.box.double_3_2.dryvan,52,1,0
69261,_nameless.183.3a55.2dd0,polarislines,vaasa,gnt,klaipeda,0,1065,150,430,grass_rolls,daf_xg_4x2_450,trailer.dryliner17,trailer_def.krone.dryliner.single_3.dryvan,33,1,0
69261,_nameless.183.3a55.4150,polarislines,vaasa,ns_chem,stockholm,2,538,300,680,wrk_cloth,scania_streamline_6x4_top_480,trailer.scs_dry_a,trailer_def.scs.box.single_3.dryvan,33,1,0
69261,_nameless.183.3a55.4220,eurogoodies,wien,renar,oslo,0,1595,105,404,olive_oil_t,volvo_fh16_6x4_700,trailer.scs_fodt,trailer_def.scs.foodtank.single_3.paint,30,1,0
69261,_nameless.183.3a55.4a40,eurogoodies,wien,exomar,olbia,0,1563,840,879,basil,scania_s2016_6x2_high_460,trailer.scs_dry,trailer_def.scs.box.single_3.dryvan,33,1,0
69261,_nameless.183.3a55.4be0,eurogoodies,wien,transinet,mannheim,0,700,0,0,olives,mercedes_actros_2014_4x2_a,trailer.scs_dry_a,trailer_def.scs.box.single_3.dryvan,33,1,0
69261,_nameless.183.3c08.c750,balkan_loco,sarajevo,eurogoodies,koper,0,724,0,0,beans,man_6x4_b,trailer.dryliner17,trailer_def.krone.dryliner.single_3.dryvan,33,1,0
69261,_nameless.183.3c08.d450,balkan_loco,sarajevo,icaria,chios,0,791,690,1521,car_it,scania_r2016_4x2_norm_370,trailer.car_trans,trailer_def.car_it.car_trans,100,1,0
69261,_nameless.183.3c08.e080,balkan_loco,sarajevo,posped,verona,0,1078,0,0,hvac,daf_xg_4x2_450,trailer.kasbhr_sla,trailer_def.kassbohrer.sla.single_3_sh.lowbed,3,1,0
69261,_nameless.183.3c08.dad0,balkan_loco,sarajevo,rt_log,innsbruck,0,1072,0,0,dynamite,daf_xf_euro6_6x2_a,trailer.scs_curt_a,trailer_def.scs.box.single_3.curtain,33,1,0
69261,_nameless.183.3c08.d380,ts_atlas,malaga,ts_atlas,tarragona,1,947,0,0,apples_c,daf_xf_euro6_4x2_b,trailer.krone.boxliner20,trailer_def.krone.boxliner.single_3.container,15,1,0
69261,_nameless.183.3c08.ba50,ts_atlas,malaga,ns_chem,setubal,2,696,0,0,chlorine,iveco_sway_4x2_500,trailer.krone.boxliner220,trailer_def.krone.boxliner.single_3_220.container,80,1,0
69261,_nameless.183.3c08.e2f0,ts_atlas,malaga,ts_atlas,lisboa,1,740,0,0,phosphor,daf_xf_euro6_4x2_a,trailer.scs_gosck20,trailer_def.scs.gooseneck.singl_3e_20.container,40,1,0
69261,_nameless.183.3c08.c5b0,ts_atlas,malaga,ns_chem,setubal,0,696,0,0,fluorine,volvo_fh16_4x2_420,trailer.krone.boxliner220,trailer_def.krone.boxliner.single_3_220.container,80,1,0
69261,_nameless.183.3c08.c4e0,ts_atlas,malaga,cesare_smar,palermo,1,699,1557,1788,vinegar_c,man_6x4_b,trailer.krone.boxliner40,trailer_def.krone.boxliner.single_3_40.container,30,1,0
69261,_nameless.183.3c08.e970,ts_atlas,malaga,tras_med,catania,0,890,1557,1788,oil_filt_c,scania_r_4x2_top_480,trailer.kasbhr_shg40,trailer_def.kassbohrer.shg.singl_3e_40.container,30,1,0
69261,_nameless.183.3c08.e7d0,bhv,gavle,nordic_ports,mo_i_rana,0,977,0,0,car_balt2,mercedes_actros_2014_6x4_b,trailer.van_trans,trailer_def.car_balt2.van_trans,100,1,0
69261,_nameless.183.3c08.c820,bhv,gavle,bhv,kaunas,0,560,510,1110,motorcycles,man_tgx_2020_4x2,trailer.kasbhr_shg45,trailer_def.kassbohrer.scs.single_3_13.curtain,34,1,0
69261,_nameless.183.3c08.be60,bhv,gavle,gnt,bergen,0,949,0,0,vans_id,scania_s2016_4x2_high_590,trailer.van_trans,trailer_def.vans_id.van_trans,100,1,0
69261,_nameless.183.3c08.c680,cnp_str,mitilini,ai,sarajevo,0,851,730,1440,oil,scania_r2016_6x4_high_660,trailer.scs_fueltank,trailer_def.scs.fueltank.single_3.fueltank,28,1,0
69261,_nameless.183.3c08.c8f0,cnp_str,mitilini,ai,nis,0,521,730,1440,ethane,volvo_fh2021_6x2_540,trailer.scs_gastank,trailer_def.scs.gastank.single_3.gastank,40,1,0
69261,_nameless.183.3c08.c0d0,ns_oil,stavanger,transinet,munchen,2,1390,195,1052,diesel,renault_t_4x2h,trailer.scs_fueltank,trailer_def.scs.fueltank.single_3.fueltank,28,1,0
69261,_nameless.183.3c08.e630,ns_oil,stavanger,ns_oil,tallinn,2,1205,570,1270,lpg,man_tgx_euro6_4x2_xl,trailer.scs_gosck20,trailer_def.scs.gooseneck.singl_3e_20.container,40,1,0
69261,_nameless.183.3c08.ea40,fui,catania,fallow,podgorica,1,715,560,767,kr_stc1370,renault_magnum_4x2_a,trailer.scs_lowlow2e,trailer_def.scs.lowloader.single_2_ln.long,1,1,0
69261,_nameless.183.3c08.bcc0,fui,catania,lavish_food,murcia,0,448,1557,1788,apples_c,daf_xf_euro6_4x2_b,trailer.krone.boxliner220,trailer_def.krone.boxliner.single_3_220.container,30,1,0
69261,_nameless.183.3c08.c9c0,rock_eater,sofia,stokes,warszawa,2,1378,0,0,jcb_mexc19ce,man_tgx_2020_6x2,trailer.profilinehd,trailer_def.krone.profilinerhd.single_3.flatbed,3,1,0
69261,_nameless.183.3c08.eb10,rock_eater,sofia,posped,lublin,0,1234,0,0,tracks,mercedes_actros_2014_6x4_b,trailer.kasbhr_sla,trailer_def.kassbohrer.sla.single_3_sh.lowbed,1,1,0
69261,_nameless.183.3c08.c000,rock_eater,sofia,christopoulo,lamia,2,645,0,0,marb_blck,volvo_fh2024_6x2_500,trailer.profilinehd,trailer_def.krone.profilinerhd.single_3.flatbed,1,1,0
69261,_nameless.183.3c08.d520,rock_eater,sofia,tras_med,cagliari,0,956,1410,1624,dozer,"""heavy/scania_s2016_8x4_high_770""",trailer.scs_lowlowd4,trailer_def.scs.lowloader.single_4_sh.short,1,1,0
69261,_nameless.183.3c08.cb60,polar_fish,goteborg,renar,mikkeli,0,931,540,1170,can_sardines,"""double/man_4x2_a""",trailer.scs_curt_2,trailer_def.scs.box.double_3_2.curtain,52,1,0
69261,_nameless.183.3c08.d6c0,polar_fish,goteborg,dfh,hamburg,2,554,195,677,used_plast,daf_xd_2,trailer.kasbhr_scs,trailer_def.kassbohrer.scs.single_3_13.curtain,34,1,0
69261,_nameless.183.3c08.d860,fle,brest,fle,paris,2,653,0,0,air_mails,daf_xd25,trailer.scs_curt_s,trailer_def.scs.box.single_3.curtain,33,1,0
69261,_nameless.183.3c08.e8a0,fle,brest,fle,toulouse,2,865,0,0,fresh_fish,volvo_fh2024_4x2_780,trailer.scs_ref_s,trailer_def.scs.box.single_3.reefer,33,1,0
69261,_nameless.183.3c08.cc30,fjoste,mo_i_rana,renar,steinkjer,1,322,0,0,re_bars,scania_r_4x2_norm_360,trailer.profilinehd,trailer_def.krone.profilinerhd.single_3.flatbed,2,1,0
69261,_nameless.183.3c08.b8b0,fjoste,mo_i_rana,renor,kristiansund,1,668,25,36,vol_ew240emh,"""heavy/man_tgx_euro6_8x4_xlx""",trailer.scs_lowbed_3,trailer_def.scs.lowbed.single_3.short,1,1,0
69261,_nameless.183.3c08.d930,fjoste,mo_i_rana,renar,narva,1,1171,450,1110,cement,volvo_fh2024_4x2_780,trailer.ffb_eut35,trailer_def.feldbinder.eut.single_3_35.silo_35_3p,17,1,0
69261,_nameless.183.3c08.dd40,fjoste,mo_i_rana,nch,kouvola,1,1234,0,0,largetubes,iveco_sway_4x2_580,trailer.scs_log,trailer_def.scs.log.single_3.steel,6,1,0
69261,_nameless.183.3c08.cd00,tree_et,poznan,posped,verona,1,1164,0,0,ter_forklift,daf_xf_euro6_4x2_a,trailer.profilinehd,trailer_def.krone.profilinerhd.single_3.flatbed,2,1,0
69261,_nameless.183.3c08.b980,tree_et,poznan,gnt,ventspils,1,809,0,0,jcb_dmphtd5e,volvo_fh2012_4x2_750,trailer.scs_flat_b,trailer_def.scs.flatbed.single_3.flatbed_w,7,1,0
69261,_nameless.183.3c08.e490,suprema,parnu,ns_oil,kobenhavn,2,885,570,1270,empty_palet,volvo_fh2012_4x2_420,trailer.dryliner17,trailer_def.krone.dryliner.single_3.dryvan,33,1,0
69261,_nameless.183.3c08.cea0,suprema,parnu,drekkar,karlskrona,0,685,570,1270,used_plast_c,volvo_fh2024_4x2_780,trailer.scs_gosck40,trailer_def.scs.gooseneck.singl_3e_40.container,30,1,0
69261,_nameless.183.3c08.b7e0,radus,nis,euroacres,debrecen,1,696,0,0,volvo_bucket,scania_streamline_4x2_top_560,trailer.scs_lowlowd4,trailer_def.scs.lowloader.single_4_sh.short,1,1,0
69261,_nameless.183.3c08.dba0,radus,nis,baltrak,tekirdag,0,651,0,0,emptytank,man_6x4_b,trailer.profilinehd,trailer_def.krone.profilinerhd.single_3.flatbed,1,1,0
69261,_nameless.183.3c08.dc70,radus,nis,dfh,nurnberg,2,1317,0,0,metal_center,"""heavy/volvo_fh16_6x4_750""",trailer.kasbhr_sll,trailer_def.kassbohrer.sll.single_3_sh.low,1,1,0
69261,_nameless.183.3c08.d110,dobr_ferm_bg,sofia,rimaf,tekirdag,0,619,0,0,auger_wag,scania_r_6x2_high_500,trailer.scs_lowlow2e,trailer_def.scs.lowloader.single_2_ln.long,1,1,0
69261,_nameless.183.3c08.de10,dobr_ferm_bg,sofia,vesna,beograd,1,499,0,0,garlic,renault_premium_4x2_c,trailer.scs_dry,trailer_def.scs.box.single_3.dryvan,33,1,0
69261,_nameless.183.3c08.bb20,cont_port,duisburg,syschema,osijek,1,1408,0,0,arsenic,volvo_fh2021_4x2_420,trailer.kasbhr_shg40,trailer_def.kassbohrer.shg.singl_3e_40.container,80,1,0
69261,_nameless.183.3c08.dee0,cont_port,duisburg,lkwlog,brno,0,918,0,0,truck_rims_c,renault_t_4x2h,trailer.scs_gosck20,trailer_def.scs.gooseneck.singl_3e_20.container,15,1,0
69261,_nameless.183.3c08.dfb0,wilnet_trans,nantes,rt_log,hamburg,2,1269,0,0,disc_harrows,scania_streamline_4x2_norm_380,trailer.scs_lowlowd2,trailer_def.scs.lowloader.single_2_sh.short,1,1,0
69261,_nameless.183.3c08.c270,wilnet_trans,nantes,app,madrid,2,1092,0,0,volvo_cars,mercedes_actros_2014_6x4_b,trailer.car_trans,trailer_def.volvo_cars.car_trans,100,1,0
69261,_nameless.183.3c08.e150,wilnet_trans,nantes,dfh,nurnberg,1,1194,0,0,empty_palet,renault_premium_6x2_a,trailer.scs_dry_ms,trailer_def.scs.box.single_3.dryvan_m,32,1,0
69261,_nameless.183.3c08.c340,wilnet_trans,nantes,tradeaux,ajaccio,2,952,930,1182,harvest_bins,daf_xd_2,trailer.scs_dry_a,trailer_def.scs.box.single_3.dryvan,33,1,0
